uuid,professional_persona,sports_persona,arts_persona,travel_persona,culinary_persona,family_persona,persona,cultural_background,skills_and_expertise,skills_and_expertise_list,hobbies_and_interests,hobbies_and_interests_list,career_goals_and_ambitions,sex,age,marital_status,military_status,family_type,housing_type,education_level,bachelors_field,occupation,district,province,country
03b4f36a18e6469386d0286dddd513c8,"전기태 씨는 광주 서구의 하역 현장에서 수십 년간 짐을 쌓아 올리며, 지렛대 원리를 이용해 무거운 자재를 효율적으로 옮기는 베테랑의 면모를 보입니다. 동료들 사이에서 가장 빠르고 정확하게 무게 중심을 잡는다는 평을 듣지만, 가끔은 고집스럽게 본인의 옛 방식만을 고수하며 젊은 일꾼들과 투닥거리기도 합니다.","전기태 씨는 주말마다 무등산 자락을 느릿느릿 걸으며 땀을 흘리고, 내려오는 길에 단골 목욕탕에서 친구들과 엉켜 앉아 정치 이야기를 나누는 것으로 일주일을 마무리합니다. 무릎 관절이 예전 같지 않아 가끔 절뚝거리면서도 산행만큼은 빼놓지 않는 고집이 있습니다.","전기태 씨는 거실 소파에 깊숙이 파묻혀 텔레비전에서 나오는 옛날 가요 프로그램을 보며 젊은 시절의 추억에 젖어드는 시간을 가장 좋아합니다. 가사가 마음에 들면 흥얼거리며 박자를 맞추다가도, 가끔은 세상 돌아가는 이야기에 화가 나 텔레비전 소리를 높이며 투덜거립니다.","전기태 씨는 아내와 함께 전국의 역사 유적지를 찾아다니며 옛 조상들의 발취를 느끼는 여행을 즐깁니다. 화려한 관광지보다는 경주나 부여처럼 조용하고 고즈넉한 곳을 걸으며, 아내의 손을 꼭 잡고 천천히 시간을 보내는 것을 소중히 여깁니다.","전기태 씨는 일주일에 한 번 배달 짜장면과 탕수육을 시켜 먹는 날을 손꼽아 기다리며, 2주에 한 번은 아내와 함께 동네 고깃집에서 지글지글 구운 삼겹살에 소주 한 잔을 곁들입니다. 자극적인 중식 맛에 길들여져 가끔은 당 수치가 걱정되지만, 입에 맞는 음식 앞에서는 건강 걱정을 잠시 잊어버립니다.","전기태 씨는 전·월세 아파트에서 평생의 동반자인 아내와 단출하게 살아가며, 투박한 전라도 사투리로 서로를 챙기는 소박한 애정을 나눕니다. 무뚝뚝한 성격 탓에 다정한 말 한마디는 서툴지만, 아내가 좋아하는 간식을 슬그머니 식탁에 올려두는 방식으로 마음을 표현합니다.","전기태 씨는 광주 서구에서 평생 하역 일을 하며 살아온 70대 가장으로, 투박한 손마디에 삶의 흔적이 배어 있는 성실하고 사교적인 인물입니다.","광주 서구에서 평생을 보내며 투박하지만 정겨운 전라도 사투리가 몸에 배어 있고, 시장통 사람들과 어울려 왁자지껄하게 이야기 나누는 것을 즐깁니다. 초등학교 졸업 후 곧바로 현장 일에 뛰어들어 몸으로 부딪치며 살아온 세월이 있어, 격식보다는 사람 사이의 의리와 눈치 빠른 태도를 더 중요하게 생각합니다.","수십 년간 하역 현장에서 다져진 감각으로 짐의 무게 중심을 한눈에 파악해 가장 효율적으로 쌓아 올리는 요령이 탁월합니다. 무거운 자재를 옮길 때 허리에 무리가 가지 않게 지렛대 원리를 이용하는 자신만의 노하우가 있으며, 현장 동료들 사이에서 짐 쌓기만큼은 가장 빠르고 정확하다는 평가를 받습니다.","['적재물 무게 중심 파악 및 효율적 배치', '현장 자재 결속 및 고정 기술', '하역 작업 동선 최적화', '현장 인력 간의 갈등 중재 및 분위기 주도']","주말이면 무등산 자락을 천천히 걸으며 땀을 빼고, 내려오는 길에 단골 목욕탕에서 뜨거운 물에 몸을 담그며 동네 친구들과 정치 이야기를 나누는 시간을 가장 아낍니다. 일주일에 한 번쯤은 집으로 짜장면과 탕수육을 시켜 먹으며 텔레비전의 옛날 가요 프로그램을 시청하는 것으로 일주일의 피로를 풉니다.","['무등산 둘레길 산책', '동네 대중사우나 이용', '전통시장 맛집 탐방', '트로트 프로그램 시청', '가족과 함께하는 경주나 부여 역사 유적지 여행']",큰 욕심 없이 지금처럼 매일 아침 정해진 시간에 출근해 땀 흘려 일하며 건강을 유지하는 것에 만족합니다. 무리하지 않는 선에서 하역 일을 계속하며 아내와 함께 소박하게 생활할 수 있는 생활비를 꾸준히 마련하는 것이 현재의 가장 큰 목표입니다.,남자,74,배우자있음,비현역,배우자와 거주,아파트,초등학교,해당없음,하역 및 적재 관련 단순 종사원,광주-서구,광주,대한민국
73f75d42a3934626b0d9a4bff062715a,최은지 씨는 서초동 부동산 사무실에서 장부를 잡으며 복잡한 취득세나 양도세 계산을 암산 수준으로 빠르게 처리하는 베테랑 회계 사무원입니다. 다만 서류를 가나다순으로 분류하거나 분기별 계획표를 짜는 지루한 행정 작업이 시작되면 금세 한숨을 쉬며 펜을 놓아버리는 성미를 가졌습니다.,최은지 씨는 서초동 예술의전당 근처 산책로를 느릿하게 거닐며 동네 이웃들과 수다를 떠는 것으로 하루의 운동량을 채웁니다. 조금만 걷다 보면 금세 숨이 차오르기에 벤치에 앉아 한참을 쉬거나 집으로 돌아와 깊은 낮잠을 자며 에너지를 보충합니다.,"최은지 씨는 지역 문화센터의 서예 교실에서 붓을 잡으며 마음을 다스리지만, 쉬는 시간이 되면 누구보다 큰 목소리로 주변 사람들을 이끄는 분위기 메이커가 됩니다. 정적인 예술 활동 속에서도 특유의 외향적인 성격이 튀어나와 주변 사람들과 끊임없이 이야기를 나눕니다.",최은지 씨는 가족들과 함께 경주 불국사의 다보탑이나 부여 낙화암의 절벽을 방문해 옛이야기를 듣는 역사 여행을 즐깁니다. 빡빡한 일정표를 따르기보다는 발길 닿는 대로 천천히 걷다가 마음에 드는 전통 찻집이 나오면 예정에도 없던 휴식을 취합니다.,"최은지 씨는 일주일에 대여섯 번은 집 밖에서 식사를 해결하며, 나물 비빔밥이나 청국장 같은 담백한 한식을 주로 찾습니다. 가끔 자녀들이 사주는 도미노 피자의 페퍼로니 피자를 한 조각 크게 베어 물며 젊은 세대의 입맛을 함께 공유하는 시간을 가집니다.","최은지 씨는 남편과 자녀들이 함께 사는 복작복작한 집안 분위기 속에서 가장 영향력 있는 목소리를 내는 집안의 중심축입니다. 가족들을 끔찍이 아끼지만, 때로는 자신의 주장이 너무 강해 자녀들과 사소한 말다툼을 벌이기도 하며도 금세 쿨하게 화해하는 성격입니다.",최은지 씨는 서초구에서 부동산 회계 사무원으로 일하며 경제적 자립과 사교적인 삶을 동시에 누리는 당찬 70대 여성입니다.,"최은지는 서초구의 오래된 다세대 주택가에서 나고 자라며 체면과 질서를 중시하는 분위기에 익숙합니다. 수학을 전공한 이성적인 사고방식을 가졌지만, 동네 문화센터나 모임에서는 누구보다 목소리가 크고 활기차게 분위기를 주도하는 외향적인 면모를 보입니다.","복잡한 부동산 세금 계산이나 장부 정리를 빠르게 처리하며, 오랜 실무 경험을 바탕으로 수치상의 오류를 단번에 잡아냅니다. 다만, 세밀한 서류 분류나 장기적인 스케줄링 같은 꼼꼼한 행정 업무에는 금방 싫증을 느끼고 지치는 모습을 보입니다.","['부동산 취득세 및 보유세 산출', '복식부기 기반의 회계 장부 작성', '빠른 암산을 통한 수치 검증', '사무실 내 대인 관계 조율 및 분위기 주도']","가족들과 함께 경주 불국사나 부여 낙화암 같은 역사 유적지를 천천히 거닐며 옛이야기를 나누는 시간을 보냅니다. 평소에는 서초동 인근 산책로를 걷다 지치면 집에서 낮잠을 청하거나, 가끔 자녀들이 추천한 가게의 페퍼로니 피자를 먹으며 소소한 즐거움을 찾습니다.","['경복궁과 창덕궁 고궁 산책', '트로트 경연 프로그램 시청', '동네 공원 나무 그늘 아래서 낮잠 자기', '청국장이나 나물 비빔밥 같은 담백한 한식집 탐방']","지금처럼 규칙적으로 출근하며 동료들과 어울리는 일상을 유지하는 것에 만족하며, 본인이 가진 실무 노하우를 후배들에게 전수하며 인정받기를 원합니다. 거창한 승진보다는 손에 익은 회계 업무를 통해 경제적 자립을 유지하며 건강하게 직장 생활을 마무리하는 것이 목표입니다.",여자,71,배우자있음,비현역,배우자·자녀와 거주,다세대주택,4년제 대학교,자연과학·수학,회계 사무원,서울-서초구,서울,대한민국
89eca80b88284888ad94c84f56777680,"안상식 씨는 퇴직 후에도 목동 주민센터의 복잡한 서류 뭉치를 보며 흐뭇해하며, 동네 이웃들이 쩔쩔매는 민원 서류 절차를 막힘없이 짚어주는 해결사 역할을 자처합니다.","안상식 씨는 정해진 시간에 집 근처 공원을 천천히 거닐며 나무의 상태를 살피고, 무리한 운동보다는 가벼운 산책으로 하루의 활동량을 채우는 정적인 생활을 유지합니다.","안상식 씨는 나훈아의 구슬픈 가락을 거실에 작게 틀어놓고 멍하니 생각에 잠기거나, 단골 미용실에서 정성스럽게 머리를 빗어 넘기며 자신의 단정한 외양을 가꾸는 시간을 즐깁니다.","안상식 씨는 고등학교 동창들과 함께 창덕궁의 후원을 천천히 걸으며 왕실의 기록을 살피고, 역사적 사건이 깃든 장소에서 옛이야기를 나누는 정적인 여행을 즐깁니다.","안상식 씨는 일주일에 한 번 가족들과 함께 동네 단골 한우집에서 육즙 가득한 갈비를 굽거나, 가끔은 기름진 짜장면과 탕수육이 생각나 중식당을 찾습니다.","안상식 씨는 말수 적은 할아버지로서 손주들에게 잔소리 대신 정직하게 살아온 뒷모습을 보여주려 노력하며, 수십 년간 함께한 아내와 함께 정돈된 아파트 거실에서 평온한 노후를 보냅니다.","안상식 씨는 목동에서 평생을 성실함과 규칙으로 무장해 온, 꼼꼼한 가계부와 나훈아의 노래가 어울리는 정갈한 노신사입니다.","양천구 목동의 오래된 아파트 단지에서 수십 년째 거주하며, 정해진 시간에 일어나 집안을 정돈하는 규칙적인 생활을 삶의 기본으로 삼아왔습니다. 고등학교 졸업 후 성실하게 직장 생활을 하며 가족을 부양한 세대의 책임감이 몸에 배어 있어, 예의와 격식을 중요하게 생각합니다.","가계부의 십 원 단위까지 정확하게 맞추고, 집안의 모든 중요 서류를 날짜와 항목별로 분류해 보관하는 꼼꼼한 정리 능력을 갖췄습니다. 오랜 직장 생활에서 익힌 행정 처리 경험으로 동네 주민센터의 복잡한 서류 절차를 누구보다 정확하게 꿰고 있습니다.","['가계부 정밀 기록', '서류 체계적 분류 및 보관', '공공기관 행정 절차 안내', '일일 일정 및 시간 관리']","매주 정해진 요일에 단골 미용실을 찾아 머리를 단정하게 다듬고, 친구들과 함께 경복궁이나 창덕궁 같은 고궁을 거닐며 역사 기록을 살핍니다. 오후에는 거실 소파에서 나훈아의 노래를 나직하게 틀어놓고 짧은 낮잠을 자며 하루의 긴장을 풉니다.","['고궁 및 역사 유적지 탐방', '나훈아 음악 감상', '단골 미용실 외모 관리', '오래된 친구와의 전화 수다', '목동 근린공원 천천히 걷기']",매일 아침 혈당 수치를 기록하며 공복혈당장애를 관리하는 작은 성취를 통해 건강한 노후를 유지하려 합니다. 자신이 살아온 정직하고 성실한 삶의 태도를 손주들이 자연스럽게 배울 수 있도록 조용한 본보기가 되는 것에 의미를 둡니다.,남자,73,배우자있음,비현역,배우자와 거주,아파트,고등학교,해당없음,무직,서울-양천구,서울,대한민국
16070be2ab8c44988e5d4e7878761d15,"김다희 씨는 현재 직업은 없지만 대학 시절 언론학을 전공하며 기른 분석적인 시각으로 집안의 모든 행정 업무와 정보 수집을 전담하며, 훗날 마음의 여유가 생기면 주택관리사처럼 정적인 분위기의 자격증을 취득해 소소한 성취감을 얻고 싶어 합니다.","김다희 씨는 매일 오후 시간이 되면 편안한 운동화를 신고 분당 탄천 산책로를 따라 천천히 걸으며 주변 풍경을 관찰하고, 복잡한 생각들을 정리하며 마음의 평온을 찾는 시간을 가집니다.",김다희 씨는 주말이면 판교 현대백화점 근처의 작은 갤러리를 조용히 둘러보거나 가족들과 함께 최신 개봉 영화를 관람하며 일상의 단조로움을 달래는 정적인 문화생활을 즐깁니다.,"김다희 씨는 가족 여행을 계획할 때 엑셀 표를 활용해 분 단위의 세밀한 경로를 설계하며, 강원도 평창의 숲길이나 제주도 비자림처럼 사람이 적고 풍경이 수려한 자연 명승지를 찾아 조용히 머무는 여행을 추구합니다.","김다희 씨는 2주에 한 번 정도 가족들과 함께 정갈한 사케동이나 가츠동을 파는 일식당을 찾아다니며, 집에서는 나물 비빔밥이나 청국장 같은 담백한 한식을 직접 차려 먹으며 식사의 정갈함을 유지합니다.","김다희 씨는 성격이 제각각인 배우자와 함께 거주하는 미혼 형제들 사이에서 갈등이 생기지 않도록 부드럽게 의견을 조율하며, 모두가 만족할 만한 타협점을 찾아내는 집안의 실질적인 중재자 역할을 합니다.","김다희 씨는 분당의 정돈된 일상 속에서 가족의 평온함을 최우선으로 여기며, 언론학 전공자의 분석력과 차분한 성격으로 삶의 균형을 잡아가는 40대 여성입니다.","분당의 계획도시 특유의 정돈된 분위기 속에서 오랫동안 거주하며 안정적인 생활 양식을 익혔고, 대학 시절 언론학을 전공하며 얻은 분석적인 시각으로 주변 상황을 조용히 관찰하는 습관이 있습니다.","가족 구성원들의 서로 다른 성향을 세밀하게 파악해 갈등 없이 일정을 조율하는 능력이 뛰어나며, 필요한 정보를 꼼꼼하게 수집해 실패 없는 여행 경로를 설계하는 데 능숙합니다.","['가족 구성원 간의 의견 조율 및 중재', '효율적인 여행 일정 및 동선 기획', '생활 밀착형 정보 검색 및 큐레이션', '상대방의 감정을 배려하는 차분한 대화법']","주말이면 탄천 산책로를 따라 천천히 걷거나, 가족들과 함께 정갈한 일본식 가정식 집을 찾아다니며 조용한 식사 시간을 보내는 것에서 위안을 얻습니다.","['탄천 및 율동공원 산책', '숨겨진 일식 가정식 맛집 탐방', '가족과 함께하는 전국 식물원 방문', '집에서 즐기는 잔잔한 다큐멘터리 시청']","현재는 경제 활동보다 가정의 평온함을 유지하는 것에 가치를 두며, 나중에 마음의 여유가 생기면 스트레스가 적은 정적인 분야의 자격증을 취득해 소소한 성취감을 얻고 싶어 합니다.",여자,46,배우자있음,비현역,배우자·미혼 형제자매와 거주,아파트,4년제 대학교,사회과학·언론,무직,경기-성남시 분당구,경기,대한민국
739ccb6390374954a47a680d8f1da91d,"설숙자 씨는 기장군 부동산 사무실에서 손님들의 표정과 말투를 살피며 딱 맞는 매물을 찾아주는 눈썰미 좋은 실무자입니다. 임대차 계약서의 작은 오타 하나 놓치지 않고 꼼꼼하게 정리하는 완벽주의적 성향이 있지만, 가끔은 너무 신중한 나머지 결정적인 순간에 결단을 내리지 못하고 망설이곤 합니다.","설숙자 씨는 격렬한 운동보다는 동네 친구들과 함께 기장의 뜨끈한 사우나에 몸을 담그고 밀린 이야기를 나누며 땀을 빼는 시간을 최고의 휴식으로 꼽습니다. 오후의 나른함을 이기지 못해 거실 소파에서 짧은 낮잠을 자는 습관이 있으며, 가끔 몸이 무거울 때면 베란다 화분들을 옮겨 심으며 느릿하게 몸을 움직입니다.","설숙자 씨는 베란다의 작은 공간을 나만의 정원으로 가꾸며 흙을 만지는 시간에서 마음의 평온을 찾습니다. 스마트폰으로 화려한 피부 관리 영상이나 최신 뷰티 팁을 찾아보는 것이 일상의 낙이며, 그렇게 배운 내용을 가족들에게 강요하듯 추천하는 귀여운 참견쟁이 면모가 있습니다.","설숙자 씨는 절친한 친구들과 함께 전국의 이름 모를 숲길이나 탁 트인 바다 풍경을 찾아다니는 조용한 여행을 즐깁니다. 화려한 관광지보다는 공기 좋고 물 맑은 곳에서 멍하니 풍경을 바라보는 것을 좋아하며, 여행지에서 찍은 사진들을 단체 채팅방에 쉴 새 없이 공유하며 추억을 되새깁니다.","설숙자 씨는 외식보다는 주 2~3회 집에서 편하게 시켜 먹는 분식이나 김밥 같은 간단한 배달 음식을 통해 일상의 해방감을 느낍니다. 고기보다는 나물이나 생선 위주의 정갈한 한식을 선호하며, 가끔 기장 시장에서 산 싱싱한 멸치로 쌈밥을 만들어 이웃들과 나누어 먹는 정을 소중히 여깁니다.","설숙자 씨는 가족의 화목을 인생의 가장 큰 가치로 여기며, 사회에 첫발을 내디딘 자녀들이 겪는 시행착오를 묵묵히 지켜봐 주고 다독여주는 든든한 버팀목입니다. 남편과는 사소한 일로 티격태격하면서도 결국 서로의 낡은 습관을 가장 잘 이해하는 편안한 사이로 지내며 집안의 중심을 잡습니다.","설숙자 씨는 기장군 부동산에서 근무하며 가족의 안정과 이웃 간의 정을 소중히 여기는, 소박하지만 강단 있는 50대 여성입니다.","기장 바다 근처에서 오랫동안 거주하며 이웃들과 멸치 쌈밥을 나눠 먹던 정겨운 분위기에 익숙하고, 가족의 화목을 최우선으로 여기는 따뜻한 가치관을 가졌습니다.","부동산 사무실을 찾는 다양한 사람들의 성향을 빠르게 읽어내어 적절한 매물을 추천하고, 복잡한 임대차 계약 서류들을 누락 없이 꼼꼼하게 분류하고 정리합니다.","['방문 고객 성향 파악 및 응대', '임대차 계약 기초 서류 정리', '기장군 일대 지리 및 매물 특성 숙지', '전화 상담 및 방문 일정 조율']","동네 친구들과 정기적으로 사우나에 가서 밀린 이야기를 나누고, 집에서는 유튜브로 최신 피부 관리 영상을 보며 베란다의 작은 화분들을 세심히 돌봅니다.","['베란다 상추와 제라늄 키우기', '유튜브 건강 정보 및 뷰티 영상 시청', '동네 지인들과의 정기적인 사우나 모임', '종교 단체 내 소규모 친목 활동', '나른한 오후의 짧은 낮잠']","지금 하는 일이 손에 익어 편안하며, 현재의 소득 수준을 안정적으로 유지하며 자녀들이 사회에 잘 안착하는 과정을 묵묵히 지원하고 싶어 합니다.",여자,50,배우자있음,비현역,배우자·자녀와 거주,아파트,고등학교,해당없음,그 외 서비스 관련 단순 종사원,부산-기장군,부산,대한민국
250145caa9b74e4aaf073d559a61614e,"황혜란 씨는 가구 공장의 복잡한 원자재 단가표를 엑셀로 한 치의 오차 없이 정리하며, 깐깐한 거래처 사장님들의 무리한 요구를 능숙하게 조율해 내는 실무 전문가입니다. 퇴근 전 모든 전표 처리를 완벽히 끝내기 위해 자신만의 효율적인 루틴을 고수하며 회사에서 없어서는 안 될 살림꾼으로 통합니다.",황혜란 씨는 주말이면 무거운 DSLR 카메라를 메고 송도 센트럴파크의 산책로를 천천히 걸으며 계절마다 바뀌는 풍경을 기록하는 정적인 활동에 몰입합니다. 격렬한 운동보다는 몸과 마음을 차분하게 가라앉히는 가벼운 산책을 통해 일주일간 쌓인 피로를 씻어냅니다.,"황혜란 씨는 TV 프로그램을 시청하며 최신 트렌드를 살피거나, 직접 찍은 사진들을 보정하며 혼자만의 고요한 시간을 갖는 것에서 큰 에너지를 얻습니다. 화려한 전시회보다는 일상의 소박한 순간을 포착하는 사진 기록에 깊은 애정을 가지고 있습니다.",황혜란 씨는 남편 혹은 친한 친구와 함께 전국의 이름난 맛집을 찾아다니는 식도락 여행을 계획하며 삶의 활력을 찾습니다. 단순히 유명한 곳을 가기보다 정갈한 상차림과 깊은 맛이 보장된 숨은 맛집 리스트를 미리 작성해 효율적인 이동 경로를 짭니다.,"황혜란 씨는 주말이면 남편과 함께 송도의 정갈한 일식집에서 가이세키 요리를 즐기거나, 평소에는 자극적이지 않은 나물 위주의 한식당을 찾아 건강한 한 끼를 먹습니다. 배달 음식은 2주에 한 번 정도로 제한하며, 직접 고른 신선한 재료로 만든 정성스러운 식사 시간을 소중히 여깁니다.",황혜란 씨는 연수구의 계획된 아파트 단지 내에서 남편과 함께 단출하지만 질서 정연한 가정을 꾸리며 서로의 개인적인 시간을 존중하는 관계를 유지합니다. 집안일을 효율적으로 분담하고 안정적인 주거 환경을 가꾸는 것에 큰 만족감을 느끼며 평온한 일상을 공유합니다.,"황혜란 씨는 인천 연수구의 가구 제조 기업 경리로 근무하며, 성실한 실무 능력과 정갈한 취향으로 안정적인 일상을 가꾸어 나가는 33세 여성입니다.","인천 연수구의 계획된 거리와 아파트 단지 속에서 질서 정연한 삶을 지향하며, 화려한 학위보다는 매일의 성실함과 현장에서 쌓은 실무적인 감각을 귀하게 여기는 분위기에서 성장했습니다.","가구 공장의 복잡한 원자재 단가 계산부터 세금계산서 발행까지 오차 없이 처리하며, 거래처 사장님들의 까다로운 요구사항을 능숙하게 조율해 냅니다.","['가구 원자재 재고 관리', '전자세금계산서 발행 및 정산', '거래처 미수금 관리', '기초 회계 장부 작성', '사내 행정 지원']","송도 센트럴파크의 계절 변화를 카메라에 담거나, 주말이면 남편과 함께 정갈한 초밥이나 가이세키 요리를 내놓는 일식집을 찾아다니며 시간을 보냅니다.","['풍경 사진 촬영', '일식 맛집 탐방', '넷플릭스 드라마 정주행', '집 근처 공원 산책', '낮잠으로 에너지 충전']","업무 프로세스를 완전히 숙달해 퇴근 전 모든 일을 마무리하는 효율적인 시스템을 만들고, 회사에서 대체 불가능한 살림꾼으로 오래도록 신뢰받는 것이 목표입니다.",여자,33,배우자있음,비현역,배우자와 거주,아파트,고등학교,해당없음,경리 사무원,인천-연수구,인천,대한민국
20df908dd5f74569b5d84158c9298a03,"김준수 씨는 영주 지역 건설 현장에서 철강재를 밀리미터 단위로 정확하게 절단하는 강구조물 가공원으로 일하며, 도면의 치수를 오차 없이 읽어내는 정밀함으로 동료들의 신뢰를 받는 숙련공입니다. 갑작스러운 설계 변경에도 당황하지 않고 공정 순서를 빠르게 재조정하는 유연함을 갖췄지만, 거창한 성공보다는 산업기사 자격증을 하나 더 따서 월급 앞자리를 바꾸겠다는 지극히 실질적인 목표에 집중하고 있습니다.","김준수 씨는 땀 흘리는 격렬한 운동보다는 퇴근 후 침대에 누워 아무것도 하지 않는 완전한 휴식을 통해 에너지를 충전하며, 주말이면 부석사 인근의 한적한 길을 따라 천천히 드라이브하는 것으로 몸과 마음의 긴장을 풉니다. 헬스장 등록 같은 거창한 계획보다는 가끔 중앙시장 골목골목을 구경하며 걷는 소소한 움직임으로 일상의 활력을 유지하는 편입니다.","김준수 씨는 퇴근 후 방 안 가득 성시경의 감미로운 노래를 채워 넣고 낮잠을 청하며 하루의 피로를 씻어내고, 가끔은 혼자 영화관을 찾아 최신 개봉작을 보며 조용히 사색에 잠기는 시간을 즐깁니다. 인터넷 영상으로 접하는 다양한 문화적 취향을 가지고 있지만, 이를 겉으로 드러내기보다 혼자만의 공간에서 조용히 향유하는 내향적인 감성을 지녔습니다.","김준수 씨는 가족들과 함께 전국 각지의 이름난 맛집을 찾아다니는 음식 관광을 가장 큰 즐거움으로 여기며, 여행지에서 무엇을 볼지보다 어떤 지역 음식을 먹을지를 더 꼼꼼하게 계획합니다. 영주를 벗어나 낯선 도시의 시장 음식을 맛보며 일상의 단조로움을 해소하고, 부모님과 함께 나누는 풍성한 식사 시간에서 깊은 정서적 안정감을 얻습니다.","김준수 씨는 매일 시내 단골 돈가스 집에서 혼자 밥을 먹으며 그날의 스트레스를 조용히 털어내고, 주말에는 유튜브 레시피를 참고해 생크림과 베이컨을 듬뿍 넣은 크림 파스타를 직접 만들어 보는 소소한 요리 취미가 있습니다. 배달 음식은 한 달에 한 번 정도만 주문할 만큼 외식을 선호하며, 주로 든든한 고기 중심의 한식이나 분위기 있는 양식 메뉴를 통해 미각적인 만족을 채웁니다.","김준수 씨는 현재 아파트에서 혼자 거주하며 독립적인 생활을 이어가고 있지만, 휴일이면 가족들과 함께 여행을 떠날 만큼 가족 간의 유대감이 깊고 돈독합니다. 무뚝뚝한 경북 남자 특유의 성격 탓에 살가운 표현은 서툴지만, 부모님이 좋아하시는 식당을 미리 예약해두는 방식으로 자신의 애정을 묵묵히 표현하는 효자입니다.","김준수 씨는 경북 영주에서 정밀한 철강 가공 일을 하며 성시경의 노래와 홈메이드 파스타, 그리고 가족과의 맛집 탐방으로 소박하지만 확실한 행복을 찾는 31세 청년입니다.","영주 중앙시장 근처의 오래된 가게들을 구경하며 소소한 재미를 찾고, 주말이면 부석사 쪽으로 드라이브를 다녀옵니다. 건설 현장 사람들과는 달리 술과 담배를 하지 않아 가끔은 무리에 섞이지 못하고 겉돌 때도 있지만, 묵묵히 자기 할 일을 해내며 주변의 신뢰를 얻는 편입니다.",도면의 치수를 정확하게 읽어내고 철강재를 오차 없이 절단하는 정밀함이 좋습니다. 현장 상황이 갑자기 바뀌어 수정 사항이 생겨도 당황하지 않고 빠르게 가공 순서를 조정해 마감 기한을 맞춥니다.,"['강구조물 도면 해석', '가스 및 플라스마 절단기 운용', '용접 부위 표면 처리', '정밀 측정 공구 사용']","퇴근 후 집에서 성시경의 노래를 틀어놓고 낮잠을 자거나, 주말이면 유튜브에서 본 레시피를 따라 하며 크림 파스타를 만들어 봅니다. 평소에는 시내의 단골 돈가스 집에서 혼자 식사를 하며 그날의 스트레스를 조용히 털어냅니다.","['성시경 노래 듣기', '유튜브 홈쿡 레시피 따라하기', '시내 맛집 혼밥 탐방', '넷플릭스 영화 감상']",지금 하는 일에서 숙련도를 높여 현장 관리직으로 조금씩 영역을 넓히고 싶어 합니다. 거창한 성공보다는 매달 들어오는 월급의 앞자리가 바뀔 수 있도록 관련 산업기사 자격증을 하나 더 취득하는 실질적인 목표를 세웠습니다.,남자,31,미혼,비현역,혼자 거주,아파트,2~3년제 전문대학,해당없음,강구조물 가공원,경상북-영주시,경상북,대한민국
960fd83c1e1f4e0ba0772915ff9e3946,"곽상길 씨는 중학교 졸업 후 곧장 생업 전선에 뛰어들어 시장 바닥에서 몸으로 익힌 눈썰미로 물건의 적정가를 빠르게 꿰뚫으며, 집안의 삐걱거리는 문고리나 나간 전등갓을 뚝딱 고쳐내는 실용적인 손재주를 가졌습니다.","곽상길 씨는 주말마다 친구들과 함께 관악산의 완만한 흙길을 천천히 오르며 숨을 고르고, 평소에는 집 근처 골목길을 느릿하게 산책하며 이웃들과 짧은 안부를 나눕니다.","곽상길 씨는 거실 소파에 앉아 TV 뉴스를 보며 세상 돌아가는 모양새를 관찰하고, 손주들에게 옛날이야기를 들려주며 자신이 겪은 산업화 시기의 경험을 삶의 지혜로 포장해 전달합니다.","곽상길 씨는 평소 집 밖으로 멀리 나가는 법이 없지만, 일 년에 한두 번 자녀들이 계획한 가족 여행 때면 뒷좌석에 몸을 싣고 창밖 풍경을 구경하며 오랜만에 일상을 벗어납니다.","곽상길 씨는 구수한 청국장과 나물 비빔밥이 나오는 한식당을 주 4회 이상 드나들며, 가끔 자녀들이 사다 주는 롯데리아 햄버거의 낯선 맛을 천천히 음미하며 젊은 세대의 입맛을 경험합니다.","곽상길 씨는 사별 후 자녀들과 함께 살며 그들의 보살핌을 받지만, 때로는 고집스러운 아버지의 모습을 보이며 집안의 정신적 지주로서 권위를 유지하려 노력하는 가부장적인 면이 남아 있습니다.","곽상길 씨는 양천구에서 평생을 보낸 서울 토박이로, 투박한 손재주와 시장통의 지혜를 가진 채 자녀들과 함께 노후를 보내는 고집 센 할아버지입니다.",전후 복구 시기와 산업화의 격동기를 거치며 중학교 졸업 후 곧바로 생업 전선에 뛰어들어 실질적인 생존 기술을 몸소 익혔습니다. 서울 양천구의 오래된 골목길에서 수십 년을 거주하며 이웃 간의 끈끈한 정과 체면을 동시에 중시하는 전형적인 서울 토박이의 정서를 가지고 있습니다.,오랜 세월 시장과 현장에서 구르며 다져진 눈썰미로 물건의 적정 가격을 빠르게 파악하고 유리하게 협상하는 능력이 탁월합니다. 집안의 헐거운 문고리를 고치거나 고장 난 전등갓을 교체하는 등 일상생활에 필요한 자잘한 수리 업무를 능숙하게 처리합니다.,"['물건 적정 가격 협상하기', '간단한 가정용 기기 수리', '효율적인 짐 쌓기 및 정리', '동네 지름길 및 숨은 맛집 찾기']","주말이면 친구들과 관악산 자락을 천천히 오르거나 단골 목욕탕의 뜨거운 사우나에서 땀을 빼며 하루를 마무리합니다. 평소에는 청국장이나 나물 비빔밥 같은 담백한 한식을 즐기며, 가끔 자녀들이 사주는 롯데리아 햄버거를 먹으며 젊은 세대의 입맛을 공유하는 시간을 가집니다.","['관악산 가벼운 등산', '동네 목욕탕 사우나 이용', 'TV 뉴스 및 시사 프로그램 시청', '나물 비빔밥 맛집 탐방', '소주 한 잔 곁들이는 친구 모임']","이제는 사회적 성취보다 자녀들에게 경제적, 심리적 짐이 되지 않고 건강하게 노후를 보내는 것에 가장 큰 가치를 둡니다. 가끔은 학업을 일찍 마쳐야 했던 아쉬움이 남아, 손주들에게 세상 돌아가는 이치와 삶의 지혜를 나누어 주는 정신적 지주가 되고 싶어 합니다.",남자,76,사별,비현역,자녀와 거주 (한부모),다세대주택,중학교,해당없음,무직,서울-양천구,서울,대한민국
2c30571d3af64e19baac9135d37c31f6,"박호철 씨는 헤드셋을 쓰고 하루 수십 통의 고성과 민원을 묵묵히 받아내며, 복잡한 보험 약관을 옆집 아저씨가 설명하듯 쉽게 풀어내는 원주 보험센터의 베테랑 상담원입니다. 박호철 씨는 감정이 격양된 고객의 말을 끝까지 들어주는 인내심과 상담 이력을 단 한 줄도 빠짐없이 기록하는 꼼꼼함으로 동료들 사이에서 가장 믿음직한 선임으로 통합니다.",박호철 씨는 숨이 턱까지 차오르는 격렬한 운동보다는 무실동 골목길을 천천히 걸으며 친구들과의 약속 장소로 향하는 가벼운 산책으로 하루의 활동량을 채웁니다. 박호철 씨는 땀 흘리는 성취감보다는 익숙한 사람들과 나란히 걸으며 나누는 소소한 잡담에서 더 큰 활력을 얻습니다.,박호철 씨는 세련된 미술관이나 공연장보다는 단골 주점의 왁자지껄한 소음과 고향 친구들이 던지는 낡은 농담 속에서 삶의 리듬을 느끼며 정서적 허기를 채웁니다. 박호철 씨는 정제된 예술 작품보다는 사람 사는 냄새가 물씬 풍기는 지역 사회의 유대감과 소박한 일상의 풍경에서 편안함을 느낍니다.,"박호철 씨는 아내와 아이들을 데리고 강릉 안목해변 근처의 한적한 펜션에 짐을 푼 뒤, 아무런 계획 없이 파도 소리를 들으며 멍하게 시간을 보내는 휴양 여행을 즐깁니다. 박호철 씨는 유명 관광지를 바쁘게 돌아다니기보다 가족들이 곁에 있다는 사실만으로 만족하며 조용히 쉬어가는 시간을 소중히 여깁니다.","박호철 씨는 주말이면 식구들과 함께 원주 식객들이 찾는 순두부찌개나 청국장 집에서 정갈한 한식 식사를 하고, 저녁에는 무실동 단골집에서 모둠전과 소주를 곁들이며 하루의 피로를 씻어냅니다. 박호철 씨는 배달 음식의 간편함보다는 직접 식당에 나가 사람들과 부대끼며 식사하는 분위기를 즐깁니다.","박호철 씨는 고등학교 졸업 후 일찍이 사회생활을 시작해 가장의 무게를 짊어졌으며, 이제는 자가 아파트라는 견고한 울타리 안에서 가족들이 편히 쉴 수 있도록 묵묵히 생계를 책임지는 든든한 버팀목입니다. 박호철 씨는 다정한 말 한마디보다는 성실한 근속과 경제적 안정으로 가족에 대한 사랑을 표현하는 전형적인 한국의 아버지상입니다.","박호철 씨는 원주에서 보험 상담원으로 성실히 근무하며, 내 집 마련의 안정감과 고향 친구들과의 소박한 술자리를 통해 삶의 만족을 찾는 44세의 현실적인 가장입니다.","원주에서 나고 자라 지역 사회의 유대감을 중요하게 생각하며, 일찍 사회생활을 시작해 성실함과 책임감을 최고의 가치로 여기는 환경에서 성장했습니다. 화려한 성취보다는 내 집 마련과 같은 실질적인 안정감을 통해 삶의 만족을 느끼는 전형적인 지역 정착형 생활 양식을 가지고 있습니다.","보험 약관의 복잡한 내용을 고객이 이해하기 쉽게 풀어서 설명하는 능력이 탁월하며, 감정이 격양된 민원인의 말을 끝까지 경청해 상황을 진정시키는 노련한 응대 기술을 보유하고 있습니다. 특히 꼼꼼한 성격 덕분에 상담 이력을 누락 없이 기록하여 동료들 사이에서 업무 처리 신뢰도가 매우 높습니다.","['보험 상품 약관의 쉬운 언어 변환', '악성 민원인 심리 안정 및 갈등 중재', '정확한 상담 이력 데이터베이스 기록', '금융 소비자 보호 관련 규정 준수', '전화 상담 효율화를 위한 스크립트 최적화']",퇴근 후나 주말이면 무실동 근처의 단골 주점에서 고향 친구들과 소주잔을 기울이며 소소한 일상을 나누는 시간에서 가장 큰 해방감을 느낍니다. 가족들과는 강릉이나 속초의 조용한 펜션을 예약해 아무런 계획 없이 바다를 보며 멍하게 쉬는 휴양 여행을 즐깁니다.,"['무실동 단골 주점에서 친구들과 나누는 술자리', '강릉 해변 인근의 조용한 펜션에서 가족 휴식', '원주 시내의 숨은 두부 요리 전문점 찾아다니기', '베란다에서 담배를 피우며 보는 스포츠 하이라이트 영상', '동창회 카카오톡 단체 채팅방에서 나누는 끊임없는 잡담']",갑작스러운 직급 상승이나 이직보다는 현재의 직장에서 '가장 믿음직한 선임 상담원'으로 인정받으며 오랫동안 안정적으로 근무하는 것을 목표로 합니다. 성실한 근속을 통해 퇴직 시점까지 가족의 생계를 책임질 수 있는 견고한 경제적 울타리를 유지하는 데 집중합니다.,남자,44,배우자있음,비현역,기타2세대,아파트,고등학교,해당없음,전화 상담원,강원-원주시,강원,대한민국
9d3c430b17ee480aab5936c27724a7e1,"이태훈 씨는 정해진 매뉴얼이 확실한 쿠팡 물류센터의 운영 관리나 정밀 기계 조작직 같은 기술직 공고를 매일 살피며, 변수가 적은 환경에서 톱니바퀴처럼 정확하게 움직이는 삶을 꿈꿉니다. 복잡한 전자기기 설정을 단계별로 나누어 설명하는 능력을 살려, 누구나 쉽게 이해할 수 있는 작업 지침서를 만들 수 있는 역량을 갖추고 있습니다.","이태훈 씨는 파주 지역 커뮤니티 센터에서 배드민턴 셔틀콕을 주고받으며 땀을 흘리고, 마음이 답답한 날에는 운정호수공원의 산책로를 따라 정처 없이 걸으며 복잡한 생각을 정리합니다. 집에서는 T1 같은 유명 e스포츠 팀의 경기 영상을 보며 승리 공식과 효율적인 동선 전략을 메모장에 분석해 기록하는 시간을 즐깁니다.","이태훈 씨는 잠들기 전 스마트폰으로 네이버 웹툰의 최신 회차를 정주행하며 현실에서 벗어난 상상을 즐기고, 일본 만화책의 세밀한 작화를 감상하며 마음의 안정을 찾습니다. 영상 콘텐츠를 소비할 때도 단순히 보는 것에 그치지 않고, 영상의 편집 흐름이나 구성의 효율성을 따져보는 분석적인 태도를 보입니다.",이태훈 씨는 연인이나 친구와 함께 강원도 인제나 평창 같은 곳으로 떠나 래프팅이나 서바이벌 게임 같은 역동적인 레포츠를 즐기며 일상의 무료함을 해소합니다. 낯선 곳으로의 여행에서도 무작정 떠나기보다 미리 동선을 짜고 방문할 식당의 메뉴를 확인하는 신중한 계획 하에 움직입니다.,"이태훈 씨는 집 근처 김밥천국에서 참치김밥과 떡볶이로 가볍게 끼니를 해결하거나, 정갈한 나물 비빔밥 같은 고기 없는 한식 식당을 찾아 주 5회 이상 외식을 즐깁니다. 배달 음식은 한 달에 한 번 정도만 이용하며, 자극적인 맛보다는 속이 편안한 식재료 위주의 식단을 선호해 식당을 고를 때 메뉴판을 매우 세밀하게 읽습니다.","이태훈 씨는 조부모님과 부모님이 함께 사는 3세대 가구의 막내로, 집안 어른들이 강조하는 예의범절을 묵묵히 따르면서도 내면의 독립적인 공간에 대한 갈증을 느낍니다. 스마트폰 뱅킹이나 키오스크 사용법을 어려워하시는 할아버지 곁에서 아주 쉬운 단계로 나누어 기능을 설명해 드리는 다정한 손자의 모습을 보입니다.","이태훈 씨는 파주에서 3세대가 함께 사는 집의 막내로, 정해진 규칙이 있는 안정적인 삶을 갈망하며 e스포츠 분석과 피부 관리에 진심인 신중하고 예민한 성격의 청년입니다.","파주의 한 아파트에서 조부모님, 부모님과 함께 살며 세대 간의 가치관 차이를 몸소 겪고 있습니다. 집안의 어른들이 강조하는 예의범절을 따르면서도, 혼자만의 시간이 필요할 때는 집 근처 운정호수공원을 정처 없이 걸으며 복잡한 마음을 가라앉히곤 합니다.","e스포츠 경기를 보며 승리 공식과 효율적인 전략을 분석해 기록하는 데 능숙합니다. 또한, 스마트 기기 사용에 서툰 조부모님을 위해 복잡한 기능을 아주 쉽고 실용적인 단계로 나누어 설명해 드리는 일에 익숙합니다.","['리그 오브 레전드 메타 분석', '고령층 맞춤형 스마트폰 사용법 안내', '배드민턴 기본 스텝 및 스트로크', '효율적인 동네 심부름 경로 설계']","동네 김밥집에서 가볍게 끼니를 해결한 뒤, 지역 커뮤니티 센터에서 배드민턴 셔틀콕을 주고받으며 땀을 흘립니다. 밤에는 침대에 누워 네이버 웹툰을 정주행하거나, 피부 트러블을 관리하기 위해 새로 산 기초 화장품을 꼼꼼히 바르는 시간을 갖습니다.","['동네 주민센터 배드민턴 동호회', 'LCK 경기 실시간 시청', '네이버 웹툰 및 일본 만화 감상', '남성용 기초 스킨케어 제품 관리']",갑작스러운 변수가 적고 정해진 매뉴얼대로 움직일 수 있는 물류 관리나 기술직 일자리를 찾고 있습니다. 화려한 성공보다는 매달 정해진 날짜에 월급이 들어오는 안정적인 삶을 통해 불안감을 해소하고 싶어 합니다.,남자,27,미혼,비현역,기타3세대,아파트,고등학교,해당없음,무직,경기-파주시,경기,대한민국
f9ab06ba0c274bdd941a77ff39a9cc5b,"홍희자 씨는 의정부의 북적이는 매장에서 손님이 말하기도 전에 빈 물잔을 채워 넣는 눈썰미 좋은 베테랑입니다. 매장의 복잡한 동선 사이를 능숙하게 누비며 처음 보는 이들에게도 넉살 좋게 말을 걸지만, 가끔은 자기 주관이 너무 강해 동료와 티격태격하기도 합니다.","홍희자 씨는 주말이면 직접 운전대를 잡고 수락산 자락의 구불구불한 길을 달리며 기분 전환을 합니다. 차를 세우고 야생화를 찾아 걷는 산책을 즐기며, 오후에는 베란다 화분들의 흙을 매만지다 밀려오는 졸음에 짧은 낮잠을 청하며 체력을 보충합니다.","홍희자 씨는 휴대폰 카메라로 수락산의 이름 모를 들꽃을 찍어 저장하는 사진 취미에 푹 빠져 있습니다. 베란다의 작은 정원을 가꾸며 식물들이 자라는 모습을 관찰하고, 가끔 지역 문화센터의 전시를 구경하며 일상의 단조로움을 덜어냅니다.","홍희자 씨는 명절이나 휴가 때 가족들과 함께 강원도나 제주도 같은 자연경관이 수려한 곳으로 여행을 떠납니다. 화려한 관광지보다는 탁 트인 바다나 푸른 숲을 보며 멍하니 시간을 보내는 것을 즐기며, 여행지에서 찍은 풍경 사진을 가족 채팅방에 수시로 공유합니다.","홍희자 씨는 일주일에 네 번 이상 외식을 하며, 주로 고기 없는 나물 반찬이 정갈하게 나오는 한식당을 찾습니다. 가끔은 손주들의 손을 잡고 롯데리아에 가서 감자튀김과 햄버거 세트를 주문해 함께 나누어 먹는 시간을 무엇보다 소중히 여깁니다.","홍희자 씨는 이혼 후 의정부 아파트에서 홀로 지내고 있지만, 손주들에 대한 애정만큼은 누구보다 지극합니다. 평소에는 무뚝뚝하고 현실적인 성격이지만, 손주들 앞에서는 한없이 너그러워지며 아이들이 좋아하는 최신 장난감을 몰래 준비해 두는 츤데레 같은 면모가 있습니다.","홍희자 씨는 의정부에서 자가 아파트를 보유한 채 음료 서비스직으로 일하며, 강한 생활력과 넉살로 일상을 꾸려가는 70대 여성입니다.","중학교 졸업 후 일찍이 생업에 뛰어들어 의정부의 도시화 과정을 함께 겪으며 살아왔습니다. 혼자 힘으로 아파트를 마련했을 만큼 생활력이 강하며, 삶의 굴곡 앞에서도 감정에 매몰되기보다 당장 해결할 수 있는 일부터 처리하는 단단한 생활 양식을 가지고 있습니다.","손님의 표정과 몸짓만 보고도 물잔이 비었는지, 휴지가 필요한지를 빠르게 알아채어 움직이는 눈썰미가 뛰어납니다. 매장의 복잡한 동선 속에서도 부딪힘 없이 능숙하게 음료를 나르며, 처음 보는 손님과도 금세 스스럼없이 대화를 나누는 친화력을 발휘합니다.","['신속한 고객 요구 파악', '효율적인 서빙 동선 관리', '분위기를 띄우는 능숙한 대화법', '다양한 연령층의 손님 응대']","주말이면 직접 운전대를 잡고 수락산 자락의 한적한 도로를 달리다 마음에 드는 야생화가 보이면 차를 세우고 휴대폰 카메라로 셔터를 누릅니다. 집에서는 베란다 화분들을 세심히 가꾸고, 가끔은 손주들과 함께 롯데리아에서 햄버거 세트를 먹으며 시간을 보냅니다.","['수락산 주변 드라이브', '스마트폰 야생화 사진 촬영', '베란다 텃밭 및 화초 가꾸기', '중랑천변 산책', '나물 비빔밥 맛집 탐방']",높은 직급이나 큰 수익보다는 매일 아침 정해진 시간에 출근해 사람들과 어울리는 활기찬 일상을 유지하는 것에 가치를 둡니다. 한 달 동안 성실히 모은 월급으로 명절에 손주들이 좋아할 만한 최신 유행 장난감을 미리 골라두는 소소한 성취감을 즐깁니다.,여자,74,이혼,비현역,혼자 거주,아파트,중학교,해당없음,음료 서비스 종사원,경기-의정부시,경기,대한민국
fdfc8a5857b4444d9ff64eac5ecbef13,"고성호 씨는 부산 남구 대연동과 용호동 일대의 골목길을 손바닥 보듯 훤히 꿰고 있으며, 손님의 미묘한 표정 변화만으로도 적정 매매가를 툭 던지는 노련한 부동산 영업원입니다. 복잡하게 얽힌 등기부등본의 권리 관계를 빠르게 훑어 위험 요소를 단숨에 짚어내지만, 가끔은 너무 직설적인 말투 탓에 손님과 실랑이를 벌이는 고집스러운 면이 있습니다.","고성호 씨는 특별한 운동 기구 없이 해 질 녘 오륙도 해안산책로를 느릿하게 걸으며 복잡한 머릿속을 정리하는 시간을 갖습니다. 숨이 턱 끝까지 차오르는 격렬한 운동은 질색하며, 무릎에 무리가 가지 않는 완만한 길을 따라 발걸음을 옮기며 하루의 긴장을 풉니다.",고성호 씨는 거실 한구석에 놓인 낡은 라디오에서 흘러나오는 지직거리는 잡음과 옛 가요를 배경 삼아 멍하게 시간을 보내는 정적인 휴식을 즐깁니다. 최신 유행하는 영상 콘텐츠보다는 조용히 읊조리는 7080 노래나 라디오 사연에 귀를 기울이며 옛 기억에 잠기곤 합니다.,고성호 씨는 복잡한 계획을 세워야 하는 해외여행 대신 마음 맞는 고향 친구들과 함께 버스를 타고 도심 구석구석을 도는 시티투어를 즐깁니다. 유명 관광지의 화려한 볼거리보다는 옛 추억이 깃든 장소를 다시 찾아가 술잔을 기울이는 소박한 일정에 만족합니다.,"고성호 씨는 보름에 한 번 정도 동네 단골집에서 생선구이나 청국장 같은 담백한 한식을 먹거나, 퇴근길 선술집에서 두부김치에 소주를 곁들이는 소소한 외식을 즐깁니다. 배달 음식의 편리함보다는 주인장의 투박한 손맛이 느껴지는 낡은 식당의 분위기 속에서 식사하는 것을 좋아합니다.","고성호 씨는 무뚝뚝한 말투 탓에 자녀들에게 다정한 표현은 서툴지만, 뒤에서는 자식들의 독립 준비를 위해 묵묵히 통장을 채워주는 든든한 아버지입니다. 아내와는 사소한 일로 투덜거리며 말다툼을 자주 하면서도, 결국 아내가 좋아하는 과일을 직접 깎아 내미는 투박한 애정 표현 방식을 가지고 있습니다.","고성호 씨는 부산 남구의 지형지물을 꿰뚫고 있는 노련한 부동산 영업원이자, 라디오와 산책으로 삶의 여백을 채우며 안락한 노후를 준비하는 현실적인 60대 가장입니다.","부산 남구에서 나고 자라며 거친 바닷바람과 함께 살아왔고, 중학교 졸업 후 곧바로 생업에 뛰어들어 몸으로 익힌 생활 지혜가 깊습니다. 겉으로는 무뚝뚝해 보여도 내 식구와 오랜 친구에게는 한없이 너그러운 부산 특유의 정서를 가지고 있습니다.","남구 일대의 골목길 하나하나와 아파트 단지별 특징을 훤히 꿰고 있으며, 손님의 표정만 보고도 적정 매매가를 제안하는 노련한 협상력을 갖췄습니다. 등기부등본의 복잡한 권리 관계를 빠르게 파악해 실질적인 위험 요소를 짚어내는 능력이 탁월합니다.","['남구 지역 부동산 시세 분석', '매물 권리 분석 및 위험 진단', '실거래가 기반 가격 협상', '지역 토착 인적 네트워크 관리']","해 질 녘 오륙도 해안산책로를 천천히 걸으며 생각에 잠기거나, 거실에서 낡은 라디오의 지직거리는 소리를 배경 삼아 멍하게 시간을 보내는 것을 즐깁니다. 가끔 동네 단골 선술집에서 오랜 친구들과 함께 시원한 소주잔을 기울이며 옛날 이야기를 나누는 시간이 가장 소중합니다.","['오륙도 해안산책로 걷기', '라디오 방송 청취', '동네 선술집에서 소주 마시기', '시티투어 버스로 낯선 도시 구경하기']","지금 운영하는 부동산 일을 적당한 규모로 유지하며, 은퇴 후에도 소소하게 용돈을 벌 수 있는 안정적인 임대 수익 구조를 완성하는 데 집중하고 있습니다. 자녀들이 독립한 뒤 아내와 함께 보낼 여유로운 노후 자금을 차곡차곡 확보하는 것이 가장 큰 관심사입니다.",남자,61,배우자있음,비현역,배우자·자녀와 거주,아파트,중학교,해당없음,그 외 일반 영업원,부산-남구,부산,대한민국
cf35515951334acfa316da4690dd9b23,"유준호 씨는 제주시 노형동의 좁은 골목길 필지 하나하나의 주인과 경계를 전부 꿰고 있으며, 손님의 미세한 눈짓 하나만으로도 계약 가능성을 가늠해 빠르게 협상을 이끌어냅니다. 가끔은 너무 실리만 따지는 모습에 깐깐하다는 소리를 듣기도 하지만, 제주 토박이만이 줄 수 있는 정확한 현지 정보로 신뢰를 쌓습니다.","유준호 씨는 화요일 저녁이면 지역 배드민턴 클럽원들과 셔틀콕을 주고받으며 땀을 뻘뻘 흘리고, 주말에는 사이클을 타고 제주시 외곽의 한적한 도로를 달립니다. 승부욕이 강해 경기 중에는 목소리가 커지지만, 경기가 끝나면 누구보다 먼저 시원한 생수를 건네는 털털한 성격입니다.",유준호 씨는 정교한 미술 작품보다는 사려니숲길의 짙은 녹음이나 1100고지의 탁 트인 풍경 속에서 마음의 평온을 찾는 자연주의적 감성을 가졌습니다. 동네 경로당 어르신들과 나누는 옛 제주 이야기에 귀 기울이며 사라져가는 지역의 구전 문화와 정서를 기록하는 것에 소소한 즐거움을 느낍니다.,"유준호 씨는 가족들과 함께 제주 전역의 숨은 명소를 찾아다니며, 특히 계절마다 옷을 갈아입는 한라산의 능선을 바라보는 시간을 가장 아낍니다. 계획을 꼼꼼히 짜기보다 그날그날 기분에 따라 발길 닿는 대로 운전대를 꺾는 즉흥적인 여행 방식을 즐깁니다.","유준호 씨는 일주일에 한 번 가족들과 함께 흑돼지 구이집을 찾아가 두툼한 고기를 굽고, 가끔은 정갈한 초밥이나 사시미가 나오는 일식집에서 조용히 식사합니다. 집에서 배달 음식을 시킬 때는 주로 자녀들이 좋아하는 메뉴를 선택하며, 정작 본인은 찌개 하나만 있어도 만족하는 소박한 입맛입니다.","유준호 씨는 아파트에서 배우자와 자녀들과 함께 북적이며 살아가며, 무뚝뚝한 표정 뒤에 자식들이 제주에서 안정적으로 정착하기를 바라는 깊은 애정을 숨기고 있습니다. 가끔은 고집스러운 말투로 가족들과 부딪히기도 하지만, 결국에는 허허 웃으며 상황을 넘기는 유연한 가장입니다.","유준호 씨는 제주시 노형동의 땅과 사람을 꿰뚫어 보는 노련한 부동산 컨설턴트로, 가족의 안정을 최우선으로 여기며 자연과 함께하는 건강한 노후를 준비하는 실속파 제주 사람입니다.","제주시 노형동 일대의 도시화 과정을 직접 겪으며 자랐고, 마을 어르신들과의 유대감을 통해 얻은 현지 정보와 실리를 중요하게 여기는 제주 사람의 특성이 강합니다.","제주시내 골목 구석구석의 필지 경계와 소유 관계를 꿰고 있으며, 상대의 표정과 말투만 보고도 매수 의사를 빠르게 읽어내는 능숙한 협상 기술을 가졌습니다.","['제주시 토지 시세 분석', '지역 지주 네트워크 관리', '부동산 매물 권리 분석', '현장 중심의 매물 가치 평가']","매주 화요일 저녁이면 지역 배드민턴 클럽에서 땀을 흘리고, 주말에는 가족들과 함께 사려니숲길이나 1100고지의 풍경을 즐기며 여유롭게 시간을 보냅니다.","['제주시민체육센터 수영', '지역 배드민턴 동호회 활동', '해안도로 자전거 라이딩', '가족과 함께하는 숲길 산책']","큰 욕심을 내기보다 자녀들이 제주에서 안정적으로 정착할 수 있는 기반을 마련해주고, 은퇴 후에도 소소하게 수익이 발생하는 관리형 매물을 확보하는 데 집중합니다.",남자,61,배우자있음,비현역,배우자·자녀와 거주,아파트,고등학교,해당없음,부동산 컨설턴트,제주-제주시,제주,대한민국
9012f5e074224c5f9e6bc4f225fce213,"박현식 씨는 사람을 상대하며 진을 빼는 서비스직을 피하고, 매뉴얼이 명확한 단순 사무 보조나 기술직 자리를 찾고 있습니다. 매달 정해진 날짜에 월급이 들어와 최신형 그래픽카드가 장착된 고사양 게이밍 PC를 내 돈으로 바꾸는 소박하고 확실한 목표를 가지고 있습니다.","박현식 씨는 땀 흘리는 격렬한 운동은 멀리하지만, 친구들과 함께 롯데월드나 에버랜드의 넓은 파크를 하루 종일 걸어 다니며 에너지를 소비합니다. 평소에는 침대 위에서 스마트폰을 만지는 시간이 대부분이며, 육체적인 활동보다는 전략을 짜고 최적의 동선을 설계하는 정신적 활동에 더 능숙합니다.","박현식 씨는 주말이면 망원동의 아기자기한 소품샵을 구경하거나 연남동의 조용한 갤러리를 찾아다니며 시각적인 자극을 즐깁니다. 집에서는 침대에 누워 최신 웹툰을 정주행하고, 온라인 커뮤니티에 접속해 작가의 설정 오류를 날카롭게 지적하는 글을 쓰며 소소한 지적 유희를 누립니다.","박현식 씨는 롯데월드처럼 목적이 분명하고 즐길 거리가 확실한 테마파크로 친구나 연인과 함께 떠나는 나들이를 즐깁니다. 대기 시간을 최소화하기 위해 실시간 대기 현황 앱을 수시로 확인하고, 일행이 지치지 않도록 가장 효율적인 이동 경로를 제안하는 가이드 역할을 자처합니다.","박현식 씨는 일주일에 두세 번 연남동 일대의 일식 돈카츠 전문점을 찾아 바삭한 튀김 옷의 식감을 즐기거나, 정갈한 나물 반찬이 나오는 한식당에서 식사합니다. 배달 음식은 한 달에 한 번 정도만 별미로 시켜 먹으며, 주로 밖에서 지인들과 함께 식사하며 잡담을 나누는 시간을 선호합니다.","박현식 씨는 마포구의 오래된 아파트에서 엄격한 할아버지와 부모님을 모시고 살며, 세대 차이에서 오는 숨 막히는 분위기를 적당한 리액션과 침묵으로 견뎌냅니다. 할아버지의 낡은 가치관이 담긴 훈계에는 겉으로 고개를 끄덕이지만, 방 문을 닫는 순간 자신만의 확고한 취향과 세계관 속으로 숨어버리는 이중적인 생활을 합니다.","박현식 씨는 마포구에 거주하는 26세 무직자로, 보수적인 가족 환경 속에서 자신만의 디지털 취향과 실용적인 가치관을 지키며 안정적인 수입을 꿈꾸는 청년입니다.","마포구의 오래된 아파트에서 조부모님, 부모님과 함께 살며 세대 간의 가치관 차이를 몸소 겪고 있습니다. 할아버지의 보수적인 훈계에는 적당히 고개를 끄덕이며 넘기지만, 정작 자신의 생활 방식은 망원동 골목의 작은 소품샵을 구경하거나 연남동의 조용한 카페를 찾아다니는 취향을 고집합니다.","오픈월드 게임의 효율적인 공략법을 찾아내고 최적의 동선을 짜는 데 능숙합니다. 최신 디지털 트렌드에 밝아, 친구들이 전시회나 팝업스토어를 가고 싶어 할 때 대기 시간이 가장 적으면서도 만족도가 높은 실용적인 경로를 빠르게 제안합니다.","['오픈월드 게임 최적화 공략', '디지털 콘텐츠 큐레이션', '효율적인 방문 경로 설계', '웹툰 및 서브컬처 트렌드 분석']","주말이면 친구들과 롯데월드나 에버랜드에서 하루 종일 시간을 보내며 스트레스를 풉니다. 평소에는 연남동의 일식 돈카츠 집에서 식사를 하고, 집으로 돌아와 침대에 누워 최신 웹툰을 정주행하거나 커뮤니티에서 설정 오류를 지적하는 글을 읽으며 시간을 보냅니다.","['테마파크 정복하기', '연남동 일식 맛집 탐방', '웹툰 및 만화 정주행', '오픈월드 RPG 게임', '마포구 인근 갤러리 관람']",감정 소모가 심한 서비스직보다는 매뉴얼이 명확하고 독립적으로 처리할 수 있는 사무 보조나 기술직 일자리를 찾고 있습니다. 거창한 성공보다는 매달 정해진 날짜에 내 통장에 꽂히는 안정적인 수입을 통해 고사양 게이밍 PC를 스스로 교체하는 것이 당면한 목표입니다.,남자,26,미혼,비현역,기타3세대,아파트,고등학교,해당없음,무직,서울-마포구,서울,대한민국
fc551cd3e0a44ad1a7918e8d4d14af2f,"박명순 씨는 부산진구 다세대주택의 살림 책임자로, 꼬막무침 하나를 만들어도 간이 딱 맞아야 직성이 풀리는 야무진 손맛을 가진 집안의 실질적 운영자입니다. 집안 모든 물건의 위치를 꿰고 있어 자식들이 물건을 찾지 못해 허둥댈 때마다 혀를 끌끌 차며 단번에 찾아내 주는 살아있는 지도 같은 분입니다.",박명순 씨는 부산 시민공원의 흙길을 천천히 걸으며 계절마다 바뀌는 꽃 이름을 하나하나 확인하는 느긋한 산책을 즐깁니다. 걷다가 숨이 차오르면 벤치에 앉아 지나가는 강아지들을 구경하며 다리를 툭툭 터는 습관이 있습니다.,"박명순 씨는 매일 아침 신문을 꼼꼼히 읽으며 세상 돌아가는 일을 살피고, 일요일이면 단정한 옷차림으로 성당에 나가 이웃들과 함께 기도를 올립니다. TV 드라마 속 주인공의 사연에 깊이 몰입해 같이 울고 웃다가도, 말도 안 되는 전개가 나오면 리모컨을 쥔 채 혀를 차는 솔직한 감상법을 가졌습니다.","박명순 씨는 고향 친구들과 함께 전국의 이름난 시장 골목을 찾아다니며, 그 지역에서만 맛볼 수 있는 제철 나물 비빔밥이나 생선조림을 섭렵하는 식도락 여행을 다닙니다. 여행지에서는 반드시 지역 시장의 구석구석을 돌아다니며 가장 저렴하고 질 좋은 특산물을 찾아내는 것을 일종의 놀이처럼 즐깁니다.","박명순 씨는 명절마다 온 가족이 모여 먹을 꼬막무침과 각종 산나물을 정갈하게 무쳐내며 가족들의 입맛을 책임지는 주방의 절대 권력자입니다. 평소에는 담백한 나물 반찬과 된장찌개를 즐기지만, 한 달에 한 번 배달시키는 바삭한 후라이드 치킨 앞에서는 무장해제되어 자식들이 쓰는 최신 유행어까지 경청하는 유연함을 보입니다.","박명순 씨는 사별 후 홀로 남은 노모와 장성한 자녀들 사이에서 든든한 가교 역할을 하며, 거동이 불편한 어머니의 발톱을 깎아드리고 욕창이 생기지 않게 매일 몸을 닦아드리는 지극한 효심을 실천합니다. 가끔 자식들이 집안 정리를 대충 하면 내 눈에는 다 보인다며 잔소리를 쏟아내지만, 정작 아이들이 좋아하는 반찬은 몰래 더 많이 챙겨주는 츤데레 같은 어머니입니다.","박명순 씨는 부산진구의 오래된 다세대주택에서 노모와 자녀들을 챙기며 살아가는, 야무진 살림 솜씨와 투박한 정을 지닌 76세의 전형적인 부산 할머니입니다.","부산진구의 오래된 골목에서 자식들과 노모를 모시며 살아왔으며, 투박한 부산 사투리 속에 정이 묻어나는 삶을 살았습니다. 중학교 졸업 후 빠르게 가정을 꾸려 치열하게 살았지만, 특유의 야무진 성격으로 집안의 중심을 잡으며 가족들을 뒷바라지해 온 세대적 경험을 가지고 있습니다.","대가족의 식단과 가계부를 오차 없이 관리하는 살림 솜씨가 뛰어나며, 명절마다 온 가족이 모여 먹을 꼬막무침과 각종 나물 반찬을 정갈하게 차려냅니다. 집안 모든 물건의 위치를 정확히 기억해 가족들이 찾는 물건을 즉시 찾아내는 정리 정돈 능력이 탁월합니다.","['대가족 식단 및 가계 운영', '제철 식재료를 활용한 밑반찬 조리', '다세대 주택 유지 보수 및 관리', '지역 사회 노인 모임 중재 및 운영']","부산 시민공원을 천천히 산책하며 계절마다 변하는 꽃들을 살피고, 주말이면 동네 친구들과 함께 시장 골목의 칼국수 집에서 밀린 이야기를 나누며 시간을 보냅니다. 가끔은 자녀들이 예약한 치킨집에서 바삭한 후라이드 치킨을 먹으며 요즘 젊은 사람들이 쓰는 말에 귀를 기울입니다.","['부산 시민공원 산책', '동네 친구들과의 시장 맛집 탐방', '종교 시설 정기 예배 및 봉사 활동', '종이 신문 읽으며 세상 돌아가는 소식 확인', '손주들과 함께하는 치킨 외식']","매달 한 번씩 자식들과 함께 동네 시장의 숨은 맛집을 찾아다니며 가족 간의 유대감을 높이고, 거동이 불편하신 어머니가 집안에서 편안하게 지내실 수 있도록 세심히 살피는 것을 삶의 최우선 순위로 둡니다.",여자,76,사별,비현역,자녀·어머니와 거주,다세대주택,중학교,해당없음,무직,부산-부산진구,부산,대한민국
c7d53c380549418392b5709b0cda8291,"장수철 씨는 횡성의 한 아파트 단지에서 경비원으로 근무하며 단지 내 화단에 계절 꽃을 심고 전지 작업을 능숙하게 처리합니다. 입주민들 사이의 층간소음 갈등을 부드러운 말투로 중재해 분위기를 가라앉히는 데 능하지만, 막무가내식 민원인을 마주하면 남몰래 가슴이 두근거릴 정도로 스트레스를 받습니다.","장수철 씨는 주말이면 가족들의 손을 잡고 치악산 둘레길을 걸으며 숲의 공기를 마시고 계절의 변화를 세심하게 살핍니다. 격렬한 운동보다는 무릎에 무리가 가지 않는 선에서 천천히 보폭을 맞추며 걷는 산책을 통해 신체적, 정신적 활력을 찾습니다.","장수철 씨는 퇴근 후 거실 소파에 깊숙이 기대어 유튜브로 임영웅의 노래 영상을 찾아보며 마음의 위안을 얻습니다. 틈틈이 정치 시사 채널을 시청하며 세상 돌아가는 이야기에 귀를 기울이고, 가끔은 옛 추억이 깃든 노래를 흥얼거리며 시간을 보냅니다.",장수철 씨는 가족들과 함께 강원도의 푸른 산과 맑은 계곡을 찾아다니며 자연 풍경을 감상하는 여행을 즐깁니다. 화려한 관광지보다는 조용한 숲길이나 탁 트인 전망대에서 가족들과 도란도란 이야기를 나누며 여유를 만끽하는 시간을 소중히 여깁니다.,"장수철 씨는 일주일에 한 번쯤 정갈한 나물 정식이나 초밥 같은 일식당에서 외식을 하며, 또 한 번은 편리하게 배달 음식을 시켜 먹으며 별미를 즐깁니다. 특히 횡성한우 거리 근처 식당에서 친구들과 소주잔을 기울이며 옛이야기를 나누는 시간을 인생의 큰 낙으로 꼽습니다.",장수철 씨는 횡성에서 나고 자라며 성실하게 일궈온 가정에서 배우자와 자녀들의 지지를 받으며 안정적인 노후를 보내고 있습니다. 다 큰 자녀들이 출가한 뒤에도 가끔씩 찾아오는 손주들에게 용돈을 쥐여주며 인자한 할아버지의 모습을 유지하려 노력합니다.,"장수철 씨는 강원도 횡성에서 경비원으로 일하며 가족과 이웃을 아끼고, 소박한 일상의 행복과 건강한 노후를 지향하는 성실한 아버지입니다.","횡성군에서 나고 자라며 성실함을 최고의 덕목으로 배우셨고, 자녀들을 모두 성장시켜 출가시킨 뒤 아파트에서 안정적인 노후를 보내는 평범한 아버지의 삶을 살아오셨습니다. 가끔은 옛날 방식의 고집이 나오기도 하지만, 이웃들과의 화합을 위해 먼저 웃으며 인사하는 넉넉한 심성을 가지고 계십니다.","단지 내 화단의 계절별 꽃 심기와 전지 작업을 능숙하게 처리하며, 입주민들 사이의 사소한 층간소음 갈등을 부드러운 말투로 중재해 분위기를 가라앉히는 데 능하십니다. 관리사무소의 행정 절차를 꿰고 있어 새로 온 경비원들에게 실질적인 업무 요령을 조목조목 알려주곤 하십니다.","['화단 전지 및 조경 관리', '입주민 민원 중재 및 응대', '아파트 단지 내 순찰 및 시설 안전 점검', '기본 공구 사용 및 간단한 시설 보수']","퇴근 후 거실 소파에 기대어 유튜브로 임영웅의 노래 영상이나 정치 시사 채널을 보며 시간을 보내시고, 주말에는 가족들과 치악산 둘레길을 천천히 걸으며 계절의 변화를 살피십니다. 가끔 동네 친구분들과 횡성한우 거리 근처 식당에서 소주 한 잔을 곁들이며 옛이야기를 나누는 시간을 가장 기다리십니다.","['유튜브 트로트 영상 시청', '치악산 둘레길 산책', '동네 친구들과의 반주 곁들인 담소', '낮잠을 통한 기력 회복']","큰 욕심 없이 지금처럼 건강하게 근무하며 매달 들어오는 월급으로 손주들에게 용돈을 쥐여주고, 단지 내에서 '믿을 만한 어르신'으로 남고 싶어 하십니다. 다만 갑작스러운 업무 변경이나 까다로운 민원인을 상대할 때면 남몰래 가슴이 두근거릴 정도로 스트레스를 받으시기도 합니다.",남자,69,배우자있음,비현역,배우자·자녀와 거주,아파트,고등학교,해당없음,건물 경비원,강원-횡성군,강원,대한민국
fa508e4c9d0a415d8b325e1cb9f09cd6,"최연옥 씨는 서초구에서 치과를 운영하며 환자의 차트 속 작은 오차도 용납하지 않는 완벽주의적 진료를 고집하며, 스태프들의 업무 동선까지 초 단위로 설계하는 꼼꼼함 때문에 간혹 직원들 사이에서 까다롭다는 평을 듣습니다.","최연옥 씨는 주말마다 단골 골프장에서 정해진 루틴대로 스윙 연습을 하며 잡념을 지우고, 가을이면 남편과 함께 북한산의 정해진 등산 코스를 완주하며 체력을 관리합니다.","최연옥 씨는 퇴근 후 거실 소파에 기대어 넷플릭스의 범죄 심리 다큐멘터리를 시청하며 지적 호기심을 채우고, 가끔은 청담동의 단골 피부관리실에서 정교한 케어를 받으며 전문가의 손길이 주는 안정을 누립니다.","최연옥 씨는 가족들과 함께 양평의 세미원이나 가평의 아침고요수목원을 방문해 정갈하게 가꿔진 자연 풍경을 바라보며, 복잡한 도심에서 벗어나 정서적 환기를 하는 시간을 소중히 여깁니다.","최연옥 씨는 주 5회 이상 배달 앱으로 주문하는 정갈한 카이센동이나 초밥으로 저녁을 해결하며, 외식을 할 때는 고기가 들어가지 않은 나물 정식이나 청국장 같은 한식당을 찾아 건강한 맛을 챙깁니다.","최연옥 씨는 배우자와 서초동 아파트에서 조용히 일상을 공유하며 서로의 독립적인 영역을 존중하지만, 집안의 작은 가구 배치 하나까지 자신의 계획대로 이루어져야 마음이 놓이는 통제 성향이 있습니다.","최연옥 씨는 전문직으로서의 품위와 철저한 자기관리를 유지하면서도, 마음 한구석에는 작은 변화에도 쉽게 흔들리는 섬세한 불안을 안고 살아가는 50대 여성입니다.","서초동 아파트 단지 내에서 조용히 일상을 가꾸며, 대학원 시절부터 몸에 밴 학구적인 습관과 전문직으로서의 사회적 체면을 동시에 중요하게 생각합니다. 고혈압 약을 챙겨 먹으며 건강에 예민해진 탓에 식단과 생활 리듬을 철저히 관리하려 애쓰는 서울의 전문직 중년 여성입니다.","정교한 치과 진료는 물론, 환자의 차트 하나하나를 꼼꼼하게 분석하여 오차 없는 치료 계획을 세우는 데 능숙합니다. 함께 일하는 스태프들의 업무 동선과 예약 시스템을 세밀하게 조정하여 진료실의 효율성을 극대화하는 운영 능력을 갖추고 있습니다.","['임플란트 및 보철 치료', '환자 맞춤형 치료 계획 수립', '치과 운영 및 인력 효율화', '보건 복지 행정 지식']","주말이면 남편과 함께 가평이나 양평의 한적한 숲길을 찾아 걷거나, 단골 골프장에서 정해진 루틴대로 스윙 연습을 하며 잡념을 비워냅니다. 평일 저녁에는 배달 앱으로 주문한 정갈한 일식 덮밥을 먹으며 넷플릭스 다큐멘터리를 시청하는 시간으로 업무 스트레스를 해소합니다.","['양평 숲길 트레킹', '정기적인 골프 라운딩', '일식 오마카세 탐방', '고기 없는 정갈한 한정식 맛집 찾기', '피부 관리 및 에스테틱']",현재 운영 중인 치과가 지역 사회에서 가장 신뢰받는 곳으로 자리 잡도록 진료의 질을 일정하게 유지하는 데 집중하고 있습니다. 무리한 확장보다는 환자 한 명에게 쏟는 시간을 늘려 진료 만족도를 높이는 내실 있는 운영을 지향합니다.,여자,50,배우자있음,비현역,배우자와 거주,아파트,대학원,보건·복지,치과 일반 의사,서울-서초구,서울,대한민국
1acb5bccdbc74fc6bae774d1d2efbae8,"김정하 씨는 보건복지 전공 학위를 가지고 있지만 현재는 집안일에 전념하고 있으며, 틈틈이 천안시 동남구청의 복지 공고를 살피며 부담 없는 시간제의 사회복지사 자리를 알아봅니다. 거창한 경력 쌓기보다는 동네 어르신들의 말동무가 되어주며 소소하게 전공 지식을 나누는 삶을 희망합니다.",김정하 씨는 주말이면 남편과 함께 태조산 산책로를 천천히 걷거나 숲의 공기를 마시며 머리를 식히는 시간을 가집니다. 땀 흘리는 격렬한 운동보다는 가벼운 트레킹과 드라이브를 통해 몸의 긴장을 푸는 방식을 즐깁니다.,김정하 씨는 유튜브에서 본 북유럽풍 인테리어 영상을 따라 하며 거실의 작은 소품들을 조금씩 바꾸는 재미에 빠져 있습니다. 가끔 인테리어 잡지를 훑어보며 최신 유행하는 색감이나 가구 배치를 눈여겨보고 이를 집안 곳곳에 서툴게나마 적용해 봅니다.,김정하 씨는 가족들과 함께 충남 외곽의 고요한 수목원이나 이름 없는 숲길을 찾아가 풍경을 감상하며 조용히 시간을 보냅니다. 빡빡한 여행 일정표 대신 발길 닿는 대로 드라이브를 즐기며 자연이 주는 평온함을 만끽합니다.,"김정하 씨는 일주일에 대여섯 번은 집 밖에서 식사를 해결하며, 특히 정갈하게 나오는 초밥이나 사시미를 파는 동네 일식집에서 하이볼 한 잔을 곁들이는 시간을 가장 아낍니다. 나물 반찬이 풍성한 한정식집을 찾아가 건강한 식단을 챙기면서도, 정작 배달 음식은 한 달에 한 번 시켜 먹을 정도로 외식의 즐거움에 진심입니다.",김정하 씨는 가족들이 갈등을 겪을 때 감정에 휘둘리지 않고 현실적인 해결책을 묻는 중재자 역할을 수행합니다. 배우자와 자녀를 세심하게 챙기면서도 각자의 사생활과 영역을 존중해 주는 적절한 거리두기를 실천하며 화목한 가정 분위기를 유지합니다.,김정하 씨는 천안 동남구에서 가족의 건강과 화목을 챙기며 자연 속의 휴식과 정갈한 외식을 즐기는 실속 있는 49세 주부입니다.,"천안 동남구의 조용한 아파트 단지에서 생활하며, 보건복지 전공 지식을 활용해 가족들의 건강 관리를 실속 있게 챙깁니다. 타인에게 친절하지만 적절한 선을 지킬 줄 알며, 복잡한 생각보다는 지금 당장 가족과 함께 누릴 수 있는 소소한 행복을 찾는 삶의 태도를 가지고 있습니다.",전공을 살려 가족 구성원들의 생애 주기별 건강 상태를 체크하고 필요한 복지 서비스를 빠르게 찾아내는 능력이 탁월합니다. 갈등 상황에서도 감정에 휩쓸리지 않고 현실적인 해결책을 제시하여 집안의 중심을 잡는 역할을 합니다.,"['가족 맞춤형 건강 관리 계획 수립', '지역사회 복지 서비스 정보 수집', '가계 지출의 효율적 배분 및 관리', '차분한 대화법을 통한 갈등 중재']","주말이면 남편과 함께 천안 외곽의 숲길을 드라이브하며 삼림욕을 즐기고, 유튜브로 배운 최신 인테리어 팁을 집안 곳곳에 조금씩 적용해 봅니다. 동네에서 소문난 일식집을 찾아가 정갈한 초밥과 함께 가벼운 반주를 곁들이는 시간을 소중히 여깁니다.","['천안 근교 숲길 드라이브 및 산책', '유튜브 인테리어 및 정리 팁 시청', '동네 숨은 일식 맛집 탐방', '가족과 함께하는 제철 한식 외식']",거창한 성공보다는 지역 사회복지관에서 파트타임으로 일하며 전공 지식을 가볍게 활용해 사회적 연결감을 유지하고 싶어 합니다. 무리한 목표보다는 일과 휴식의 균형을 맞춘 소박한 활동을 지향합니다.,여자,49,배우자있음,비현역,배우자·자녀와 거주,아파트,4년제 대학교,보건·복지,무직,충청남-천안시 동남구,충청남,대한민국
c7a8d4485a7f47bb8c64c441de69e11c,"김정우 씨는 공학 전공자의 정밀함을 살려 집안의 삐걱거리는 문틀이나 고장 난 전등을 뚝딱 수리하며, 최근에는 동네 주민들의 소소한 집수리를 도와주는 소일거리를 통해 자신의 기술적 쓸모를 확인하며 하루를 보냅니다.","김정우 씨는 주말이면 거실 소파 깊숙이 몸을 파묻고 LG 트윈스의 경기를 시청하며, 결정적인 홈런 순간에 자신도 모르게 크게 소리를 질러 잠든 노모를 깨우곤 합니다.","김정우 씨는 적막한 오후에 김광석의 노래를 틀어놓고 옛 추억에 잠기거나, 유튜브를 통해 정교하게 설계된 해외 건축물 영상을 찾아보며 공학적 호기심을 달랩니다.","김정우 씨는 매년 가족들을 데리고 강원도 인제의 자작나무 숲이나 담양의 메타세쿼이아 길을 찾아가, 울창한 나무들 사이에서 가족들의 단체 사진을 정성스럽게 찍어주는 시간을 소중히 여깁니다.","김정우 씨는 일주일에 대여섯 번이나 외식을 하며 주로 마포구의 오래된 돼지갈비 집이나 깔끔한 초밥 전문점을 방문하고, 식사 후에는 반드시 단골 카페에서 진한 믹스커피 한 잔으로 마무리합니다.","김정우 씨는 용산구의 낡은 연립주택에서 노모와 아내, 자녀들과 함께 북적이며 살아가며, 무뚝뚝한 말투 속에 가족들의 필요를 세심히 살피는 다정한 면모를 숨긴 집안의 실질적인 해결사 역할을 합니다.","김정우 씨는 공학적 재능을 가진 용산구의 가장으로, 비만과 혈당 관리라는 숙제를 안은 채 가족에 대한 책임감과 소소한 일상의 낙 사이에서 균형을 잡으며 살아가는 50대 남성입니다.","용산구의 오래된 연립주택 골목에서 노모를 모시고 자녀들을 키우며, 공학도로서 배운 효율성과 가장으로서의 책임감 사이에서 균형을 잡으며 살아왔습니다.","집안의 고장 난 전등이나 삐걱거리는 문틀을 공학적 원리로 빠르게 수선하며, 가족 외식 때 가성비와 맛을 모두 잡는 식당을 정확히 찾아냅니다.","['가정 내 소규모 설비 수리', '실용적 예산 집행 및 비용 분석', '효율적인 이동 동선 설계', '기술 도면 및 설명서 해석']","주말마다 단골 삼겹살집에서 옛 동료들과 소주잔을 기울이고, 거실 소파에 깊숙이 기대어 프로야구 중계를 보며 하루의 피로를 풉니다.","['KBO 리그 경기 시청', '가족과 함께하는 남산 둘레길 산책', '동네 일식집의 제철 메뉴 탐방', '유튜브를 통한 최신 가전제품 리뷰 시청']","거창한 재취업보다는 지역 사회에서 소소하게 기술적 도움을 줄 수 있는 소일거리를 찾으며, 가족들에게 정서적 지주가 되는 안정적인 일상을 유지하려 합니다.",남자,54,배우자있음,비현역,배우자·자녀·어머니와 거주,연립주택,4년제 대학교,공학·제조·건설,무직,서울-용산구,서울,대한민국
2ad15b3aef6448da9d1616079f6de58a,"유현 씨는 익산의 교육기관에서 공문서 한 장, 예산 단돈 일 원까지 오차 없이 정리하며 후배들의 절대적인 신뢰를 받는 행정의 달인입니다. 방문객의 표정과 말투 하나하나를 살피며 유연하게 대처하지만, 정해진 업무 원칙에서 벗어나는 일에는 단호하게 선을 긋는 깐깐함이 있습니다.",유현 씨는 주말마다 마당의 수국과 작약의 흙을 고르고 가지를 치는 정원 가꾸기에 땀을 흘리며 계절의 변화를 체감합니다. 가족들의 손을 잡고 만경강의 물결을 따라 걷는 산책 시간을 통해 신체적 활력과 마음의 여유를 동시에 찾습니다.,유현 씨는 화려한 전시회보다 마당에 직접 심은 꽃들이 피어나는 자연의 색채에서 가장 큰 예술적 만족감을 느낍니다. 시내 빵집의 쇼윈도에 진열된 바게트와 소금빵의 정갈한 모양새를 감상하며 일상의 소소한 미적 즐거움을 누립니다.,유현 씨는 가족들과 함께 전국 곳곳의 숲길이나 바닷가 풍경을 찾아다니며 탁 트인 자연경관을 눈에 담는 여행을 즐깁니다. 여행지에서도 꼼꼼하게 동선을 짜는 성격 덕분에 가족들은 유현 씨가 준비한 계획표대로 편안하게 움직입니다.,유현 씨는 일주일에 한 번 가족들과 함께 정갈한 나물 반찬과 찌개가 나오는 한식당을 찾아 건강한 한 끼를 나눕니다. 갓 구워져 나온 고소한 소금빵과 바삭한 바게트를 사기 위해 익산 시내의 유명 빵집을 주기적으로 방문하는 것이 큰 낙입니다.,"유현 씨는 자가 단독주택의 넓은 마당에서 아이들과 배우자가 함께 어울릴 수 있는 환경을 만들고, 그 안에서 화목한 가정의 중심축 역할을 합니다. 가끔은 가족들에게 자신의 높은 기준을 강요해 잔소리가 많아지기도 하지만, 그 바탕에는 깊은 애정과 책임감이 깔려 있습니다.","유현 씨는 익산에서 성실하게 직장 생활과 가정을 꾸려가며, 꼼꼼한 행정 능력과 따뜻한 이웃 사랑을 실천하는 50대 여성입니다.","익산시의 한적한 주택가에서 마당을 가꾸며 살고 있으며, 지역 성당 모임의 총무를 맡아 이웃들과 끈끈하게 지냅니다. 전문대학 졸업 후 곧바로 사회생활을 시작해 실질적인 생활 지혜와 예절을 중요하게 생각하는 환경에서 성장했습니다.","교육기관의 복잡한 일정과 행정 지원을 빈틈없이 처리하며, 내빈 응대 시 상대방의 성향에 맞춘 유연한 소통으로 갈등을 사전에 방지합니다. 특히 꼼꼼한 성격으로 다량의 공문서와 예산 집행 내역을 한 치의 오차 없이 정리하는 능력이 탁월합니다.","['교육 행정 문서 최적화', '기관 내빈 의전 및 응대', '복합 일정 조율 및 관리', '효율적인 비품 및 자산 관리']","주말이면 마당의 수국과 작약을 정성껏 가꾸고, 가족들과 함께 만경강변을 천천히 산책하며 계절의 변화를 살핍니다. 가끔은 시내의 유명한 빵집에서 갓 구운 소금빵과 바게트를 사와 가족들과 함께 나누어 먹으며 소소한 행복을 느낍니다.","['마당 정원 가꾸기', '만경강변 산책', '성당 공동체 봉사 활동', '지역 빵집 투어', '가족과 함께하는 자연 경관 감상']",현재 맡은 직무에서 완벽한 숙련도를 유지하며 후배 직원들에게 믿음직한 본보기가 되는 행정 전문가로 남고자 합니다. 정년까지 조직의 중심을 잡아주는 든든한 조력자로서 안정적인 업무 환경을 구축하는 것에 가치를 둡니다.,여자,54,배우자있음,비현역,배우자·자녀와 거주,단독주택,2~3년제 전문대학,해당없음,일반 비서,전북-익산시,전북,대한민국
255967dfc71d4f5f8e90dd87c2c37e23,"박동식 씨는 경기권 물류센터의 좁은 진입로와 까다로운 하역장 구조를 손바닥 보듯 꿰고 있으며, 화물을 한 치의 오차 없이 결속해 운송하는 데 자부심을 느끼는 베테랑 운전원입니다. 무리하게 사업을 확장하기보다 운행 피로를 줄여줄 최신 보조 제동 장치가 달린 새 트럭을 구매해 안전하게 운행하는 현실적인 목표를 쫓습니다.","박동식 씨는 주말이면 유튜브로 UFC 경기 분석 영상을 탐독하며 파이터들의 기술적 세밀함을 분석하는 것에 몰입하고, 가끔은 경기장 현장의 열기를 직접 느끼기 위해 원정을 떠나기도 합니다. 격투기 경기의 짜릿한 타격감에서 일주일간 쌓인 운전 스트레스를 해소하며, 자신이 응원하는 선수의 승패에 따라 그날의 기분이 결정되곤 합니다.","박동식 씨는 화려한 전시회나 공연보다는 북한강의 계절 변화가 그대로 드러나는 풍경을 가만히 바라보며 마음을 정리하는 정적인 시간을 즐깁니다. 복잡한 예술 이론보다는 직관적으로 편안함을 주는 자연의 색채에 끌리며, 운전 중 라디오에서 흘러나오는 잔잔한 옛 노래를 흥얼거리는 것으로 문화적 욕구를 충족합니다.",박동식 씨는 멀리 떠나는 해외여행보다 아버지의 손을 잡고 전국의 조용한 숲길이나 탁 트인 바다를 찾아가는 가족 여행에서 진정한 휴식을 찾습니다. 유명 관광지의 인파에 휩쓸리기보다 이름 없는 한적한 시골길을 운전하며 창밖으로 펼쳐지는 산세와 들판을 감상하는 느릿한 여정을 즐깁니다.,"박동식 씨는 주말마다 아버지와 함께 동네 보리밥집에서 나물 가득한 한 상을 나누어 먹으며 소박한 식사를 즐기지만, 가끔은 혼자만의 시간에 도미노피자나 맘스터치 버거 같은 자극적인 메뉴로 입맛을 바꿉니다. 2주에 한 번 정도 배달 앱으로 음식을 시켜 먹으며 느긋하게 낮잠을 자는 것이 그가 누리는 최고의 사치입니다.","박동식 씨는 남양주 와부읍 근처에서 아버지와 함께 살며, 무뚝뚝한 듯 보여도 서로의 안부를 세심히 챙기는 끈끈한 부자 관계를 유지하고 있습니다. 결혼이라는 제도적 결합보다는 현재의 가족 공동체가 주는 정서적 안정감을 중요하게 여기며, 아버지의 건강을 챙기기 위해 주말 산책 코스를 직접 짜는 다정한 아들입니다.",박동식 씨는 성실한 노동의 가치를 믿으며 가족에 대한 책임감과 현실적인 감각으로 삶을 꾸려가는 남양주의 중형 화물차 운전원입니다.,"남양주 와부읍 근처에서 아버지와 함께 지내며, 일터와 가까운 곳에 실용적으로 꾸린 거처에서 소박한 일상을 보냅니다. 전문대 졸업 후 일찍이 현장에 뛰어들어 몸으로 배우는 정직한 노동의 가치를 믿으며, 아버지와의 유대감이 깊어 가족 중심적인 생활 태도를 가지고 있습니다.","경기권 물류 센터의 복잡한 진입로와 하역장 특성을 꿰고 있으며, 중형 화물차의 적재 효율을 극대화하면서도 안전하게 화물을 결속하는 숙련된 기술을 보유하고 있습니다.","['경기 지역 물류 최적 경로 파악', '화물 적재 및 결속 기술', '차량 기본 정비 및 소모품 관리', '운송장 및 물류 전산 처리']","유튜브로 UFC 경기 분석 영상을 챙겨보며 스트레스를 풀고, 주말이면 아버지와 함께 북한강 변 산책길을 천천히 걷거나 동네 보리밥집에서 식사하는 시간을 소중히 여깁니다.","['UFC 경기 시청', '북한강 변 산책', '맘스터치 싸이버거 먹기', '보리밥 정식 맛집 탐방']","무리한 사업 확장보다는 현재의 안정적인 소득을 유지하며, 장거리 운전의 피로도를 낮춰줄 최신 보조 제동 장치가 탑재된 최신형 차량으로 교체하는 것을 목표로 합니다.",남자,32,미혼,비현역,아버지와 동거,주택 이외의 거처,2~3년제 전문대학,해당없음,중형 화물차 운전원,경기-남양주시,경기,대한민국
f93d85bca5264918ba3350e712ad8884,"조승용 씨는 시흥의 자동차 부품 연구소에서 전자제어 장치의 회로 설계와 신뢰성 테스트를 책임지며, 설계 도면의 작은 오차 하나가 도로 위 사고로 이어질 수 있다는 강박에 가까운 책임감으로 매일 밤 회로도를 검토합니다. 대학원에서 배운 이론을 실무에 적용해 오작동률 0%를 달성했을 때 가장 큰 성취감을 느끼지만, 가끔 지나치게 꼼꼼한 성격 탓에 후배 연구원들의 보고서를 서너 번씩 다시 읽게 만드는 고집스러운 면이 있습니다.","조승용 씨는 정해진 순서대로 기구를 사용하는 헬스장 루틴을 철저히 지키며 신체적 균형을 유지하고, 주말이면 등산 동호회 사람들과 함께 인제 원대리 자작나무 숲의 정막한 공기를 마시며 천천히 걷는 시간을 즐깁니다. 운동 중에는 잡념을 없애기 위해 김창완의 라디오 방송을 들으며 보폭과 호흡을 맞추는 정적인 활동에서 심리적 안정을 찾습니다.","조승용 씨는 가끔 아내와 함께 대학로의 소극장 공연을 관람하며 일상의 단조로움을 덜어내고, 퇴근길 차 안에서는 기술 트렌드를 다룬 팟캐스트나 과학 다큐멘터리 영상을 시청하며 지적 갈증을 해소합니다. 화려한 예술 작품보다는 인간의 본성을 날것 그대로 보여주는 연극 대사에 깊이 공감하며, 공연이 끝난 후 조용히 여운을 곱씹는 시간을 소중히 여깁니다.","조승용 씨는 고등학교 동창들과 함께 강원도 평창의 오대산 전나무 숲길을 찾아 짙은 녹음과 맑은 계곡물을 감상하며 복잡한 도심의 소음을 잊어버리는 여행을 선호합니다. 유명 관광지의 북적임보다는 이름 모를 산골 마을의 한적한 풍경을 사진으로 남기는 것을 좋아하며, 여행지에서 계획했던 일정이 조금이라도 어긋나면 은근히 신경을 쓰는 세심한 성격입니다.","조승용 씨는 평소 외식을 할 때면 청국장이나 보리밥 같은 소박한 한식을 즐겨 찾으며, 가끔 기분 전환이 필요할 때는 아내와 함께 동네의 수제 버거 집에서 두툼한 패티가 들어간 버거와 감자튀김을 주문합니다. 일주일에 한 번 정도는 집에서 편하게 배달 앱으로 페퍼로니 피자를 시켜 먹으며 텔레비전 앞에서 휴식을 취하는 소소한 일탈을 즐깁니다.","조승용 씨는 시흥의 아파트 거실에서 아내와 함께 찻잔을 나누며 하루의 일과를 공유하는 평온한 시간을 가장 아끼며, 집안의 가전제품이나 가구가 제자리에 놓여 있어야 마음이 편안해지는 정돈된 삶을 추구합니다. 무뚝뚝한 성격 탓에 애정 표현은 서툴지만, 아내가 좋아하는 꽃이나 간식을 퇴근길에 말없이 사 들고 오는 식으로 마음을 전하는 전형적인 한국의 중년 남성입니다.","조승용 씨는 시흥에서 자가 아파트에 거주하며 자동차 전자제어 분야의 정밀함을 추구하는 연구원이자, 고혈압 관리를 위해 성실하게 운동하며 자연 속의 휴식을 즐기는 현실적인 중년 남성입니다.","시흥의 계획도시 분위기 속에서 자가 아파트를 가꾸며 안정적인 삶을 영위하고 있으며, 대학원 시절 다진 이론적 토대를 현장의 실용적인 해결책으로 바꾸는 과정에서 성취감을 느끼는 세대입니다.","자동차 전자제어 장치의 회로 설계부터 신뢰성 테스트까지 전 과정을 책임지며, 특히 예상치 못한 변수에서도 오작동 없는 견고한 시스템을 구축하는 데 능숙합니다.","['차량용 ECU 회로 설계', '전장 부품 신뢰성 검증', '임베디드 시스템 최적화', '기술 문서 표준화']","고혈압 관리를 위해 매일 아침 아파트 단지 내 헬스장에서 정해진 루틴대로 기구를 사용하고, 주말에는 동호회 사람들과 함께 강원도 산간 지역의 한적한 숲길을 걷습니다.","['아파트 단지 내 웨이트 트레이닝', '경제 및 시사 팟캐스트 청취', '동호회 기반의 자연 풍경 출사', '대학로 소극장 연극 관람']",화려한 직함보다는 자신이 설계한 부품이 탑재된 차량이 도로 위에서 아무런 문제 없이 굴러가는 무결점의 상태를 유지하는 것에 더 큰 가치를 둡니다.,남자,53,배우자있음,비현역,배우자와 거주,아파트,대학원,정보통신기술,전자제품 개발 기술자 및 연구원,경기-시흥시,경기,대한민국
027f53a13546475798040b00f84626f8,"김영걸 씨는 고압 배관의 미세한 틈을 정밀하게 메우는 티그 용접 분야의 베테랑으로, 복잡한 도면을 빠르게 해석해 현장의 돌발 변수를 즉각 해결하는 실무 감각이 탁월합니다. 이제는 직접 토치를 잡는 육체적 노동보다는 공사 전체의 흐름을 관리하는 감독관이 되어 후배들에게 자신의 노하우를 전수하며 안정적으로 공기를 준수하는 일에 집중하고 싶어 합니다.","김영걸 씨는 평일 저녁이면 단골 당구장에서 3쿠션의 정교한 각도를 맞추며 스트레스를 풀고, 가끔은 배드민턴 라켓을 휘두르거나 줄넘기를 하며 땀을 흘리는 활동적인 시간을 보냅니다.","김영걸 씨는 주말이면 청도나 밀양의 한적한 숲길을 걸으며 자연의 풍경을 카메라 렌즈에 담는 정적인 취미를 가졌으며, 퇴근 후에는 거실 소파에 누워 동영상을 시청하며 하루의 피로를 잊습니다.",김영걸 씨는 직장 동료들과 함께 밀양이나 청도의 오지를 찾아다니며 탁 트인 자연 풍경을 감상하고 사진을 찍는 소박한 여행을 즐깁니다.,"김영걸 씨는 일주일에 대여섯 번은 밖에서 식사를 해결하며 주로 짬뽕 같은 중식이나 고기가 들어가지 않은 한식 메뉴를 찾고, 퇴근길에는 물금읍 시장에서 갓 튀긴 꽈배기를 사 먹는 소소한 버릇이 있습니다.","김영걸 씨는 이혼 후 양산의 아파트에서 홀로 지내며 고요한 정적에 익숙해졌지만, 가끔 가족들을 방문해 북적이는 사람 냄새와 온기를 느끼며 마음 한구석의 외로움을 달랩니다.","김영걸 씨는 양산에서 활동하는 노련한 전기 용접공으로, 고소득과 자가를 보유했으나 건강 관리에는 소홀하며 당구와 풍경 사진으로 고독을 달래는 50대 독신 남성입니다.","양산시 물금읍의 아파트에서 혼자 지내며, 퇴근길에 동네 시장에서 갓 튀긴 꽈배기를 사 먹는 소소한 일상을 보냅니다. 이혼 후 찾아온 정적에 익숙해졌지만, 가끔은 북적이는 사람 냄새가 그리워 집 근처 공원 벤치에 앉아 지나가는 사람들을 구경하곤 합니다.",복잡한 도면을 빠르게 해석해 고압 배관의 틈새를 정밀하게 메우는 티그 용접 기술이 탁월합니다. 현장에서 발생하는 돌발 변수에 즉각적으로 대응해 용접 부위의 결함을 줄이는 실무 감각이 뛰어납니다.,"['고압 배관 티그 용접', '용접 도면 해석 및 설계 검토', '현장 안전 관리 및 공정 조율', '금속 재료 특성 분석']","주말이면 직장 동료들과 함께 청도나 밀양의 한적한 숲길을 찾아다니며 풍경 사진을 찍고, 평일 저녁에는 단골 당구장에서 3쿠션 경기를 하며 시간을 보냅니다. 가끔은 동네 사우나에서 뜨거운 물에 몸을 담근 채 멍하게 시간을 보내며 복잡한 생각들을 비워냅니다.","['3쿠션 당구', '청도 및 밀양 자연 풍경 출사', '동네 대중사우나 이용', '유튜브 낚시 영상 시청', '소액 스포츠 토토']","이제는 직접 토치를 잡는 일보다 현장 전체의 흐름을 읽는 공사 감독관으로 자리를 옮겨 후배들에게 실전 노하우를 전수하고 싶어 합니다. 몸이 예전 같지 않음을 느끼며, 무리한 작업보다는 안정적인 공기 준수와 품질 관리에 집중하는 노련한 기술자로 남고자 합니다.",남자,50,이혼,비현역,혼자 거주,아파트,2~3년제 전문대학,해당없음,전기 용접원,경상남-양산시,경상남,대한민국
d854f0207c354b82a5eef20e249cd061,"김재성 씨는 프리미어 프로와 캡컷을 능숙하게 다뤄 핵심만 담은 숏폼 영상을 제작하며, 개인 시간이 보장되는 안정적인 미디어 기업에 입사하기 위해 포트폴리오를 정리하고 있습니다.",김재성 씨는 주말마다 젠지나 티원 같은 LCK 팀들의 경기를 시청하며 선수들의 전략적인 플레이와 밴픽 과정을 분석하는 것에 깊이 몰입합니다.,"김재성 씨는 동네 코인 노래방에서 최신 유행하는 노래를 부르며 스트레스를 해소하고, SNS에서 유행하는 영상 문법을 빠르게 파악해 자신의 작업물에 적용합니다.","김재성 씨는 친구들과 함께 전국의 유명한 식당을 찾아다니는 음식 관광을 즐기며, 엑셀이나 메모 앱을 활용해 낭비 없는 최적의 이동 경로를 설계합니다.","김재성 씨는 송파구 일대의 돈카츠와 라멘 맛집 리스트를 꿰고 있으며, 일주일에 한 번 배달 음식을 시킬 때 실패하지 않기 위해 최신 리뷰를 집요하게 분석합니다.","김재성 씨는 송파구의 전세 아파트에서 부모님과 함께 거주하며, 취업 준비로 인한 예민함이 있을 때도 있지만 특유의 유연함으로 부모님과 무던하게 지냅니다.","김재성 씨는 실용적인 영상 편집 기술을 가진 송파구 거주 취준생으로, LCK 시청과 맛집 탐방을 즐기지만 건강 관리가 시급한 20대 청년입니다.","송파구에서 나고 자라며 석촌호수 산책로의 계절 변화를 지켜보며 성장했습니다. 사회과학과 언론학을 전공하며 세상이 돌아가는 원리에 관심이 많지만, 거창한 이론보다는 당장 내 삶에 적용할 수 있는 실용적인 정보와 효율적인 소통 방식을 더 신뢰하는 편입니다.","전공 지식을 바탕으로 숏폼 영상의 흐름을 빠르게 파악하고, 캡컷이나 프리미어 프로를 활용해 핵심만 담긴 군더더기 없는 영상을 만들어냅니다. 복잡한 정보를 빠르게 요약하는 능력이 있어 친구들 사이에서 맛집 리스트나 효율적인 여행 경로를 짜는 역할을 주로 맡습니다.","['숏폼 영상 편집', '텍스트 요약 및 구조화', '효율적인 일정 설계', '미디어 트렌드 분석']","주말이면 LCK 경기를 챙겨보며 전략적인 플레이에 몰입하고, 가끔은 친구들과 코인 노래방에서 최신 유행하는 노래를 부르며 스트레스를 풉니다. 특히 일식 돈카츠나 라멘 맛집을 찾아다니는 것을 즐기며, 배달 앱의 리뷰를 꼼꼼히 분석해 실패 없는 메뉴를 고르는 과정에서 만족감을 느낍니다.","['LCK 및 e스포츠 관람', '일식 맛집 탐방', '캡컷 활용 영상 제작', '석촌호수 야간 산책']","막연한 성공보다는 내 능력을 인정받으면서도 개인 시간이 보장되는 안정적인 미디어 관련 직무에 취업하는 것이 현실적인 목표입니다. 현재는 취업 준비 과정에서 오는 조급함을 느끼면서도, 자격증 취득과 포트폴리오 정리라는 구체적인 단계들을 하나씩 밟아나가고 있습니다.",남자,22,미혼,비현역,부모와 동거,아파트,4년제 대학교,사회과학·언론,무직,서울-송파구,서울,대한민국
83469d367e0341e2818b5a13b9293098,"이운섭 씨는 행정학 전공자답게 집안의 각종 고지서와 복잡한 보험 약관을 꼼꼼히 분석해 가족들에게 핵심만 요약해 전달하며, 퇴직 후에도 여전히 공문서처럼 정갈하게 메모하고 기록하는 습관을 유지하고 있습니다.","이운섭 씨는 주말마다 대산항의 짠내 나는 바람을 맞으며 낚싯대를 드리우고 물멍에 빠져드는 시간을 가장 아끼며, 건강 관리를 위해 매일 정해진 시간에 운동화를 신고 동네 길을 걷습니다.","이운섭 씨는 거실 소파에 깊숙이 파묻혀 유튜브로 최신 트로트 무대 영상을 돌려보며 소소한 재미를 느끼고, 시사 프로그램을 통해 세상 돌아가는 이치를 분석하며 시간을 보냅니다.","이운섭 씨는 가족 여행을 떠날 때 숙소 예약 내역과 분 단위 이동 경로가 적힌 세밀한 일정표를 직접 작성해 배포하며, 인위적인 관광지보다는 탁 트인 자연 풍경을 감상하는 여정을 설계합니다.","이운섭 씨는 아내와 동네 분식집에서 매콤한 떡볶이와 김밥을 나눠 먹는 소박한 식사를 즐기며, 가족 모임이 있는 날에는 두툼한 돼지갈비를 구워 먹는 한식당을 주로 찾습니다.","이운섭 씨는 연로하신 부모님과 성인 자녀 사이에서 갈등을 중재하는 집안의 가교 역할을 수행하며, 엄격한 규율과 책임감을 강조하면서도 손주들에게는 너그러운 할아버지가 되고 싶어 합니다.","이운섭 씨는 서산에 거주하며 대가족을 이끄는 중심축이자, 행정 전문가 출신의 꼼꼼함으로 일상을 관리하며 건강 회복을 위해 노력하는 60대 가장입니다.","서산시의 아파트 단지에서 부모님과 성인 자녀를 함께 모시고 살며 집안의 질서를 유지하는 가교 역할을 하고 있습니다. 대학에서 행정학을 전공하고 오랜 시간 조직 생활을 하며 몸에 밴 규율과 책임감을 중요하게 여기지만, 최근에는 유튜브로 최신 트로트 무대 영상을 찾아보며 소소한 재미를 느낍니다.",복잡한 공문서나 약관을 빠르게 읽고 핵심 내용을 요약해 가족들에게 설명해 주는 능력이 뛰어납니다. 꼼꼼한 성격 덕분에 여행을 갈 때면 숙소 예약부터 이동 경로까지 세밀한 일정표를 짜서 구성원들이 편하게 움직이도록 만듭니다.,"['행정 서류 분석 및 정리', '세부 여행 일정 기획', '지역 커뮤니티 갈등 중재', '효율적인 가계 자산 관리']","주말이면 가족들을 데리고 대산항 근처로 나가 낚싯대를 드리운 채 물멍을 하며 시간을 보내고, 2주에 한 번쯤은 아내와 함께 동네 분식집에서 떡볶이와 김밥을 나눠 먹습니다. 거실 소파에 누워 TV 뉴스나 시사 프로그램을 챙겨보며 세상 돌아가는 이야기를 분석하는 시간이 가장 편안합니다.","['대산항 바다낚시', '서산천 저녁 산책', '시사 및 뉴스 프로그램 시청', '가족 동반 자연 경관 여행', '동네 분식집 탐방']","이제는 사회적 성취보다는 고혈압 관리와 복부 비만 탈출이라는 건강 목표에 집중하며, 매일 서산천 산책로를 빠짐없이 걷는 성실함을 보이고자 합니다. 손주들이 커서도 기억할 수 있는 삶의 지혜가 담긴 짧은 기록들을 남겨보고 싶어 합니다.",남자,64,배우자있음,비현역,배우자·자녀·부모와 거주,아파트,4년제 대학교,경영·행정·법,무직,충청남-서산시,충청남,대한민국
19b316256f7e47a883dbf3a294ced7ed,배승락 씨는 헐거워진 문고리를 교체하거나 물이 새는 수도꼭지를 직접 뜯어 고치며 단독주택의 모든 구석을 책임지는 실전 집수리 전문가로 살아갑니다. 복잡한 설계도나 설명서를 읽는 대신 손끝의 감각으로 구조를 파악해 문제를 해결하며 가족들이 머무는 공간의 쾌적함을 유지하는 일에 매진합니다.,배승락 씨는 매일 새벽 공기를 마시며 부산 영도의 봉래산 정상까지 가볍게 올랐다 내려오는 것으로 하루의 활력을 찾습니다. 하산 후에는 단골 목욕탕에서 이웃들과 두런두런 이야기를 나누며 땀을 빼는 일상을 반복합니다.,"배승락 씨는 거실에 나훈아의 노래를 크게 틀어놓고 가락에 몸을 맡긴 채 멍하니 시간을 보내는 정적인 휴식을 즐깁니다. TV 프로그램을 시청하며 세상 돌아가는 이야기에 귀를 기울이고, 가끔은 익숙한 트로트 가락을 흥얼거리며 무심하게 박자를 맞춥니다.",배승락 씨는 목적지 없이 버스를 타고 낯선 동네에 내려 간판도 제대로 없는 노포 식당의 숨은 맛을 찾아다니는 무작정 여행에서 소소한 성취감을 느낍니다. 가족들과 함께 영도 해녀촌에서 성게김밥을 먹으러 가는 길을 가장 설레어 하며 소박한 먹거리 여행을 즐깁니다.,"배승락 씨는 2주에 한 번꼴로 가족들과 함께 고기 없는 정갈한 한식당을 찾거나, 가끔은 시끌벅적한 동네 주점에서 안주 위주로 시간을 보냅니다. 배달 음식은 한 달에 한 번 있을까 말까 할 정도로 드물게 이용하며, 직접 발품 팔아 찾아낸 오래된 식당의 투박한 손맛을 신뢰합니다.",배승락 씨는 배우자와 미혼 형제들이 머무는 단독주택이 조금이라도 불편하지 않도록 집안 곳곳을 살피는 무뚝뚝하지만 다정한 가장입니다. 말로 애정을 표현하기보다 고장 난 전등을 갈아 끼우거나 필요한 물건을 슬며시 사다 놓는 행동으로 가족에 대한 마음을 전합니다.,"배승락 씨는 영도의 짠 내음과 투박한 손마디에 삶의 궤적이 담긴, 가족과 집을 지키는 현실적인 부산 사나이입니다.","배승락 님은 영도다리 인근의 가파른 골목과 짠 바다 내음이 배어 있는 동네에서 평생을 보냈습니다. 중학교 졸업 후 일찍이 생업 전선에 뛰어들어 거친 현장 일을 겪으며 형성된 특유의 투박함이 있으며, 말보다는 행동으로 실질적인 도움을 주는 것을 미덕으로 여기는 부산 사나이의 정서를 가지고 있습니다.","오랜 세월 단독주택에 거주하며 익힌 집수리 능력이 탁월해, 헐거워진 문고리를 교체하거나 물이 새는 수도꼭지를 직접 뜯어 고치는 일에 능숙합니다. 복잡한 설계도나 설명서를 읽기보다 직접 만져보고 구조를 파악해 해결하는 실무적인 감각이 몸에 배어 있습니다.","['수전 및 배관 간단 수리', '문틀 및 경첩 보수', '실내 전등 및 스위치 교체', '노후 주택 벽지 보수']","새벽 공기를 마시며 봉래산 정상까지 가볍게 올랐다가 내려와, 동네 목욕탕의 뜨거운 탕 속에서 이웃들과 두런두런 이야기를 나누며 하루를 시작합니다. 집에서는 나훈아의 노래를 크게 틀어놓고 멍하니 시간을 보내거나, 아내와 함께 영도 해녀촌에서 성게김밥을 먹는 시간을 가장 기다립니다.","['봉래산 새벽 등산', '동네 대중목욕탕 가기', '나훈아 노래 감상', '영도 해녀촌 식도락', 'TV 뉴스 시청']",경제적인 성취보다는 현재 살고 있는 집을 쾌적하게 유지하여 함께 사는 배우자와 미혼 형제들이 불편함 없이 지내게 하는 것에 집중합니다. 가끔은 계획 없이 무작정 버스를 타고 낯선 동네에 가서 이름 없는 노포 식당의 맛을 찾아내는 소소한 성취감을 즐깁니다.,남자,71,배우자있음,비현역,배우자·미혼 형제자매와 거주,단독주택,중학교,해당없음,무직,부산-영도구,부산,대한민국
3d0b790236f14340b2b00762583c5d46,"송순근 씨는 출판사에서 저작권 데이터 보안 체계를 구축하며 실질적인 해킹 방어 전략을 짜는 전문가입니다. 당장 현장에서 작동하는 솔루션을 구축하는 데 집중하며, 정시 퇴근 후의 삶을 지키기 위해 업무 시간 내에 효율적으로 일을 마무리합니다.",송순근 씨는 주말에 가족들과 함께 강원도 평창의 숲길을 천천히 걷는 정적인 활동으로 몸을 움직입니다. 체중 감량의 필요성을 느끼면서도 가벼운 산책 수준의 활동에 머무는 경우가 많습니다.,송순근 씨는 디지털 콘텐츠 보안 업무를 통해 다양한 출판물과 텍스트를 접하며 지적 충족감을 얻습니다. 정갈하게 정리된 도서관의 분위기나 잔잔한 풍경화 같은 편안한 예술적 자극을 즐깁니다.,송순근 씨는 남해의 조용한 바닷가나 평창의 울창한 숲처럼 시각적 소음이 적은 자연 경관을 찾아 가족과 함께 떠납니다. 한곳에 오래 머물며 풍경을 감상하며 업무로 소모된 정신적 에너지를 회복합니다.,송순근 씨는 일주일에 네 번 이상 외식을 하며 목동 인근의 유명 짬뽕집에서 얼큰한 국물을 즐기거나 나물 정식이 잘 나오는 한정식집을 방문합니다. 직접 식당을 찾아가 정갈하게 차려진 음식을 먹으며 하루의 긴장을 풉니다.,"송순근 씨는 목동 아파트 단지라는 울타리 안에서 배우자와 자녀들을 세심하게 챙기며 가정의 평화를 최우선으로 생각합니다. 밖에서는 단호하고 냉철한 전문가의 모습을 보이지만, 집 안에서는 가족들의 요구에 유연하게 반응합니다.","송순근 씨는 서울 양천구에 거주하며 출판 보안 분야의 실무 능력을 갖춘 40대 가장으로, 안정적인 고소득과 가정의 평온함을 유지하는 데 가치를 두는 현실주의자입니다.","양천구 목동의 아파트 단지에서 자녀를 키우며 효율과 실리를 중시하는 X세대의 전형적인 삶을 살아왔습니다. 겉으로는 무던하고 차분해 보이지만, 내면에는 작은 변화에도 쉽게 피로를 느끼는 예민함이 있어 집이라는 안식처와 가족의 울타리를 매우 중요하게 생각합니다.","출판사의 디지털 콘텐츠 보안 체계를 설계하고, 외부 해킹 공격으로부터 방대한 저작권 데이터를 보호하는 실무적인 방어 전략을 짭니다. 공학적 지식을 바탕으로 복잡한 이론보다는 당장 현장에 적용해 사고를 막을 수 있는 보안 솔루션을 구축하는 데 능숙합니다.","['클라우드 보안 아키텍처 설계', '개인정보 보호 영향평가 수행', '침입 탐지 및 방어 시스템 운영', '디지털 저작권 관리 기술 적용', '네트워크 취약점 정밀 분석']",주말이면 가족들과 함께 강원도 평창의 숲길을 걷거나 남해의 잔잔한 바다 풍경을 보며 업무로 소모된 마음을 회복합니다. 평소에는 집 근처 목동의 유명한 짬뽕집이나 정갈한 나물 정식을 내놓는 한정식집을 찾아다니며 식도락을 즐깁니다.,"['강원도 오지 숲길 트레킹', '목동 인근 중식 맛집 탐방', '제철 나물 한정식 투어', '가족 동반 국내 자연 경관 여행', '대형 쇼핑몰 최신 가전제품 구경']","현재의 높은 소득 수준을 안정적으로 유지하면서, 업무 스트레스를 관리해 정시 퇴근 후 가족과 보내는 시간을 확보하는 것에 집중합니다. 업계에서 대체 불가능한 실무 전문가로 인정받아 정년까지 큰 풍파 없이 자리를 지키는 것이 가장 현실적인 목표입니다.",남자,49,배우자있음,비현역,배우자·자녀와 거주,아파트,4년제 대학교,공학·제조·건설,정보 보안 전문가,서울-양천구,서울,대한민국
9cc243e5eb8f43fb95c3b0dc0c86ee26,"김남희 씨는 대전 유성구 연구단지 인근에서 네트워크 병목 현상을 잡아내는 정밀한 해결사로 통하며, 복잡한 이론보다는 당장 서버 속도를 높일 수 있는 실무 최적화에 집중합니다. 김남희 씨는 자신이 가진 현장 노하우를 꼼꼼한 매뉴얼로 엮어 후배들이 시행착오 없이 적응하게 돕는 대체 불가능한 기술 조언자가 되기를 꿈꿉니다.",김남희 씨는 격렬한 운동보다는 주말 오후 거실 소파에서 깊은 낮잠을 자거나 아무것도 하지 않고 멍하게 있는 시간을 통해 에너지를 충전합니다. 김남희 씨는 가끔 몸이 무겁다고 느껴질 때만 가벼운 운동화 끈을 묶고 집 근처 산책로를 천천히 걷습니다.,김남희 씨는 오늘의집 앱에서 발견한 북유럽풍 소품으로 거실 분위기를 바꾸거나 유튜브에서 본 최신 피부 관리 루틴을 따라 하며 자신만의 정적인 시간을 즐깁니다. 김남희 씨는 집안의 가구 배치 하나만 바뀌어도 기분이 전환되는 섬세한 미적 감각을 가지고 있습니다.,김남희 씨는 마음이 맞는 고등학교 친구들과 전북 진안의 마이산 인근 숲길을 찾아가 울창한 나무 사이를 걸으며 머릿속의 복잡한 데이터들을 비워냅니다. 김남희 씨는 화려한 관광지보다는 이끼 낀 바위와 바람 소리가 들리는 고요한 자연 풍경 속에서 진정한 휴식을 느낍니다.,김남희 씨는 2주에 한 번쯤 외식을 하며 자극적인 고기 요리보다는 정갈한 나물 정식이나 몽중헌 같은 중식당의 딤섬 요리를 즐깁니다. 김남희 씨는 배달 음식의 기름진 맛을 꺼려 몇 달에 한 번 정도만 가볍게 짜장면을 시켜 먹는 편입니다.,"김남희 씨는 대전 서구의 아파트에서 남편, 자녀와 함께 단란한 가정을 꾸리며 구성원 각자의 영역을 존중하는 조용한 분위기를 유지합니다. 김남희 씨는 가족들에게 세심한 배려를 쏟으면서도 자신의 공부방이나 휴식 시간만큼은 절대 침범받지 않기를 원하는 확고한 경계가 있습니다.","김남희 씨는 대전의 정보통신기술 연구 전문가로서 치밀한 직업 정신과 정적인 휴식을 동시에 추구하는, 계획적이고 실용적인 50대 여성입니다.","대전 서구의 연구단지 분위기 속에서 오랫동안 거주하며, 대학 시절부터 정보통신기술을 전공해 아날로그에서 디지털로 급격히 전환되던 시대를 온몸으로 겪었습니다. 꼼꼼한 성격 탓에 가계부 정리나 집안 살림에서도 자신만의 효율적인 체계를 세워 운영하는 것을 선호합니다.","복잡한 네트워크망의 병목 현상을 찾아내 해결하는 데 능숙하며, 데이터의 작은 오차도 놓치지 않는 치밀함을 갖췄습니다. 이론적인 논의에 매몰되기보다 당장 시스템에 적용해 성능을 올릴 수 있는 최적화 방안을 도출하는 실무적 감각이 뛰어납니다.","['네트워크 트래픽 최적화 및 부하 분산', '대규모 데이터셋 무결성 검증', 'ICT 인프라 장애 대응 매뉴얼 설계', '효율적인 데이터베이스 쿼리 튜닝']","주말이면 오늘의집 앱에서 찾은 아이디어를 활용해 거실 가구 배치를 바꾸거나, 유튜브로 배운 최신 피부 관리법을 직접 시도하며 정적인 시간을 보냅니다. 가끔은 마음 맞는 친구들과 함께 전북 진안의 고즈넉한 숲길을 걸으며 복잡한 머릿속을 비워내곤 합니다.","['거실 인테리어 소품 수집 및 배치', '홈케어 뷰티 기기를 이용한 피부 관리', '지리산 둘레길 및 자연 풍경 출사', '넷플릭스 다큐멘터리 시청 후 기록하기']","새로운 기술을 쫓기보다 그동안 쌓아온 현장 노하우를 체계적인 매뉴얼로 정리해 후배들에게 전수하며, 조직 내에서 대체 불가능한 안정적인 기술 조언자로 자리 잡기를 원합니다.",여자,53,배우자있음,비현역,배우자·자녀와 거주,아파트,4년제 대학교,정보통신기술,그 외 데이터 및 네트워크 관련 전문가,대전-서구,대전,대한민국
37c1c1ce971344108404ba40e16f259f,"박유하 씨는 아이가 낮잠을 자는 시간을 틈타 인테리어 디자인 관련 자격증 서적을 탐독하며, 훗날 인천 서구 청라 인근에 자신만의 색깔이 담긴 소규모 편집숍을 열기 위한 구체적인 창업 계획서를 작성합니다.","박유하 씨는 유모차를 끌고 검단신도시의 수변 공원을 천천히 산책하며 복잡한 생각을 정리하고, 틈틈이 스포츠 경기 결과에 배팅하며 승패의 긴장감을 만끽하는 소소한 일탈을 즐깁니다.","박유하 씨는 대학 시절 전공한 인문학적 소양을 바탕으로 거실의 조명 위치와 소품의 색감을 정교하게 배치하며, 집안 전체를 하나의 작은 갤러리처럼 가꾸는 미학적 활동에 몰입합니다.","박유하 씨는 가족 여행을 계획할 때 분 단위로 쪼개진 세밀한 일정표를 작성해 동선을 최적화하며, 강원도 양양의 조용한 풀빌라 리조트에서 아무런 방해 없이 온전한 휴식을 취하는 시간을 소중히 여깁니다.","박유하 씨는 평일 점심이면 청라 국제도시의 숨은 태국 음식점을 찾아 똠양꿍의 산미를 세밀하게 기록하고, 저녁에는 가족과 함께 정갈한 나물 반찬이 나오는 한정식집에서 식사하는 일을 즐깁니다.","박유하 씨는 인천 서구의 신축 아파트에서 아이의 성장 과정을 꼼꼼하게 기록하며, 남편과의 결혼기념일마다 완벽하게 기획된 서프라이즈 이벤트와 선물로 가족 내에서 주도적인 역할을 수행합니다.","박유하 씨는 철저한 자기관리와 인문학적 감성을 일상에 녹여내며, 미래의 디자인 스튜디오 창업을 꿈꾸는 계획적인 전업주부입니다.","인천 서구의 신축 아파트 단지에서 아이를 키우며, 대학 시절 전공한 인문학적 소양을 집안의 가구 배치와 소품 선택 같은 실용적인 미학으로 구현해 일상을 가꿉니다.","가계부의 10원 단위까지 맞추는 철저한 자산 관리 능력이 있으며, 가족의 모든 기념일과 여행 일정을 분 단위로 계획해 오차 없이 실행하는 추진력을 갖췄습니다.","['가계 지출 최적화 및 예산 설계', '효율적인 가사 동선 및 스케줄링', '맞춤형 가족 여행 루트 짜기', '실내 공간 큐레이션 및 배치']","평일 점심에는 동네의 숨은 태국 음식점이나 베트남 쌀국수 집을 찾아다니며 맛과 분위기를 꼼꼼하게 기록하고, 가끔은 소액의 스포츠 토토로 경기 결과에 베팅하며 짜릿함을 즐깁니다.","['인천 지역 동남아 음식점 투어', '반려견과 함께하는 청라 호수공원 산책', '데이터 기반의 소액 스포츠 베팅', '최신 인테리어 트렌드 수집 및 적용']","전공 지식을 활용해 실무적인 자격증을 취득한 뒤, 아이가 어느 정도 자라면 집에서 운영 가능한 소규모 디자인 스튜디오나 온라인 편집숍 창업을 구상합니다.",여자,32,배우자있음,비현역,배우자·자녀와 거주,아파트,4년제 대학교,예술·인문,무직,인천-서구,인천,대한민국
17ad4516da7a4d6f894bd4f780e383fc,"이현준 씨는 거제도의 거대한 조선소 풍경이 일상인 운송장비 제조사에서 상사의 일정을 톱니바퀴처럼 맞물리게 조율하는 비서로 근무합니다. 법학 전공 지식을 활용해 복잡한 계약 서류의 허점을 찾아내 보고서에 반영하는 꼼꼼함을 보이지만, 정작 자신의 책상 위 서류 뭉치들은 체계 없이 쌓아두는 느슨한 면모가 있습니다.","이현준 씨는 퇴근 후 동네 당구장에서 지인들과 큐대를 잡고 낄낄거리며 가벼운 내기 게임을 즐기는 시간을 좋아합니다. 주말 저녁에는 해안도로의 짠 바람을 맞으며 천천히 달리거나, 가끔 지역 동호회 사람들과 땀 흘리며 배구 경기를 뜁니다.",이현준 씨는 베란다에서 상추와 고추를 키우며 잎사귀가 시들 때마다 정성스럽게 영양제를 챙겨주는 원예 활동에 깊이 몰입합니다. 기분 전환이 필요할 때는 가족들과 함께 코인 노래방을 찾아 옛 가요를 흥겹게 부르며 가슴 속 답답함을 털어냅니다.,이현준 씨는 휴가철이면 가족들과 함께 남해의 조용한 리조트를 예약해 아무것도 하지 않고 푹 쉬는 휴양 여행을 떠납니다. 유명 관광지를 찾아다니기보다 숙소 근처의 숲길을 천천히 거닐며 가족들과 도란도란 이야기를 나누는 정적인 시간을 보냅니다.,이현준 씨는 한 달에 한 번 정도 가족들과 고현시장 근처의 한우 식당에서 갈빗살을 구워 먹으며 외식을 즐깁니다. 2주에 한 번씩은 아이들의 성화에 못 이겨 도미노 피자나 롯데리아 햄버거를 배달시켜 거실 탁자에 펼쳐 놓고 함께 나누어 먹습니다.,"이현준 씨는 아파트에서 배우자와 자녀들과 함께 살며, 겉으로는 무뚝뚝해 보여도 가족들의 기분을 세심하게 살피는 다정한 아버지입니다. 주말이면 가족들을 위해 서툴게나마 직접 요리를 해서 식탁에 올리는 소소한 기쁨을 누립니다.","이현준 씨는 거제도의 조선소 문화 속에서 성실하게 살아온 50대 비서로, 가족과 함께하는 소박한 일상의 평온함을 인생의 가장 큰 가치로 여기는 인물입니다.","거제 고현시장 주변의 북적임과 거대한 조선소 크레인이 일상이 된 풍경 속에서 중년을 보냈습니다. 지역 사회의 끈끈한 유대감을 소중히 여기면서도, 가끔은 조용한 숲길을 혼자 걷는 시간으로 마음을 정리하는 습관이 있습니다.","상사의 일정과 기업 내부의 행정 절차를 톱니바퀴처럼 맞물리게 조율하며, 갈등이 생긴 부서 사이에서 유연한 완충지대 역할을 수행합니다. 법학 전공 지식을 활용해 복잡한 계약 서류의 허점을 찾아내어 보고서에 반영합니다.","['기업 행정 및 일정 최적화', '부서 간 이해관계 중재', '법무 관련 서류 기초 검토', '효율적인 비즈니스 커뮤니케이션']","주말이면 동네 당구장에서 큐대를 잡고 지인들과 가벼운 내기를 즐기며, 평일 저녁에는 거제 해안도로를 따라 천천히 조깅을 합니다. 베란다의 상추와 고추가 시든 것을 발견하면 서둘러 영양제를 챙겨주는 원예 활동에 몰입합니다.","['3쿠션 당구', '거제 해안도로 조깅', '베란다 텃밭 가꾸기', '가족을 위한 주말 요리']","급격한 직위 상승이나 명예보다는, 현재처럼 동료들에게 신뢰받는 조력자로 남으며 무사히 정년퇴직하는 것을 최우선으로 둡니다. 퇴직 후에는 소박하게 작은 텃밭을 가꾸며 가족과 시간을 보내는 평온한 삶을 준비하고 있습니다.",남자,50,배우자있음,비현역,배우자·자녀와 거주,아파트,4년제 대학교,경영·행정·법,일반 비서,경상남-거제시,경상남,대한민국
71c8d08b7dff45c2951535710dfa009f,"박용호 씨는 제주시의 119 구조대원으로 현장에서 패닉에 빠진 요구조자들을 특유의 무덤덤하고 낮은 목소리로 진정시키며, 보건복지 전공 지식을 활용해 신속하게 응급처치를 수행합니다. 승진이라는 권력보다는 현장에서의 실질적인 경험을 중요하게 여겨, 후배들에게 로프 매듭법과 구조 노하우를 전수하는 멘토 역할에 만족하며 제주시의 지형적 특성이 반영된 안전 매뉴얼을 보완하는 일에 매진합니다.","박용호 씨는 퇴근 후 제주시내의 주짓수 도장에서 땀을 뻘뻘 흘리며 거친 스파링을 통해 업무 중 쌓인 긴장감을 털어내고, 주말에는 가족들의 손을 잡고 한라산 둘레길의 흙길을 묵묵히 걷습니다. 가끔은 집 근처 해안도로를 따라 조깅을 하며 거친 숨을 몰아쉬지만, 운동 직후 찾아오는 강렬한 허기를 참지 못하고 곧바로 고깃집으로 향하는 습관이 있습니다.",박용호 씨는 화려한 전시회나 공연보다는 제주시내의 유명한 빵집들을 찾아다니며 갓 구운 소금빵이나 천연 발효종 빵의 식감을 세밀하게 음미하는 미각적 탐구를 즐깁니다. 인위적인 예술 작품보다는 제주 자연이 주는 계절별 색채와 풍경을 바라보며 마음의 평온을 찾는 소박한 감성을 가지고 있습니다.,"박용호 씨는 가족들과 함께 제주도의 숨겨진 숲길이나 오름을 찾아다니며 자연 풍경을 감상하는 정적인 여행을 즐깁니다. 낯선 해외 도시의 화려함보다는 자신이 발 딛고 사는 제주의 계절 변화를 가족과 함께 기록하며, 아이들에게 자연의 소중함을 일깨워주는 시간을 소중히 여깁니다.","박용호 씨는 일주일에 대여섯 번은 가족들과 함께 흑돼지 구이나 갈치조림 같은 한식당을 방문하고, 늦은 밤에는 치킨이나 족발을 배달시켜 먹는 식습관을 가지고 있습니다. 특히 제주시내의 빵집 투어에 진심이라 신메뉴가 나왔다는 소식이 들리면 곧장 달려가 빵 봉지를 한가득 사 들고 귀가하는 것이 일상의 큰 낙입니다.","박용호 씨는 제주시의 한적한 동네에서 연로하신 어머니와 아내, 그리고 자라나는 아이들을 모두 챙기는 든든한 가장으로, 집안의 대소사를 조용히 결정하고 이끄는 역할을 합니다. 때로는 무뚝뚝한 아버지의 모습이지만, 아이들이 좋아하는 빵을 잊지 않고 사 오거나 어머니의 건강 상태를 세심히 살피는 다정함을 숨기고 있습니다.","박용호 씨는 제주시에서 가족을 부양하는 든든한 119 구조대원이자, 주짓수와 빵 투어를 즐기며 삶의 균형을 찾는 40대 가장입니다.","제주시의 한적한 주택가에서 어머니와 아내, 아이들을 모두 챙기며 가정을 이끄는 가장으로서, 제주 특유의 공동체 문화와 공무원 조직의 규율 사이에서 중심을 잡고 살아갑니다.",긴박한 재난 현장에서 패닉에 빠진 요구조자를 진정시키는 침착함과 보건복지 전공 지식을 결합해 신속하게 응급처치를 수행하며 팀원들의 안전을 확보합니다.,"['고층 및 수직 구조 로프 기술', '외상성 쇼크 응급처치 및 심폐소생술', '현장 지휘 체계 구축 및 상황 보고', '재난 피해자 심리적 응급처치', '지역 맞춤형 안전 취약 지구 분석']","퇴근 후 체육관에서 주짓수 스파링을 하며 업무 스트레스를 털어내고, 주말에는 가족들과 함께 한라산 둘레길을 걷거나 제주시내 유명 빵집의 신메뉴를 섭렵합니다.","['브라질리언 주짓수 스파링', '한라산 영실코스 등산', '제주 해안도로 조깅', '가족과 함께하는 흑돼지 구이 외식', '동네 베이커리 카페 투어']","무리한 승진보다는 현장에서 쌓은 노하우를 후배들에게 전수하는 멘토가 되고 싶어 하며, 제주시 내 사고 발생률을 실질적으로 낮출 수 있는 현실적인 안전 매뉴얼을 보완하는 데 집중합니다.",남자,45,배우자있음,비현역,배우자·자녀·어머니와 거주,비주거용 건물 내 주택,4년제 대학교,보건·복지,119 구조대원,제주-제주시,제주,대한민국
7e248def2f6841608d3d6e9df3008b79,"김수진 씨는 울산 동구의 의약품 공장에서 정밀 배합 기기를 조작하며 소수점 셋째 자리의 오차까지 잡아내는 꼼꼼함을 보입니다. 김수진 씨는 정해진 매뉴얼을 절대적으로 신뢰하며, 때로는 너무 원칙만 따져 동료들이 답답해할 때도 있지만 결국 불량률 제로를 만들어내며 공정 내에서 두터운 신뢰를 쌓고 있습니다.","김수진 씨는 특별한 운동 계획을 세우기보다 주말에 혼자 동물원을 거닐며 몇 시간씩 천천히 걷는 것으로 활동량을 채웁니다. 김수진 씨는 숨이 차오르는 격렬한 운동은 질색하며, 몸이 뻐근할 때 거실에서 간단한 스트레칭을 하거나 폼롤러를 사용하는 정도로 만족합니다.",김수진 씨는 퇴근 후 침대에 누워 네이버 웹툰의 완결작들을 정주행하거나 잔잔한 일상 브이로그를 보며 하루의 피로를 씻어냅니다. 김수진 씨는 화려하고 난해한 예술 작품보다는 소소한 일상이 담긴 영상이나 만화 속 대사에 깊게 공감하며 혼자만의 내면 세계를 가꿉니다.,"김수진 씨는 가끔 마음의 환기가 필요할 때 홀로 KTX를 타고 용인 에버랜드나 과천 서울대공원을 찾아가 판다와 호랑이를 멍하니 바라보며 복잡한 생각을 정리합니다. 김수진 씨는 여행 전 이동 경로와 운영 시간을 분 단위로 체크하는 철저함을 보이지만, 막상 목적지에 도착해서는 발길 닿는 대로 천천히 걷는 여유를 즐깁니다.","김수진 씨는 집에서 정성껏 차린 밥상을 즐기며, 한 달에 한 번 정도는 가족들과 함께 동네 갈비집에서 육즙 가득한 돼지갈비를 구워 먹습니다. 김수진 씨는 배달 음식의 자극적인 맛보다는 깔끔한 일식 초밥이나 정갈한 한정식을 선호하며, 요리할 때 재료를 일정한 크기로 정밀하게 손질하는 버릇이 있습니다.","김수진 씨는 울산 동구의 북적이는 집안에서 부모님과 형제들 사이의 의견 충돌을 조율하는 완충제 역할을 하며 양보하는 삶에 익숙해져 있습니다. 김수진 씨는 가족을 깊이 사랑하지만, 가끔은 집안의 소음에서 완전히 벗어나 누구의 방해도 받지 않는 자신만의 고요한 방으로 숨어들고 싶어 하는 갈망이 있습니다.","김수진 씨는 울산의 의약품 공장에서 원칙을 준수하며 성실하게 근무하고, 정적인 휴식과 소소한 혼자만의 시간을 소중히 여기는 30대 후반의 미혼 여성입니다.","울산 동구의 공단 지역 분위기에 익숙하며, 부모님과 형제들이 함께 사는 북적이는 가정환경 속에서 배려와 조화를 배우며 성장했습니다. 전문대학 졸업 후 지역 내 의약품 제조 현장에 바로 뛰어들어 성실하게 근속하며 지역 사회의 생산직 문화에 자연스럽게 스며들었습니다.","의약품 제조 공정의 정밀 기기를 운용하며, 아주 작은 오차도 허용하지 않는 꼼꼼한 공정 관리와 매뉴얼 준수 능력을 갖추고 있습니다. 정해진 순서에 따라 화학 제품을 배합하고 기기를 조작하여 불량률을 최소화하는 실무 운영에 능숙합니다.","['의약품 생산 공정 제어', '화학 물질 안전 관리 지침 준수', '정밀 계측기 조작 및 보정', '공정 매뉴얼 최적화 및 기록 관리']",주말이면 침대 위에서 네이버 웹툰을 정주행하거나 유튜브 브이로그를 보며 낮잠을 자는 고요한 휴식을 즐깁니다. 가끔은 혼자 에버랜드나 서울대공원을 찾아가 동물들을 구경하며 복잡한 머릿속을 정리하는 시간을 갖습니다.,"['웹툰 정주행 및 만화 감상', '유튜브 일상 브이로그 시청', '에버랜드 나홀로 나들이', '집에서 만드는 제육볶음 요리']",현재 맡은 공정의 완전한 숙련공이 되어 동료들에게 전적으로 신뢰받는 선임 조작원으로 자리 잡는 것을 목표로 합니다. 급격한 직종 변경보다는 현재의 직무 전문성을 높여 안정적인 직장 생활을 유지하는 것에 가치를 둡니다.,여자,38,미혼,비현역,부모·형제자매와 동거,아파트,2~3년제 전문대학,해당없음,그 외 화학제품 생산기 조작원,울산-동구,울산,대한민국
67625a32a06c4797b3d7dae92981df46,"김세원 씨는 안산의 작은 방에서 노트북 한 대로 네이버 스마트스토어를 운영하며, 아이템스카우트로 매일 아침 뜨는 키워드를 솎아내고 까다로운 고객의 항의 글에도 능청스럽게 대처해 구매 확정 버튼을 이끌어냅니다. 무리한 확장보다는 단골손님을 모으는 내실 경영을 추구하지만, 가끔 주문서 정리를 미루다 마감 직전에 허둥대는 습관이 있습니다.","김세원 씨는 퇴근 후 상록구 골목에 있는 단골 당구장에 들러 친구들과 큐대를 잡고 헛심을 쓰며 스트레스를 풀고, 가끔은 어머니의 손을 잡고 집 근처 상록수역 주변을 천천히 산책합니다. 격렬한 운동은 금방 지쳐 포기하지만, 내기 당구의 짜릿함과 느릿한 동네 마실 정도의 움직임에는 만족합니다.","김세원 씨는 주말이면 어머니와 함께 대학로의 소극장 연극을 관람하거나, 최신 유행하는 테마카페에서 사진을 찍으며 시간을 보낸 뒤 코인 노래방에서 임재범의 노래를 열창하며 하루를 마무리합니다. 깊이 있는 예술 이론보다는 직관적으로 느껴지는 재미와 감동을 중요하게 생각하며, 유튜브로 음악 영상을 찾아보는 것이 일상의 큰 낙입니다.","김세원 씨는 어머니를 모시고 전주 한옥마을의 비빔밥 노포나 강원도 속초의 중앙시장 닭강정 집을 찾아다니며 전국 팔도의 숨은 맛집 지도를 그려나가는 식도락 여행에 진심입니다. 유명 관광지의 랜드마크를 도장 깨기 하듯 방문하기보다, 현지인들이 줄 서서 먹는 오래된 식당의 육수 맛을 음미하는 시간에 더 집중합니다.","김세원 씨는 일주일에 대여섯 번은 배달 앱으로 BHC 뿌링클이나 굽네치킨을 시켜 먹고, 외식을 할 때는 어머니와 함께 청국장이나 보리밥 같은 정갈한 한식당을 즐겨 찾습니다. 고기 굽는 번거로움보다는 이미 완성된 찌개나 볶음 요리를 선호하며, 가끔은 배달 음식의 자극적인 맛에 질려 집에서 어머니가 해주신 나물 반찬에 밥을 비벼 먹으며 안도감을 느낍니다.","김세원 씨는 안산의 오래된 다세대주택에서 어머니와 함께 살며 설거지와 분리수거 같은 집안일을 도맡아 하는 효자 아들이지만, 가끔은 잔소리를 피하려 방으로 쏙 들어가 버리는 철없는 면모도 있습니다. 어머니의 건강과 기분을 살피는 것이 하루의 중요한 일과이며, 가족과 함께 맛있는 것을 먹을 때 가장 큰 정서적 안정감을 얻습니다.","김세원 씨는 안산 상록구에서 스마트스토어를 운영하며 어머니와 함께 식도락의 즐거움을 나누는, 실용적이고 정이 많은 30대 청년입니다.","안산 상록구의 오래된 다세대주택 밀집 지역에서 나고 자라 동네 골목 구석구석의 특성을 잘 알며, 고등학교 졸업 후 곧바로 생업에 뛰어들어 이론보다는 현장의 감각을 익히며 살아왔습니다. 어머니와 함께 거주하며 가사 노동을 분담하고, 가족 간의 유대감을 중요하게 여기는 전형적인 한국의 정서와 실용적인 생활 태도를 가지고 있습니다.","네이버 스마트스토어를 운영하며 아이템스카우트를 활용해 실시간 검색어와 경쟁 강도를 분석하고, 고객의 까다로운 문의에도 유연하게 대처해 구매 확정률을 높이는 능숙한 CS 대응 능력을 갖췄습니다.","['네이버 스마트스토어 상품 등록 및 최적화', '아이템스카우트를 이용한 시장 트렌드 및 키워드 분석', '카카오톡 채널 기반의 고객 맞춤형 응대', '소규모 재고 관리 및 효율적인 택배 발송 시스템 운용']","주말이면 어머니를 모시고 전국의 유명한 노포 식당이나 지역 특산물 맛집을 찾아다니는 식도락 여행을 즐기며, 퇴근 후에는 집 근처 당구장에서 오래된 친구들과 가볍게 술잔을 기울이며 시간을 보냅니다.","['전국 각지의 노포 맛집 탐방 및 음식 기록', '동네 당구장에서의 친목 도모와 경기', '넷플릭스로 최신 범죄 스릴러 영화와 다큐멘터리 시청', '독특한 인테리어의 테마 카페에서 보내는 정적인 휴식']","무리하게 사업 규모를 키우기보다는 현재의 매출 수준을 안정적으로 유지하면서, 취급 품목을 세분화해 충성 고객층을 확보하는 내실 있는 운영을 목표로 합니다.",남자,34,미혼,비현역,어머니와 동거,다세대주택,고등학교,해당없음,온라인 쇼핑 판매원,경기-안산시 상록구,경기,대한민국
efc7b188449f46c690d11ee3e5f0f063,"김송애 씨는 공식적인 직함은 없지만, 좁은 다세대 주택 베란다를 작은 식물원으로 가꾸며 상추와 방울토마토를 수확하는 집안의 원예 전문가로 살아갑니다. 고등학교 졸업 후 가족을 위해 헌신하며 익힌 생활의 지혜를 바탕으로 자녀들의 끼니와 집안 살림을 빈틈없이 챙기는 일상적인 관리자 역할을 수행합니다.","김송애 씨는 보라매 공원의 산책로를 따라 천천히 걸음을 옮기며 하루의 잡념을 털어내고, 주말이면 관악산의 완만한 등산로를 오르며 하체 근력을 유지합니다. 무리한 운동보다는 자신의 체력에 맞춘 느릿한 보행을 즐기며, 등산화 끈을 꽉 조여 매고 자연 속에서 숨을 고르는 시간을 소중히 여깁니다.","김송애 씨는 거실 소파에 앉아 유튜브로 최신 원예 기법 영상을 시청하며 베란다 화분 배치법을 연구하는 시간을 가장 좋아합니다. 텔레비전 프로그램에서 소개되는 옛이야기에 귀를 기울이며, 잊혀가는 옛 풍습이나 전통 공예에 관심을 두고 조용히 감상하는 정적인 취미를 가지고 있습니다.","김송애 씨는 마음 맞는 고향 친구들과 함께 경주 불국사나 부여 낙화암 같은 역사 유적지를 찾아다니며 옛 선조들의 발자취를 따라 걷는 여행을 즐깁니다. 화려한 휴양지보다는 고즈넉한 한옥 마을의 분위기를 선호하며, 여행지마다 정갈한 지역 토속 음식을 찾아 기록하는 세심함을 보입니다.","김송애 씨는 동작구 골목마다 숨어 있는 단골 일식집에서 신선한 초밥 세트를 주문해 천천히 음미하며 미식의 즐거움을 누립니다. 집에서는 당뇨 식단을 위해 고기를 뺀 담백한 나물 요리를 정성껏 무쳐내지만, 외식을 할 때는 평소 억눌렀던 식욕을 정갈한 일식 요리로 해소하는 이중적인 식습관을 보입니다.","김송애 씨는 배우자와 별거 중인 복잡한 상황 속에서도 자녀들과 함께 다세대 주택에 거주하며 묵묵히 집안의 중심을 잡는 인내심 강한 어머니입니다. 자녀들에게 짐이 되지 않으려 애쓰며 때로는 자신의 외로움을 숨긴 채 웃음으로 넘기지만, 가끔은 서운함이 밀려와 말없이 베란다 화초만 매만지기도 합니다.","김송애 씨는 서울 동작구에서 자녀들과 살며 당뇨 관리와 원예, 역사 여행을 통해 삶의 안정을 찾아가는 인내심 깊은 60대 여성입니다.","서울 동작구의 다세대 주택에서 자녀들과 함께 살며, 배우자와는 떨어져 지내는 복잡한 가정 상황을 묵묵히 감내하며 살아온 세대입니다. 고등학교 졸업 후 급변하는 도시의 흐름 속에서 가족을 뒷바라지하며 현실적인 삶의 지혜와 인내심을 익혔습니다.","좁은 베란다에서도 상추와 방울토마토를 무성하게 키워내는 손재주가 있으며, 당뇨 식단을 고려해 고기 없이도 풍미를 내는 나물 요리에 능숙합니다. 동작구 인근의 정갈한 식당들을 꿰고 있어 친구들 모임에서 장소를 정할 때 늘 중심 역할을 합니다.","['베란다 텃밭 작물 재배', '당뇨 맞춤형 저염 한식 조리', '동작구 일대 가성비 식당 탐색', '효율적인 가계 지출 관리']","보라매 공원을 천천히 산책하거나 관악산 자락의 완만한 등산로를 오르며 몸을 움직입니다. 오후에는 유튜브로 최신 원예 기법을 배우고, 동네 단골 일식집에서 정갈한 초밥 세트를 즐기며 소소한 행복을 누립니다.","['관악산 둘레길 걷기', '유튜브 원예 채널 시청', '경복궁 및 창덕궁 고궁 나들이', '동네 일식집 탐방']",사회적 성취보다는 매일 아침 혈당 수치를 안정적으로 유지하며 자녀들에게 짐이 되지 않는 건강한 일상을 유지하는 것에 집중합니다. 마음 맞는 친구들과 함께 경주나 부여 같은 역사 유적지를 천천히 둘러보며 삶의 여유를 찾는 시간을 늘려가고 싶어 합니다.,여자,62,배우자있음,비현역,자녀와 거주 (배우자 별거),다세대주택,고등학교,해당없음,무직,서울-동작구,서울,대한민국
b5a353369328400bbf68badcb484a8c1,"정영식 씨는 40년 넘게 거대한 강철 빔의 수평과 수직을 밀리미터 단위로 맞추며 살아온 숙련된 강구조물 건립원으로, 고소 작업대 위에서도 안전 고리를 세 번씩 확인하는 철저한 습관을 지녔습니다. 이제는 무거운 연장을 내려놓고 현장 후배들에게 복잡한 구조 도면을 실제 건축물로 구현하는 노하우를 전수하며 사고 없는 현장을 만드는 멘토로서의 마무리를 준비하고 있습니다.",정영식 씨는 주말이면 아내의 손을 잡고 송월동 동화마을의 아기자기한 골목길을 느릿하게 산책하며 무거워진 몸을 조금씩 움직입니다. 격렬한 운동보다는 동네 친구들과 가볍게 걷고 일상의 잡담을 나누는 정적인 활동에서 마음의 편안함을 얻습니다.,"정영식 씨는 유튜브로 나훈아의 옛 노래를 찾아 들으며 지나온 세월을 추억하고, 친목회 회원들과 함께 예술의전당 같은 대형 공연장에서 국악 공연이나 뮤지컬을 관람하는 시간을 삶의 낙으로 삼습니다. 무대 위의 웅장한 소리를 들으며 건설 현장의 소음에서 벗어나 일상의 긴장을 해소합니다.",정영식 씨는 친목회 사람들과 뭉쳐 전국의 문화예술 전시관이나 고궁을 찾아다니며 정해진 일정에 따라 차분하게 움직이는 여행을 즐깁니다. 낯선 곳으로의 모험보다는 검증된 명소에서 함께 사진을 찍고 단체 식사를 하는 정겨운 분위기 속에서 만족감을 느낍니다.,"정영식 씨는 일주일에 두세 번 동네 갈비집에서 육즙 가득한 돼지갈비를 구워 먹거나, 가끔 분위기를 내어 스테이크와 파스타가 나오는 양식당을 찾습니다. 보름에 한 번 정도는 집에서 편하게 짜장면을 배달시켜 먹으며 소소한 일탈을 즐깁니다.","정영식 씨는 인천 동구의 오래된 다세대주택에서 평생을 함께한 아내와 단출하지만 화목하게 거주하고 있습니다. 무뚝뚝한 성격 탓에 다정한 말은 서툴지만, 퇴근길에 아내가 좋아하는 간식을 사 들고 들어오는 것으로 마음을 전하는 전형적인 한국 아버지의 모습을 보입니다.","정영식 씨는 인천의 공장 지대에서 잔뼈가 굵은 베테랑 강구조물 건립원으로, 성실한 삶의 궤적과 소박한 예술적 취향을 가진 60대 가장입니다.","인천 동구의 오래된 공장 지대와 항구의 짠내 속에서 성장하며, 성실함이 최고의 미덕이라는 가치관을 몸소 익혔습니다. 고등학교 졸업 후 곧바로 건설 현장에 뛰어들어 대한민국의 도시 외형이 바뀌는 과정을 묵묵히 함께해 온 세대의 자부심과 고단함을 동시에 품고 있습니다.","거대한 강철 빔의 수평과 수직을 밀리미터 단위로 맞추는 정밀함과, 고소 작업 중에도 평정심을 유지하며 안전 고리를 체결하는 철저한 습관을 갖췄습니다. 복잡한 구조 도면의 기호를 실제 현장 구조물로 오차 없이 구현해내는 숙련된 감각이 탁월합니다.","['강구조물 도면 해석 및 현장 적용', '고소 작업 안전 수칙 관리', '정밀 수평 및 수직 측정 및 조정', '강재 접합 부위 품질 검수']","주말이면 아내와 함께 송월동 동화마을 인근 골목을 천천히 산책하고, 유튜브로 나훈아의 옛 노래를 찾아 들으며 시간을 보냅니다. 친목회 회원들과 정기적으로 만나 대형 공연장에서 국악 공연이나 뮤지컬을 관람하며 일상의 긴장을 해소합니다.","['유튜브를 통한 트로트 및 옛 가요 감상', '인천 동구 일대 골목길 산책', '친목 모임 기반의 문화 예술 공연 관람', '가족과 함께하는 주말 외식 메뉴 탐색']","현장에서의 직접적인 노동 강도를 서서히 줄이면서, 자신이 가진 기술적 노하우를 후배들에게 전수해 사고 없는 현장을 만드는 멘토로서의 마무리를 준비하고 있습니다. 무리한 성취보다는 지금까지 쌓아온 업계의 신뢰를 유지하며 명예롭게 은퇴하는 것에 가치를 둡니다.",남자,66,배우자있음,비현역,배우자와 거주,다세대주택,고등학교,해당없음,강구조물 건립원,인천-동구,인천,대한민국
75477106765248dcb43d243db801ff7e,최도성 씨는 정규 교육 과정의 틀에서 벗어나 실질적인 결과물이 눈에 보이는 도배나 타일 시공 같은 전문 기술을 익혀 1인 시공 전문가로 자립하기를 희망합니다. 최도성 씨는 스마트폰 앱 최적화와 기기 설정에 매우 능숙하여 주변 지인들이 기기 문제로 곤란해할 때마다 이를 말끔히 해결해 주는 해결사 역할을 도맡아 합니다.,"최도성 씨는 격렬하게 땀 흘리는 운동보다는 친구들과 함께 자연 명승지를 천천히 거닐거나 유명 관광지를 구경하며 걷는 정적인 활동을 즐깁니다. 최도성 씨는 체중 관리가 필요하다는 사실을 인지하고 있지만, 맛집을 찾아 이동하는 거리 외에는 몸을 움직이는 일을 자꾸 뒤로 미루는 버릇이 있습니다.","최도성 씨는 침대 위에 누워 네이버 웹툰의 최신 회차를 정주행하며 작가의 전개 방식과 그림체에 몰입하는 시간을 가장 아낍니다. 최도성 씨는 가끔 기분 전환을 위해 연예인 공연이나 영화를 관람하며, 화려한 무대 장치나 영상미가 돋보이는 장면을 유심히 관찰하는 습관이 있습니다.","최도성 씨는 일본 오사카의 도톤보리 길거리 음식을 섭렵하기 위해 가야 할 가게 목록과 추천 메뉴를 메모장에 빼곡히 정리해 여행을 떠납니다. 최도성 씨는 연인이나 친구와 함께 낯선 도시의 골목 구석구석을 누비며, 현지인들만 아는 숨은 맛집을 찾아냈을 때 가장 큰 성취감을 느낍니다.",최도성 씨는 부천역 인근의 오래된 노포 중식당들을 찾아다니며 짬뽕 국물의 농도와 불향의 정도를 세밀하게 비교 분석하는 미식가적인 면모를 보입니다. 최도성 씨는 주 2~3회 외식을 하며 특히 두툼한 삼겹살 구이와 진한 짬뽕 국물을 곁들인 식사에 깊이 집착하는 경향이 있습니다.,"최도성 씨는 부천 소사구의 정겨운 동네 분위기 속에서 부모님과 함께 생활하며 정서적인 안정감과 끈끈한 유대감을 쌓아왔습니다. 최도성 씨는 부모님의 보살핌 아래 있으면서도 자신만의 기술을 배워 독립하려는 의지를 가지고 있으며, 집안의 모든 디지털 기기 관리를 전담하며 부모님을 돕습니다.","최도성 씨는 부천에 거주하며 실무 기술을 통한 자립을 꿈꾸는, 꼼꼼한 성격의 23세 식도락가입니다.",최도성은 부천 소사구의 오래된 주택가와 신축 아파트가 공존하는 동네에서 성장하며 정서적 안정감을 쌓았습니다. 중학교 졸업 후 정규 교육 체계 밖에서 자신만의 시간을 보내며 사회적 기준보다는 개인의 만족과 실질적인 경험을 중요하게 여기는 가치관을 갖게 되었습니다.,"자신이 관심 있는 음식점의 메뉴, 가격, 방문객 리뷰를 꼼꼼하게 기록하고 분석해 최적의 방문 경로를 설계하는 능력이 탁월합니다. 특히 스마트폰의 다양한 설정이나 앱 최적화에 능숙하여 주변 지인들의 기기 문제를 해결해 주는 해결사 역할을 합니다.","['구글 지도를 활용한 효율적인 음식점 동선 설계', '중식 메뉴별 튀김 정도와 소스 배합 분석', '안드로이드 OS 시스템 최적화 및 앱 설정', '웹툰 플랫폼별 최신 연재 트렌드 파악']","주말이면 친구들과 부천역 인근의 노포 중식당을 찾아다니며 짬뽕의 국물 농도를 세밀하게 비교합니다. 평소에는 침대 위에서 네이버 웹툰의 최신 회차를 정주행하거나, 유튜브에서 일본 오사카의 길거리 음식 영상을 보며 다음 여행지의 먹거리 목록을 메모장에 정리합니다.","['부천 소사구 인근 숨은 중식 맛집 탐방', '일본 오사카 먹거리 투어 상세 계획 짜기', '침대 위에서 웹툰 및 숏폼 영상 시청', '최신 팝업스토어 방문 및 굿즈 수집']","최도성은 당장의 거창한 성공보다는 내 손으로 직접 결과물을 만들 수 있는 실무 기술에 관심을 두고 있습니다. 도배나 타일 시공 같은 전문 기술 자격증을 취득하여, 자신의 꼼꼼한 성격을 살린 1인 시공 전문가로 자리 잡는 현실적인 자립을 꿈꿉니다.",남자,23,미혼,비현역,부모와 동거,아파트,중학교,해당없음,무직,경기-부천시 소사구,경기,대한민국
093151f05e8943699471e1fc19ff839c,"김찬민 씨는 스테이크의 굽기와 크림 파스타의 농도를 정교하게 맞추는 기술을 가진 전직 양식 조리사로, 현재는 자신의 운영 철학을 실현할 다이닝 레스토랑을 찾으며 구직 중입니다. 바쁜 주방의 소란함 속에서도 주문 순서에 따라 효율적으로 움직이는 감각이 몸에 배어 있지만, 때로는 자신의 기준을 지나치게 고집해 동료들과 미묘한 신경전을 벌이기도 합니다.","김찬민 씨는 송리단길의 북적임을 피해 올림픽공원 산책로를 천천히 걷거나 동네 사우나에서 땀을 빼며 일상의 긴장을 덜어내는 정적인 활동을 즐깁니다. 격렬한 운동보다는 몸의 이완을 돕는 휴식형 활동에 집중하며, 가끔은 의욕적으로 등산에 도전하지만 금방 숨이 차올라 내려오는 편입니다.","김찬민 씨는 넷플릭스의 요리 서바이벌 프로그램을 시청하며 셰프들의 조리법을 나름의 기준으로 분석하고 비평하는 시간을 통해 지적 만족감을 얻습니다. 집 근처 무인 카페에 앉아 책을 읽으며 생각을 정리하지만, 정작 읽던 페이지를 접어둔 채 멍하니 창밖을 바라보는 버릇이 있습니다.",김찬민 씨는 가족들과 함께 떠나는 조용한 휴양지 여행에서 아무런 계획 없이 온전히 쉬는 시간을 통해 에너지를 충전합니다. 유명한 관광 명소를 바쁘게 돌아다니기보다 숙소 근처의 한적한 바닷가나 숲길을 거닐며 가족들과 도란도란 이야기를 나누는 시간을 소중히 여깁니다.,"김찬민 씨는 업장에서는 정교한 양식 요리를 만들어냈지만, 정작 본인은 주 2~3회 고깃집에서 구워 먹는 한식이나 간편한 피자와 버거를 즐겨 먹습니다. 배달 음식은 한 달에 한 번 정도로 제한하며, 식재료 본연의 맛을 중요하게 생각하면서도 가끔은 자극적인 하이볼과 안주의 조합에 깊이 빠져듭니다.","김찬민 씨는 송파구 아파트에서 독립해 홀로 살며 자신만의 자유를 만끽하지만, 주기적으로 부모님 댁을 방문해 가족의 온기를 확인하는 애틋한 관계를 유지합니다. 타인에게는 차갑고 단호하게 선을 긋는 성격임에도 불구하고, 가족 앞에서는 한없이 느슨해지고 어리광을 부리는 모습을 보입니다.","김찬민 씨는 정교한 양식 조리 기술을 가진 22세 구직자로, 송파구에서 홀로 지내며 정적인 휴식과 요리에 대한 자신만의 기준을 지키며 살아가는 청년입니다.","석촌호수 근처 아파트에서 홀로 지내며, 집 앞 무인 카페에서 시간을 보내거나 송리단길의 소란함을 피해 올림픽공원 산책로를 걷습니다.",스테이크의 굽기 정도를 정확히 맞추고 크림 파스타의 농도를 일정하게 유지하는 조리 기술을 가졌습니다. 바쁜 주방 상황 속에서도 주문 순서에 맞춰 효율적으로 움직이는 감각이 몸에 배어 있습니다.,"['수비드 조리법', '정통 까르보나라 제조', '식자재 재고 관리', '주방 동선 최적화']","주말이면 동네 사우나에서 땀을 뺀 뒤 시원한 바나나 우유를 마시며 긴장을 풉니다. 넷플릭스로 요리 서바이벌 프로그램을 보며 혼자만의 분석을 즐기고, 가끔은 친한 친구들과 하이볼 한 잔을 곁들인 수다를 떱니다.","['요리 유튜버 영상 분석', '동네 목욕탕 방문', '올림픽공원 가벼운 산책', '좋아하는 소설집 다시 읽기']",자신의 기준에 맞는 운영 철학을 가진 다이닝 레스토랑에서 메인 셰프로 성장하려 합니다. 화려한 명성보다는 재료 본연의 맛을 살리는 요리로 손님에게 잔잔한 만족감을 주는 공간을 만들고 싶어 합니다.,남자,22,미혼,비현역,혼자 거주,아파트,4년제 대학교,서비스,"전직 양식 조리사, 현재 구직중",서울-송파구,서울,대한민국
93a836e5188b4813b0cb6f33aad8c3d2,"오시자 씨는 광주 광산구 시장통의 거친 세월을 온몸으로 겪어내며 이웃 간의 크고 작은 다툼을 잠재우던 동네의 해결사였으며, 현재는 복지관에서 어르신들의 고민을 들어주는 정신적 지주 역할을 하고 있습니다.",오시자 씨는 매주 화요일 복지관 강당에서 징 소리와 민요 가락에 맞춰 팔다리를 느릿하게 흔드는 춤사위로 굳어가는 관절을 풀고 기운을 돋웁니다.,"오시자 씨는 돋보기를 코끝에 걸치고 주현미의 노래를 나직하게 틀어놓은 채 소설책의 다음 장을 넘기며, 낡은 수첩에 비뚤비뚤한 글씨로 자신의 생애를 한 줄씩 기록합니다.",오시자 씨는 복지관 친목 모임 회원들과 함께 전남 보성의 녹차밭이나 담양의 죽녹원처럼 조용한 곳으로 나들이를 떠나 멍하니 풍경을 바라보며 쉬는 시간을 기다립니다.,"오시자 씨는 한 달에 한 번 마음 맞는 친구와 함께 단골 중국집에서 따뜻한 짜장면 한 그릇을 비우거나, 나물 반찬이 정갈하게 나오는 백반집에서 소박한 식사를 즐깁니다.","오시자 씨는 사별 후 적막한 아파트에서 홀로 지내지만, 가끔 찾아오는 자녀와 손주들을 위해 서툰 글씨로 꾹꾹 눌러 쓴 편지와 정성껏 챙긴 간식을 준비하며 그리움을 달랩니다.","오시자 씨는 광주 광산구의 옛 정서를 간직한 채, 민요 춤과 글쓰기로 노년의 고독을 달래며 소박한 일상을 가꾸는 90세 어르신입니다.","광산구의 옛 골목길과 시장 통의 정서를 품고 살아왔습니다. 정규 교육의 기회는 적었지만, 고된 세월 속에서 이웃과 나누는 넉넉한 인심과 갈등을 조율하는 지혜를 몸소 익혔습니다.",베란다의 작은 화분들을 죽지 않게 살려내는 손재주가 있습니다. 서툰 글씨지만 상대의 마음을 보듬는 편지를 정성껏 써 내려가는 능력이 탁월합니다.,"['베란다 텃밭 가꾸기', '마음을 전하는 손편지 쓰기', '동네 어르신들 간의 다툼 중재하기', '제철 나물 무치기']",복지관에서 배우는 민요 춤의 가락에 맞춰 몸을 흔드는 시간을 즐깁니다. 혼자 있는 시간에는 주현미의 노래를 틀어놓고 돋보기를 쓴 채 소설책의 다음 장을 넘깁니다.,"['광산구 노인복지관 민요 무용', '역사 소설 읽기', '주현미의 트로트 감상', '전통시장 구경하며 제철 식재료 고르기']",낡은 수첩에 조금씩 적어 내려가는 자신의 인생 이야기를 한 권의 작은 기록으로 완성하고 싶어 합니다. 매주 화요일마다 복지관에 빠짐없이 출석해 친구들과 안부를 나누는 일상을 유지하는 것이 가장 큰 소망입니다.,여자,90,사별,비현역,혼자 거주,아파트,초등학교,해당없음,무직,광주-광산구,광주,대한민국
0a8cbe38c8db4bceaba39d99324e4a13,"원상희 씨는 과거 직장에서 십 원 단위까지 오차 없이 맞추던 엑셀 정산 능력과 빈틈없는 일정 관리력을 발휘했으며, 현재는 출퇴근 시간이 정확히 보장되고 업무 범위가 명확한 안정적인 사무직 자리를 찾고 있습니다.",원상희 씨는 땀 흘리는 격한 운동 대신 주말이면 동네 목욕탕의 뜨거운 탕에 몸을 담그고 사우나를 하며 일주일간 쌓인 몸의 긴장을 푸는 시간을 가집니다.,원상희 씨는 넷플릭스에서 한국 드라마를 밤새 정주행하거나 모바일 게임의 일일 퀘스트를 하나하나 완수하며 소소한 성취감을 느끼는 정적인 취미를 즐깁니다.,"원상희 씨는 친한 친구와 함께 경주 불국사나 공주 무령왕릉 같은 유적지를 찾아다니며, 오래된 건축물의 고즈넉한 분위기를 사진기로 정밀하게 담아내는 여행을 합니다.","원상희 씨는 만안구 골목의 단골 고깃집에서 삼겹살에 소주 한 잔을 곁들여 하루의 피로를 씻어내며, 가끔은 정갈하게 차려진 일식 돈카츠나 초밥으로 기분을 전환합니다.","원상희 씨는 안양의 오래된 다세대 주택에서 홀로 거주하며 누구의 간섭도 받지 않는 독립적인 생활을 유지하지만, 가끔 찾아오는 적막함은 친구들과의 시끌벅적한 모임으로 채웁니다.","원상희 씨는 꼼꼼한 업무 처리 능력과 강한 독립심을 가졌으며, 현재는 소박한 취미 생활과 외식을 즐기며 재취업을 준비하는 30대 후반의 여성입니다.","안양 만안구의 오래된 다세대 주택가 정서에 익숙하며, 고등학교 졸업 후 이른 사회생활을 통해 얻은 현실적인 감각과 30대 후반 미혼 여성으로서의 독립적인 생활 방식을 유지하고 있습니다.","과거 직장 생활 당시 엑셀을 활용해 지출 내역을 십 원 단위까지 정확하게 맞추거나, 복잡한 업무 일정을 겹치지 않게 배치하는 꼼꼼한 관리 능력을 보여주었습니다.","['엑셀을 활용한 세밀한 가계부 작성', '효율적인 여행 동선 설계', '정교한 일정 관리', '물품 분류 및 정리 정돈']","주말에는 친구와 함께 경주나 공주 같은 유적지를 찾아다니며 사진을 찍고, 평일 저녁에는 만안구 근처 단골 고깃집에서 삼겹살에 소주 한 잔으로 하루의 긴장을 풉니다. 집에서는 넷플릭스로 드라마를 정주행하거나 모바일 게임의 일일 퀘스트를 하나하나 완수하며 소소한 성취감을 얻습니다.","['경주와 공주 역사 유적지 탐방', '동네 삼겹살집 맛집 투어', '모바일 RPG 게임 일일 퀘스트 수행', '동네 사우나에서 반신욕 하기', '일식 돈카츠 전문점 찾아다니기']","업무 범위가 명확하고 출퇴근 시간이 정확하게 보장되는 곳에서, 자신의 성실함을 인정받으며 마음 편히 다닐 수 있는 안정적인 일자리를 찾고 있습니다.",여자,38,미혼,비현역,혼자 거주,다세대주택,고등학교,해당없음,무직,경기-안양시 만안구,경기,대한민국
a145c83d49de4b68a070003691610ae8,"최동현 씨는 사건 현장의 파손된 문고리나 붕괴된 천장 구조를 공학적 관점에서 분석해 수사 보고서에 논리적으로 담아내는 능력이 탁월하며, 승진 가도를 달리는 경쟁보다는 동료들이 수사 난관에 부딪혔을 때 가장 먼저 찾는 실무 해결사로 남는 삶에 만족합니다.","최동현 씨는 땀 흘리는 격렬한 운동보다는 거실 소파에 길게 누워 다른 사람이 운동하는 영상을 시청하며 대리 만족을 느끼거나, 아무것도 하지 않은 채 멍하게 시간을 보내는 정적인 휴식에 몰입합니다.","최동현 씨는 주말이면 세종시 고운뜰공원 근처의 한적한 카페를 찾아가 공간의 색감과 분위기를 사진으로 남기고, 이를 자신의 블로그에 정성스럽게 기록하며 소소한 심미적 성취감을 얻습니다.","최동현 씨는 낯선 오지로 떠나는 모험보다는 친구들과 함께 대도시의 랜드마크를 효율적으로 훑어보는 시티투어 버스 여행을 즐기며, 세련된 편집숍이나 유명 빵집이 모여 있는 거리의 정취를 구경하는 것을 좋아합니다.","최동현 씨는 2주에 한 번쯤 동료들과 세종시 내의 두툼한 삼겹살집에서 회식을 하며 스트레스를 풀고, 혼자 있는 날에는 정갈한 사케동이나 돈카츠 같은 일식 배달 음식으로 한 끼를 해결합니다.","최동현 씨는 아파트에서 홀로 지내며 누구의 간섭도 받지 않는 온전한 자유를 누리지만, 가끔 집안 곳곳에 쌓인 먼지와 정리되지 않은 수사 관련 서류 뭉치를 볼 때면 특유의 느긋함 때문에 뒷감당을 힘겨워하기도 합니다.","최동현 씨는 공학적 식견을 갖춘 세종시의 경찰관으로, 안정적인 주거 기반 위에서 전자기기와 카페 탐방이라는 소소한 취미를 통해 삶의 균형을 찾는 30대 남성입니다.","세종시의 정돈된 도시 계획과 공공기관 중심의 차분한 분위기 속에서 생활하며, 공학 전공 후 경찰관이 된 이력 덕분에 원칙과 효율성을 동시에 고려하는 가치관을 갖게 되었습니다.",사건 현장의 구조적 결함이나 기계적 작동 원리를 빠르게 파악하여 수사 보고서에 논리적으로 녹여내는 능력이 탁월합니다.,"['현장 구조 분석', '기술 수사 보고서 작성', '증거물 논리적 배치', '민원인 심리 대응']","퇴근 후 거실 소파에 누워 유튜브 알고리즘이 추천하는 전자기기 리뷰 영상을 보거나, 개인 블로그에 세종시의 한적한 카페 방문기를 기록합니다.","['전자기기 리뷰 영상 시청', '네이버 블로그 일상 기록', '정치 및 사회 팟캐스트 청취', '홈케어 피부 관리']",무리한 승진 경쟁에 매달리기보다 현재 맡은 수사 직무의 전문성을 높여 동료들이 믿고 찾는 실무자로 남는 것에 만족합니다.,남자,33,미혼,비현역,혼자 거주,아파트,4년제 대학교,공학·제조·건설,일반 경찰관 및 수사관,세종-세종시,세종,대한민국
bb1c8267d6c646fb9f6d236e0bd86096,김상제 씨는 안양의 가죽 공장에서 현장 반장님들과 사장님 사이의 까칠한 분위기를 특유의 넉살로 풀어내며 출고 명세서를 빠르게 처리하는 사무 보조원으로 일합니다. 물류 관리사 자격증 책을 책상 구석에 밀어두고는 매번 내일부터 공부하겠다고 다짐하며 하루를 보냅니다.,김상제 씨는 주말이면 거실 소파에 깊숙이 파묻혀 롯데 자이언츠의 경기를 시청하며 심판의 판정에 소리를 지르고 아쉬워하는 것이 유일한 낙입니다. 직접 몸을 움직이는 운동보다는 TV 중계 화면 속 선수들의 움직임에 일희일비하며 거실을 서성입니다.,김상제 씨는 안양 중앙시장의 좁은 골목을 누비며 단골 떡볶이집 주인과 실없는 농담을 주고받는 소소한 일상을 즐깁니다. 거창한 전시회보다는 집 거실 바닥에 대자로 누워 아이들의 숨소리를 들으며 낮잠을 청하는 시간을 가장 평화롭게 여깁니다.,김상제 씨는 직장 동료들과 함께 서울 시내를 도는 시티투어 버스를 타고 창밖 풍경을 구경하며 시끌벅적하게 수다 떠는 시간을 좋아합니다. 가끔은 낡은 승용차를 몰고 남한산성 근처로 드라이브를 나가 탁 트인 경치를 보며 답답한 마음을 털어냅니다.,"김상제 씨는 퇴근길에 동네 주점에 들러 시원한 소주 한 잔과 함께 제철 나물 무침이나 도토리묵 같은 안주를 곁들이며 하루의 스트레스를 씻어냅니다. 일주일에 대여섯 번은 집 밖에서 끼니를 해결하며, 아내와 함께 동네 백반집의 청국장 냄새에 이끌려 식당으로 들어갑니다.","김상제 씨는 아이들이 잠든 거실 바닥에 나란히 누워 함께 낮잠을 자는 시간에서 가장 큰 위안을 얻는 다정한 아버지입니다. 좁은 전셋집이지만 가족들과 북적이며 지내는 삶에 만족하면서도, 언젠가는 내 이름으로 된 집을 마련해 가족들을 안심시켜주고 싶어 합니다.","김상제 씨는 안양에서 가죽 공장 사무원으로 일하며, 가족에 대한 책임감과 특유의 사교성으로 주변 사람들을 챙기지만 경제적 불안감을 안고 살아가는 40대 가장입니다.","안양 만안구의 오래된 골목과 전통시장 분위기에 익숙하며, 안양 중앙시장의 단골 가게 주인들과 격의 없이 농담을 주고받는 서글서글한 성격입니다. 학창 시절부터 주변 사람들을 챙기고 모임을 주도하는 역할을 맡아왔으며, 이러한 성향이 현재의 활기찬 이웃 관계와 직장 내 인간관계로 이어지고 있습니다.","가죽 제품의 생산 공정과 자재 흐름을 정확히 파악하여 현장 작업자와 경영진 사이의 업무 요청을 매끄럽게 조율하며, 복잡한 주문서와 출고 명세서를 빠르게 정리해 업무 효율을 높입니다.","['가죽 자재 재고 및 수량 관리', '생산 공정 일정 조율', '기초 사무 행정 및 전표 처리', '현장 작업자 갈등 중재', '물류 출고 명세서 작성']","퇴근 후 동료들과 함께 동네 주점에서 소주잔을 기울이며 하루의 피로를 풀고, 주말에는 차를 몰고 근교로 나가 탁 트인 풍경을 보는 시간을 갖습니다. 집에서는 거실 바닥에 편하게 누워 프로야구 중계를 시청하며 소리를 지르거나, 아이들과 함께 낮잠을 자며 에너지를 충전합니다.","['근교 도로 드라이브', '프로야구 및 스포츠 중계 시청', '동료들과의 주점 방문', '낙지볶음이나 청국장 같은 한식 외식', '시티투어 버스 여행']","현재의 낮은 소득 수준을 개선하기 위해 물류 관리 관련 자격증 취득을 계획하며, 가족들이 더 쾌적한 주거 환경에서 지낼 수 있도록 직급 상승이나 급여 인상을 통해 경제적 안정을 찾고자 합니다.",남자,42,배우자있음,비현역,배우자·자녀와 거주,아파트,2~3년제 전문대학,해당없음,사무 보조원,경기-안양시 만안구,경기,대한민국
36046e1ab13a42cea250b805c850aae0,"신은경 씨는 전문대학에서 익힌 사무 행정 능력을 가계부 정리와 지역 커뮤니티 정보 수집에 쏟으며, 아이가 초등학교에 입학하면 집 근처 동사무소나 작은 사무실에서 규칙적으로 일하는 삶을 꿈꿉니다.","신은경 씨는 주말마다 가족들의 손을 잡고 환호공원 산책로를 천천히 걸으며, 가끔은 동네에서 배드민턴 채를 들고 가벼운 땀을 흘리며 몸의 무거움을 덜어내려 노력합니다.","신은경 씨는 아이를 재운 뒤 유튜브에서 잔잔한 인디 가수의 노래를 틀어놓고 밀린 드라마를 시청하거나, 베란다 화분 잎사귀를 정성껏 닦아내며 마음의 평온을 찾습니다.","신은경 씨는 남편과 아이를 데리고 탁 트인 바다나 푸른 숲이 있는 곳으로 여행을 떠나, 화려한 관광지보다는 고요한 자연 풍경을 멍하니 바라보는 시간을 소중히 여깁니다.","신은경 씨는 2주에 한 번 가족들과 포항 남구의 돼지갈비집에서 외식을 즐기고, 일주일에 한 번은 아이가 좋아하는 피자나 햄버거를 배달시켜 먹으며 소소한 해방감을 느낍니다.","신은경 씨는 경북 특유의 정서를 따라 어른들의 조언을 귀담아듣고, 아이의 성장 단계에 맞춘 교육 프로그램을 세밀하게 분석해 가정 내 활동으로 연결하는 정성스러운 엄마입니다.","신은경 씨는 포항에서 가정을 돌보며 꼼꼼한 살림 솜씨와 내향적인 성격을 가진, 규칙적인 사회 복귀를 꿈꾸는 30대 주부입니다.","포항 남구의 바닷바람 섞인 공기에 익숙하며, 어른들의 조언을 중요하게 여기는 경북 특유의 정서 속에서 성장했습니다. 예민한 성격 탓에 북적이는 곳보다는 익숙한 이웃들과 조용한 동네 카페에서 소소한 일상을 나누는 시간을 소중히 여깁니다.","전문대학 시절 익힌 사무 행정 능력을 살려 가계부를 꼼꼼하게 기록하고, 지역 커뮤니티 앱을 활용해 살림에 필요한 물건을 알뜰하게 구매하며 집안 경제를 효율적으로 운영합니다. 아이의 발달 단계에 맞춘 교육 프로그램을 분석하고 가정 내 활동으로 연결하는 세심한 계획 능력이 있습니다.","['꼼꼼한 가계부 작성 및 예산 관리', '지역 커뮤니티 기반의 효율적인 중고 거래', '아파트 베란다 정원 관리 및 식물 케어', '아동 맞춤형 가정 학습 계획 수립']","주말이면 가족들과 함께 환호공원 산책로를 천천히 걷거나, 베란다 화분들의 잎을 닦아주며 마음의 불안을 가라앉힙니다. 가끔은 집 근처 사우나에서 반신욕을 하며 긴장을 풀고, 아이가 잠든 밤에 유튜브로 잔잔한 인디 음악을 틀어놓은 채 밀린 드라마를 시청합니다.","['환호공원 가족 산책', '베란다 상추와 방울토마토 키우기', '동네 사우나에서 반신욕 하며 휴식하기', '유튜브 힐링 플레이리스트 감상', '주말 가족 외식 메뉴 선정 및 맛집 검색']","현재는 가족 돌봄에 전념하고 있지만, 아이가 초등학교에 입학한 후에는 과거 전공을 살려 파트타임 행정직으로 복귀해 사회적 소속감을 느끼고 싶어 합니다. 거창한 성취보다는 매일 정해진 시간에 출근해 내 몫의 일을 해내는 규칙적인 삶을 지향합니다.",여자,35,배우자있음,비현역,배우자·자녀와 거주,아파트,2~3년제 전문대학,해당없음,무직,경상북-포항시 남구,경상북,대한민국
905b306a7a26426eb265d0e2c72d1a36,"정유자 씨는 경기 광주의 한 상가 건물 로비 대리석 바닥을 거울처럼 닦아내는 솜씨로 관리소장의 절대적인 신임을 받는 청소원입니다. 정해진 동선을 따라 군더더기 없이 움직이며, 구석의 작은 먼지 하나라도 놓치면 찝찝함에 다시 닦아내고야 마는 고집스러운 꼼꼼함을 보입니다.","정유자 씨는 일과를 마친 후 광주시의 한적한 골목길을 천천히 거닐며 굳은 다리 근육을 풀고 복잡한 생각을 정리하는 산책 시간을 가장 소중히 여깁니다. 평소에는 소파에 기대어 아무것도 하지 않고 멍하게 있는 시간을 즐기지만, 산책길에 마주치는 이웃들에게는 누구보다 활기차게 먼저 인사를 건넵니다.","정유자 씨는 스마트폰 유튜브 화면 속 임영웅의 무대 영상을 반복해서 재생하며 가사 하나하나에 깊이 몰입해 눈시울을 붉히곤 합니다. 한 달에 한 번, 단골 미용실 의자에 앉아 정성스럽게 뽀글뽀글한 파마를 말아 올린 뒤 거울 속 자신의 변한 모습에 만족하며 화사한 스카프를 두릅니다.","정유자 씨는 친목 모임 회원들과 함께 전국의 유명한 산이나 바다를 찾아가 탁 트인 풍경을 배경으로 단체 사진을 찍으며 삶의 활력을 얻습니다. 여행지에서는 항상 앞장서서 일정을 챙기고 분위기를 띄우지만, 정작 숙소에 돌아오면 기진맥진해져서 한동안 말없이 천장만 바라보며 휴식을 취합니다.","정유자 씨는 2주에 한 번쯤 동네 갈빗집에서 지글지글 구운 양념갈비를 뜯거나, 가끔은 깔끔한 초밥집에서 일식을 즐기며 스스로에게 보상을 줍니다. 일주일에 한 번은 스마트폰 앱으로 짜장면이나 짬뽕을 시켜 먹으며, 배달 기사가 오기 전까지 텔레비전 소리를 크게 키워놓고 기다리는 소소한 재미를 누립니다.","정유자 씨는 사별 후 경기 광주의 작은 다세대주택에서 홀로 지내며 적막함에 익숙해졌지만, 집안 곳곳에는 여전히 옛 기억이 묻어나는 낡은 가구들을 소중히 간직하고 있습니다. 혼자 있는 시간이 많아 외로움이 밀려올 때면 일부러 동네 경로당이나 모임에 나가 사람들과 어울리며 쾌활한 모습을 보이지만, 현관문을 닫고 들어오는 순간 깊은 침묵 속으로 침잠합니다.","정유자 씨는 경기 광주에서 성실하게 건물 청소를 하며 자립적인 삶을 꾸려가는 80대 어른으로, 꼼꼼한 일 처리와 사교적인 성격, 트로트에 대한 애정을 가진 강인한 여성입니다.","경기 광주의 들판이 상가 건물로 바뀌는 과정을 온몸으로 겪어냈으며, 정규 교육보다는 삶의 현장에서 부딪히며 배운 생활 지혜를 더 신뢰합니다. 단정한 옷차림과 예의를 중시하며, 모임에서는 분위기를 주도하는 활기찬 어른의 모습을 유지합니다.","먼지 한 톨 허용하지 않는 꼼꼼함으로 건물 로비의 대리석 바닥을 거울처럼 닦아내며, 효율적인 동선을 짜서 넓은 구역의 청소를 빠르게 마무리하는 능숙함을 갖췄습니다.","['오염원별 맞춤 세정제 배합 및 사용법', '건물 내 효율적인 청소 동선 설계', '자재 손상 없는 고광택 바닥 관리', '분리수거함의 체계적 정리 및 관리']","유튜브로 최신 트로트 무대 영상을 찾아보며 시간을 보내고, 동네 미용실에서 정성스럽게 파마를 하며 기분 전환을 하는 소소한 일상에 만족합니다.","['남한산성 둘레길 산책하며 풍경 감상하기', '유튜브에서 건강 상식 및 트로트 가수 영상 시청', '지역 친목회 회원들과 함께하는 전국 자연 경관 여행', '단골 미용실에서 받는 정기적인 헤어 관리와 수다']","관리소장이 전적으로 믿고 맡길 수 있는 대체 불가능한 청소원으로 남고 싶어 하며, 무리하지 않는 선에서 지금의 일자리를 유지해 스스로 생활비를 충당하는 자립심을 지키고자 합니다.",여자,81,사별,비현역,혼자 거주,다세대주택,초등학교,해당없음,건물 청소원,경기-광주시,경기,대한민국
c12dc7dabe1c418cbac6ddf0e4b31c43,"오우주 씨는 정선군 농업기술센터에서 정부 보조금 신청 서류를 어려워하는 어르신들을 위해 투박한 강원도 사투리로 조곤조곤 설명하며 마을 간의 이해관계를 유연하게 조율하는 실무자입니다. 행정 절차의 딱딱함보다는 현장의 정서를 먼저 살피지만, 가끔은 정리가 안 된 책상 위에서 서류를 한참 찾는 소란스러운 모습도 보입니다.","오우주 씨는 거창한 운동보다는 퇴근 후 정선읍내의 한적한 길을 천천히 걷는 산책으로 몸을 움직이며, 집 마당을 서성이며 생각에 잠기는 시간을 즐깁니다.","오우주 씨는 집 마당 평상에 누워 유튜브로 최신 예능 프로그램을 보며 크게 웃고, 유년 시절 정선아리랑시장에서 들었던 구수한 가락과 요즘 유행하는 가요를 함께 즐기는 잡식성 취향을 가졌습니다.",오우주 씨는 주말이면 아내의 손을 잡고 원주 AK플라자로 향해 최신 유행하는 옷들을 구경하고 백화점 식품관의 화려한 먹거리들을 훑어보는 쇼핑 여행에서 일상의 활력을 얻습니다.,"오우주 씨는 일주일에 5번 이상 외식을 하며, 정갈한 산채비빔밥 같은 한식을 즐기다가도 갑자기 도미노피자나 맘스터치 버거 같은 기름진 패스트푸드로 입가심을 하는 식성을 보입니다.","오우주 씨는 아내와 자녀들이 함께 사는 단독주택에서 가장으로서 든든한 버팀목이 되려 노력하며, 가족들과 함께 외식 메뉴를 정하며 시끌벅적하게 대화를 나누는 시간을 소중히 여깁니다.","오우주 씨는 정선 지역 농민들의 가려운 곳을 긁어주는 능숙한 행정가이자, 쇼핑과 먹거리를 사랑하는 소탈하고 정 많은 40대 가장입니다.","정선아리랑시장의 북적이는 분위기 속에서 유년 시절을 보냈으며, 산골 마을 특유의 끈끈한 공동체 문화와 어르신들의 투박한 정서에 익숙한 환경에서 성장했습니다.","농업기술센터나 조합에서 복잡한 정부 보조금 신청 서류를 문해력이 낮은 어르신들의 눈높이에 맞춰 쉽게 풀어서 설명하고, 마을 간의 이해관계가 얽힌 교육 일정을 능숙하게 조율합니다.","['농업 교육 프로그램 운영 관리', '지역 맞춤형 행정 서류 작성', '농민 민원 응대 및 갈등 중재', '기초 엑셀을 활용한 명단 관리']","주말이면 아내와 함께 원주 AK플라자에서 최신 유행하는 옷과 잡화를 구경하며 스트레스를 풀고, 평소에는 집 마당 평상에 누워 유튜브로 예능 프로그램을 보며 시간을 보냅니다.","['원주 시내 쇼핑몰 나들이', '유튜브 예능 콘텐츠 시청', '정선강변 따라 걷기', '소액 스포츠 토토', '최신 트로트 메들리 감상']","현장의 농민들이 새로운 농법을 거부감 없이 받아들일 수 있도록 돕는 가교 역할을 충실히 수행하며, 지역 사회에서 신뢰받는 행정 전문가로 안착하는 것에 만족을 느낍니다.",남자,46,배우자있음,비현역,배우자·자녀와 거주,단독주택,2~3년제 전문대학,해당없음,교육 및 훈련 사무원,강원-정선군,강원,대한민국
8386244bf2c8410d8ebcf170935f83f5,김은정 씨는 해외 바이어들의 미묘한 표정 변화와 문화적 금기를 읽어내어 화학 제품의 딱딱한 기술 사양을 부드럽게 설득하는 해외 영업원입니다. 통관 지연이라는 돌발 상황이 터져도 당황하지 않고 물류팀과 빠르게 협의하며 현실적인 대안을 찾아내는 능숙함을 보여줍니다.,"김은정 씨는 헬스장 같은 격한 운동 시설보다는 기장의 한적한 해안가를 따라 천천히 걷는 산책을 즐깁니다. 주말에는 집 마당에 누워 아무것도 하지 않은 채 멍하니 하늘을 바라보며 신체적, 정신적 에너지를 충전하는 시간을 갖습니다.","김은정 씨는 대학원에서 인문학을 전공한 지식 기반을 바탕으로, 평일 밤마다 침대에 누워 네이버 웹툰의 최신 회차를 정주행하며 상상력을 채웁니다. 가끔은 노래방을 찾아가 최신 곡보다는 30대 초반의 감성이 묻어나는 발라드를 열창하며 내면의 우울함을 털어냅니다.","김은정 씨는 가족들과 함께 전국 각지의 유명한 노포를 찾아다니는 식도락 여행에 가장 큰 즐거움을 느낍니다. 단순히 유명한 곳이 아니라 현지인만 아는 숨은 맛집의 제철 음식을 맛보는 것에 집착하며, 여행 계획의 8할을 식당 리스트 짜는 데 할애합니다.","김은정 씨는 기장 시장의 정겨운 고깃집에서 두툼한 삼겹살을 구워 먹거나, 정갈하게 차려진 일식집의 사시미 정식으로 혼자만의 만찬을 매일같이 즐깁니다. 배달 음식의 인위적인 맛을 싫어해 웬만하면 직접 식당을 찾아가며, 계절마다 바뀌는 식재료의 미묘한 맛 차이를 음미하는 것을 좋아합니다.","김은정 씨는 법적으로는 배우자가 있지만 현재는 따로 떨어져 지내며 기장의 단독주택에서 홀로 고요한 일상을 보내고 있습니다. 가족과 함께하는 여행에서는 다정한 모습을 보이지만, 평소에는 각자의 영역을 존중하며 적당한 거리감을 유지하는 복잡한 관계 속에 있습니다.","김은정 씨는 인문학적 소양을 해외 영업에 접목한 전문성과 미식에 대한 집착, 그리고 홀로 지내는 고요한 삶이 공존하는 30대 여성입니다.","대학원에서 인문학을 전공하며 기른 깊은 사유의 습관과 부산 기장의 여유로운 풍경이 어우러져 있으며, 홀로 지내는 단독주택의 고요함 속에서 내면의 질서를 찾는 삶을 삽니다.","해외 바이어의 문화적 금기나 선호도를 세밀하게 읽어내어 화학 제품의 기술적 가치를 설득력 있게 전달하며, 예상치 못한 통관 문제나 물류 차질 앞에서도 당황하지 않고 현실적인 대안을 제시합니다.","['문화적 맥락 기반의 글로벌 협상력', '화학 제품 기술 제원 해석 및 전달', '해외 무역 실무 및 통관 프로세스 관리', '다양한 이해관계자 간의 갈등 중재']","주말이면 기장 시장 근처의 숨은 맛집을 찾아다니며 제철 식재료를 탐구하고, 평일 저녁에는 좋아하는 웹툰을 정주행하거나 정갈한 일식집에서 혼자만의 만찬을 즐기며 하루를 마무리합니다.","['전국 제철 음식 투어', '일식 오마카세 탐방', '웹툰 및 만화 정주행', '코인 노래방 스트레스 해소', '동네 골목 산책']","현재 담당하고 있는 해외 시장의 거래처들과의 신뢰 관계를 더욱 견고하게 다져 대체 불가능한 핵심 인력으로 인정받으며, 업무 효율을 극대화해 저녁이 있는 삶을 안정적으로 유지하는 것을 목표로 합니다.",여자,35,배우자있음,비현역,혼자 거주 (배우자 별거),단독주택,대학원,예술·인문,해외 영업원,부산-기장군,부산,대한민국
28aa65f7630f4148b21053fbf72c3ba7,"김종현 씨는 수원 권선구의 아파트 단지부터 구석진 빌라 시세까지 머릿속에 지도로 그려낼 만큼 해박하며, 전화 너머 고객의 작은 한숨 소리만으로도 불안함을 읽어내 차분하게 달래는 노련한 상담원입니다. 다만 업무 중 까다로운 민원인을 만나면 겉으로는 허허 웃어도 퇴근길까지 그 상황을 곱씹으며 마음을 졸이는 섬세하고 예민한 면이 있습니다.","김종현 씨는 주말마다 산악회 회원들과 함께 광교산의 흙길을 밟으며 땀을 흘리는 시간을 가장 아끼며, 정상에서 나누는 시원한 물 한 잔과 동료들과의 수다에서 살아있음을 느낍니다. 평일에는 권선구 집 근처 공원을 천천히 산책하며 생각에 잠기곤 하지만, 컨디션이 좋지 않은 날에는 소파에 누워 낮잠을 자며 체력을 보충합니다.","김종현 씨는 저녁 식사 후 거실 소파에 깊숙이 몸을 묻고 '6시 내고향'을 시청하며 전국의 정겨운 풍경과 사람 사는 이야기에 귀를 기울이는 소박한 취향을 가졌습니다. 수원이 논밭에서 도시로 변해가는 과정을 직접 겪어온 만큼, 오래된 골목길의 풍경이 담긴 사진이나 기록물에 깊은 애정을 느끼며 옛 추억을 회상합니다.","김종현 씨는 친목 단체 회원들과 무리 지어 전국의 명산을 찾아다니거나 탁 트인 바다와 숲의 풍경을 감상하는 여행을 즐깁니다. 낯선 곳을 혼자 탐험하기보다는 익숙한 사람들과 함께 정해진 일정에 따라 움직이는 안정적인 여행 방식을 고수하며, 여행지에서 찍은 단체 사진을 메신저로 공유하는 일에 큰 즐거움을 느낍니다.","김종현 씨는 보름에 한 번꼴로 아내와 함께 수원 갈비집에서 육즙 가득한 소갈비를 구워 먹으며 외식의 즐거움을 만끽하고, 평소에는 집에서 편하게 분식집 떡볶이와 바삭한 모둠 튀김을 배달시켜 먹는 소소한 식도락을 즐깁니다. 술은 전혀 입에 대지 않지만, 매콤한 양념의 분식 요리로 스트레스를 푸는 독특한 입맛을 가지고 있습니다.","김종현 씨는 함께 늙어가는 배우자에게 무뚝뚝하면서도 세심하게 배려하며, 가끔 방문하는 손주들이 사용하는 정체불명의 줄임말을 들으면 고개를 갸우뚱하면서도 내심 그 뜻이 궁금해 몰래 아내에게 물어보곤 합니다. 유교적인 예의와 격식을 중요하게 생각하여 집안 어른들께는 엄격한 편이지만, 정작 자식들에게는 마음이 약해 져서 쓴소리를 끝까지 하지 못하고 삼키는 다정한 아버지입니다.","김종현 씨는 수원 권선구의 지역 정보에 능통한 71세 부동산 전화 상담원으로, 성실함과 공감 능력을 갖췄으나 건강 관리와 예민한 성격 사이에서 갈등하는 평범하고 따뜻한 할아버지입니다.","수원이 급격히 도시화되는 과정을 온몸으로 겪으며 권선구의 골목길 하나하나에 얽힌 기억을 가지고 있습니다. 예의와 격식을 중요하게 여기며, 손주들이 쓰는 줄임말을 들을 때면 헛웃음이 나면서도 내심 그 의미를 궁금해합니다.",상대방의 숨소리만으로도 불안함을 읽어내어 차분하게 안심시키는 전화 응대 능력이 탁월합니다. 권선구 일대의 아파트 단지와 빌라 시세를 꿰고 있어 복잡한 매물 문의에도 막힘없이 답변합니다.,"['수원 권선구 지역 부동산 시세 분석', '민원인 심리 안정화 상담', '꼼꼼한 고객 관리 대장 작성', '행정 서류의 정확한 검토']","주말이면 산악회 회원들과 광교산의 맑은 공기를 마시며 정상을 향해 천천히 발을 옮깁니다. 저녁에는 거실 소파에 기대어 '6시 내고향'을 시청하며, 일주일에 두세 번 배달시키는 매콤한 떡볶이와 튀김으로 소소한 즐거움을 찾습니다.","['광교산 등산 및 풍경 감상', '6시 내고향 시청', '동네 분식집 배달 메뉴 탐방', '권선구 주택가 산책']",건강이 허락하는 한 지금의 상담원 일을 계속하며 매달 받는 월급으로 아내와 함께 맛있는 것을 먹으러 다니는 소소한 일상을 유지하고 싶어 합니다. 동료들에게는 까다로운 고객을 능숙하게 다루는 믿음직한 선배로 남길 바랍니다.,남자,71,배우자있음,비현역,배우자와 거주,아파트,고등학교,해당없음,전화 상담원,경기-수원시 권선구,경기,대한민국
bd444534335141a2b1da6c1dcdfbef3d,"김민경 씨는 일산과 파주, 김포를 잇는 경기 서북권의 복잡한 도로망과 시간대별 정체 구간을 손바닥 보듯 꿰고 있어 최단 경로를 빠르게 찾아냅니다. 김민경 씨는 적재함 공간을 밀리미터 단위로 계산해 물건을 빈틈없이 배치하는 정교함을 갖췄으며, 거친 현장 담당자들과도 금세 친해지면서 할 말은 정확히 하는 능숙한 소통법을 구사합니다.","김민경 씨는 거창한 운동보다는 주말에 가족들과 함께 일산 호수공원의 정돈된 산책로를 천천히 걸으며 가벼운 움직임으로 몸을 풉니다. 김민경 씨는 체중 관리가 필요하다는 생각에 가끔 헬스장 회원권을 결제하지만, 퇴근 후 배달 앱의 유혹에 굴복해 운동을 거르는 날이 더 많습니다.","김민경 씨는 일산 시내의 단골 네일 숍을 정기적으로 방문해 계절에 맞는 화려한 파츠와 아트 디자인으로 손끝을 꾸미며 기분을 전환합니다. 김민경 씨는 퇴근 후 거실 소파에 기대어 최신 유행하는 예능 프로그램을 시청하며, 출연자들의 입담과 자막의 재치에 깔깔거리며 스트레스를 해소합니다.",김민경 씨는 주말이면 마음 맞는 친구들과 함께 전국의 이름난 노포나 숨겨진 맛집을 찾아다니는 식도락 여행에 몰두합니다. 김민경 씨는 유명 관광지의 랜드마크를 방문하는 일보다는 골목 깊숙이 자리 잡은 낡은 식당에서 그 지역만의 투박한 제철 음식을 맛보는 과정에 더 큰 희열을 느낍니다.,"김민경 씨는 평일 저녁마다 배달 앱으로 매콤한 마라탕이나 닭발을 주문해 먹으며 하루의 피로를 씻어내고, 배달 등급을 높이는 것에 묘한 성취감을 느낍니다. 김민경 씨는 2주에 한 번 정도 갖는 외식 시간에는 육즙이 가득한 한우 전문점이나 분위기 좋은 이탈리안 레스토랑을 선택해 미각적인 만족감을 채웁니다.","김민경 씨는 일산의 계획된 교육 환경 속에서 아이를 키우며, 주변 학원가 정보에 민감하게 반응하고 꼼꼼하게 챙기는 어머니입니다. 김민경 씨는 가족과 함께하는 안락한 집을 소중히 여기면서도, 가끔은 친구들과의 수다 시간을 통해 누군가의 아내나 엄마가 아닌 '김민경'이라는 개인의 정체성을 확인받고 싶어 합니다.","김민경 씨는 경기 서북권 도로망을 꿰뚫는 베테랑 운전원이자, 식도락과 자기관리 사이에서 삶의 활력을 찾는 일산의 30대 워킹맘입니다.","일산 호수공원의 정돈된 거리 풍경과 계획도시 특유의 편리함 속에 삶의 터전을 잡았으며, 고등학교 졸업 후 빠르게 사회 전선에 뛰어들어 현장에서 몸으로 부딪치며 성장해온 자부심이 있습니다. 30대 후반의 육아맘으로서 아이의 교육 환경에 민감하면서도, 퇴근 후에는 가로수길의 세련된 카페에서 친구들과 수다를 떨며 개인의 정체성을 유지하려 노력합니다.","일산과 파주, 김포를 잇는 경기 서북권의 복잡한 도로망과 시간대별 정체 구간을 꿰고 있어 최단 경로를 찾아내는 능력이 탁월합니다. 적재함의 공간을 밀리미터 단위로 계산해 물건을 효율적으로 배치하는 정교함을 갖췄으며, 다양한 성격의 거래처 담당자들과 빠르게 유대감을 형성하면서도 업무적 요구사항은 명확하게 전달하는 소통 기술이 능숙합니다.","['경기 서북권 도로 최적 경로 설계', '승합차 적재 공간 효율화 및 배치', '물류 운송 시간 관리 및 스케줄링', 'B2B 거래처 관계 관리 및 협상']","주말이면 친구들과 함께 전국의 이름난 노포나 숨은 맛집을 찾아다니는 식도락 여행에 몰두하며, 평일 저녁에는 배달 앱으로 마라탕이나 닭발을 주문해 먹으며 밀린 예능 프로그램을 시청하는 시간을 가장 아낍니다. 정기적으로 일산 시내의 네일 숍을 방문해 화려한 아트 디자인으로 기분을 전환하며 스스로에게 보상을 줍니다.","['전국 지역별 노포 맛집 지도 만들기', '최신 뷰티 트렌드 네일 아트 관리', '배달 앱 신메뉴 섭렵 및 리뷰 작성', '가족 및 친구들과의 실시간 정보 공유 단톡방 운영']","현재의 운송 효율성을 극대화한 데이터를 바탕으로 소규모 운송 팀을 직접 운영하는 관리자로 성장하거나, 자신만의 물류 유통 경로를 확보한 개인 사업자로 독립하여 경제적 자유를 공고히 하고 싶어 합니다.",여자,37,배우자있음,비현역,배우자·자녀와 거주,아파트,고등학교,해당없음,승용차 및 승합차 운전원,경기-고양시 일산서구,경기,대한민국
766224c2c1dd49dda886d82e67b917f9,이금자 씨는 관악구 복지관에서 아이들에게 옛날이야기를 들려주고 소소한 간식을 나눠주며 삶의 보람을 찾는 봉사자로 활동합니다. 평생 살림을 도맡아 온 덕분에 제철 나물을 무치고 된장찌개를 끓이는 솜씨는 동네에서도 정평이 나 있습니다.,이금자 씨는 관악산 둘레길의 완만한 산책로를 천천히 걸으며 계절에 따라 변하는 나무와 꽃의 색깔을 세밀하게 관찰합니다. 무릎에 무리가 가지 않는 선에서 매일 일정 거리를 꾸준히 걷는 것으로 일상의 활력을 유지합니다.,이금자 씨는 스마트폰으로 임영웅의 노래 영상을 찾아보며 마음의 위로를 얻고 가사를 나직이 따라 부릅니다. 거실 소파에 앉아 TV 프로그램을 시청하며 좋아하는 가수의 무대 영상을 반복해서 재생하는 시간을 소중히 여깁니다.,이금자 씨는 동네 친목 모임 회원들과 함께 버스를 타고 전국의 유명한 산이나 강을 찾아다니며 자연 풍경을 감상합니다. 초록빛 나무와 맑은 물이 있는 조용한 곳에서 지인들과 잡담을 나누며 여행의 즐거움을 느낍니다.,이금자 씨는 구수한 된장찌개와 쌉싸름한 나물 무침으로 정갈한 한식 상차림을 차려내는 손맛이 매우 뛰어납니다. 오후 시간에는 집 근처 빵집에서 갓 구운 단팥빵을 사 와 따뜻한 차와 함께 곁들이는 여유를 즐깁니다.,"이금자 씨는 사별 후 자녀들과 함께 아파트에 거주하며 가족의 화목을 삶의 가장 큰 가치로 여기고 헌신합니다. 자식들의 옷가지를 챙기는 세심함을 보이지만, 때로는 자신의 서운함을 분명하게 표현하며 관계의 균형을 맞춥니다.","이금자 씨는 관악구에서 자녀들과 화목하게 거주하며, 봉사와 산책 그리고 임영웅의 노래로 소박하고 평온한 노후를 보내는 76세 어르신입니다.","관악구의 가파른 언덕길이 아파트 단지로 변하는 과정을 지켜보며 평생을 살아왔습니다. 초등학교 졸업 후 일찍이 가정을 꾸려 자식들을 뒷바라지하며 헌신했던 세대의 정서를 간직하고 있으며, 가족의 화목을 삶의 가장 큰 가치로 여깁니다.","제철 나물을 무치고 구수한 된장찌개를 끓여내는 손맛이 좋아 동네 지인들 사이에서 요리 솜씨로 정평이 나 있습니다. 집안 곳곳의 묵은 때를 말끔히 닦아내는 살림 솜씨는 뛰어나지만, 정작 본인의 옷가지나 서랍 속 물건들은 조금씩 흐트러진 채로 두는 편입니다.","['제철 나물 무침', '구수한 된장찌개 끓이기', '집안 묵은 때 제거하기', '자녀를 위한 밑반찬 만들기']","관악산 둘레길의 완만한 산책로를 천천히 걸으며 계절마다 바뀌는 꽃과 나무의 색깔을 관찰하는 시간을 소중히 여깁니다. 스마트폰으로 임영웅의 노래 영상을 찾아보며 위로를 얻고, 주말이면 집 근처 빵집에서 갓 구운 단팥빵을 사서 따뜻한 차와 함께 즐깁니다.","['관악산 둘레길 산책', '유튜브 임영웅 영상 시청', '동네 빵집 단팥빵 맛집 탐방', '복지관 친구들과의 전화 수다']","거창한 성취보다는 동네 복지관에서 아이들에게 옛날이야기를 들려주거나 간단한 간식을 나눠주는 소소한 봉사 활동을 통해 사회적 보람을 찾고자 합니다. 자녀들과 큰 다툼 없이 화목하게 지내며, 고혈압 관리를 통해 건강한 노후를 유지하는 것에 집중하고 있습니다.",여자,76,사별,비현역,자녀와 거주 (한부모),아파트,초등학교,해당없음,무직,서울-관악구,서울,대한민국
d8db2b4d4b504654a3987885a76dfb5d,"김옥순 씨는 정식 직업은 없지만 곡성군 인근 마을에서 소문난 장 담그기 명인으로, 마당 가득 놓인 장독대를 매일같이 정성껏 닦아내며 집안 살림을 책임집니다. 흙과 바람의 결을 읽어내는 감각으로 마당 구석구석 심은 모종들이 언제 꽃을 피울지 정확히 짚어내는 남다른 원예 솜씨를 지녔습니다.","김옥순 씨는 뙤약볕 아래서 모종을 심고 잡초를 뽑는 원예 활동으로 몸을 움직이며, 동네 친구들과 함께 흙길을 걷는 산책으로 하루의 활력을 찾습니다. 격렬한 운동 대신 읍내 목욕탕의 뜨끈한 물에 몸을 지지며 근육의 긴장을 푸는 시간을 가장 기다립니다.","김옥순 씨는 거실 소파에 깊숙이 기대어 임영웅이나 이찬원 같은 트로트 가수의 무대를 넋 놓고 감상하며 삶의 애환을 달랩니다. 글자를 읽지 못해 노래 가사를 정확히 알 수는 없지만, 가수의 목소리에 담긴 한과 흥을 몸소 느끼며 발끝으로 박자를 맞추는 나름의 즐거움을 누립니다.",김옥순 씨는 친목 모임 친구들과 함께 버스를 타고 인근의 푸른 산과 들판을 찾아가 자연풍경을 감상하며 세월의 무상함을 나눕니다. 화려한 관광지보다는 바람 냄새가 물씬 풍기는 숲길이나 잔잔한 물가가 흐르는 시골 풍경 속에서 마음의 평온을 얻습니다.,"김옥순 씨는 대대로 내려오는 비법으로 진한 된장과 고추장을 직접 담그며, 가끔 손주들과 함께 외식하러 나가면 일식집의 뜨끈하고 시원한 우동 국물을 즐깁니다. 일주일에 한 번은 자식들이 시켜주는 배달 음식의 낯선 맛을 경험하며, 고기보다는 나물 중심의 소박한 한식 상차림으로 식사를 해결합니다.","김옥순 씨는 사별한 남편의 빈자리를 자식과 손주들에 대한 지극한 사랑으로 채우며, 3세대가 함께 어우러진 집안의 든든한 버팀목 역할을 합니다. 손주들이 제 몫을 다하는 성인으로 성장하는 과정을 곁에서 지켜보는 것에 가장 큰 보람을 느끼며, 가끔은 무뚝뚝하게 굴면서도 내심 그들을 끔찍이 아낍니다.","김옥순 씨는 전남 곡성의 흙냄새와 함께 살아온 88세의 어르신으로, 문맹의 서글픔을 강인한 생활력과 가족에 대한 사랑으로 승화시키며 소박한 일상을 가꾸는 분입니다.","곡성읍 장날의 북적임 속에서 평생을 보내며, 글자보다는 흙의 냄새와 바람의 결로 세상을 배운 세월이 몸에 배어 있습니다. 전쟁 직후의 배고픔을 견뎌내고 자식들을 키워낸 강인함이 있지만, 가끔은 읽지 못하는 약 봉투의 글자 앞에서 작아지는 서글픔을 품고 삽니다.","마당 구석구석에 심은 모종들이 어느 때쯤 꽃을 피울지 정확히 짚어내며, 뙤약볕 아래서도 묵묵히 장독대를 닦아내는 성실함이 있습니다. 특히 집안 대대로 내려오는 방식의 진한 된장과 고추장을 담그는 솜씨는 인근 마을에서도 알아줄 정도입니다.","['제철 나물 무침과 조리', '전통 된장 및 고추장 담그기', '텃밭 작물 재배 및 병충해 관리', '3세대 가족 식단 구성']","동네 친구들과 함께 읍내 목욕탕에서 뜨거운 물에 몸을 녹이며 소소한 마을 이야기를 나누는 시간을 가장 기다립니다. 가끔 손주들의 손을 잡고 외식하러 나가면 일식집의 시원한 우동 국물 맛을 즐기며, 평소에는 거실 소파에 기대어 TV 속 트로트 가수의 무대를 넋 놓고 감상합니다.","['읍내 목욕탕 방문', '트로트 프로그램 시청', '마당 꽃밭 가꾸기', '일식 우동 맛집 탐방', '오후 낮잠 자기']","손주들이 제 몫을 다하는 성인으로 성장하는 과정을 곁에서 지켜보며 집안의 어른으로서 중심을 잡는 것에 큰 보람을 느낍니다. 매일 아침 혈압약을 잊지 않고 챙겨 먹으며, 무리하지 않는 선에서 동네 친구들과 함께 근교 산책길을 걷는 건강한 일상을 유지하는 것이 현재의 가장 큰 목표입니다.",여자,88,사별,비현역,기타3세대,단독주택,무학,해당없음,무직,전라남-곡성군,전라남,대한민국
24074b2fcf604daeab72d55f98eb7f2f,윤종원 씨는 소규모 기계 부품 공장에서 엑셀의 복잡한 수식을 활용해 원가 관리와 급여 계산을 오차 없이 처리하며 대표님의 절대적인 신뢰를 받는 살림꾼입니다. 현재의 안정적인 관계를 유지하면서도 직업적 불안감을 덜기 위해 퇴근 후 틈틈이 전산회계 1급 자격증 취득을 준비하는 성실한 직장인입니다.,"윤종원 씨는 주말 오후가 되면 대전 갑천변을 따라 느릿하게 걸으며 복잡한 머릿속을 비우고, 일요일에는 거실 소파에 깊게 파묻혀 낮잠을 자는 것으로 일주일의 피로를 씻어냅니다. 땀 흘리는 격렬한 운동보다는 정적인 산책과 충분한 휴식을 통해 심리적인 안정감을 되찾는 편입니다.",윤종원 씨는 퇴근길 이어폰을 통해 들려오는 김동률의 묵직한 저음과 서정적인 멜로디에 몸을 맡기며 하루의 긴장을 완화하는 시간을 즐깁니다. 화려한 예술 작품을 감상하는 것보다 익숙한 노래 가사에 자신의 감정을 투영하며 혼자만의 생각에 잠기는 정적인 활동에서 위안을 얻습니다.,윤종원 씨는 부모님을 모시고 전국 곳곳의 오래된 노포를 찾아다니며 그 지역만의 색깔이 묻어나는 한정식을 맛보는 식도락 여행에 큰 가치를 둡니다. 유명 관광지의 랜드마크를 방문하기보다 육즙이 풍부한 돼지갈비 집처럼 입소문 난 숨은 맛집의 정취를 느끼는 여행을 선호합니다.,윤종원 씨는 일주일에 두세 번 부모님과 함께 숯불 향 가득한 돼지갈비나 정갈한 한식당을 찾아 가족 식사를 하며 행복을 느낍니다. 가끔 기분 전환이 필요할 때는 도미노 피자나 맘스터치 버거 같은 기름진 음식으로 입맛을 돋우며 소소한 일탈을 즐깁니다.,"윤종원 씨는 대전 서구의 아파트에서 부모님과 함께 지내며 매주 함께 식사하고 일상을 공유하는 화목한 관계를 유지하고 있습니다. 부모님의 다정한 잔소리를 묵묵히 들어주는 배려심 깊은 아들이지만, 서른 중반이 넘도록 독립하지 못한 자신의 처지에 대해 가끔 쓸쓸한 마음을 품습니다.","윤종원 씨는 대전의 기계 공장에서 꼼꼼하게 살림을 책임지는 경리 사무원이자, 가족과 함께하는 맛집 탐방과 김동률의 음악으로 마음을 달래는 평범하고 다정한 서른여섯 살의 청년입니다.","대전 서구의 아파트에서 부모님과 함께 지내며, 주말이면 갑천변을 따라 느릿하게 걷는 일상에 익숙합니다. 전문대 졸업 후 곧바로 취업 전선에 뛰어들어 성실함을 인정받았지만, 서른 중반이 넘도록 독립하지 못한 상황에 대해 가끔 묘한 부채감을 느낍니다.","소규모 기계 부품 공장의 살림꾼으로서 세금계산서 발행부터 원가 관리, 현장 직원들의 급여 계산까지 오차 없이 처리합니다. 엑셀의 복잡한 수식을 활용해 매달 반복되는 지출 내역을 체계적으로 정리하며, 꼼꼼한 성격 덕분에 세무 조사 때마다 회사 대표의 두터운 신임을 받습니다.","['부가세 신고 및 원천세 처리', '엑셀 기반의 지출 결의서 자동화', '제조업 원가 계산 및 재고 관리', '사내 급여 및 4대 보험 관리']","퇴근 후 집 근처 공원에서 좋아하는 김동률의 노래를 들으며 멍하게 걷거나, 일요일 오후 거실 소파에서 깊은 낮잠을 자며 에너지를 충전합니다. 부모님을 모시고 전국의 유명한 노포 맛집을 찾아다니며, 특히 육즙이 풍부한 돼지갈비나 지역 특색이 담긴 한정식을 맛보는 시간에서 큰 행복을 느낍니다.","['갑천변 야간 산책', '김동률과 같은 감성 발라드 감상', '전국 노포 돼지갈비 맛집 탐방', '오후 시간의 짧은 낮잠']","지금의 직무에서 실수 없이 완벽하게 일을 처리하는 상태를 유지하며, 마음의 짐을 덜어줄 전산회계 1급 자격증을 취득해 직업적 안정감을 더하고 싶어 합니다. 갑작스러운 이직이나 승진보다는 현재의 인간관계를 해치지 않으면서도 스트레스 없이 다닐 수 있는 직장 생활을 꿈꿉니다.",남자,36,미혼,비현역,부모와 동거,아파트,2~3년제 전문대학,해당없음,경리 사무원,대전-서구,대전,대한민국
1e0a2b8d0eb945c480b9e266c525c14e,"김종현 씨는 출판사 사옥의 구석구석과 입주 직원들의 까다로운 성격까지 꿰고 있으며, 화가 난 민원인에게 능글맞은 농담을 던져 분위기를 바꾸는 현장의 해결사입니다. 가끔은 꼼꼼한 보고서 작성을 귀찮아해 메모를 대충 남기는 버릇이 있지만, 특유의 넉살로 상황을 유연하게 넘기며 일자리를 지켜내고 있습니다.","김종현 씨는 주말 아침이면 낡은 등산화를 신고 수락산 바위 능선을 오르며 땀을 쏟아내고, 주민센터 배드민턴 교실에서는 셔틀콕을 주고받으며 동네 친구들과 시끌벅적하게 웃고 떠듭니다. 가끔은 의욕이 앞서 무리하게 스매싱을 날리다 중심을 잃고 엉덩방아를 찧기도 하지만 금방 툭툭 털고 일어납니다.",김종현 씨는 퇴근 후 거실 소파에 기대어 임영웅의 노래 영상이나 자극적인 시사 유튜브 채널을 보며 세상 돌아가는 이야기를 곱씹는 시간이 가장 편안합니다. 가끔은 노래 가사에 깊이 몰입해 혼자 콧노래를 흥얼거리다가 아내에게 핀잔을 듣기도 합니다.,"김종현 씨는 1년에 한두 번, 아내와 어머니를 모시고 지역 꽃축제나 먹거리 장터 같은 북적이는 행사장으로 나들이를 떠나 가족사진을 남기는 것에 큰 보람을 느낍니다. 계획을 촘촘하게 짜기보다 그날그날 끌리는 대로 발길 닿는 곳에 들어가는 즉흥적인 여행 방식을 고수합니다.","김종현 씨는 일주일에 한 번 가족들과 함께 동네 청국장 집이나 보리밥집에서 소박한 한 끼를 나누고, 가끔은 단골 주점에서 파전과 막걸리를 곁들이며 하루의 피로를 풉니다. 2주에 한 번 정도는 아내의 권유로 배달 앱을 통해 족발이나 찜닭을 시켜 먹으며 특별한 기분을 냅니다.","김종현 씨는 중학교 졸업 후 곧바로 돈을 벌어 가족을 먹여 살려온 세월 탓에, 무뚝뚝하면서도 연로하신 어머니의 약 시간을 챙기고 아내의 투정을 다 받아주는 든든한 버팀목 역할을 자처합니다. 때로는 가장으로서의 무게감이 버거워 혼자 베란다에서 깊은 한숨을 내쉬기도 하지만, 가족들이 웃는 모습에 다시금 힘을 얻습니다.","김종현 씨는 노원구에서 경비원으로 일하며 가족을 부양하는 책임감 강한 가장이자, 수락산 등산과 배드민턴으로 활력을 찾는 60대 남성입니다.","중학교 졸업 후 곧바로 생업에 뛰어들어 가족을 부양해온 세대의 책임감이 몸에 배어 있으며, 현재는 노원구의 오래된 아파트 단지에서 연로하신 어머니와 아내를 모시며 집안의 실질적인 가장 역할을 하고 있습니다.","출판사 사옥의 경비원으로 근무하며 입주사 직원들의 성향과 건물 내부의 복잡한 동선을 꿰고 있으며, 특유의 넉살로 까다로운 민원인의 불만을 유연하게 잠재우는 현장 조율 능력이 탁월합니다.","['입주사 인원 및 차량 출입 관리', '건물 내 소방 및 안전 시설 점검', '민원인 응대 및 갈등 중재', '단지 내 간단한 시설 보수 및 관리']","주말이면 수락산 등산로를 오르며 땀을 흘리고, 동네 주민센터 배드민턴 교실에서 사람들과 셔틀콕을 주고받으며 활력을 얻습니다. 퇴근 후에는 유튜브로 최신 트로트 영상이나 시사 채널을 보며 하루를 마무리합니다.","['수락산 등산 및 숲길 산책', '주민센터 배드민턴 동호회 활동', '유튜브 시사 및 트로트 영상 시청', '가족과 함께하는 지역 축제 나들이', '동네 단골 주점에서 즐기는 가벼운 반주']","갑작스러운 건강 악화 없이 지금의 일자리를 최대한 오래 유지하며, 매달 조금씩 저축해 아내와 어머니가 마음 편히 쉴 수 있는 온전한 내 집을 마련하는 소박한 목표를 가지고 있습니다.",남자,60,배우자있음,비현역,배우자·편부모와 거주,아파트,중학교,해당없음,건물 경비원,서울-노원구,서울,대한민국
83502829b66f4d379d36fe768d8df3da,"김규태 씨는 복잡하게 얽힌 통신 랙의 케이블 뭉치를 보고도 단번에 배선 오류 지점을 찾아내는 현장의 베테랑이며, 매뉴얼보다는 기계의 미세한 소음과 신호 패턴만으로 고장 부위를 짚어내는 경험적 직관을 믿습니다. 관리직으로 올라가 무거운 책임을 지는 일보다는 지금처럼 전용 툴을 손에 쥐고 현장에서 묵묵히 제 몫을 다하며 정년까지 무탈하게 다니는 삶을 지향합니다.","김규태 씨는 주말이면 동네 주민들과 배드민턴 라켓을 휘두르며 땀을 흘리고, 혈당 관리를 위해 억지로 시작한 산책길에서 수정구의 작은 가게들을 구경하며 느릿하게 발걸음을 옮깁니다. 가끔은 의욕이 바닥나 주말 내내 침대와 한 몸이 되어 낮잠만 자기도 하지만, 한 번 몸을 움직이기 시작하면 줄넘기를 하며 머릿속의 잡생각을 털어내곤 합니다.","김규태 씨는 잠들기 전 침대에 누워 스마트폰으로 일본 만화 앱을 넘겨보며 현실의 피로를 잊고, 낚시 유튜브 영상을 보며 가상의 물결에 마음을 누이는 정적인 휴식을 즐깁니다. 화려한 전시회나 공연보다는 만화 속 단순한 이야기나 낚싯대를 드리운 채 멍하게 바라보는 정지된 화면 속에서 더 큰 정서적 해방감을 느낍니다.","김규태 씨는 아내와 함께 복잡한 일정 없이 그저 푹 쉴 수 있는 조용한 리조트나 숲속 펜션으로 여행을 떠나, 아무것도 하지 않고 누워 있는 완전한 휴식을 최고의 여행으로 칩니다. 유명 관광지를 찾아다니는 강행군보다는 가족과 함께 맛있는 음식을 먹고 낮잠을 자는 느긋한 일정 속에서 삶의 에너지를 충전합니다.","김규태 씨는 일주일에 한 번 아내와 함께 수정구 단골 고깃집에서 지글거리는 삼겹살에 소주 한 잔을 곁들이며 일주일의 스트레스를 씻어냅니다. 가끔은 깔끔한 초밥이나 사시미가 나오는 일식집을 찾아 정갈한 한 끼를 즐기며, 한 달에 한 번 정도만 배달 앱으로 간편하게 끼니를 해결합니다.","김규태 씨는 수정구의 아파트에서 아내와 단출하게 생활하며, 서로의 영역을 존중하는 무던한 관계 속에서 큰 갈등 없이 평온한 일상을 공유합니다. 특별한 이벤트보다는 주말에 함께 동네 찜질방에 가거나 근처 산책로를 걷는 소소한 습관을 통해 가족 간의 유대감을 확인하는 안정적인 가정생활을 꾸려갑니다.","김규태 씨는 성남 수정구에서 통신장비 기사로 일하며, 안정적인 삶과 소소한 휴식, 그리고 낚시와 만화라는 자기만의 도피처를 가진 무던한 40대 가장입니다.","성남 수정구의 아파트 단지에서 아내와 함께 생활하며, 주말이면 동네 단골 고깃집에서 식사를 하고 집 근처 찜질방에서 땀을 빼며 일주일의 피로를 풉니다. 40대 특유의 무던함이 배어 있으며, 최근 공복 혈당 수치가 높게 나오면서 억지로라도 동네 산책길을 걷기 시작해 주변 골목길의 작은 가게들에 익숙해졌습니다.","복잡하게 얽힌 통신 랙의 케이블 배선 오류를 눈썰미 하나로 빠르게 찾아내고, 전용 툴을 사용해 현장에서 즉각적으로 단자를 수정하는 능숙함이 있습니다. 도면을 분석하는 일보다 몸으로 익힌 경험치가 많아, 장비가 내는 미세한 소음이나 신호 패턴만 보고도 어느 지점에서 문제가 생겼는지 짚어냅니다.","['통신 케이블 성단 및 포설', '네트워크 스위치 설정 및 점검', '광케이블 융착 접속', '통신 장비 유지보수 및 트러블슈팅']","조용한 저녁 시간엔 침대에 누워 스마트폰으로 일본 만화 앱을 보거나 낚시 유튜브 영상을 시청하며 시간을 보냅니다. 낚싯대를 드리우고 멍하게 물결을 바라보는 시간에서 가장 큰 해방감을 느끼며, 가끔은 의욕이 지나치게 낮아져 주말 내내 낮잠만 자며 시간을 허비하기도 합니다.","['민물 낚시', '일본 만화 감상', '배드민턴', '동네 사우나 방문', '낚시 관련 영상 시청']","갑작스러운 승진이나 책임감이 무거운 관리직으로의 전환보다는, 지금처럼 현장에서 실무 능력을 인정받으며 큰 풍파 없이 정년까지 안정적으로 다니는 삶을 지향합니다. 가끔은 최신 장비 매뉴얼을 훑어보며 조금 더 편하게 일할 수 있는 효율적인 작업 동선을 고민하곤 합니다.",남자,40,배우자있음,비현역,배우자와 거주,아파트,4년제 대학교,공학·제조·건설,통신장비 기사,경기-성남시 수정구,경기,대한민국
668b613a9e4448b0bfc11171603dc942,"이복례 씨는 수십 년간 가계부를 꼼꼼히 기록하며 가족의 생계를 책임져온 살림의 고수이자 가정 경영 전문가입니다. 자녀들을 훌륭히 키워낸 자부심이 크지만, 가끔은 자신의 이름으로 된 직함 하나 없이 살아온 세월에 대해 묘한 허전함을 느낍니다.",이복례 씨는 숨 가쁜 운동보다는 금호강변의 흙길을 천천히 걷는 일상의 움직임으로 건강을 관리합니다. 걷기 운동을 마친 후 사우나에서 멍하니 천장을 바라보며 일주일의 피로를 씻어내는 정적인 휴식을 최고의 보상으로 생각합니다.,"이복례 씨는 저녁마다 유튜브로 임영웅의 무대 영상을 반복해서 보며 위로를 얻고, 라디오에서 흘러나오는 타인의 사연에 귀 기울이며 함께 울고 웃습니다. 최신 영화의 빠른 전개보다는 익숙한 가락이 흐르는 옛날 노래나 정겨운 라디오 진행자의 목소리에 더 깊이 몰입합니다.",이복례 씨는 먼 곳으로 떠나는 여행보다는 가족과 함께 도심 속 백화점을 구경하며 예쁜 소품을 고르는 쇼핑 나들이를 여행처럼 즐깁니다. 낯선 장소를 탐색하는 모험보다는 이미 검증된 맛집과 상점을 방문해 익숙한 편안함을 느끼는 경로를 선호합니다.,"이복례 씨는 제철 나물을 무치고 정갈한 돼지갈비찜을 올리는 집밥에 자신감이 있지만, 주 4회 이상은 자녀와 함께 동네 김밥집이나 고깃집에서 외식을 하며 소소한 대화를 나눕니다. 배달 음식은 번거롭고 자극적이라 생각해서 한 달에 한 번 정도만 특별한 기분으로 주문해 먹습니다.","이복례 씨는 사별 후 홀로 자녀를 키워내며 다져진 강인함이 있지만, 자녀 앞에서는 여전히 세심하고 다정한 어머니의 모습을 유지합니다. 자녀들이 독립한 뒤에도 서로의 삶을 침범하지 않으면서 적당한 거리에서 정서적으로 의지하는 단단한 유대감을 유지하기 위해 노력합니다.","이복례 씨는 대구 북구에서 자녀와 함께 살며 금호강변 산책과 트로트 감상으로 일상의 행복을 찾는, 겉은 무뚝뚝해도 속은 한없이 깊은 어머니입니다.","대구 북구에서 나고 자라며 지역 특유의 무뚝뚝하지만 속 깊은 정서에 익숙하며, 홀로 자녀를 키워내며 다져진 강인함과 유연함을 동시에 갖추고 있습니다. 아파트 단지 내 소규모 모임에서 조용히 중심을 잡으며 주변 이웃들의 고민을 묵묵히 들어주는 편안한 어른으로 통합니다.","수십 년간 가계를 꾸려오며 체득한 알뜰한 살림 솜씨와 더불어, 가족들의 입맛에 맞춘 정갈한 고기 요리를 상에 올리는 데 능숙합니다. 특히 제철 식재료를 활용해 자극적이지 않으면서도 깊은 맛을 내는 집밥 조리법에 자신감이 있습니다.","['가계부 기반의 효율적인 생활비 관리', '명절 및 제사 음식 준비와 상차림', '지역 전통시장 식재료 선별 및 구매', '가족 구성원의 건강 상태를 고려한 식단 구성']","주말이면 자녀의 손을 잡고 롯데백화점 대구점에서 최신 유행하는 옷과 소품을 구경하며 시간을 보내고, 동네 단골 사우나에서 따뜻한 물에 몸을 녹이며 일주일의 피로를 풉니다. 저녁에는 유튜브로 최신 트로트 무대 영상을 찾아보거나 라디오 사연을 들으며 하루를 마무리합니다.","['동네 단골 사우나 방문 및 반신욕', '자녀와 함께하는 백화점 쇼핑과 외식', '유튜브 트로트 공연 영상 시청', '라디오 프로그램 청취 및 사연 공감', '지역 영화관에서 최신 상영작 관람']",거창한 성취보다는 금호강변을 매일 걸으며 공복혈당 수치를 안정적으로 유지하는 건강한 일상을 유지하는 것에 집중하고 있습니다. 자녀들이 독립한 후에도 서로 부담을 주지 않으면서 정서적으로 의지할 수 있는 단단한 관계를 유지하는 것이 가장 큰 바람입니다.,여자,57,사별,비현역,자녀와 거주 (한부모),아파트,고등학교,해당없음,무직,대구-북구,대구,대한민국
4c292ba59e3f4aaf82ea4f0e40bf129c,"강영자 씨는 동네 친목회 회장으로서 회원들의 입맛과 예산을 완벽하게 맞춘 식당 리스트를 꿰고 있으며, 십 원 단위까지 정확하게 정산하는 철저함으로 모임 내에서 절대적인 신뢰를 받습니다.","강영자 씨는 베란다의 작은 화분들을 정성껏 가꾸며 흙을 만지는 시간으로 마음의 평온을 얻고, 무릎 상태에 맞춰 천천히 진관사 숲길을 산책하는 일과를 거르지 않습니다.","강영자 씨는 거실 소파에 앉아 임영웅이 나오는 TV 프로그램을 시청하며 스트레스를 풀고, 동네 친구들과 함께 지역 축제의 화려한 공연을 구경하는 시간을 가장 기다립니다.","강영자 씨는 친목 모임 회원들과 함께 버스를 대절해 전국의 유명한 지역 축제를 찾아다니며, 방문할 곳의 동선과 시간표를 꼼꼼하게 짠 안내 책자를 직접 만들어 배포합니다.","강영자 씨는 일주일에 한 번 친구들과 함께 지글지글 익는 돼지갈비를 먹으며 수다를 떨고, 주말이면 동네 빵집에서 갓 구운 단팥빵과 크림빵을 잔뜩 사서 이웃들에게 나누어 줍니다.","강영자 씨는 사별 후 자녀들과 함께 아파트에서 지내며, 초등학교만 졸업하고도 억척스럽게 가족을 뒷바라지해온 지난 세월을 훈장처럼 여기며 자부심을 느낍니다.","강영자 씨는 은평구에서 잔뼈가 굵은 살림의 고수이자, 꼼꼼한 추진력으로 모임을 이끄는 당찬 70대 할머니입니다.",은평구의 오래된 동네에서 오랫동안 거주하며 이웃 간의 정과 질서를 중시하는 생활 방식을 익혔습니다. 배움의 기회가 적었던 어린 시절을 성실함과 생활력으로 극복하며 가족을 부양해온 세대적 자부심을 가지고 있습니다.,"모임의 성격에 딱 맞는 식당을 예약하고 인원별 메뉴 배분을 정확히 계산하는 능력이 탁월하며, 가계부의 십 원 단위까지 맞추는 꼼꼼한 살림 솜씨를 갖췄습니다.","['다인원 모임 장소 선정 및 예약', '효율적인 가계 지출 관리', '제철 식재료를 활용한 고기 요리', '베란다 텃밭 작물 재배']","매일 오후 진관사 계곡 주변을 산책하며 건강을 챙기고, 주말에는 동네 빵집에서 새로 나온 메뉴를 사서 친구들과 나누어 먹는 시간을 즐깁니다.","['진관사 산책로 걷기', '지역 꽃 축제 방문', '베란다 상추 및 방울토마토 키우기', '동네 유명 빵집 투어']",현재 소속된 친목 모임에서 모두가 믿고 따르는 회장 역할을 맡아 매년 새로운 지역 축제 탐방 계획을 차질 없이 완수하는 것을 목표로 합니다.,여자,70,사별,비현역,기타2세대,아파트,초등학교,해당없음,무직,서울-은평구,서울,대한민국
324d67e8aae54d6f9fb247fd36f1e310,"최영남 씨는 평생 화순의 흙을 일구며 계절마다 필요한 작물을 심고 거두는 농사꾼의 삶을 살았습니다. 이제는 손에서 흙을 뗐지만, 여전히 집 앞 작은 텃밭의 잡초 하나, 잎사귀 하나를 세심히 살피는 집안의 최고 관리자로 지냅니다.",최영남 씨는 매일 아침 마당의 흙을 만지고 고추며 상추를 가꾸는 원예 활동을 통해 몸을 움직입니다. 무리한 운동보다는 햇살 좋은 날 툇마루에 앉아 다리를 천천히 까닥거리는 정도로 체력을 유지합니다.,최영남 씨는 낡은 라디오에서 흘러나오는 이름 모를 이들의 사연에 귀를 기울이며 함께 웃고 우는 시간을 가장 아낍니다. 텔레비전 속 화려한 무대보다는 소박한 옛 노래 가락에 마음을 싣고 흥얼거리는 것을 좋아합니다.,"최영남 씨는 자식들의 차를 타고 나주 읍성과 같은 옛 성터나 유적지를 방문해 지나온 세월의 흔적을 되짚어보는 나들이를 즐깁니다. 낯선 곳으로의 긴 여행은 금방 지치기에, 익숙한 전남 땅의 공기를 느끼며 짧게 다녀오는 여정을 선호합니다.","최영남 씨는 삭힌 젓갈과 직접 무친 나물로 밥상을 가득 채워 손주들의 입맛을 사로잡는 전라도 손맛의 달인입니다. 가끔은 읍내 한식당에서 구워 먹는 돼지갈비의 달콤한 맛을 즐기며, 입가심으로 부드러운 단팥빵 한 조각을 꼭 챙겨 먹습니다.","최영남 씨는 친인척들과 한 지붕 아래 어울려 살며, 가족 간의 작은 다툼이 생기면 특유의 부드러운 말투로 갈등을 잠재우는 집안의 중심축입니다. 사별 후 외로움이 없지는 않으나, 북적거리는 집안 분위기 속에서 손주들의 재롱을 보는 것으로 마음의 빈자리를 채웁니다.","최영남 씨는 화순의 땅과 함께 나이 든 94세 어르신으로, 가족의 화목과 소박한 먹거리에서 삶의 완성을 찾는 분입니다.",화순의 흙내음 속에서 나고 자라며 학교 공부 대신 계절의 흐름과 땅의 정직함을 몸소 배웠습니다. 모진 세월을 겪으면서도 이웃과 나누어 먹는 정을 삶의 가장 큰 가치로 여기며 살아온 전형적인 전남 지역의 어르신입니다.,"텃밭에서 직접 기른 채소로 뚝딱 차려내는 전라도식 나물 무침과 삭힌 젓갈 맛이 일품이며, 집안 어른으로서 가족들의 갈등을 부드럽게 다독여 해결하는 지혜가 깊습니다.","['전라도식 제철 나물 무침', '텃밭 채소 및 화초 가꾸기', '가족 간의 갈등 중재', '전통 방식의 장 담그기']","낮잠 뒤에 듣는 라디오 사연에 함께 웃고 울며, 가끔 자녀들이 태워다 주는 나주 읍성 같은 옛터에 다녀오는 길을 즐깁니다. 이주일에 한 번 읍내 나가서 사 오는 부드러운 단팥빵 한 조각에 소소한 행복을 느낍니다.","['라디오 사연 청취', '텃밭 상추와 고추 가꾸기', '나주 읍성 등 역사 유적지 나들이', '읍내 빵집 단팥빵 맛보기']",거창한 목표보다는 손주들이 놀러 왔을 때 맛있는 밥 한 끼 배불리 먹여 보내는 소박한 기쁨을 누리며 지냅니다. 자식들이 서로 우애 있게 지내는 모습만 봐도 마음이 넉넉해지는 나날을 보냅니다.,여자,94,사별,비현역,친인척과 거주,단독주택,무학,해당없음,무직,전라남-화순군,전라남,대한민국
d7b7334ed7254f9e9bc9e112139a4654,"주종훈 씨는 수십 년간 육군 보급 창고의 복잡한 물류 체계를 손바닥 보듯 꿰뚫고 있으며, 훈련 중 발생하는 돌발 변수를 빠르게 해결해 부대원들의 신뢰를 받는 베테랑 장교입니다. 이제는 정년을 앞두고 후배들에게 실무 노하우를 전수하며 명예로운 마침표를 찍으려 하지만, 가끔은 지나치게 깐깐한 원칙주의자라는 소리를 듣기도 합니다.","주종훈 씨는 주말마다 강서구 주민센터 배드민턴 코트를 찾아 셔틀콕을 주고받으며 일주일 동안 쌓인 업무 스트레스와 잡념을 땀으로 씻어냅니다. 때로는 집 앞 공터에서 줄넘기를 하며 숨이 턱 끝까지 차오르는 감각을 즐기지만, 무리한 운동 후에는 반드시 뜨거운 물에 몸을 담가 근육을 풀어줍니다.",주종훈 씨는 퇴근 후 거실 소파에 기대어 유튜브로 밀리터리 다큐멘터리나 최신 시사 영상을 시청하며 조용히 혼자만의 시간을 보냅니다. 화려한 예술 작품보다는 동네 산책길에 마주치는 소박한 풍경이나 계절에 따라 변하는 나무의 색깔을 가만히 응시하며 마음의 안정을 찾습니다.,주종훈 씨는 가족들과 함께 창원이나 인근 지역의 온천을 찾아가 뜨끈한 물속에서 뻐근한 어깨와 허리의 피로를 푸는 여행을 즐깁니다. 거창한 해외여행보다는 익숙한 국내 온천 마을의 조용한 분위기 속에서 배우자와 도란도란 이야기를 나누며 쉬어가는 시간을 소중히 여깁니다.,"주종훈 씨는 일주일에 한 번 정도 가족과 함께 외식을 하며, 이때는 주로 구수한 청국장이나 각종 나물이 나오는 한식당을 찾습니다. 배달 앱은 거의 사용하지 않을 만큼 낯설어하며, 대신 동료들과는 동네 작은 주점에서 시원한 맥주 한 잔에 가벼운 안주를 곁들이며 속 깊은 이야기를 나눕니다.","주종훈 씨는 엄격한 군인의 모습과는 달리 집에서는 배우자와 자녀들에게 무심한 듯 툭툭 챙겨주는 전형적인 부산 아버지의 다정함을 보여줍니다. 가족들이 함께 모여 식사하는 시간을 중요하게 생각하며, 때로는 자신의 판단을 우선시하는 고집스러운 모습 때문에 자녀들과 사소한 말다툼을 벌이기도 합니다.","주종훈 씨는 부산 강서구에서 정년을 준비하는 육군 장교로, 엄격한 규율과 가족에 대한 애정 사이에서 균형을 잡으며 건강 관리에 힘쓰는 성실한 중년 남성입니다.","부산 강서구의 한적한 아파트 단지에서 생활하며 고등학교 졸업 후 곧장 군 생활에 투신해 청춘을 보낸 실무형 군인의 삶을 살아왔습니다. 엄격한 위계질서와 규율이 몸에 배어 있으면서도, 부산 사람 특유의 무심한 듯 챙겨주는 정서와 원칙 사이에서 적절한 균형을 잡으며 살아가는 중년의 가치관을 가지고 있습니다.","수십 년간의 부대 관리 경험을 바탕으로 복잡한 군수 물자 보급 경로를 최적화하고, 서로 다른 성향의 장병들을 적재적소에 배치하는 인력 운용에 능숙합니다. 갑작스러운 훈련 상황이나 돌발 변수 속에서도 가용 자원을 빠르게 파악해 실행 가능한 작전 계획을 수립하는 능력이 탁월합니다.","['군수 보급망 최적화', '부대 인력 배치 및 효율적 관리', '실전 작전 계획 수립 및 실행', '군 행정 처리 및 문서 작성', '계급 간 갈등 조정 및 중재']","주말이면 강서구 주민센터 배드민턴 코트에서 땀을 흘리며 잡념을 없애고, 평일 저녁에는 동네 단골 주점에서 가벼운 술잔을 기울이며 동료들과의 유대를 다집니다. 혈압과 혈당 관리를 위해 고기보다는 청국장이나 나물 중심의 한식당을 주로 찾으며, 가끔 가족들과 창원이나 인근 온천을 방문해 뜨끈한 물에 몸을 담그며 쌓인 피로를 풀어냅니다.","['주민센터 배드민턴 클럽 활동', '동네 단골 주점에서의 친목 도모', '가족 동반 온천 및 스파 여행', '청국장, 나물 등 건강식 한식 탐방', '동네 산책로 걷기 및 명상']",이제는 정년퇴직을 앞두고 그동안 쌓아온 관리 노하우를 후배 장교들에게 온전히 전수하며 군 생활을 명예롭게 매듭짓는 것에 집중하고 있습니다. 제대 후에는 무리한 재취업이나 사업 확장보다는 가족들과 소소한 일상을 공유하며 심리적 안정감을 찾는 삶을 준비하고 있습니다.,남자,52,배우자있음,현역,배우자·자녀와 거주,아파트,고등학교,해당없음,육군 장교,부산-강서구,부산,대한민국
ac2ae82b10c64fceb45d64f37b647fb2,"정재윤 씨는 오토캐드와 3D 모델링 툴을 이용해 소수점 단위의 오차까지 잡아내는 정밀한 설계 도면에 집착하며, 대전의 중견 건설사 설계팀에 들어가 자신의 이름이 박힌 도면이 실제 건물이 되는 날을 꿈꿉니다. 다만 구직 기간이 길어지며 밀려오는 불안감에 가끔은 모니터 앞에서 멍하니 시간을 보내곤 합니다.",정재윤 씨는 유성구의 동네 농구 코트에서 땀을 뻘뻘 흘리며 격렬한 경기를 뛰는 시간만이 취업 압박에서 완전히 벗어나는 유일한 탈출구라고 믿습니다. 가끔은 헬스장에서 무거운 덤벨을 들며 복잡한 잡생각을 강제로 지워내려 애씁니다.,정재윤 씨는 마음이 어지러운 날이면 무선 이어폰을 꽂고 잔잔한 팟캐스트를 들으며 갑천변을 천천히 산책하는 정적인 시간을 보냅니다. 유성구의 조용한 분위기에 익숙해져 화려한 전시보다는 일상의 소소한 풍경을 관찰하며 마음을 가라앉힙니다.,"정재윤 씨는 부모님의 차를 타고 전국의 숨은 노포 식당을 찾아다니는 식도락 여행을 떠나며, 낡은 간판 아래서 맛보는 오래된 음식의 깊은 풍미를 즐깁니다. 여행 계획을 짤 때 전공자답게 방문할 식당의 위치와 이동 경로를 꼼꼼하게 계산하여 메모합니다.","정재윤 씨는 일주일에 한 번 정도 부모님과 함께 나물 비빔밥이나 청국장 같은 고기 없는 한식당을 방문하며, 가끔 친구들과 모일 때는 바삭한 치킨에 맥주를 곁들이는 시간을 갖습니다. 배달 음식은 한 달에 한 번 정도만 시켜 먹을 만큼 외식의 현장감을 중요하게 생각합니다.","정재윤 씨는 부모님과 한 아파트에 살며 은근하게 전해지는 취업 압박에 숨이 막힐 때가 많지만, 함께 맛집을 찾아다니는 시간에는 다시금 가족의 유대감을 느낍니다. 부모님의 기대에 부응하고 싶어 하는 책임감과 현실의 무력감 사이에서 매일 갈등합니다.",정재윤 씨는 정밀한 설계 능력을 갖췄지만 취업 준비의 불안함과 건강 관리라는 숙제를 안고 살아가는 대전 유성구의 24세 공학도입니다.,"대전 유성구의 학구적이고 정적인 분위기 속에서 성장하며 공학적 사고방식을 익혔으나, 대학 졸업 후 구직 기간이 길어지면서 부모님의 은근한 기대와 자신의 불안감 사이에서 심리적 압박을 느끼는 시기를 보내고 있습니다.","전공 과정에서 익힌 오토캐드와 3D 모델링 툴을 활용해 복잡한 설계 도면을 정밀하게 그려내며, 세부적인 수치 오류를 잡아내는 꼼꼼한 작업에 능숙합니다.","['오토캐드 도면 설계', '3D 모델링 및 렌더링', '건축 법규 및 기준 분석', '구조 계산 기초 설계']","유성구 근처 농구 코트에서 격렬하게 경기를 뛰며 취업 스트레스를 해소하고, 마음이 불안할 때는 조용히 팟캐스트를 들으며 산책하거나 부모님과 함께 전국의 이름난 노포 식당을 찾아다니는 식도락 여행을 즐깁니다.","['동네 농구 모임', '전국 노포 맛집 탐방', '심리학 주제의 팟캐스트 청취', '대전 신세계 아트앤사이언스 쇼핑']","대전 지역의 공공기관이나 안정적인 중견 건설사 설계팀에 입사하여, 자신의 이름이 기재된 도면이 실제 건축물로 구현되는 과정을 통해 사회적 소속감과 성취감을 얻고자 합니다.",남자,24,미혼,비현역,부모와 동거,아파트,4년제 대학교,공학·제조·건설,무직,대전-유성구,대전,대한민국
bbffc51d9de6466399c733eb80e6ec93,"배주경 씨는 수십 년간 전업주부로 지내며 집안의 모든 물건 위치를 꿰고 있는 정리 전문가이자, 동네 아주머니들 사이의 크고 작은 다툼을 능숙하게 말리는 중재자 역할을 자처합니다.","배주경 씨는 매일 새벽 달서구청 인근 산책로를 일정한 속도로 걸으며, 중간에 만나는 이웃들과 짧게 인사를 나누는 것으로 하루의 활력을 얻습니다.","배주경 씨는 베란다의 작은 흙더미에서 상추와 깻잎이 돋아나는 과정을 지켜보며 마음을 달래고, 저녁에는 최신 드라마 속 인물들의 갈등에 몰입해 함께 울고 웃습니다.","배주경 씨는 남편의 손을 잡고 전국의 이름난 수목원을 찾아다니며, 화려한 꽃보다는 울창한 숲의 나무들이 주는 고요함 속에 머무는 시간을 소중히 여깁니다.","배주경 씨는 제철 나물을 무쳐 밥상을 차리는 솜씨가 일품이며, 일주일에 한 번 배달시키는 짜장면과 탕수육은 일주일 중 가장 기다려지는 작은 사치입니다.","배주경 씨는 자녀들이 찾아오는 날이면 며칠 전부터 시장을 봐서 갈비찜과 잡채를 준비하며, 가족들이 왁자지껄하게 모인 식탁에서 가장 큰 행복을 느낍니다.",배주경 씨는 대구 달서구에서 알뜰한 살림 솜씨와 정겨운 오지랖으로 가족과 이웃을 보듬는 60대 전업주부입니다.,"대구 달서구의 오래된 동네에서 나고 자라며 투박하지만 정 많은 경상도 특유의 정서를 체득했습니다. 중학교 졸업 후 일찍이 가정을 꾸리며 삶의 지혜를 몸소 익혔고, 그 시절의 끈기와 생활력을 바탕으로 집안 살림을 단단하게 꾸려왔습니다.",수십 년간 살림을 도맡아 하며 식재료를 알뜰하게 관리하고 계절별 제철 음식을 뚝딱 만들어내는 솜씨가 뛰어납니다. 특히 집안 곳곳의 물건 위치를 정확히 파악해 정리하는 꼼꼼함과 이웃 간의 갈등을 능숙하게 중재하는 사회적 기술이 탁월합니다.,"['제철 나물 무침과 된장찌개 조리', '효율적인 주방 수납 및 공간 정리', '지역 커뮤니티 모임 주도 및 운영', '꼼꼼한 가계부 작성 및 지출 관리']","베란다 텃밭에서 상추와 깻잎을 정성껏 가꾸며 흙을 만지는 시간에 마음의 평온을 얻습니다. 동네 문화센터에서 만난 친구들과 수다를 떨며 최신 드라마 이야기를 나누거나, 남편과 함께 전국의 유명한 수목원을 찾아가 나무와 꽃을 구경하며 시간을 보냅니다.","['베란다 텃밭 채소 가꾸기', '동네 친구들과의 정보 공유 및 수다 모임', '전국 수목원 및 자연 경관 탐방', '일요일 저녁 가족과 함께하는 TV 시청']",거창한 직업적 성취보다는 자식들이 찾아올 때마다 정성껏 차린 밥상으로 환대하며 가족의 구심점 역할을 하는 것에 보람을 느낍니다. 고혈압 관리를 위해 매일 아침 달서구청 인근 산책로를 빠짐없이 걷는 등 건강한 노후를 유지하는 실질적인 삶에 집중하고 있습니다.,여자,61,배우자있음,비현역,배우자와 거주,아파트,중학교,해당없음,무직,대구-달서구,대구,대한민국
30e663469cb74fa0afe94a993361f97e,"김충조 씨는 정년퇴직 후 현재 특별한 직함은 없지만, 금정구 동네 어르신들 사이에서는 얽힌 갈등을 말끔히 풀어내는 해결사로 통합니다. 김충조 씨는 복잡한 서류 작업보다는 직접 발로 뛰며 사람들의 마음을 읽어내는 현장 중심의 중재 능력을 발휘하며 마을의 크고 작은 다툼을 잠재웁니다.",김충조 씨는 격렬한 운동보다는 금정산 자락의 완만한 산책길을 아내와 손잡고 느릿하게 걷는 일상을 유지합니다. 김충조 씨는 무리한 활동보다는 매일 정해진 시간에 동네 한 바퀴를 돌며 다리의 근력을 유지하는 것에 만족합니다.,김충조 씨는 거실 소파에 앉아 나훈아나 남진의 옛 노래가 나오는 가요 프로그램을 시청하며 젊은 시절의 향수에 젖어듭니다. 김충조 씨는 최신 유행하는 음악보다는 가사가 명확하고 정서가 깊은 트로트 선율을 통해 마음의 위안을 얻습니다.,김충조 씨는 매년 가을이 되면 자식들의 부축을 받으며 금정산의 붉게 물든 단풍을 구경하러 가는 시간을 일 년 중 가장 기다립니다. 김충조 씨는 화려한 관광지보다는 공기 맑은 숲길이나 탁 트인 자연 풍경을 바라보며 가족들과 도란도란 이야기를 나누는 여행을 즐깁니다.,김충조 씨는 일주일에 두세 번 단골 돼지갈비집을 찾아 친구들과 시시콜콜한 세상 이야기를 나누며 육즙 가득한 고기를 즐깁니다. 김충조 씨는 술을 마시지 않음에도 분위기 좋은 주점에 들러 정갈한 안주 요리를 곁들이며 지나가는 사람들을 구경하는 시간을 좋아합니다.,"김충조 씨는 평생을 함께한 아내와 연립주택에서 오순도순 살아가며, 아내의 잔소리에도 허허 웃어넘기는 너그러운 남편입니다. 김충조 씨는 자녀들에게 짐이 되지 않으려 노력하며, 손주들이 찾아오는 날이면 몰래 준비한 용돈을 쥐여주는 다정한 할아버지의 모습을 보입니다.",김충조 씨는 부산 금정구에서 아내와 함께 살며 동네 갈등을 중재하는 여유롭고 정 많은 84세 어르신입니다.,"금정구 범어사 인근의 가파른 골목길에서 평생을 보내며 부산 특유의 투박하지만 정겨운 정서가 몸에 배어 있습니다. 고등학교 졸업 후 빠르게 변하던 도시의 성장기를 온몸으로 겪어냈으며, 보수적인 세대임에도 적당한 유연함을 갖춰 동네 노인정에서도 세대 간의 가교 역할을 자처합니다.","오랜 세월 지역 사회에서 활동하며 쌓은 인맥 관리 능력과 사람의 기분을 빠르게 파악해 분위기를 부드럽게 만드는 능숙한 처세술이 있습니다. 복잡한 행정 절차보다는 현장에서 발로 뛰며 문제를 해결하는 감각이 뛰어나, 동네의 얽히고설킨 이해관계를 조율하는 데 탁월합니다.","['상대방의 기분을 살피는 능숙한 대화 기술', '금정구 일대의 지리와 지름길 꿰뚫기', '갈등 상황을 유머로 넘기는 중재 능력', '지역 사회 인맥 네트워크 활용']","평소에는 텔레비전 뉴스나 옛날 가요 프로그램을 즐겨 보며 시간을 보내고, 오후가 되면 단골 고깃집에서 친구들과 시시콜콜한 세상 돌아가는 이야기를 나누는 것을 낙으로 삼습니다. 술을 마시지 않음에도 분위기 좋은 주점에 들러 안주를 곁들이며 사람 구경을 하거나, 아내와 손을 잡고 동네 산책로를 천천히 걷는 시간을 소중히 여깁니다.","['범어사 산책로 걷기', '동네 친구들과의 수다 모임', '트로트 프로그램 시청', '주말 가족 동반 자연 풍경 감상', '단골 한식당 맛집 탐방']",이제는 사회적 성취보다는 아내와 함께 금정산의 단풍이 물드는 모습을 매년 빠짐없이 구경하며 건강하게 곁을 지키는 것을 가장 큰 목표로 삼고 있습니다. 자식들에게 짐이 되지 않으면서도 동네 친구들에게는 언제든 찾아와 고민을 털어놓을 수 있는 여유로운 어른으로 기억되고 싶어 합니다.,남자,84,배우자있음,비현역,배우자와 거주,연립주택,고등학교,해당없음,무직,부산-금정구,부산,대한민국
324b7af84ba74ef0a8e4cee2981a62dd,"송금자 씨는 대전 동구 아파트 부녀회에서 궂은일을 도맡으며, 이웃 간의 사소한 말다툼을 특유의 유연함으로 중재하고 마을 잔치 일정표를 꼼꼼하게 짜는 살림꾼 역할을 수행합니다.","송금자 씨는 주말마다 남편의 손을 잡고 식장산 산림욕장을 오르며 흙길을 밟고, 등산화 끈을 꽉 조여 매는 행동에서 하루의 활력을 얻습니다.",송금자 씨는 단골 미용실 의자에 앉아 파마 약을 바른 채 최근 방영 중인 주말 드라마의 반전 전개에 대해 이웃들과 열띤 토론을 벌이는 시간을 가장 소중히 여깁니다.,"송금자 씨는 가족들과 함께 강원도 평창의 전나무 숲길처럼 공기가 맑은 곳을 찾아가, 화려한 관광지보다는 조용한 숲속의 풍경을 사진으로 남기는 여행을 즐깁니다.","송금자 씨는 제철 취나물과 참나물을 정갈하게 무쳐 밥상에 올리며, 가끔은 일식집에서 깔끔한 초밥 정식을 먹거나 일주일에 한 번 배달 앱으로 떡볶이를 주문해 소소한 일탈을 즐깁니다.","송금자 씨는 평생 남편과 자녀들을 위해 헌신하며 가정을 지켜왔고, 이제는 무뚝뚝한 남편과 함께 소파에 앉아 옛날 노래를 들으며 조용히 늙어가는 일상에 만족합니다.",송금자 씨는 대전 동구에서 이웃들과 화목하게 지내며 가족의 건강과 평온한 노후를 가꾸는 다정한 살림꾼입니다.,"대전 동구의 오래된 아파트 단지에서 수십 년간 거주하며 이웃들과 끈끈한 관계를 맺어왔고, 고등학교 졸업 후 전업주부로서 가족의 안정을 최우선으로 여기며 살아온 세대입니다.","동네 친목 모임에서 갈등을 중재하고 행사 일정을 짜임새 있게 조율하는 능력이 뛰어나며, 제철 식재료를 활용해 정갈한 나물 반찬을 무쳐내는 솜씨가 좋습니다.","['부녀회 총무 및 모임 일정 기획', '제철 나물과 한정식 상차림', '이웃 간 갈등 중재 및 소통', '스마트폰 유튜브 건강 정보 검색']","주말이면 남편과 함께 식장산 산림욕장을 천천히 걸으며 계절의 변화를 살피고, 동네 단골 미용실에서 머리를 손질하며 최근 유행하는 드라마 이야기를 나누는 시간을 즐깁니다.","['식장산 및 계룡산 가벼운 등산', '유튜브 건강 관리 및 요리 영상 시청', '동네 미용실에서 파마와 머리 손질하기', '임영웅 노래 감상하며 휴식하기']","거창한 사회적 성취보다는 매일 규칙적으로 산책하며 건강을 관리하고, 주변 사람들에게 다정한 어른으로 기억되며 평온한 노후를 보내는 것에 가치를 둡니다.",여자,61,배우자있음,비현역,배우자와 거주,아파트,고등학교,해당없음,무직,대전-동구,대전,대한민국
f4bd179c1d6140a3a155eb1d1bb49344,"김강 씨는 사하구의 한 아파트 단지에서 CCTV 화면 속 작은 움직임 하나하나를 꼼꼼히 기록하며 입주민들의 사소한 민원을 조용히 해결하는 경비원으로 일합니다. 시설관리 자격증 시험 공부를 틈틈이 하며 관리소장이라는 목표를 향해 묵묵히 걸어가지만, 가끔은 쏟아지는 민원 전화에 가슴이 답답해져 깊은 한숨을 내쉽니다.","김강 씨는 격렬한 운동보다는 집 근처 공원을 천천히 거닐거나 낮잠을 자며 체력을 회복하는 정적인 휴식을 즐깁니다. 주말이면 아이의 손을 잡고 단지 내 놀이터를 산책하며, 특별한 운동 계획 없이 그저 굳어 있던 몸의 근육을 푸는 것에 집중합니다.","김강 씨는 조용한 방에 혼자 누워 스마트폰으로 웹소설의 다음 회차를 기다리거나 자극적인 예능 프로그램 영상을 보며 현실의 불안함을 잠시 잊습니다. 가끔은 오래된 책방에서 산 에세이를 읽으며 마음을 정리하지만, 정작 책장 넘기는 소리조차 크게 들릴 정도로 신경이 곤두서 있을 때가 많습니다.","김강 씨는 낯선 곳으로의 모험보다는 잘 알려진 휴양지에서 아무것도 하지 않고 쉬는 여행을 계획해 아내와 함께 떠납니다. 다대포 해변의 파도 소리를 들으며 멍하게 바다를 바라보는 것만으로도 충분한 충전을 하며, 여행지에서도 정해진 경로대로 움직여야 마음이 편안해집니다.","김강 씨는 퇴근길에 동네 빵집에 들러 갓 구운 소금빵을 사 들고 가 아내와 나누어 먹는 소소한 행복을 누립니다. 고기구이보다는 나물 비빔밥이나 된장찌개 같은 담백한 한식당을 자주 찾으며, 주 5회 가까이 외식을 하지만 배달 음식은 2주에 한 번 정도만 시켜 먹는 규칙적인 식습관을 가지고 있습니다.","김강 씨는 사하구의 전세 아파트에서 아내와 아이를 위해 성실하게 일하는 젊은 가장으로서, 가족들이 잠든 밤 거실에 홀로 앉아 내일의 지출을 계산하며 책임감의 무게를 느낍니다. 다정한 말투로 아이를 보듬어주지만, 때로는 가중되는 경제적 압박감에 말수가 급격히 줄어들어 가족들이 눈치를 보게 만들 때가 있습니다.","김강 씨는 사하구에서 경비원으로 근무하며 가족의 안식처를 꿈꾸는, 섬세하고 책임감 강한 31세 가장입니다.","다대포 해변 근처의 한적한 분위기 속에서 자라나 부산 특유의 강한 말투보다는 조용하고 배려 섞인 대화 방식을 익혔습니다. 30대 초반의 가장으로서 책임감을 느끼며, 익숙한 사하구 골목길과 오래된 단골 가게들이 주는 안정감에서 심리적 평온을 얻습니다.","단지 내 입주민들의 사소한 불편 사항을 빠르게 파악해 해결하고, CCTV 화면 속의 작은 움직임이나 이상 징후를 놓치지 않고 기록하는 꼼꼼함을 갖췄습니다. 외부 방문객과의 마찰이 생겼을 때 상대의 기분을 상하지 않게 하면서도 원칙대로 안내하는 유연한 대처 능력이 있습니다.","['CCTV 통합 관제 및 이상 징후 기록', '입주민 민원 응대 및 갈등 중재', '단지 내 시설물 안전 점검 및 보고서 작성', '출입 차량 및 외부 방문객 명부 관리']","퇴근 후 동네 목욕탕에서 뜨거운 물에 몸을 녹이며 하루의 긴장을 풀고, 아내와 함께 집 근처 빵집에서 산 소금빵을 나눠 먹으며 텔레비전 예능 프로그램을 봅니다. 가끔은 조용한 방에서 웹소설을 읽거나 스마트폰 영상을 보며 마음속의 불안함과 예민함을 잠시 내려놓습니다.","['동네 사우나에서 반신욕 하며 멍 때리기', '최신 웹소설 정주행하기', '아내와 동네 빵집 신메뉴 맛보기', '주말 저녁 캔맥주 한 캔과 함께 스포츠 경기 시청']","지금의 성실함을 인정받아 관리소장으로 성장하거나, 시설관리 관련 자격증을 취득해 급여 수준을 높임으로써 현재의 전세 집을 벗어나 가족들과 함께 살 작은 내 집을 마련하는 것이 목표입니다.",남자,31,배우자있음,비현역,배우자·자녀와 거주,아파트,2~3년제 전문대학,해당없음,건물 경비원,부산-사하구,부산,대한민국
6dfad054edde448bb500210cae365284,"성은경 씨는 냉장고 속 검은 비닐봉투 하나까지 위치를 꿰고 있으며, 제철 나물을 무쳐내는 솜씨 하나로 동네 주부들 사이에서 살림 고수로 통합니다. 매일 아침 정해진 순서대로 먼지를 털고 바닥을 닦으며 집안의 질서를 유지하는 일에 일생의 자부심을 둡니다.",성은경 씨는 편한 운동화를 신고 온천천 시민공원의 산책로를 따라 걸으며 벚꽃 잎이 떨어지는 모습이나 계절별 꽃들의 변화를 유심히 살핍니다. 무리한 등산보다는 일정한 속도로 걷는 만 보 걷기에 집착하며 건강한 신체 리듬을 유지합니다.,성은경 씨는 나른한 오후 거실 소파에 누워 나훈아의 노래를 나지막이 틀어놓고 짧은 낮잠을 청하며 마음의 평온을 찾습니다. 화려한 전시회보다는 집안의 작은 소품들을 정갈하게 배치하는 정적인 아름다움을 즐깁니다.,"성은경 씨는 가족들과 함께 정갈한 일본식 가정식 전문점이 많은 곳을 찾아다니며, 식당의 분위기와 맛을 작은 수첩에 기록하는 여행을 즐깁니다. 낯선 관광지보다는 검증된 맛집을 중심으로 동선을 짜며 가족들이 만족스러워하는 모습에서 행복을 느낍니다.","성은경 씨는 제철 나물을 데치고 무쳐내는 밑반찬 솜씨가 일품이며, 외식할 때는 자극적이지 않은 정갈한 일식집이나 나물 중심의 한식당을 찾습니다. 배달 음식은 한 달에 한 번 정도 특별한 날에만 시키며, 평소에는 직접 만든 저염식 식단으로 가족들의 건강을 챙깁니다.","성은경 씨는 자녀들이 성장하는 동안 정해진 규칙을 엄격히 지키게 하며 헌신적으로 뒷바라지해 온 책임감 강한 어머니입니다. 평소에는 다정하게 가족들의 기분을 살피지만, 집안 물건이 제자리에 없을 때는 갑자기 날카로워지는 완벽주의적 면모를 보입니다.",성은경 씨는 부산 동래구에서 꼼꼼한 살림 솜씨와 철저한 자기관리로 가족의 평온한 일상을 지켜내는 헌신적인 어머니이자 아내입니다.,"동래구의 오래된 골목 정취를 기억하며, 매일 아침 정해진 시간에 집안 곳곳을 정돈하고 가계부를 꼼꼼히 기록하는 습관이 몸에 배어 있습니다. 자녀들을 뒷바라지하며 정해진 규칙대로 가정을 이끌어온 책임감이 강한 세대의 전형을 보여줍니다.","제철 나물을 활용한 정갈한 밑반찬을 만드는 데 능숙하며, 냉장고 속 식재료의 유통기한과 위치를 완벽하게 파악해 낭비 없는 살림을 꾸립니다. 집안의 모든 물건이 제자리에 있어야 직성이 풀리는 정리 정돈 능력이 탁월합니다.","['제철 나물 무침과 정갈한 한식 상차림', '효율적인 냉장고 지도 작성 및 식단 관리', '오차 없는 가계부 정밀 기록', '천연 세제를 활용한 구석구석 청소법']","온천천 시민공원의 산책로를 따라 걸으며 계절의 변화를 관찰하고, 오후에는 조용한 거실에서 나훈아의 노래를 들으며 짧은 낮잠으로 에너지를 충전합니다. 가족들과 함께 정갈한 일본식 가정식 전문점을 찾아다니며 새로운 맛을 기록하는 시간을 즐깁니다.","['온천천 시민공원 산책', '나훈아 노래 감상', '일본식 가정식 맛집 탐방', '정오의 짧은 낮잠']","혈압 관리를 위해 매일 만 보 걷기를 실천하며, 가족들이 자극적이지 않은 건강한 식습관을 유지하도록 돕는 일에서 가장 큰 보람을 느낍니다. 무리한 도전보다는 현재의 평온한 일상을 무너뜨리지 않고 유지하는 것에 집중합니다.",여자,63,배우자있음,비현역,배우자·자녀와 거주,아파트,고등학교,해당없음,무직,부산-동래구,부산,대한민국
0c52f808c4e64d329ba7cfbf6bbd5e5c,"김성민 씨는 천안의 대형 플랜트 현장에서 설계 도면의 작은 오차를 잡아내며 공정 효율을 높이는 기술자입니다. 법학과 경영학을 전공한 이력을 살려 기술적 결함이 가져올 법적 분쟁과 경제적 손실액을 정확히 산출해내지만, 현장의 예측 불가능한 돌발 변수들이 주는 정신적 소모가 심해 이제는 체계적인 관리 중심의 프로젝트 매니저로 전환하고 싶어 합니다.","김성민 씨는 땀 흘리는 격렬한 운동보다는 주말이면 천안 독립기념관의 단풍나무 숲길을 느릿하게 걷는 산책으로 몸과 마음을 달랩니다. 운동화를 신는 것조차 귀찮아할 때가 많지만, 막상 길을 나서면 자신의 느린 보폭에 맞춰 호흡을 가다듬으며 복잡한 머릿속을 정리합니다.","김성민 씨는 퇴근길 차 안에서 '김영철의 파워FM'이 들려주는 유쾌한 수다에 기대어 하루의 긴장을 씻어냅니다. 거실 소파에 깊숙이 파묻혀 넷플릭스의 세계 건축 다큐멘터리를 멍하게 시청하는 순간을 가장 아끼며, 때로는 설계 도면이 아닌 예술로서의 건축물이 주는 조형미에 감탄하며 짧은 메모를 남기기도 합니다.","김성민 씨는 가족들과 함께 강원도 평창의 전나무 숲이나 제주도의 오름처럼 탁 트인 자연 풍경을 찾아 떠나는 여행을 즐깁니다. 빽빽한 일정표를 짜기보다 그날의 기분에 따라 발길 닿는 대로 움직이며, 부모님과 아이들이 풍경을 보며 웃는 모습을 사진으로 담을 때 정서적인 충만함을 느낍니다.","김성민 씨는 주 5일 이상 외식을 하며 주로 천안 시내의 한우 전문점에서 두툼한 갈빗살을 굽거나 깔끔한 일식집에서 초밥을 즐깁니다. 가끔 일요일 저녁이면 가족들과 함께 치킨을 배달시켜 먹으며 일주일의 마무리를 하지만, 정작 집에서 직접 요리를 하는 일은 거의 없어 주방 가전들이 늘 새것처럼 깨끗합니다.","김성민 씨는 이혼 후 찾아온 정서적 공허함을 지우기 위해 부모님과 자녀가 함께 사는 3세대 가구의 북적거림 속에 자신을 둡니다. 가장으로서의 책임감에 어깨가 무겁지만, 아이들의 재잘거림과 부모님의 잔소리가 섞인 거실의 소음 속에서 비로소 자신이 혼자가 아니라는 안도감을 얻습니다.","김성민 씨는 전문 기술력과 경영 지식을 겸비한 플랜트 엔지니어이자, 3세대 가족을 부양하며 정서적 빈자리를 가족애로 채워가는 중년의 가장입니다.","천안 서북구의 아파트에서 부모님과 자녀를 함께 부양하는 3세대 가구의 가장으로, 이혼 후 겪는 정서적 공허함을 가족들과의 북적거림으로 채우며 살아갑니다. 법과 경영을 전공한 지식인으로서의 자아와 거친 건설 현장을 누비는 기술자로서의 정체성 사이에서 적절한 균형을 잡으며 중년의 삶을 꾸려가고 있습니다.","산업 플랜트의 공정 효율을 최적화하는 설계 검토와 에너지 손실 분석에 능숙합니다. 복잡한 기술 설계 도면의 오류를 잡아내는 동시에, 해당 공정이 가져올 경제적 손실과 법적 리스크를 경영학적 관점에서 산출해내는 통합적 판단력을 갖췄습니다.","['플랜트 공정 설계 최적화', '산업 에너지 효율 분석', '건설 프로젝트 법적 리스크 검토', '기술 제안서 경제성 분석']","퇴근길 차 안에서 '김영철의 파워FM'을 들으며 하루의 긴장을 풀고, 주말에는 천안 독립기념관 주변 산책로를 천천히 걸으며 복잡한 생각을 정리합니다. 가끔은 거실 소파에 깊숙이 파묻혀 넷플릭스의 건축 관련 다큐멘터리를 보며 멍하게 시간을 보내는 순간에 가장 큰 위안을 얻습니다.","['천안 독립기념관 산책로 걷기', 'KBS 라디오 1 클래식 음악 감상', '북유럽 건축 다큐멘터리 시청', '소백산 국립공원 풍경 출사']","현장에서 발생하는 돌발 변수로 인한 정신적 소모와 스트레스를 줄이기 위해, 실무 책임자보다는 전사적인 프로젝트 매니저나 기술 컨설턴트로 전환하여 안정적인 관리 체계를 구축하는 삶을 지향합니다.",남자,47,이혼,비현역,기타3세대,아파트,대학원,경영·행정·법,플랜트공학 기술자 및 연구원,충청남-천안시 서북구,충청남,대한민국
2f55444e445941c588570111597f919c,"장경환 씨는 정규 교육은 초등학교에서 멈췄지만 자갈치 시장의 생리를 꿰뚫고 있으며, 동네 다세대 주택의 낡은 수도꼭지나 전등을 뚝딱 고쳐주며 이웃들 사이에서 손재주 좋은 맥가이버로 통합니다.","장경환 씨는 롯데 자이언츠 경기가 있는 날이면 거실 텔레비전 앞에서 목이 터져라 응원하고, 주말에는 민락항 방파제에 낚싯대를 드리우고 물고기가 입질하기를 기다립니다.","장경환 씨는 매일 아침 종이 신문을 꼼꼼히 읽으며 세상 돌아가는 이야기를 수집하고, 저녁에는 텔레비전 앞에 앉아 예능 프로그램을 보며 낄낄거리는 시간을 보냅니다.",장경환 씨는 마음 맞는 친구들과 함께 조용한 온천이나 휴양지를 찾아가 아무 생각 없이 푹 쉬다 오는 정적인 여행을 즐깁니다.,장경환 씨는 일주일에 두세 번은 단골 중식당에서 얼큰한 짬뽕을 먹거나 나물 반찬이 정갈하게 나오는 한식집에서 지인들과 소주잔을 나눕니다.,"장경환 씨는 아내와 함께 수영강변 산책로를 느릿하게 걷고, 가끔 찾아오는 손주들에게 전구 가는 법 같은 생활의 잔꾀를 전수하며 집안의 어른으로 인정받고 싶어 합니다.","장경환 씨는 부산 수영구의 정과 투박함을 그대로 간직한 채, 가족과 친구 그리고 소소한 손재주로 일상을 채워가는 60대 남성입니다.","부산 수영구 광안리 일대에서 나고 자라며 투박한 부산 사투리와 특유의 정을 몸으로 익혔습니다. 정규 교육 과정은 초등학교에서 멈췄지만, 골목 상권의 생리와 사람 상대하는 법을 빠르게 깨우치며 삶의 지혜를 쌓아온 세대입니다.","손재주가 좋아 집안의 낡은 수도꼭지나 전등을 직접 갈아 끼우고, 동네 어르신들의 고장 난 소형 가전제품을 뚝딱 고쳐주곤 합니다. 또한, 자갈치 시장에서 가장 싱싱한 제철 생선을 고르는 법과 상인들과의 협상 기술에 능숙합니다.","['가정 내 소규모 시설 수리', '제철 수산물 품질 감별', '지역 상권 인맥 관리', '효율적인 물건 적재 및 운반']","주말이면 친구들과 민락항 근처에서 낚싯대를 드리우고 시간을 보내며, 롯데 자이언츠 경기가 있는 날에는 거실 텔레비전 앞에서 소리를 지르며 응원합니다. 주 2~3회는 단골 중식당에서 얼큰한 짬뽕 한 그릇을 비우거나, 나물 반찬이 정갈한 한식집에서 지인들과 소주잔을 기울이며 수다를 떱니다.","['민락항 바다낚시', '롯데 자이언츠 경기 시청', '단골 중식당 짬뽕 맛집 탐방', '조간신문 정독', '동네 지인들과의 소규모 술모임']","이제는 경제적 성취보다 매일 아침 혈압을 체크하며 건강을 유지하고, 아내와 함께 수영강변 산책로를 걷는 소소한 일상을 지키는 것에 집중합니다. 가끔은 손주들에게 실제 생활에 유용한 잔꾀와 기술을 전수하며 집안의 어른으로서 존중받고 싶어 합니다.",남자,62,배우자있음,비현역,배우자와 거주,다세대주택,초등학교,해당없음,무직,부산-수영구,부산,대한민국
bf854f57a6144a91ba431db238eee5a5,"양석호 씨는 대구 달서구의 금융센터 건물 입구에서 출입자 명부를 자로 잰 듯 꼼꼼하게 기록하며, 깐깐한 방문객들의 불평을 능숙하게 달래 현장을 정리하는 베테랑 경비원입니다. 정년까지 큰 사고 없이 성실하게 버티는 것을 최고의 가치로 여기며 매일 정해진 순찰 경로를 한 치의 오차 없이 걷는 루틴을 고수합니다.","양석호 씨는 주말이면 파란색 응원 도구를 챙겨 삼성 라이온즈 파크를 찾아 목이 터져라 응원가를 부르며 경기 흐름에 따라 일희일비하는 열혈 팬입니다. 때로는 복잡한 도시를 벗어나 청도 강변의 한적한 낚시터에 자리를 잡고, 입질이 올 때까지 몇 시간이고 묵묵히 기다리며 잡념을 비워내는 정적인 시간을 보냅니다.","양석호 씨는 거실 소파에 기대어 앉아 종이 신문의 사회면을 꼼꼼히 읽으며 세상 돌아가는 이야기를 분석하고, 유튜브를 통해 최신 시사 이슈나 낚시 꿀팁 영상을 찾아보는 것으로 하루를 마무리합니다. 화려한 전시회나 공연보다는 TV 속 다큐멘터리나 옛날 노래 모음 영상을 보며 과거를 회상하는 소박한 취미를 가지고 있습니다.",양석호 씨는 친구들과 함께 경북 인근의 조용한 온천 마을이나 숲속 휴양림을 찾아가 아무런 일정 없이 뜨끈한 물에 몸을 담그고 밀린 이야기를 나누는 휴식형 여행을 떠납니다. 유명 관광지를 바쁘게 돌아다니기보다 익숙한 이들과 함께 편안한 숙소에서 쉬며 기력을 회복하는 시간을 무엇보다 소중하게 생각합니다.,"양석호 씨는 일주일에 한 번, 가족들과 함께 동네 단골 갈비집에서 숯불 향 가득한 돼지갈비를 굽거나 짜장면과 탕수육이 나오는 중식당을 찾아 외식의 즐거움을 누립니다. 한 달에 한 번 정도는 아내의 권유로 스마트폰 앱을 이용해 치킨이나 피자를 배달시켜 먹으며 요즘 젊은 세대의 식문화를 간접적으로 경험합니다.","양석호 씨는 무뚝뚝한 대구 아버지의 전형으로, 자녀들에게 다정한 말 한마디 건네는 것은 쑥스러워하지만 보이지 않는 곳에서 가족들의 필요를 챙기는 묵직한 사랑을 실천합니다. 아내와는 오랜 세월 함께하며 서로의 습관을 꿰뚫고 있는 편안한 사이이며, 주말이면 자녀들과 함께 거실에 모여 TV를 보며 소소하게 일상을 공유합니다.","양석호 씨는 성실함과 책임감으로 가정을 일궈온 대구 달서구의 경비원으로, 야구와 낚시를 통해 삶의 활력을 찾으며 안정적인 노후를 준비하는 60대 가장입니다.","대구 달서구 성서 지역에서 수십 년간 거주하며 지역 사회의 변화를 몸소 겪어왔고, 중학교 졸업 후 빠르게 생업 전선에 뛰어들어 실질적인 삶의 지혜와 끈기를 체득한 전형적인 대구 아버지의 모습을 가지고 있습니다.","금융 건물 경비 업무를 수행하며 출입자 명부를 한 치의 오차 없이 기록하는 꼼꼼함을 발휘하며, 다양한 방문객의 요구사항을 능숙하게 조율해 상황을 빠르게 정리하는 현장 대응 능력이 뛰어납니다.","['건물 출입 보안 및 명부 관리', '시설물 이상 유무 상시 점검', '방문객 민원 응대 및 갈등 중재', '효율적인 주차 공간 배분 및 안내']","주말이면 대구 삼성 라이온즈 파크를 찾아 응원가를 부르며 열정적으로 경기를 관람하고, 가끔은 친구들과 청도 강변으로 낚시를 떠나 입질을 기다리는 정적인 시간을 보냅니다.","['삼성 라이온즈 야구 경기 관람', '청도 강변 민물낚시', '아침 종이 신문 읽기', '동네 단골집 돼지갈비 외식', '유튜브를 통한 최신 뉴스 시청']","현재 맡은 경비직에서 큰 사고 없이 성실하게 근무하며 정년을 맞이하고, 그동안 모은 자산과 연금으로 배우자와 함께 평온한 노후를 보내는 안정적인 마무리를 지향합니다.",남자,64,배우자있음,비현역,배우자·자녀와 거주,아파트,중학교,해당없음,건물 경비원,대구-달서구,대구,대한민국
12fded566af14169a3aa544b30e2c988,"최수민 씨는 보험사 비서로 근무하며 다져진 정교한 서식 정리와 일정 관리 능력을 갖췄지만, 정작 자신의 자취방 책상은 서류와 화장품이 뒤섞인 채 방치하곤 합니다. 최수민 씨는 뻔한 매뉴얼을 따르는 일 대신 자신의 감각을 녹여낼 수 있는 직무를 찾으며 잡코리아와 사람인을 수시로 확인하지만, 가끔은 구직 활동 자체를 내일로 미루는 느긋함을 보입니다.","최수민 씨는 땀 흘리는 격렬한 운동보다는 밤늦은 시간 청계천 물줄기를 따라 천천히 걷는 산책을 통해 하루의 피로를 씻어냅니다. 최수민 씨는 제주도 여행을 갈 때면 낮은 오름을 천천히 오르며 탁 트인 풍경을 감상하는 일을 즐기며, 이를 통해 몸과 마음의 균형을 잡습니다.","최수민 씨는 주말이면 대학로 소극장에서 이름 모를 신인 작가의 연극을 관람하며 배우들의 숨소리에 집중하는 시간을 갖습니다. 최수민 씨는 집에서는 넷플릭스로 해외 독립 영화를 찾아보며 감독의 독특한 미장센을 분석하거나, 조용한 북카페 구석 자리에서 시집을 읽으며 혼자만의 세계를 구축합니다.","최수민 씨는 친한 친구와 함께 제주도의 비밀스러운 숲길이나 오름을 찾아다니며 자연이 주는 고요함 속에서 에너지를 충전합니다. 최수민 씨는 빽빽한 여행 일정표를 짜기보다 그날의 기분에 따라 발길 닿는 대로 움직이는 여행 방식을 고수하며, 우연히 발견한 작은 소품샵에서 시간을 보내는 것을 좋아합니다.","최수민 씨는 일주일에 네 번 이상 외식을 하며, 특히 지글지글 구워지는 삼겹살집이나 분위기 좋은 이탈리안 레스토랑에서 트러플 뇨끼를 먹는 시간을 가장 기다립니다. 최수민 씨는 배달 음식을 시켜 먹는 번거로움보다 직접 식당에 가서 공간이 주는 분위기와 맛을 동시에 즐기는 편이며, 식사 후에는 항상 예쁜 디저트 카페를 찾아다닙니다.","최수민 씨는 동대문구의 북적이는 시장통 분위기 속에서 유년 시절을 보냈으며, 현재는 독립하여 아파트에서 혼자만의 자유로운 삶을 꾸려가고 있습니다. 최수민 씨는 가족과 떨어져 지내면서도 외로움보다는 홀로 누리는 고요함을 더 편안하게 느끼며, 가끔 부모님께 안부 전화를 드릴 때면 짐짓 씩씩한 척 구직 상황을 전합니다.","최수민 씨는 동대문구에 거주하며 정교한 업무 능력과 느긋한 생활 태도가 공존하는, 예술적 감수성을 지닌 21세 구직자입니다.","동대문구의 활기찬 시장통 분위기 속에서 성장했으며, 현재는 자취방의 어질러진 책상 위에서도 나름의 질서를 찾는 느긋한 생활 방식을 유지하고 있습니다. 밤늦은 시간 청계천 변을 따라 홀로 걷거나 조용한 북카페에서 시간을 보내며 에너지를 충전합니다.","보험사 비서로 근무하며 복잡한 일정 조율과 문서 서식 정리법을 익혔으며, 상대의 기분을 세심하게 살피며 요청사항을 정중하게 전달하는 소통 방식에 능숙합니다. 다만 업무적인 꼼꼼함과 달리 개인적인 공간의 정리정돈은 자주 미루는 습관이 있습니다.","['비즈니스 문서 서식 최적화', '효율적인 일정 예약 및 관리', '상황별 유연한 고객 응대', '기초적인 사무 행정 처리']","주말이면 대학로 소극장에서 연극을 관람한 뒤 근처 식당에서 트러플 뇨끼를 즐기며 시간을 보냅니다. 가끔은 친구와 함께 제주도의 오름을 오르며 탁 트인 풍경을 바라보고, 집에서는 넷플릭스로 독립 영화를 찾아보며 혼자만의 세계에 빠져듭니다.","['대학로 소극장 연극 관람', '퍼스널 컬러 기반 메이크업 연구', '제주도 오름 트레킹', '독립 영화 및 영상 콘텐츠 감상', '성수동 팝업스토어 방문']",정해진 매뉴얼대로만 움직이는 일보다는 자신의 감각을 발휘해 새로운 시도를 할 수 있는 직무를 찾고 있습니다. 당장의 취업 성공에 조급해하기보다 매일 조금씩 채용 공고를 살피며 스스로가 편안하게 몰입할 수 있는 환경을 탐색합니다.,여자,21,미혼,비현역,혼자 거주,아파트,2~3년제 전문대학,해당없음,"전직 일반 비서, 현재 구직중",서울-동대문구,서울,대한민국
bed402409b384998af57bd000b3e92f9,"강현준 씨는 일산 농수산물 시장의 새벽 공기를 가르며 찰나의 순간에 낙찰가를 결정하는 과감한 경매사로 활동합니다. 산지의 작황을 꿰뚫어 보는 날카로운 시세 예측력과 거친 상인들 사이의 갈등을 유연하게 조율하는 능력을 갖췄지만, 정작 업무 중에 쌓인 스트레스는 퇴근 후 혼자 삭이는 버릇이 있습니다.","강현준 씨는 주말마다 등산화를 챙겨 신고 북한산 자락을 오르며 복잡한 머릿속을 비워내고, 평일 저녁에는 일산 호수공원을 천천히 걸으며 무거워진 몸을 움직입니다. 격렬한 운동보다는 풍경을 즐기는 산책과 완만한 등산을 통해 심리적 안정감을 찾고 건강을 유지하려 애씁니다.",강현준 씨는 퇴근길 차 안에서 90년대 가요나 잔잔한 연주곡을 크게 틀어놓고 노래를 따라 부르며 하루의 피로를 씻어냅니다. 화려한 전시회나 공연보다는 동네 포장마차에 앉아 친구들과 나누는 소소한 잡담과 정겨운 분위기 속에서 더 큰 정서적 충족감을 느낍니다.,강현준 씨는 휴가철이면 아내와 아이들의 손을 잡고 전국의 숨은 맛집을 찾아 떠나는 식도락 여행의 일정을 직접 짭니다. 단순히 유명한 관광지보다는 지역 특산물이 제대로 반영된 진한 맛의 식당을 찾아내어 가족들에게 소개하는 과정에서 가장 큰 행복을 얻습니다.,"강현준 씨는 주 2~3회 외식을 즐기며, 특히 정갈하게 차려진 나물 반찬과 솥밥이 나오는 한정식집이나 퇴근 후 가볍게 한잔할 수 있는 동네 주점을 자주 방문합니다. 고기 구이보다는 제철 식재료를 활용한 담백한 한식 차림을 즐기며, 배달 음식은 일주일에 한 번 정도만 이용합니다.","강현준 씨는 가족들에게 심리적 안정을 주기 위해 헌신하며, 아이들의 작은 고민에도 귀 기울여주는 다정한 아버지이자 남편입니다. 다만, 집안의 평화를 위해 자신의 힘든 점이나 고민은 속으로 묻어두고 웃음으로 때우려는 경향이 있어 가끔은 가슴 한구석에 답답함을 느낍니다.","강현준 씨는 일산에서 활동하는 베테랑 농수산물 경매사로, 가족에 대한 깊은 책임감과 내 집 마련의 꿈을 안고 건강 관리에 힘쓰는 40대 가장입니다.","새벽 공기를 가르는 도매시장의 역동적인 분위기 속에서 잔뼈가 굵었으며, 전문대학 졸업 후 현장에서 몸으로 부딪치며 실용적인 생존 감각을 익혔습니다. 타인의 기분을 빠르게 살피는 세심함 덕분에 거친 시장 통에서도 원만한 관계를 유지하지만, 정작 본인의 스트레스는 혼자 삭이는 편입니다.",찰나의 순간에 상품의 가치를 판단해 낙찰가를 결정하는 과감한 판단력과 전국 산지의 작황 상태를 꿰뚫어 보는 시세 예측 능력을 갖췄습니다. 다양한 성향의 상인들 사이에서 갈등을 조율하고 합의점을 찾아내는 유연한 협상 기술이 탁월합니다.,"['농수산물 가치 감정 및 등급 판별', '전국 산지별 작황 분석 및 시세 예측', '다양한 이해관계자 간의 갈등 조율', '효율적인 경매 진행 및 낙찰 관리']","주말이면 가족들과 함께 전국의 숨은 맛집을 찾아다니는 식도락 여행에 몰두하며, 특히 지역 특산물을 활용한 정갈한 한정식 차림을 즐깁니다. 혈압과 혈당 관리를 위해 일산 호수공원을 천천히 걷거나 북한산 자락을 오르며 복잡한 마음을 정리하곤 합니다.","['전국 지역 맛집 탐방 및 식도락 여행', '일산 호수공원 야간 산책', '북한산 등산 및 자연 경관 감상', '오래된 LP 음반 수집 및 감상']",현재의 높은 소득을 바탕으로 일산서구에 안정적인 자가 아파트를 마련하여 가족들에게 심리적 안정을 주는 것을 최우선 과제로 삼고 있습니다. 장기적으로는 단순 중개를 넘어 믿을 수 있는 고품질 품목만을 엄선해 유통하는 자신만의 브랜드를 구축하고자 합니다.,남자,46,배우자있음,비현역,배우자·자녀와 거주,아파트,2~3년제 전문대학,해당없음,농수산물 중개인 및 경매사,경기-고양시 일산서구,경기,대한민국
b328df08a41541cdab19f7b015d40fff,"이양미 씨는 장성군의 한 시설에서 경비원으로 근무하며, 매일 아침 순찰 경로의 전등 하나까지 꼼꼼히 체크하는 성실함으로 관리소장의 절대적인 신뢰를 받습니다. 이양미 씨는 무례한 방문객에게는 단호하게 원칙을 내세우면서도, 동네 어르신들에게는 넉살 좋게 웃어주는 능숙한 처세술을 발휘합니다.","이양미 씨는 주말이면 형광색 등산복을 갖춰 입고 백양사 산책로를 오르며, 함께 산행하는 친구들과 서로의 옷차림을 품평하며 웃음꽃을 피웁니다. 이양미 씨는 가파른 오르막길에서 숨이 턱 끝까지 차오르면 잠시 멈춰 서서 주변 풍경을 사진으로 찍어 단체 채팅방에 올리는 일을 즐깁니다.","이양미 씨는 잠들기 전 스마트폰으로 임영웅의 무대 영상을 반복해서 시청하며, 가사의 한 구절 한 구절에 깊이 공감하며 몰래 눈시울을 붉힙니다. 이양미 씨는 최신 유행하는 노래 가사를 수첩에 적어 외우며, 동네 노래교실에서 뽐낼 기회만을 기다립니다.","이양미 씨는 친목 단체 회원들과 함께 버스를 대절해 전국 곳곳의 명소를 찾아다니며, 여행지마다 화려한 단체 티셔츠를 맞춰 입고 인증 사진을 남기는 것에 진심입니다. 이양미 씨는 가끔 자녀들이나 친척 집을 방문해 손주들에게 줄 간식을 한 보따리 챙겨가며 집안의 활기찬 어른 역할을 자처합니다.","이양미 씨는 일주일에 한 번 외식을 하며, 주로 구수한 청국장이나 나물 비빔밥이 나오는 한식당을 찾거나 가끔은 분식집에서 떡볶이와 김밥을 나눠 먹습니다. 이양미 씨는 한 달에 한 번 정도 배달 앱으로 짜장면을 시켜 먹으며, 배달 기사님과 짧은 안부 인사를 나누는 시간을 소소하게 여깁니다.","이양미 씨는 남편과 사별 후 홀로 넓은 단독주택을 지키고 있지만, 집안 곳곳에 배어 있는 그리움을 부녀회 활동과 사교 모임이라는 활발한 외부 활동으로 채워나갑니다. 이양미 씨는 외로움이 밀려오는 밤이면 오래된 사진첩을 뒤적이면서도, 다음 날 아침이면 누구보다 먼저 일어나 이웃들에게 인사를 건넵니다.","이양미 씨는 전남 장성에서 시설 경비원으로 일하며 꼼꼼한 업무 처리와 외향적인 성격으로 지역 사회의 중심 역할을 하는, 건강한 활력과 내면의 쓸쓸함을 동시에 품은 60대 여성입니다.","전남 장성군의 한적한 마을에서 단독주택을 가꾸며 수십 년째 터를 잡고 살고 있습니다. 고등학교 졸업 후 일찍이 사회생활을 시작하며 겪은 풍파와 사별의 아픔이 있지만, 특유의 넉살과 외향적인 성격으로 동네 부녀회와 친목 모임의 중심축 역할을 하며 외로움을 활동성으로 승화시켜 왔습니다.","시설 경비 업무를 맡으며 출입 기록 하나, 전등 하나 꺼진 것까지 놓치지 않는 꼼꼼함으로 관리소장에게 두터운 신뢰를 받습니다. 방문객들의 까다로운 요구사항을 단호하면서도 정중하게 조율하는 능숙한 대인 관계 기술을 갖추고 있으며, 매일 정해진 순찰 경로를 한 치의 오차 없이 수행하는 성실함이 몸에 배어 있습니다.","['시설 출입 통제 및 기록 관리', '민원인 응대 및 갈등 조율', '시설물 안전 점검 및 이상 징후 포착', '정기 순찰 경로 설계 및 이행']","주말이면 화려한 색상의 등산복을 챙겨 입고 백양사 인근 산책로를 오르거나, 동네 친구들과 찜질방에서 땀을 빼며 한 주간의 수다를 떨 때 가장 활기찹니다. 최근에는 유튜브로 트로트 가수들의 무대 영상을 찾아보는 재미에 빠졌으며, 가끔은 지역 소모임 사람들과 막걸리 한 잔을 곁들인 소소한 내기 게임을 즐깁니다.","['백양사 인근 산행 및 산책', '유튜브 트로트 공연 영상 시청', '지역 친목 모임 내기 게임', '동네 찜질방 사우나', '지인들과의 막걸리 친목회']",현재의 안정적인 수입을 유지하며 건강이 허락하는 한 최대한 오래 현역으로 뛰며 사회적 소속감을 유지하고 싶어 합니다. 은퇴 후에는 그동안 쌓은 시설 관리 경험을 살려 지역 사회의 작은 공공시설을 자원봉사로 관리하며 동네에서 인정받는 어른으로 남고자 합니다.,여자,60,사별,비현역,혼자 거주,단독주택,고등학교,해당없음,시설 경비원,전라남-장성군,전라남,대한민국
161d2ca4a4e54d9d91a19c26840e5163,"임형자 씨는 김포의 상가 건물에서 찌든 때 하나 남기지 않는 능숙한 손놀림으로 일하며, 기계 앞에서 당황하는 젊은 직원들을 대신해 키오스크를 척척 눌러 주문을 도와주는 반전 매력의 해결사입니다.","임형자 씨는 특별한 운동 기구 대신 매일 아침 집 근처 김포 한강나루길을 천천히 산책하며 몸의 긴장을 풀고, 일터에서의 분주한 움직임으로 기초 체력을 유지합니다.","임형자 씨는 일요일마다 김포 성당의 고요한 분위기 속에서 마음의 평안을 찾고, 평소에는 텔레비전 속 트로트 가수의 노래를 흥얼거리며 중학교 졸업 후 못다 한 배움의 갈증을 달랩니다.","임형자 씨는 자식들과 손주들의 손을 잡고 강원도 설악산의 단풍이나 남해의 푸른 바다를 보러 다니며, 자연이 주는 압도적인 풍경 속에서 가족과 함께하는 시간의 소중함을 만끽합니다.","임형자 씨는 평소에는 나물 반찬과 된장찌개 같은 소박한 한식을 즐기지만, 가끔 손녀와 함께 롯데리아에 들러 불고기버거의 달콤한 맛을 음미하며 요즘 아이들의 이야기를 듣는 시간을 즐깁니다.","임형자 씨는 사별 후 친척들과 함께 아파트에 살며 서로의 생활 방식이 달라 부딪칠 때도 있지만, 적당히 져주고 때로는 고집을 부리는 유연함으로 집안의 중심을 잡습니다.",임형자 씨는 김포에서 건물 청소원으로 일하며 배움에 대한 열정과 가족에 대한 깊은 사랑으로 당뇨와 혈압을 이겨내고 살아가는 긍정적인 할머니입니다.,"김포의 논밭이 아파트 단지로 변하는 격변기를 몸소 겪으며 살아왔고, 중학교 졸업 후 못다 한 공부에 대한 아쉬움을 새로운 것을 배우려는 태도로 채워왔습니다. 사별 후 친척들과 한집에 살며 서로의 다름을 인정하고 맞춰가는 유연한 삶의 방식을 익혔습니다.","수십 년간 현장에서 익힌 찌든 때 제거법과 효율적인 동선 짜기에 능숙하며, 최근에는 젊은 동료들이 어려워하는 키오스크 조작법을 빠르게 익혀 대신 도와주곤 합니다.","['약품별 오염 제거 노하우', '효율적인 건물 청소 동선 설계', '키오스크 및 모바일 앱 기초 활용', '다양한 연령대와의 갈등 중재']","일요일마다 김포 성당에서 마음의 평안을 찾고, 평일에는 손녀를 따라 롯데리아에서 불고기버거를 먹으며 요즘 세대의 이야기를 듣는 시간을 즐깁니다.","['김포 가톨릭 성당 미사 참여', '손녀와 햄버거 가게 방문', '김포 한강나루길 산책', '임영웅 노래 따라 부르기']","매달 통장에 찍히는 월급으로 손주들에게 깜짝 용돈을 쥐여주는 기쁨을 누리며, 몸을 움직여 당뇨와 혈압을 관리하는 건강한 일상을 유지하려 합니다.",여자,84,사별,비현역,친인척과 거주,아파트,중학교,해당없음,건물 청소원,경기-김포시,경기,대한민국
0c917f6b351445c0a05487d6c1d798cc,"길태환 씨는 부천의 치과에서 정교한 스케일링 실력으로 인정받는 치과위생사이며, 예민한 환자가 갑자기 소리를 높여도 당황하지 않고 능숙하게 진료 흐름을 이어가는 유연함을 보입니다. 최신 구강 세정 장비 매뉴얼을 빠르게 훑고 동료들에게 효율적인 사용 팁을 전수하며 실무 책임자로 성장하려는 야심을 가지고 있습니다.","길태환 씨는 거창한 운동보다는 집 근처 오정구 골목길을 천천히 거니는 산책으로 몸을 움직이며, 남은 에너지는 컴퓨터 앞에 앉아 리그 오브 레전드 랭크 게임을 올리는 데 쏟아붓습니다. 체격이 커서 조금만 뛰어도 금방 숨이 차오르지만, 게임 속에서의 화려한 컨트롤과 승부욕만큼은 누구보다 강렬하게 발휘합니다.","길태환 씨는 침대에 누워 끝없이 유튜브 쇼츠를 넘겨보며 최신 유행하는 밈과 짧은 영상 콘텐츠를 소비하는 것으로 하루의 피로를 풉니다. 플레이리스트에 저장된 힙합 음악을 들으며 멍하게 시간을 보내는 것을 즐기며, 트렌디한 감각을 유지하기 위해 SNS에서 화제가 되는 영상들을 놓치지 않고 챙겨봅니다.","길태환 씨는 연인이나 친구와 함께 전국 팔도의 숨은 맛집을 찾아 떠나는 음식 관광에 진심이며, 지도 앱에 저장해둔 '꼭 가봐야 할 식당' 리스트를 하나씩 지워가는 과정에서 쾌감을 느낍니다. 유명한 빵집이나 지역 특산물 요리집 앞의 긴 대기 줄도 맛있는 음식만 있다면 기꺼이 견뎌내는 인내심을 보입니다.","길태환 씨는 일주일에 두세 번은 꼭 퇴근길 단골 고깃집에서 두툼한 삼겹살에 소주를 곁들이며 스트레스를 날리고, 주말에는 친구들과 함께 바삭한 치킨을 주문해 먹습니다. 배달 음식보다는 직접 찾아가서 먹는 갓 나온 요리를 선호하며, 육즙이 가득한 고기 요리라면 메뉴판을 보지도 않고 바로 선택합니다.","길태환 씨는 부천의 전세 아파트에서 부모님과 함께 지내며 성인으로서의 책임감과 자녀로서의 편안함을 동시에 느끼고 있습니다. 부모님과의 관계는 원만하지만, 점차 자신만의 온전한 공간을 갖고 싶다는 갈망이 커져 독립을 위한 구체적인 저축 계획을 세우고 있습니다.","길태환 씨는 부천에서 근무하는 유능한 치과위생사로, 맛집 탐방과 게임을 즐기며 독립을 꿈꾸는 현실적인 20대 청년입니다.","부천 오정구의 골목 풍경에 익숙하며, 퇴근 후 집 근처 단골 고깃집에서 소주 한 잔을 곁들이며 하루의 피로를 푸는 일상을 보냅니다. 치과위생사라는 전문직의 단정한 모습과 달리, 사석에서는 편한 옷차림으로 친구들과 어울리며 유행하는 밈을 공유하는 전형적인 20대 중반의 생활 양식을 가지고 있습니다.","정교한 스케일링과 치주 관리 능력을 갖추고 있으며, 갑작스럽게 예민해진 환자의 요구 사항에도 당황하지 않고 유연하게 대처하여 진료 흐름을 유지합니다. 최신 구강 관리 장비의 사용법을 빠르게 익혀 동료들에게 공유하는 편입니다.","['치석 제거 및 스케일링', '구강 보건 교육 및 상담', '치과 진료 보조 및 기구 관리', '환자 맞춤형 구강 위생 계획 수립']",인스타그램에서 화제가 되는 전국의 숨은 맛집 리스트를 저장해두고 친구나 연인과 함께 직접 찾아가 먹어보는 음식 관광에 진심입니다. 혼자 있는 시간에는 침대에 누워 유튜브 쇼츠를 넘겨보거나 리그 오브 레전드 게임을 하며 스트레스를 해소합니다.,"['전국 지역 맛집 탐방', '리그 오브 레전드 게임', '유튜브 쇼츠 및 영상 시청', '동네 공원 야간 산책', '친구들과의 술자리 및 외식']","현재 직장에서 실무 숙련도를 높여 대체 불가능한 실무 책임자로 인정받는 것을 우선하며, 차근차근 자산을 모아 부모님으로부터 독립해 자신만의 공간을 마련하겠다는 현실적인 계획을 세우고 있습니다.",남자,24,미혼,비현역,부모와 동거,아파트,4년제 대학교,보건·복지,치과위생사,경기-부천시 오정구,경기,대한민국
eef731e7c82f4108bbc0813abaa1fe21,"남삼례 씨는 작가의 고유한 문체와 출판사의 상업적 방향성 사이에서 정교하게 균형을 잡으며, 일상의 소중함을 다루는 에세이 시리즈를 기획하고 다듬습니다. 디지털 환경에 최적화된 콘텐츠 구성력을 갖춰 원고의 결을 살리면서도 독자의 시선을 붙드는 세밀한 교정 작업에 몰두합니다.",남삼례 씨는 주말이면 마음 맞는 친구들과 함께 원주나 평창의 깊은 숲길을 찾아 느릿하게 걸으며 폐부 깊숙이 맑은 공기를 채웁니다. 격렬한 운동보다는 자연의 리듬에 맞춰 천천히 걷는 시간을 통해 복잡한 머릿속을 정리하고 내면의 질서를 되찾습니다.,"남삼례 씨는 판교의 작은 갤러리들을 주기적으로 순례하며 신진 작가들의 실험적인 작품을 감상하고, 베란다의 몬스테라 잎이 펴지는 모양을 관찰해 기록합니다. 탄천의 계절이 바뀔 때마다 변하는 물빛과 나뭇잎의 색감을 세밀하게 포착해 짧은 글로 남기는 것이 일상의 가장 큰 즐거움입니다.","남삼례 씨는 정해진 일정표 없이 발길 닿는 대로 숲을 거니는 여행을 즐기며, 주로 오랜 친구들과 함께 강원도의 고요한 자연 속으로 떠납니다. 화려한 관광지보다는 이름 없는 산책로나 낡은 벤치가 있는 풍경 앞에서 한참을 머무르며 명상에 잠기는 시간을 소중히 여깁니다.","남삼례 씨는 정자동 카페거리의 단골 빵집에서 갓 구운 시큼한 사워도우 빵을 골라 집으로 돌아오는 길을 가장 좋아합니다. 고기류가 배제된 정갈한 나물 반찬과 솥밥으로 구성된 한식을 주로 찾으며, 보름에 한 번 정도는 자녀와 함께 배달 음식을 시켜 먹으며 소소한 대화를 나눕니다.","남삼례 씨는 이혼 후 홀로 자녀를 키우며 겪은 삶의 무게를 정직한 문장으로 써 내려가며 스스로를 치유하고 아이와 단단한 유대감을 쌓았습니다. 자녀에게 때로는 지나치게 엄격한 잣대를 들이대기도 하지만, 마음 한구석에는 늘 미안함과 애틋함이 공존하여 아이의 작은 성취에도 남몰래 눈시울을 붉힙니다.","남삼례 씨는 분당의 정갈한 일상 속에서 글쓰기와 가드닝으로 내면을 가꾸며, 소외된 이들의 기록을 담아낼 독립 출판의 꿈을 키워가는 강인한 창작자이자 어머니입니다.","분당 탄천의 계절 변화를 관찰하며 기록하는 습관이 있고, 예술 전공자답게 판교의 작은 갤러리들을 주기적으로 방문합니다. 홀로 자녀를 키우며 느꼈던 삶의 무게를 정갈한 글쓰기로 승화시켜 온 세월이 현재의 단단한 내면을 만들어주었습니다.","독자의 마음을 움직이는 섬세한 문장 교정 능력과 디지털 환경에 최적화된 콘텐츠 구성력을 통해, 일상의 소중함을 다루는 에세이 시리즈를 성공적으로 기획했습니다. 작가들의 개성을 살리면서도 출판사의 방향성을 유지시키는 조율 능력이 뛰어납니다.","['원고 교정 및 교열', '디지털 스토리텔링 기획', '전자책 제작 및 유통 관리', '콘텐츠 톤앤매너 설정']","베란다에서 몬스테라와 다육식물을 가꾸며 흙을 만지는 시간에 몰입하고, 정자동 카페거리의 유명한 사워도우 빵집에서 갓 구운 빵을 고르는 일을 즐깁니다. 친구들과 함께 원주나 평창의 숲길을 걸으며 맑은 공기를 마시는 여행을 주기적으로 떠납니다.","['베란다 홈 가드닝', '천연 발효 빵집 투어', '강원도 숲길 트레킹', '천연 화장품을 이용한 피부 관리', '나물 정식 맛집 탐방']","자신의 이름으로 된 작은 독립 출판 브랜드를 만들어, 사회에서 소외된 이들의 평범하지만 특별한 기록을 책으로 엮어내는 일을 꿈꿉니다.",여자,54,이혼,비현역,자녀와 거주 (한부모),주택 이외의 거처,4년제 대학교,예술·인문,미디어 콘텐츠 창작자,경기-성남시 분당구,경기,대한민국
9a32ee6e5cc54887a45d03249224ca6c,장재홍 씨는 교육 시설의 공조 시스템을 관리하며 기계가 내는 아주 미세한 떨림이나 소음만으로도 부품의 마모 상태를 정확히 짚어내는 베테랑입니다. 은퇴 전까지 자신이 관리한 모든 설비의 수리 이력과 특이 사항을 태블릿에 디지털 데이터로 구축해 후임자가 시행착오 없이 운영하게 만들겠다는 목표에 매진하고 있습니다.,장재홍 씨는 퇴근 후 거실 소파에 기대어 유튜브로 UFC 경기 분석 영상을 보며 선수들의 타격 각도와 전략을 세밀하게 파고드는 시간을 가장 아낍니다. 가끔은 친구들과 함께 경기장을 직접 찾아 현장의 뜨거운 함성 속에서 격투 스포츠의 박진감을 즐기며 일주일의 스트레스를 날려버립니다.,"장재홍 씨는 동네 지인들과 정기적으로 모여 최신 시사 잡지를 읽고, 복잡한 세상 돌아가는 이야기에 대해 충청도 특유의 느긋한 말투로 자신의 소신을 조목조목 밝힙니다. 화려한 예술 작품보다는 간월도 바닷가나 버드랜드의 탁 트인 자연 풍경을 바라보며 마음의 평온을 얻는 정적인 취향을 가지고 있습니다.",장재홍 씨는 주말이면 가족들을 차에 태우고 서산 버드랜드의 넓은 갈대밭이나 간월도의 고즈넉한 풍경을 찾아가 사진을 찍고 천천히 산책합니다. 유명 관광지를 바쁘게 돌아다니기보다 자연이 주는 고요함 속에서 가족들과 소소한 대화를 나누는 여행 방식을 고집합니다.,"장재홍 씨는 일주일에 한 번 가족들과 함께 나물을 듬뿍 넣은 비빔밥이나 정갈한 생선구이 정식을 먹으러 다니며, 가끔은 기분 전환을 위해 쌀국수나 팟타이 같은 동남아 음식을 즐깁니다. 배달 음식은 한 달에 한 번 정도만 시켜 먹으며, 가급적 직접 식당에 가서 갓 나온 음식을 먹는 것을 즐깁니다.","장재홍 씨는 아내와 연로하신 어머니를 모시고 아파트에서 함께 살며, 무뚝뚝해 보여도 어머니의 약 챙겨드리는 일만큼은 단 한 번도 잊지 않는 세심한 아들입니다. 주말마다 가족들의 요구사항을 묵묵히 들어주면서도, 집안의 중요한 결정 앞에서는 가장으로서의 단호함을 잃지 않습니다.","장재홍 씨는 서산에서 공조 설비 전문가로 일하며, 철저한 자기관리와 가족에 대한 책임감을 바탕으로 느긋하지만 주관 뚜렷한 삶을 사는 50대 가장입니다.","서산의 지역적 특색이 묻어나는 여유로움과 고등학교 졸업 후 현장에서 쌓아온 실무적 자부심이 공존하며, 충청도 특유의 완곡한 화법 속에 자신의 주관을 뚜렷하게 담아내는 성격입니다.","교육 시설 내 복잡한 냉난방 공조 시스템의 흐름을 완벽히 파악하여 에너지 효율을 극대화하며, 작은 소음이나 진동만으로도 기계의 이상 징후를 찾아내어 선제적으로 조치하는 정밀함을 갖췄습니다.","['산업용 냉난방 설비 정밀 진단', '공조 시스템 에너지 효율 최적화', '노후 설비 유지보수 및 부품 교체 주기 관리', '시설 안전 관리 매뉴얼 구축']","주말이면 가족과 함께 간월도나 버드랜드를 찾아 탁 트인 풍경을 감상하며 휴식하고, 평소에는 유튜브로 UFC 경기 분석 영상을 챙겨보거나 동네 지인들과 모여 최신 시사 잡지를 읽으며 의견을 나눕니다.","['UFC 및 격투 스포츠 경기 분석 시청', '서산 인근 자연 경관 출사 및 산책', '동남아시아 음식점 등 이색 외국 요리 탐방', '지역 사회 친목 모임 및 인맥 관리']",퇴직 전까지 자신이 관리하는 모든 설비의 이력을 디지털 데이터로 체계화하여 후임자가 시행착오 없이 운영할 수 있는 완벽한 관리 시스템을 구축하는 것에 보람을 느낍니다.,남자,56,배우자있음,비현역,배우자·편부모와 거주,아파트,고등학교,해당없음,냉난방기 관련 설비 조작원,충청남-서산시,충청남,대한민국
e64764abdedc4efe9b6d5489f05d1188,"박명준 씨는 대구 달서구 물류 창고의 좁은 랙 사이에서 지게차 레버를 세밀하게 조절하며 파레트를 한 치의 오차 없이 쌓아 올립니다. 정년까지 무탈하게 현장을 지키겠다는 일념으로 매일 아침 작업복을 챙겨 입으며, 물류 흐름을 꿰뚫는 감각으로 적재 순서를 효율적으로 배치하는 숙련공의 면모를 보입니다.","박명준 씨는 주말이면 달서구 성당못 주변의 산책로를 천천히 걸으며 복잡한 머릿속을 비워내고, 때로는 활동적인 레포츠를 찾아 가족들과 함께 짧은 여행을 떠납니다. 평소에는 소파에 누워 쉬는 시간이 많지만, 한 번 움직이기 시작하면 고집스럽게 목표 지점까지 걷는 끈기를 보입니다.","박명준 씨는 거실의 커다란 텔레비전을 켜두어 집안의 적막을 없애고, 스마트폰 화면 속에서 영토를 넓히는 전략 게임에 몰입하며 성취감을 느낍니다. 동네 미용실에서 머리를 짧고 단정하게 다듬는 시간을 통해 스스로를 가다듬으며, 화려한 예술보다는 일상 속의 작은 정돈과 오락에서 위안을 얻습니다.","박명준 씨는 가끔 가족들과 함께 스포츠나 레포츠를 즐길 수 있는 지역으로 여행을 떠나며, 그 시간만큼은 무뚝뚝한 평소 모습에서 벗어나 함께 어울리려 노력합니다. 낯선 곳에서의 경험에 열려 있는 편이라 여행지에서 새로운 활동을 시도하는 것을 즐기며, 다녀온 뒤에는 다시 익숙한 대구의 일상으로 돌아옵니다.","박명준 씨는 일주일에 두세 번 동네 단골 중국집에서 얼큰한 짬뽕 한 그릇으로 스트레스를 풀거나, 고기 없는 깔끔한 한정식 차림의 식당을 찾습니다. 배달 음식은 보름에 한 번 꼴로 시켜 먹을 정도로 외식을 선호하며, 식사 자리에서는 말수가 적지만 음식의 간이 맞는지 꼼꼼하게 따지는 편입니다.","박명준 씨는 배우자와 별거하며 달서구의 아파트에서 홀로 지내고 있지만, 가족 여행을 갈 때만큼은 가장으로서의 책임감을 보이며 동행합니다. 집안을 가득 채운 적막함에 가끔 울컥하기도 하지만, 겉으로는 단호하게 선을 긋는 경상도 남자 특유의 무뚝뚝함으로 외로움을 숨기며 살아갑니다.","박명준 씨는 대구에서 지게차 숙련공으로 일하며 외로움과 고독을 게임과 산책으로 달래는, 무뚝뚝하지만 내면의 유연함을 가진 50대 남성입니다.",대구 달서구의 오래된 아파트 단지에서 나고 자라며 무뚝뚝하지만 자기 주관이 뚜렷한 경상도 남성의 정서를 공유합니다. 현재는 배우자와 별거하며 적막한 집안 공기를 텔레비전 소리로 채우는 고독한 생활 방식에 익숙해져 있습니다.,좁은 창고 랙 사이로 파레트를 한 치의 오차 없이 밀어 넣는 정밀한 지게차 조작 능력을 갖추고 있습니다. 물류 흐름을 한눈에 파악해 적재 순서를 효율적으로 배치하는 현장 감각이 탁월합니다.,"['지게차 정밀 운전 및 조작', '창고 적재 공간 최적화', '물류 하역 프로세스 효율화', '산업 현장 안전 수칙 관리']","퇴근 후 거실 소파에 누워 모바일 게임 속 영토를 확장하며 시간을 보내고, 주말이면 성당못 주변을 천천히 걸으며 복잡한 생각을 정리합니다. 가끔은 동네 미용실에서 머리를 깔끔하게 다듬거나 단골 중국집에서 짬뽕 한 그릇으로 하루의 피로를 풉니다.","['모바일 전략 게임', '성당못 주변 산책', '최신 헤어스타일 관리', '동네 중국집 맛집 탐방']","큰 욕심 없이 정년까지 무리 없이 현장을 지키는 것을 최우선으로 하며, 혈압 관리를 통해 건강하게 숙련공으로서의 대접을 받는 삶을 유지하고자 합니다.",남자,51,배우자있음,비현역,혼자 거주 (배우자 별거),아파트,고등학교,해당없음,그 외 물품 이동 장비 조작원,대구-달서구,대구,대한민국
cd3c346c8c024beba0e8c03c26cce3e4,문권순 씨는 운송업계의 거친 민원인들을 상대하며 다져진 노련함으로 전화 너머 상대의 기분과 요구 사항을 순식간에 파악합니다. 문권순 씨는 원칙을 지키면서도 상황에 맞는 유연한 대안을 제시해 갈등을 매끄럽게 해결하며 동료들이 믿고 의지하는 든든한 선배로 통합니다.,문권순 씨는 주말이면 아내의 손을 잡고 대구삼성라이온즈파크를 찾아 목청껏 응원하며 일주일의 스트레스를 날려버립니다. 문권순 씨는 가족들과 함께 활동적인 스포츠 체험 여행을 떠나며 몸을 움직이는 즐거움을 만끽합니다.,문권순 씨는 거실 소파에 깊숙이 기대앉아 TV 다큐멘터리를 시청하며 세계 곳곳의 역사와 자연 이야기를 듣는 시간을 가장 아낍니다. 문권순 씨는 새로운 지식을 접할 때면 수첩에 메모를 남기며 세상의 변화를 조용히 관찰합니다.,문권순 씨는 가족들과 함께 체험형 스포츠 시설이 있는 지역으로 여행을 떠나 함께 땀 흘리고 웃는 시간을 소중히 여깁니다. 문권순 씨는 유명 관광지를 돌아다니기보다 직접 몸으로 부딪히는 활동적인 일정을 짜는 것을 즐깁니다.,문권순 씨는 일주일에 한 번 북구 칠성시장 인근의 일식집에서 정갈한 초밥을 즐기며 미식의 기쁨을 누립니다. 문권순 씨는 가끔 아내와 함께 구워 먹는 고깃집을 찾아 든든한 한 끼 식사를 하며 하루의 피로를 풉니다.,문권순 씨는 대구 북구의 아파트에서 아내와 서로를 배려하며 조용하고 화목한 가정을 유지하고 있습니다. 문권순 씨는 틈날 때마다 가족들을 방문해 소소한 일상을 나누며 가장으로서의 책임감과 정서적 안정을 동시에 찾습니다.,문권순 씨는 대구 북구에서 운송업 상담원으로 일하며 유연한 소통 능력과 소박한 삶의 태도로 가족과 동료들의 사랑을 받는 60대 가장입니다.,"대구 북구의 오래된 골목에서 성장하며 도시의 산업화 과정을 직접 겪었고, 고등학교 졸업 후 빠르게 사회에 뛰어들어 실용적인 생활 방식을 익혔습니다. 나이 든 세대의 보수적인 면보다는 새로운 전자기기나 유행하는 문화에 슬쩍 발을 들여보는 유연함이 몸에 배어 있습니다.","운송업계 특유의 거친 민원인들을 상대하며 다져진 감정 조율 능력이 탁월하며, 상대의 말투만으로도 요구 사항의 핵심을 빠르게 짚어냅니다. 원칙을 지키면서도 현장의 유동적인 상황에 맞춰 적절한 대안을 제시해 갈등을 매듭짓는 능숙함이 있습니다.","['악성 민원 응대 및 심리적 진정 기법', '육상 운송 배차 프로세스 이해', '다양한 연령대와의 유연한 의사소통', '효율적인 상담 기록 및 데이터 정리']","주말이면 아내와 함께 대구삼성라이온즈파크를 찾아 야구 경기를 관람하고, 평소에는 텔레비전 다큐멘터리를 보며 세상 돌아가는 이야기에 귀를 기울입니다. 가끔 북구 칠성시장 근처의 일식집에서 정갈한 초밥을 즐기거나 가족들과 스포츠 체험 여행을 떠나는 시간을 소중히 여깁니다.","['삼성 라이온즈 야구 경기 관람', '지역 사회 커뮤니티 활동', '가족 동반 스포츠 레포츠 여행', '최신 스마트폰 앱 기능 탐색']","퇴직하는 날까지 동료들에게 '함께 일하면 마음이 편한 사람'으로 기억되는 것을 중요하게 생각합니다. 갑작스러운 건강 악화 없이 현재의 생활 리듬을 유지하며, 후배 상담원들에게 자신의 노하우를 자연스럽게 전수하는 완만한 은퇴 과정을 꿈꿉니다.",남자,62,배우자있음,비현역,배우자와 거주,아파트,고등학교,해당없음,전화 상담원,대구-북구,대구,대한민국
f1ceddfaae2e43bfa235784c816f4cb0,"김복순 씨는 고양시 지역 복지관 서예 소모임에서 회원들 사이의 사소한 말다툼을 조용히 중재하며 모임의 질서를 잡는 살림꾼 역할을 맡고 있습니다. 꼼꼼한 성격 탓에 소모임의 출석부와 회비 내역 정리를 자처하여 수행하며, 정해진 루틴대로 운영되는 환경에서 깊은 보람을 느낍니다.","김복순 씨는 매일 오후 편한 운동화를 신고 일산 호수공원 산책로를 따라 걸으며 스마트워치의 만보기 숫자가 목표치에 도달할 때까지 발걸음을 멈추지 않습니다. 걷는 도중 마주치는 이웃들과 가볍게 인사를 나누지만, 본인이 정해놓은 운동 코스를 이탈하거나 시간을 어기는 것은 용납하지 않는 철저함을 보입니다.","김복순 씨는 지역 커뮤니티 센터의 서예 교실에서 붓 끝에 온 신경을 집중해 한 글자씩 정성껏 써 내려가며 마음의 평온을 찾습니다. 집에 돌아와서는 유튜브로 임영웅의 노래 영상을 틀어놓고 가사를 음미하며, 가끔은 마음에 닿는 노랫말을 서예 연습지에 옮겨 적으며 시간을 보냅니다.",김복순 씨는 자녀들이 계획해 준 일정에 맞춰 강원도 양양이나 제주도의 조용한 리조트로 가족 여행을 떠나 온전한 휴식을 취합니다. 유명 관광지를 바쁘게 돌아다니는 일정보다는 숙소 근처의 숲길을 천천히 거닐거나 창밖 풍경을 보며 따뜻한 차를 마시는 정적인 시간을 가장 소중하게 여깁니다.,"김복순 씨는 일산동구의 단골 일식집에서 정갈하게 담겨 나오는 초밥 정식을 즐기며, 평소에는 고기보다는 나물이나 생선 위주의 담백한 한식 상차림을 고집합니다. 한 달에 한 번 정도는 기분 전환 삼아 자녀들이 알려준 배달 앱으로 별미 음식을 주문해 보며 디지털 세상의 편리함을 직접 경험합니다.","김복순 씨는 평생을 성실하게 가정을 일궈온 책임감으로 남편의 식사와 건강 상태를 세심히 챙기며, 정돈된 아파트 공간 속에서 안온한 노후를 보냅니다. 무뚝뚝한 남편과 자녀들 사이에서 때로는 부드럽게, 때로는 분명하게 자신의 의견을 전달하며 가족 전체의 균형을 잡는 중심축 역할을 수행합니다.",김복순 씨는 일산의 정돈된 환경 속에서 철저한 자기관리와 디지털 적응력을 바탕으로 건강하고 조화로운 노후를 설계하는 70대 여성입니다.,"경기 고양시 일산동구의 정돈된 아파트 단지 환경에서 오래 거주하며, 고등학교 졸업 후 성실하게 가정을 일궈온 책임감이 몸에 배어 있습니다. 최신 유행하는 키오스크 주문 방식이나 스마트폰 뱅킹 앱을 배우는 데 거부감이 없으며, 이를 익혀 실생활에 적용하는 과정을 즐깁니다.","공복혈당장애와 혈압 주의 판정을 받은 후, 매일 아침 혈당 수치를 기록하고 나트륨을 줄인 저염식 식단을 체계적으로 설계하는 능력이 뛰어납니다. 수십 년간 수기 가계부를 작성하며 가계 지출을 10원 단위까지 정확하게 맞추는 꼼꼼함을 갖췄습니다.","['저염식 식단 설계', '수기 가계부 작성 및 지출 관리', '스마트폰 뱅킹 및 생활 앱 활용', '혈당 및 혈압 상시 모니터링']","일산 호수공원의 산책로를 따라 만보기 목표 수치를 채우고, 가끔은 동네 단골 일식집에서 정갈한 초밥 정식을 즐깁니다. 유튜브로 임영웅의 노래를 찾아 듣거나, 지역 커뮤니티 센터에서 서예를 배우며 마음을 정돈합니다.","['일산 호수공원 산책', '임영웅 노래 감상', '지역 커뮤니티 센터 서예 교실', '단골 일식집 초밥 정식 식사']",거창한 성취보다는 매일 정해진 루틴을 완벽하게 수행하며 신체적 건강을 유지하는 것에 집중합니다. 지역 복지관의 소모임에서 구성원들이 갈등 없이 어울리도록 조율하는 중재자 역할을 수행하며 소소한 보람을 찾습니다.,여자,74,배우자있음,비현역,배우자와 거주,아파트,고등학교,해당없음,무직,경기-고양시 일산동구,경기,대한민국
716a5db6c2c04f9982f89c137c5b2c6a,"한경자 씨는 평생을 전업주부로 살며 제철 나물의 쓴맛을 기가 막히게 잡는 손맛을 익혔고, 쥐꼬리만한 예산으로도 식탁을 풍성하게 차려내는 살림의 고수입니다.",한경자 씨는 친목회 회원들과 함께 떠날 남해안 꽃구경 여행에서 지치지 않으려고 매일 오후 동네 골목길을 천천히 걷으며 체력을 기릅니다.,한경자 씨는 정오가 되면 텔레비전 앞에 앉아 임영웅의 노래를 들으며 손바닥이 빨개지도록 박수를 치는 시간에서 가장 큰 행복을 느낍니다.,한경자 씨는 마음 맞는 동네 친구들과 함께 전세 버스를 타고 남해안의 푸른 바다와 함께 핀 꽃들을 구경하며 세상 풍경을 눈에 담는 여행을 즐깁니다.,"한경자 씨는 평소 집에서 직접 무친 취나물과 고등어구이로 식사를 해결하며, 2주에 한 번 외식을 할 때는 정갈한 일식집에서 초밥이나 생선조림을 먹습니다.","한경자 씨는 일찍이 남편을 보내고 대전 중구의 아파트에서 홀로 지내며, 적적함 속에서도 나만을 위해 차려내는 소박한 밥상과 고요한 시간을 소중히 여깁니다.","한경자 씨는 대전 중구에서 홀로 살며 알뜰한 살림 솜씨와 트로트 사랑으로 노년을 평온하게 보내는, 겉으로는 조용하지만 속은 단단한 80대 여성입니다.","대전 중구의 오래된 골목에서 수십 년을 나며, 글은 배우지 못했지만 시장 사람들과 부대끼며 삶의 지혜를 익혔습니다. 남편을 먼저 보내고 혼자 남았지만, 적적함보다는 오롯이 나를 위해 쓰는 시간의 편안함을 즐기며 삽니다.","평생 손끝으로 일궈온 살림 솜씨가 일품이며, 제철 나물의 쓴맛을 잡아내는 무침 비법과 적은 예산으로도 식탁을 풍성하게 차려내는 가계 운영 능력이 탁월합니다.","['제철 나물 무침', '시장 물건 흥정하기', '효율적인 소형 가구 정리', '전통 장아찌 담그기']","정오가 되면 텔레비전에서 나오는 트로트 가수의 무대에 박수를 치고, 일주일에 두 번은 중구청 근처 사우나에서 뜨거운 탕에 몸을 담가 피로를 풉니다.","['트로트 프로그램 시청', '중구청 인근 대중사우나 이용', '노인회 소속 단체 여행', '베란다에서 조용히 담배 피우기']","매달 나가는 월세를 꼼꼼히 챙기는 일상 속에서, 친목회 회원들과 함께 가기로 한 남해안 꽃구경 여행을 위해 매일 조금씩 걷기를 실천하며 체력을 관리합니다.",여자,81,사별,비현역,혼자 거주,아파트,무학,해당없음,무직,대전-중구,대전,대한민국
03bd2b1cf157428fa99ce7983c5d866c,"채희준 씨는 화순의 비금속 광산 현장에서 수십 년간 굴착 지점을 정확히 짚어내며 잔뼈가 굵은 베테랑으로, 도면의 미세한 오차를 찾아내 후배들의 실수를 바로잡는 데 엄격합니다. 최신 굴착 장비가 도입되면 누구보다 먼저 매뉴얼을 읽고 현장에 적용하는 유연함을 보이지만, 안전 수칙을 어기는 행동에는 불같이 화를 내는 강단이 있습니다.",채희준 씨는 주말이면 낡은 등산화를 신고 화순의 무등산 자락이나 이름 없는 뒷산을 천천히 걸으며 흙냄새를 맡는 것으로 일주일의 피로를 풉니다. 땀을 뻘뻘 흘리며 산을 탄 뒤에는 단골 목욕탕의 뜨거운 탕 속에 몸을 담그고 동창들과 지역 정치 이야기부터 자식 자랑까지 늘어놓는 시간을 가장 기다립니다.,"채희준 씨는 임영웅이나 영탁의 최신 곡들이 담긴 재생 목록을 스마트폰에 저장해두고, 나른한 오후 낮잠 직전까지 가사를 흥얼거리는 소소한 취향을 가지고 있습니다. 화려한 공연장보다는 창밖으로 보이는 계절의 변화나 산등성이에 걸린 노을 같은 자연의 색감을 가만히 응시하는 것에서 마음의 평안을 얻습니다.",채희준 씨는 오래된 친구들과 함께 전국의 숨은 명산을 찾아다니며 기암괴석의 생김새를 살피고 자연 풍경을 사진으로 남기는 유람 여행을 즐깁니다. 정해진 일정표보다는 발길 닿는 대로 걷다가 마음에 드는 정자를 발견하면 그곳에 앉아 보온병에 담아온 믹스커피를 나눠 마시는 여유로운 방식을 고수합니다.,"채희준 씨는 일주일에 한 번 가족들과 외식을 하며 고기보다는 구수한 청국장이나 나물 반찬이 정갈하게 나오는 한정식집을 즐겨 찾습니다. 가끔 입맛이 없을 때는 동네 중국집에서 간짜장과 탕수육을 시켜 먹으며 스트레스를 풀고, 한 달에 한 번 정도는 아내의 성화에 못 이겨 배달 앱으로 치킨을 주문해 뜯습니다.","채희준 씨는 화순의 아파트에서 아내와 자녀들과 함께 북적이며 살아가며, 무뚝뚝한 성격 탓에 애정 표현은 서툴지만 자녀들의 고민을 묵묵히 들어주는 든든한 버팀목 역할을 합니다. 퇴근 후 거실 소파에 누워 텔레비전을 보며 아내와 소소한 말다툼을 벌이기도 하지만, 결국 아내가 깎아준 사과 한 접시에 금세 마음이 풀리는 단순한 가장입니다.","채희준 씨는 화순 광산 현장의 베테랑으로서의 자부심과 소박한 전남 시골 생활의 여유를 동시에 지닌, 겉은 무뚝뚝하지만 속은 유연한 60대 가장입니다.","화순의 흙냄새와 광산 현장의 소음 속에서 청년기를 보냈으며, 지역 공동체의 끈끈함과 산업 현장의 치열함을 동시에 겪으며 성장했습니다. 고등학교 졸업 후 곧바로 생업에 뛰어들어 성실함을 몸에 익혔지만, 새로운 기계 도입이나 효율적인 작업 방식 제안에는 누구보다 앞장서는 유연함을 갖췄습니다.","수십 년간 비금속 광물 채굴 현장에서 잔뼈가 굵어, 지형의 특성만 보고도 굴착 지점과 위험 요소를 정확히 짚어내는 현장 감각이 탁월합니다. 도면의 작은 오차도 놓치지 않는 꼼꼼함으로 현장 안전 관리와 공정 효율을 높이는 데 능숙합니다.","['지형 분석 및 최적 굴착 지점 선정', '현장 안전 수칙 정밀 점검 및 리스크 관리', '비금속 광물 채취 공정 효율화', '현장 인력 배치 및 작업 스케줄 조율']","주말이면 화순의 산길을 천천히 걸으며 계절의 변화를 살피고, 동창들과 함께 동네 단골 목욕탕에서 땀을 빼며 밀린 이야기를 나누는 시간을 즐깁니다. 오후의 나른한 낮잠 시간에는 스마트폰으로 최신 트로트 곡들을 찾아 들으며 소소한 휴식을 취합니다.","['화순 지역 산행 및 풍경 사진 찍기', '동네 목욕탕 사우나 이용', '유튜브 트로트 음악 감상', '친구들과의 단골 중식당 모임']","이제는 현장에서 쌓은 노하우를 후배들에게 체계적으로 전수하며, 단 한 건의 사고 없는 안정적인 마무리를 꿈꿉니다. 은퇴 후에는 무거워진 몸을 가볍게 만들어 전국 곳곳의 숨은 명산을 여유롭게 유람하는 삶을 계획하고 있습니다.",남자,61,배우자있음,비현역,배우자·자녀와 거주,아파트,고등학교,해당없음,그 외 채굴 및 토목 관련 종사원,전라남-화순군,전라남,대한민국
6216120dfa1e4c9ba2abb0e8ade86591,"최혜정 씨는 전문대 시절 익힌 엑셀 활용 능력으로 복잡한 표를 순식간에 정리하는 실력을 갖췄지만, 정작 본인의 구직 활동은 동해시 문화재단 공고를 느긋하게 훑어보는 정도로 천천히 진행하고 있습니다.","최혜정 씨는 특별한 운동 기구 없이도 동해 바닷가를 따라 천천히 걷는 산책을 즐기며, 파도 소리가 들리는 해안선을 따라 발걸음을 옮기며 생각을 정리합니다.","최혜정 씨는 방 안에서 유튜브로 루브르 박물관의 도슨트 영상을 꼼꼼히 시청하고, 가끔은 동해시의 작은 갤러리를 찾아가 작품 앞에 멍하니 서서 시간을 보냅니다.","최혜정 씨는 혼자서 강릉 중앙시장의 닭강정 집 앞에 길게 늘어선 줄을 기다려 음식을 사고, 속초의 좁은 골목에 숨겨진 장칼국수 맛집을 찾아다니며 혼자만의 미식 여행을 즐깁니다.","최혜정 씨는 일주일에 한 번 정성스럽게 차려진 한식당의 고기 반찬에 만족감을 느끼며, 주말 저녁에는 집에서 치킨을 배달시켜 좋아하는 예능 프로그램을 시청하며 하루를 마무리합니다.","최혜정 씨는 부모님과 함께 살며 사소한 잔소리를 듣기도 하지만, 특유의 부드러운 성격으로 갈등을 유연하게 넘기며 집안의 평화로운 분위기를 유지합니다.",최혜정 씨는 강원도 동해시에서 부모님과 함께 지내며 자신만의 속도로 예술적 취향과 새로운 일자리를 찾아가는 20대 후반의 여성입니다.,"동해시 묵호항 인근의 한적한 동네에서 성장해 바다의 계절 변화와 어촌 마을의 정취가 익숙하며, 전문대학 졸업 후 부모님과 함께 지내며 지역 사회 특유의 여유롭고 정적인 생활 리듬을 체득했습니다.","대학 시절 익힌 사무 행정 지식으로 엑셀 표를 깔끔하게 정리하거나 공문서를 빠르게 작성하며, 평소 뷰티 콘텐츠를 깊게 파고들어 자신의 얼굴형과 피부 톤에 맞는 세밀한 메이크업 기술을 갖추고 있습니다.","['엑셀을 활용한 데이터 정리 및 표 작성', '실무 행정 문서 초안 작성', '퍼스널 컬러 기반의 맞춤형 메이크업', '최신 뷰티 및 패션 트렌드 분석']","혼자 강릉 중앙시장의 닭강정이나 속초의 장칼국수 집을 찾아다니며 미식 경험을 쌓고, 집 근처 추암 촛대바위 산책길을 걷거나 유튜브로 해외 미술관의 도슨트 영상을 시청하며 시간을 보냅니다.","['강원도 내 소도시 미식 투어', '추암 촛대바위 해안선 산책', '유튜브 미술관 전시 영상 시청', '금요일 밤의 혼술과 치킨 시식']","당장의 취업 압박에 조급해하기보다 내 성향과 속도에 맞는 일을 천천히 찾으려 하며, 최근에는 동해시 문화재단이나 지역 소규모 갤러리의 운영 지원 업무에 관심을 두고 있습니다.",여자,28,미혼,비현역,부모와 동거,아파트,2~3년제 전문대학,해당없음,무직,강원-동해시,강원,대한민국
9f3bbf2246fd41e1b80ad89c49f6cd5a,김소희 씨는 부대원들의 미묘한 표정 변화만으로도 갈등의 조짐을 읽어내 부드럽게 중재하는 능력을 인정받는 육군 부사관입니다. 김소희 씨는 경직된 군대 문화에 유연함을 더해 병사들이 심리적 안정을 찾을 수 있는 합리적인 병영 환경을 구축하며 상급 부사관으로 성장하려는 목표가 뚜렷합니다.,김소희 씨는 격한 운동보다는 베란다에서 몬스테라 잎을 정성스럽게 닦아내며 마음을 정돈하는 정적인 원예 활동에서 평온함을 찾습니다. 김소희 씨는 부대 내에서의 강도 높은 일과 외에는 낮잠을 자거나 아무것도 하지 않는 상태로 머무는 것을 최고의 휴식으로 생각합니다.,"김소희 씨는 주말이면 침대 속으로 파고들어 네이버 웹툰의 최신 회차를 몰아보며 일주일간 쌓인 긴장감을 해소합니다. 김소희 씨는 유성구 인근의 소규모 갤러리 전시를 찾아다니며 최신 예술 트렌드를 읽는 것을 즐기며, 자신의 기분에 맞춘 세심한 음악 리스트를 만들어 감상합니다.",김소희 씨는 낯선 자연 속의 고립보다는 세련된 도시의 거리와 랜드마크를 탐방하는 시티투어 여행을 친구들과 함께 떠나는 것을 좋아합니다. 김소희 씨는 여행지에서도 그 지역에서 가장 유명한 빵집이나 소품샵을 꼼꼼하게 찾아다니며 도시 특유의 활기찬 분위기를 만끽합니다.,"김소희 씨는 주 5회 이상 외식을 하며, 특히 둔산동의 이탈리안 레스토랑에서 꾸덕한 크림 파스타를 먹으며 스트레스를 풉니다. 김소희 씨는 나물이나 생선 위주의 깔끔한 한정식을 즐겨 찾으며, 주 2~3회는 배달 앱을 통해 간편하게 야식을 주문해 먹는 습관이 있습니다.","김소희 씨는 미혼이며, 가족 대신 가치관이 잘 맞는 친구들과 아파트에서 함께 생활하며 정서적 유대감을 나누는 비친족 동거 형태를 유지하고 있습니다. 김소희 씨는 엄격한 군 조직 생활에서 오는 외로움을 집에서 친구들과 나누는 시시콜콜한 수다와 따뜻한 분위기로 치유합니다.","김소희 씨는 유성구의 자가 아파트에서 친구들과 거주하며, 군의 절도 있는 책임감과 30대의 트렌디한 여유 사이에서 균형을 잡고 살아가는 육군 부사관입니다.","유성구의 아파트 단지에서 마음 맞는 친구들과 함께 살며, 군 조직의 엄격한 위계 문화와 대전 특유의 여유로운 분위기를 동시에 경험하며 생활하고 있습니다. 30대 초반의 감각으로 트렌디한 카페나 전시를 즐기면서도, 직업 특성상 몸에 밴 절도와 책임감을 일상 속에서 자연스럽게 유지합니다.","부대원들의 미묘한 감정 변화를 빠르게 읽어내 갈등을 중재하는 능력이 뛰어나며, 긴박한 상황에서도 평정심을 유지하며 효율적으로 인원을 배치하고 지시하는 데 능숙합니다.","['병력 관리 및 갈등 중재', '군 행정 업무 효율화', '위기 상황 시 현실적 대처 및 자원 배분', '조직 내 분위기 메이커 역할 및 소통']",평일의 긴장감을 씻어내기 위해 주말에는 베란다의 몬스테라 잎을 닦아주거나 침대에서 웹툰을 몰아보며 완전히 방전되는 시간을 갖습니다. 가끔은 친구들과 둔산동의 분위기 좋은 이탈리안 레스토랑에서 수다를 떨며 스트레스를 풉니다.,"['베란다 홈 가드닝', '네이버 웹툰 정주행', '유성 및 둔산동 맛집 탐방', '낮잠을 통한 완전한 휴식', '시티투어 버스 여행']","딱딱한 군대 문화에 유연함을 더해 부대원들이 심리적으로 안정을 느끼는 합리적인 병영 환경을 만들고, 실무 능력을 인정받아 상급 부사관으로 꾸준히 성장하고자 합니다.",여자,33,미혼,현역,비친족 동거,아파트,2~3년제 전문대학,해당없음,육군 부사관,대전-유성구,대전,대한민국
2ebeb872067340a7ac0e6718a535fee5,"최윤영 씨는 노션과 아이패드로 촘촘하게 설계한 학습 로드맵을 짜는 데 능숙하지만, 스스로 정한 지나치게 높은 기준 탓에 자기소개서 한 문장을 고치는 데만 몇 시간을 허비하며 괴로워합니다.","최윤영 씨는 특별한 운동보다는 친구들과 맛집을 찾아 걷는 정도로 활동량을 채우며, 체력 저하를 느끼면서도 정작 헬스장 등록 같은 구체적인 실천으로는 옮기지 못하고 있습니다.","최윤영 씨는 정갈하게 정리된 디지털 기록물에서 심리적 안정감을 얻으며, 취향에 맞는 음악 리스트를 만들어 공유하고 독서를 통해 내면의 불안을 달래는 정적인 시간을 즐깁니다.","최윤영 씨는 친구들과 함께 일본의 소도시나 국내의 숨은 미식 거리를 찾아다니며, 유명한 식당의 긴 대기 줄을 견디는 수고로움을 감수하더라도 완벽한 한 끼를 경험하는 것에 가치를 둡니다.","최윤영 씨는 성수동의 진한 마제소바 맛집들을 꿰고 있으며, 마음이 어지러운 날에는 집에서 정성스럽게 가쓰오부시 육수를 내어 일본식 가정식을 차려 먹으며 마음을 정돈합니다.","최윤영 씨는 강동구의 아파트에서 부모님과 함께 지내며 겉으로는 모범적인 딸의 모습을 유지하지만, 혼자 있는 방 안에서는 미래에 대한 불안감으로 인해 예민하게 반응하며 심리적 갈등을 겪습니다.",최윤영 씨는 높은 지적 역량과 사교성을 갖췄으나 완벽주의적 성향과 정서적 불안 사이에서 방황하는 20대 초반의 교육학 전공자입니다.,"강동구의 조용한 주택가에서 성장하며 성실한 모범생의 삶을 살았지만, 내면에는 늘 새로운 자극과 낯선 환경에 대한 갈망이 공존합니다. 사람들과 있을 때는 분위기를 주도하는 활발한 모습으로 주변의 신뢰를 얻지만, 집에 돌아오면 갑작스럽게 밀려오는 불안감과 예민함 때문에 한동안 무기력하게 누워 있기도 하는 정서적 양면성을 가지고 있습니다.",교육학 전공자답게 복잡한 정보를 학습자가 이해하기 쉬운 단계로 쪼개어 체계적으로 전달하는 능력이 뛰어납니다. 특히 아이패드와 노션 같은 디지털 도구를 활용해 방대한 분량의 자료를 꼼꼼하게 구조화하고 시각적으로 정리하는 데 능숙합니다.,"['맞춤형 학습 커리큘럼 설계', '디지털 도구를 활용한 정보 구조화', '그룹 퍼실리테이션 및 회의 주도', '상대방의 심리를 읽는 공감적 경청']","성수동이나 한남동의 숨은 마제소바 맛집을 찾아다니는 미식 탐방에 몰두하며, 스트레스가 심한 날에는 부모님 댁 주방에서 정갈한 일본식 가정식을 직접 요리하며 복잡한 마음을 가라앉힙니다.","['서울 시내 정통 일식당 투어', '데이식스 노래 가사 필사하기', '현대 심리학 에세이 읽기', '정교한 플레이팅의 홈쿡 요리']","단순히 교과 지식을 전달하는 교사를 넘어, 학생들의 정서적 불안까지 세밀하게 케어할 수 있는 교육 전문가를 목표로 합니다. 다만 스스로 설정한 기준이 매우 높아, 취업 준비 과정에서 작은 실수나 지체에도 심한 압박감을 느끼며 때때로 자기혐오에 빠지는 완벽주의적 성향을 보입니다.",여자,23,미혼,비현역,부모와 동거,아파트,4년제 대학교,교육,무직,서울-강동구,서울,대한민국
b72eb48bb04f41b084e8c1ef589e089d,"감승준 씨는 도면의 수치보다 손끝의 감각을 믿으며 창원 신축 빌라 현장에서 벽돌 한 장의 수평을 기가 막히게 잡아내는 조적공입니다. 현장에서 갑자기 설계가 바뀌어도 허허 웃으며 작업 순서를 바꾸는 유연함이 있지만, 정작 본인의 사업 계획서는 빈 종이로 둔 채 막연한 미래만 꿈꿉니다.",감승준 씨는 땀 흘리는 격한 운동보다는 주말에 부모님을 모시고 창원 용지호수나 진해 해안선을 천천히 걷는 것으로 몸을 움직입니다. 정해진 운동 계획을 세우기보다 그날의 기분에 따라 발길 닿는 대로 숲길을 거닐며 복잡한 머릿속을 비워냅니다.,감승준 씨는 퇴근 후 침대에 누워 유튜브로 스위스 알프스나 아이슬란드 오로라 영상을 보며 현실의 답답함을 잠시 잊는 대리 만족의 시간을 가집니다. 주말이면 친구들과 모여 루미큐브의 숫자 조합에 몰입하거나 할리갈리 종을 요란하게 울리며 소란스러운 웃음 속에서 정서적 해방감을 느낍니다.,감승준 씨는 화려한 관광지 투어보다 부모님과 함께 남해의 조용한 바닷가나 지리산 자락의 풍경을 멍하니 바라보는 정적인 여행을 즐깁니다. 촘촘한 일정표 없이 발길 닿는 대로 움직이며 자연이 주는 고요함 속에서 내면의 예민한 불안감을 잠재웁니다.,"감승준 씨는 일주일에 한 번 가족들과 함께 마산의 유명한 돼지갈비집을 찾아 숯불 향 가득한 고기를 구워 먹으며 일주일의 피로를 풉니다. 평소에는 집에서 떡볶이나 김밥 같은 분식류를 자주 배달시켜 먹으며, 기름진 음식과 자극적인 맛에 기대어 하루의 보상을 받습니다.","감승준 씨는 마산의 오래된 골목 정서가 배어 있는 집에서 부모님과 함께 살며, 겉으로는 무뚝뚝한 경상도 아들이지만 속으로는 부모님의 건강을 세심히 살피는 효자입니다. 다만 때로는 가족의 관심조차 무겁게 느껴져 방 안으로 숨어 들어가 혼자만의 정적 속에 잠기는 모순적인 모습을 보입니다.","감승준 씨는 현장의 감각이 뛰어난 조적공이자 정 많은 마산 청년이지만, 건강 관리와 미래 설계라는 숙제 앞에서는 한없이 느슨하고 불안해하는 인물입니다.","마산회원구의 오래된 골목 정서에 익숙하며, 무뚝뚝한 경상도 분위기 속에서도 특유의 다정함으로 동네 어르신들과 격의 없이 지내는 편입니다. 겉으로는 유순하고 믿음직한 인상을 주지만, 내면에서는 늘 미래에 대한 막연한 불안함과 예민한 감정의 파도가 치고 있어 가끔은 모든 관계를 끊고 혼자만의 정적 속에 숨고 싶어 합니다.","도면의 수치보다 현장의 감각을 믿으며, 조적 벽돌의 수평을 맞추거나 석재의 이음새를 이질감 없이 자연스럽게 마감하는 일에 능숙합니다. 갑작스러운 현장 변수나 설계 변경이 생겨도 당황하지 않고 상황에 맞춰 유연하게 작업 순서를 변경하며 효율적인 동선을 찾아냅니다.","['벽돌 쌓기 및 줄눈 정밀 마감', '석재 절단 및 부설 작업', '수평계 및 레이저 레벨기 활용', '현장 자재 수량 산출 및 관리']","주말이면 마음 맞는 친구들과 모여 루미큐브나 할리갈리 같은 보드게임을 하며 소란스럽게 웃고 떠드는 시간에서 스트레스를 풉니다. 평소에는 유튜브로 해외 여행 영상을 보며 대리 만족을 느끼고, 가끔 부모님을 모시고 창원 인근의 숲길이나 바다를 천천히 걸으며 복잡한 머릿속을 비워내곤 합니다.","['루미큐브 및 전략 보드게임', '유튜브 여행 및 취미 영상 탐방', '가족과 함께하는 자연 풍경 출사', '집 앞 편의점 앞에서의 가벼운 음주와 수다']","당장의 거창한 성공보다는 내 이름으로 된 작은 공사업체를 운영하며 마음 편히 일할 수 있는 안정적인 일상을 꿈꿉니다. 다만 꼼꼼한 계획을 세우고 밀어붙이는 실행력이 부족해, 구체적인 사업 계획서보다는 언젠가 이루어질 막연한 희망에 기대어 하루하루를 보낼 때가 많습니다.",남자,36,미혼,비현역,기타2세대,아파트,2~3년제 전문대학,해당없음,그 외 조적공 및 석재 부설원,경상남-창원시 마산회원구,경상남,대한민국
28e91b8ec3eb48059cbf0bcd2c416239,"이병배 씨는 파주시의 낡은 건물 배관만 보고도 어디서 물이 샐지 단번에 찾아내는 베테랑 배관공입니다. 이병배 씨는 도면 없이도 현장 상황에 맞춰 꼼꼼하게 파이프를 연결하며, 서툰 후배들의 공구 사용법을 묵묵히 교정해 주는 현장의 스승 역할을 자처합니다.",이병배 씨는 주말이면 친구들과 함께 감악산의 가파른 등산로를 오르며 땀을 흘립니다. 이병배 씨는 임진강 낚시터에 앉아 찌가 움직이기만을 기다리는 정적인 시간 속에서 일주일의 피로를 씻어냅니다.,이병배 씨는 최신 가전제품 리뷰 영상이나 세상 돌아가는 이야기를 다룬 유튜브 콘텐츠를 챙겨 보는 소소한 즐거움을 누립니다. 이병배 씨는 디지털 기기에 익숙하지 않은 세대임에도 새로운 정보에 귀를 열어두며 스마트폰 화면 속 세상에 호기심을 보입니다.,이병배 씨는 마음 맞는 친구들과 함께 전국의 이름 모를 숲이나 강줄기를 찾아다니며 자연 풍경을 감상합니다. 이병배 씨는 화려한 관광지보다는 고요한 숲길이나 탁 트인 강변에서 마음의 평온을 찾는 여행을 즐깁니다.,이병배 씨는 아내가 정성껏 무쳐낸 나물 비빔밥과 구수한 청국장 찌개면 충분하다고 믿는 소박한 식성을 가졌습니다. 이병배 씨는 세 달에 한 번 있을까 말까 한 외식 날에나 가끔 동네 주점에서 친구들과 가벼운 안주를 나누며 시간을 보냅니다.,"이병배 씨는 평생을 함께한 아내와 함께 소박한 거처에서 서로를 의지하며 살아갑니다. 이병배 씨는 갈등을 싫어해 아내의 의견에 대부분 고개를 끄덕이며 맞춰주지만, 가끔은 본인의 속마음을 숨긴 채 묵묵히 집안일을 돕곤 합니다.","이병배 씨는 파주에서 수십 년간 배관공으로 일하며 성실함과 전문성을 쌓아온, 가족과 자연을 사랑하는 온화한 성품의 어르신입니다.","파주 임진강변의 고요한 풍경 속에서 수십 년을 보냈으며, 고등학교 졸업 후 곧바로 배관 현장에 뛰어들어 몸으로 익힌 삶의 지혜가 깊습니다. 최근에는 스마트폰으로 최신 가전제품 리뷰나 세상 돌아가는 영상을 챙겨보며 새로운 정보에 귀를 기울입니다.",수십 년간 상하수도 배관을 다루며 낡은 건물의 복잡한 배관 구조만 보고도 어디서 물이 샐지 짚어내는 직관을 가졌습니다. 도면 없이도 현장 상황에 맞춰 배관을 꼼꼼하게 연결하고 마감하는 숙련도가 매우 높습니다.,"['노후 배관 누수 탐지 및 보수', '상하수도 관망 설계 최적화', '현장 맞춤형 배관 용접', '시설물 안전 점검 및 유지관리']","주말이면 친구들과 함께 감악산 등산로를 오르거나 임진강 낚시터에서 찌를 바라보며 시간을 보냅니다. 집에서는 아내와 함께 나물 비빔밥이나 청국장 같은 소박한 한식을 나누어 먹고, 안마 의자에 기대어 낮잠을 청합니다.","['감악산 둘레길 산책', '임진강 민물 낚시', '유튜브 건강 정보 시청', '제철 나물 요리 즐기기']",자신이 관리하는 시설의 배관이 단 한 번의 사고 없이 매끄럽게 돌아가는 상태를 유지하는 것에 보람을 느낍니다. 함께 일하는 후배들이 서툴게 다루는 공구 사용법을 조용히 짚어주며 현장의 노하우를 전수하는 일에 마음을 둡니다.,남자,67,배우자있음,비현역,배우자와 거주,주택 이외의 거처,고등학교,해당없음,상·하수 배관공,경기-파주시,경기,대한민국
3aca13ee5fea44e4bf47e91eaa0d4212,"박하진 씨는 인디자인의 자간 하나, 행간의 여백 1pt 차이에도 예민하게 반응하며 타겟의 심리를 파고드는 광고 레이아웃을 잡습니다. 출판업계의 광고 디자이너로서 사회과학적 분석력을 발휘해 정갈한 시각물을 만들지만, 가끔 마감 직전의 압박감에 책상을 엉망으로 만드는 습관이 있습니다.",박하진 씨는 반려견과 함께 남산 둘레길의 흙길을 천천히 걷는 것으로 하루의 활동량을 채웁니다. 격렬한 운동보다는 거실 한 켠에 놓인 몬스테라의 커다란 잎에 쌓인 먼지를 젖은 수건으로 정성스럽게 닦아내며 정서적인 안정을 찾습니다.,"박하진 씨는 리움 미술관의 전시를 관람하며 현대 미술의 과감한 색채 조합에서 영감을 얻고, 한남동 골목의 작은 독립 서점에서 이름 모를 작가의 에세이를 읽습니다. 세련된 시각적 결과물을 추구하면서도 그 안에 담긴 사회적 메시지에 집중하며, 이를 자신의 포트폴리오에 녹여내려 노력합니다.",박하진 씨는 복잡한 도심을 벗어나 제주도나 강원도 고성의 한적한 숲길을 연인과 함께 걷는 여행을 즐깁니다. 빽빽한 일정표를 짜기보다 발길 닿는 대로 걷다가 마주친 작은 풍경 앞에서 한참을 머물며 사진을 찍는 느긋한 방식을 고수합니다.,박하진 씨는 일주일에 한 번 남편과 함께 동네 고깃집에서 두툼한 삼겹살에 된장찌개를 곁들여 먹으며 한 주의 피로를 풉니다. 가끔 육아와 업무로 지쳐 요리할 기운이 없을 때는 배달 앱으로 쿼터 치즈버거 세트나 페퍼로니 피자를 시켜 간단히 끼니를 해결합니다.,"박하진 씨는 어린 나이에 가정을 꾸려 아파트에서 남편, 아이와 함께 살며 일과 육아라는 두 가지 정체성 사이에서 균형을 잡으려 애씁니다. 다정한 아내이자 엄마이지만, 때로는 자신만의 지적인 공간과 시간이 간절해 서재 문을 닫고 혼자만의 잡지 읽기에 몰두하는 모순적인 모습을 보입니다.","박하진 씨는 용산구에 거주하며 사회과학적 통찰력으로 메시지를 설계하는 광고 디자이너이자, 반려견과 식물, 예술을 사랑하는 27세의 젊은 어머니입니다.","용산구 한남동 인근 아파트에 거주하며, 대학원에서 언론학을 전공한 지적 배경과 어린 나이에 가정을 꾸린 생활인으로서의 정체성을 동시에 가지고 있습니다. 주말이면 집 근처 독립 서점에서 새로 나온 잡지를 훑어보며 최신 시각 트렌드를 읽어내는 습관이 있습니다.","사회과학적 분석력을 바탕으로 타겟의 심리를 꿰뚫는 광고 레이아웃을 설계하며, 인디자인과 포토샵을 활용해 정갈한 편집 디자인을 구현합니다. 특히 텍스트의 행간과 여백을 세밀하게 조절해 메시지의 전달력을 높이는 데 능숙합니다.","['에디토리얼 디자인', '타이포그래피 설계', '소셜 미디어 광고 기획', '사용자 경험 분석']",반려견과 함께 남산 산책로를 걷거나 거실 한 켠의 몬스테라 잎을 닦아내며 마음을 정리합니다. 퇴근 후 친한 동료들과 모여 시원한 하이볼을 마시며 업계 이야기를 나누거나 리움 미술관의 전시를 관람하며 영감을 얻습니다.,"['홈 가드닝', '현대 미술 전시 관람', '하이볼 홈파티', '반려견 산책', '독립 잡지 수집']","단순히 화려한 상업 광고를 만드는 것을 넘어, 사람들의 가치관을 변화시킬 수 있는 사회적 캠페인 브랜딩을 총괄하는 아트 디렉터로 성장하고 싶어 합니다.",여자,27,배우자있음,비현역,배우자·자녀와 거주,아파트,대학원,사회과학·언론,광고 디자이너,서울-용산구,서울,대한민국
d3fa74db5b33432db0e372a0da074eab,표병관 씨는 건설 현장의 복잡한 도면과 회계 장부를 동시에 읽어내며 예산 낭비 지점을 귀신같이 찾아내는 건설 전문 회계사입니다. 정밀한 원가 분석 능력을 바탕으로 중소 건설사들의 자금난을 해결해 주는 컨설팅 법인 설립이라는 야심을 품고 매일 엑셀 시트와 공정표 사이를 오가며 치열하게 일합니다.,"표병관 씨는 주말이면 경기도 용인이나 이천의 외곽 골프장으로 나가 지인들과 라운딩을 하며 사회적 관계를 유지하고 업무 스트레스를 해소합니다. 평일에는 헬스장에서 근력 운동에 매진하며 신체적 강인함을 추구하지만, 운동 후 찾아오는 나른함에 취해 깊은 낮잠을 자는 시간을 무엇보다 소중히 여깁니다.","표병관 씨는 망원동의 조용한 만화 카페 구석 자리에 박혀 오래된 만화 잡지의 향수를 느끼거나 최신 웹툰을 몰아보며 복잡한 숫자 세상에서 잠시 벗어납니다. 평소에는 논리적이고 이성적인 회계사의 모습이지만, 만화 속 비현실적인 전개나 화려한 작화에 몰입할 때만큼은 어린 시절의 순수함과 상상력을 드러냅니다.","표병관 씨는 복잡한 도심을 떠나 강원도 평창의 숲길이나 제주도의 오름처럼 탁 트인 자연경관을 감상하며 마음의 평온을 찾는 여행을 즐깁니다. 주로 마음이 맞는 오랜 친구나 새로운 인연과 함께 떠나며, 여행지에서도 효율적인 동선을 짜는 회계사적 본능을 발휘하지만 정작 현장에서는 예상치 못한 풍경에 넋을 놓고 멍하게 서 있곤 합니다.","표병관 씨는 주 4회 이상 마포구 일대의 고깃집에서 삼겹살에 소주 한 잔을 곁들이며 하루의 피로를 씻어내고, 가끔은 연남동의 유명한 베이커리 카페에서 갓 구운 소금빵과 커피를 즐깁니다. 배달 음식은 일주일에 한 번 정도로 제한하며, 대부분의 식사를 밖에서 해결하는 외식 중심의 생활 패턴을 가지고 있습니다.","표병관 씨는 마포구 연남동의 다세대 주택에서 연로하신 부모님을 모시고 살며, 이혼 후 집안의 실질적인 가장이자 정서적 지주 역할을 수행하고 있습니다. 부모님과의 갈등이 생길 때면 공학적인 논리로 설득하려다 실패하고 결국은 묵묵히 안마기를 작동시켜 드리는 서툰 효심을 보여줍니다.","표병관 씨는 공학적 효율성과 회계적 정밀함을 동시에 갖춘 건설 전문 회계사로, 마포구에서 부모님을 모시며 골프와 만화, 목욕탕을 통해 삶의 균형을 찾는 40대 남성입니다.","마포구 연남동 인근의 다세대 주택에서 부모님을 모시고 살며, 이혼 후 가족의 정서적 중심축 역할을 수행하고 있습니다. 공학도 출신 회계사라는 독특한 이력 탓에, 일상의 사소한 가구 배치나 가전제품 구매 시에도 구조적 효율성과 경제적 가치를 동시에 계산하는 습관이 몸에 배어 있습니다.","건설 현장의 도면과 공정표를 읽을 줄 아는 회계사로서, 대규모 플랜트나 건축 사업의 원가 분석과 리스크 관리에서 정밀한 진단을 내립니다. 복잡한 숫자 뒤에 숨겨진 실제 현장의 물리적 흐름을 빠르게 파악해 예산 낭비 지점을 정확히 짚어내는 능력이 탁월합니다.","['건설 공정 기반 원가 관리', '기업 재무 감사 및 세무 진단', '플랜트 사업 비용 추정', '리스크 기반 재무 모델링']","주말이면 지인들과 경기도 외곽의 골프장을 찾아 라운딩을 즐기고, 평일 퇴근 후에는 망원동의 조용한 만화 카페에서 오래된 잡지나 최신 웹툰을 보며 머리를 식힙니다. 혈압 관리를 위해 집 근처 헬스장에서 무거운 덤벨을 들지만, 결국 가장 좋아하는 시간은 동네 단골 목욕탕의 뜨거운 탕 속에 몸을 담그고 멍하게 있는 순간입니다.","['필드 골프 및 스크린 라운딩', '망원동 만화 카페 탐방', '동네 목욕탕 사우나', '헬스장 웨이트 트레이닝', '넷플릭스 다큐멘터리 시청']","현장 실무와 회계 지식을 결합한 건설 전문 컨설팅 법인을 설립하여, 중소 건설사들이 겪는 고질적인 자금 흐름 문제를 해결하는 솔루션을 제공하려 합니다. 전문성을 유지하면서도 업무 강도를 조절해 정서적 소모를 줄이는 균형 잡힌 삶을 지향합니다.",남자,43,이혼,비현역,기타3세대,다세대주택,4년제 대학교,공학·제조·건설,회계사,서울-마포구,서울,대한민국
e7c14e14aee6406a8b4cd5495c5e9fa4,"조세현 씨는 망우동의 낡은 빌라 숲을 누비며 열풍기로 PVC 파이프를 매끄럽게 이어 붙이는 상하수도 배관공입니다. 전공 지식을 살려 도면의 비효율적인 구간을 찾아내 수정 제안을 던지기도 하지만, 정작 본인의 작업 도구함 정리는 매번 미루는 덜렁한 구석이 있습니다.","조세현 씨는 퇴근길 중랑천 둑길을 따라 느릿하게 산책하며 머릿속의 복잡한 생각들을 하나씩 비워냅니다. 주말에는 침대에 대자로 뻗어 낮잠을 자는 것으로 신체적 피로를 회복하며, 이것을 하루 중 가장 소중한 시간으로 여깁니다.",조세현 씨는 유튜브 쇼츠의 끝없는 알고리즘에 몸을 맡긴 채 낄낄거리거나 리그 오브 레전드 속 화려한 스킬 콤보를 구현하는 것에 몰입합니다. 가끔은 고성 바닷가에서 아무 말 없이 파도치는 풍경을 바라보며 정적인 시간을 보냅니다.,조세현 씨는 연인의 손을 잡고 무작정 강원도 양양의 서피비치나 고성의 한적한 해변으로 떠나 파도 소리를 듣습니다. 꼼꼼한 일정표 없이 그날의 기분에 따라 발길 닿는 대로 들어가는 이름 모를 카페에서 멍하니 시간을 보냅니다.,"조세현 씨는 일주일에 한 번 정도 외식을 하며, 나물 비빔밥이나 된장찌개 같은 담백한 한식을 찾거나 육즙 가득한 맘스터치 버거로 배를 채웁니다. 배달 앱으로는 주로 치즈가 듬뿍 들어간 피자를 시켜 친구들과 나누어 먹습니다.","조세현 씨는 중랑구의 자가 아파트에서 부모님과 함께 지내며, 무뚝뚝하게 굴면서도 부모님이 차려주신 집밥의 온기 속에서 심리적 안정감을 얻습니다. 방 문을 닫고 혼자만의 게임 세계에 빠져들 때면 가족들의 잔소리를 은근히 밀어내며 자신만의 영역을 지킵니다.","조세현 씨는 공학적 지식과 현장의 거친 실무를 결합해 누수 지점을 정확히 짚어내는, 자유로운 영혼의 20대 배관 전문가입니다.","중랑구 망우동 일대의 골목 정서 속에서 성장했으며, 공학 전공 후 현장직으로 뛰어들어 대학 졸업장과 작업복 사이의 간극을 나름의 방식으로 메우며 살아갑니다. 퇴근길에 중랑천 둑길을 따라 걸으며 복잡한 생각들을 정리하는 것이 일상의 작은 의식입니다.","노후된 빌라의 복잡한 배관 구조를 빠르게 파악해 누수 지점을 정확히 찾아내며, 최신 PVC 접합 도구와 열풍기를 능숙하게 다룹니다. 전공 지식을 활용해 현장에서 비효율적인 배관 경로를 발견하면 더 매끄러운 동선을 제안하기도 합니다.","['배관 도면 해석 및 현장 적용', '고압 세척기 및 누수 탐지기 운용', 'PVC 및 동파이프 접합 시공', '현장 안전 수칙 및 공정 관리']",주말에는 친구들과 리그 오브 레전드에 몰입하거나 침대에 누워 유튜브 쇼츠를 넘겨보며 시간을 보냅니다. 가끔 마음이 답답할 때는 연인과 함께 계획 없이 강원도 양양이나 고성 바다로 떠나 멍하니 파도를 바라보며 스트레스를 풉니다.,"['리그 오브 레전드', '인테리어 및 가구 앱 구경', '중랑천 주변 산책', '국내 자연 경관 여행']","현장의 베테랑 기술자들에게 실무 노하우를 빠르게 흡수하여, 나중에는 단순 시공을 넘어 정밀 진단이 가능한 소규모 전문 설비 업체를 직접 운영하고 싶어 합니다. 다만 완벽한 계획보다는 그때그때 닥친 문제를 해결하는 성취감에 더 크게 반응합니다.",남자,24,미혼,비현역,부모와 동거,아파트,4년제 대학교,공학·제조·건설,상·하수 배관공,서울-중랑구,서울,대한민국
79613210689b4aeab0d7ad3be73e4b14,"연승미 씨는 대전 동구의 자동차 부품 매장에서 복잡한 엔진 부품 명칭을 ""차의 심장 밸브 같은 거예요""라고 쉽게 풀어 설명하며 단골 고객을 확보합니다. 실적 압박에 매달리기보다 고객과의 신뢰를 쌓는 노련한 영업 방식을 고수하며, 가끔 서류 작업이 지루해질 때면 습관적으로 볼펜을 돌리지만 현장에서는 누구보다 유연하게 상황을 주도합니다.","연승미 씨는 반려견 '초코'와 함께 대전 갑천변의 흙길을 천천히 걸으며 복잡한 머릿속을 정리하고 계절의 변화를 살핍니다. 숨이 턱 끝까지 차오르는 격렬한 운동은 금세 지쳐 포기해 버리지만, 강아지의 보폭에 맞춘 느긋한 산책만큼은 하루의 가장 소중한 일과로 챙깁니다.","연승미 씨는 적막한 집안을 채우기 위해 MBC 표준FM 라디오를 항상 켜두며, 팟캐스트를 통해 최근 유행하는 인문학 강의나 세상 돌아가는 이야기에 귀를 기울입니다. 유명 갤러리의 전시회보다는 다이소에서 산 소품들로 거실 한구석을 정성껏 꾸미는 나만의 공간 연출에 더 큰 예술적 성취감을 느낍니다.",연승미 씨는 명절이나 휴가 때면 가족들과 함께 충남 아산의 온천 리조트로 떠나 따뜻한 물속에서 그간의 회포를 풉니다. 화려한 관광지 투어나 빡빡한 일정보다는 조용한 스파 시설에서 멍하게 시간을 보내며 지친 심신을 회복하는 정적인 휴양 여행을 선호합니다.,"연승미 씨는 평일에는 동네의 정갈한 나물 비빔밥집이나 파스타 가게에서 외식을 즐기며, 주말에는 유튜브 '백종원' 채널을 참고해 연근 조림이나 가지 볶음을 정성껏 만들어 먹습니다. 배달 음식의 자극적인 맛보다는 집에서 직접 볶은 채소의 담백함을 즐기며 식탁을 소박하게 채웁니다.","연승미 씨는 배우자와 별거 중이라 집안의 고요함이 때로는 무겁게 느껴지지만, 그 적막을 자신만의 독립적인 시간으로 바꾸어 사용할 줄 아는 단단함을 가졌습니다. 비록 함께 살지는 않아도 가족 여행 때는 맏이처럼 세심하게 일정을 챙기며, 가족 간의 정서적 끈을 유지하기 위해 노력합니다.","연승미 씨는 대전 동구에서 자동차 부품 영업원으로 일하며, 고단한 하루를 사우나와 반려견 산책, 라디오 소리로 달래는 강인하고 유연한 40대 여성입니다.","대전 동구의 오래된 골목 정취가 남은 동네에서 생활하며, 일찍 사회생활을 시작해 현실적인 생존 감각과 생활력이 몸에 배어 있습니다. 배우자와의 별거로 인한 집안의 적막함을 라디오 소리와 소소한 인테리어 소품들로 채우며, 외로움보다는 혼자만의 고요함을 즐기는 독립적인 생활 양식을 구축했습니다.","자동차 부품의 복잡한 명칭과 기능을 고객이 이해하기 쉽게 일상 언어로 풀어서 설명하며, 상대의 표정 변화만으로도 구매 의사를 빠르게 읽어내는 눈썰미가 좋습니다. 끈질긴 설득보다는 편안한 대화로 신뢰를 쌓아 한 번 맺은 인연을 단골로 만드는 유연한 소통 능력을 갖추고 있습니다.","['자동차 부품 호환성 빠른 판별', '고객 심리 파악 및 맞춤형 응대', '효율적인 재고 관리 및 발주', '대전 지역 자동차 유통 시장 동향 분석']","퇴근 후 집 근처 사우나에서 땀을 빼며 하루의 긴장을 풀고, 주말에는 유튜브에서 본 연근 조림이나 가지 볶음 같은 채식 위주의 한식 메뉴를 정성껏 만들어 먹습니다. 출퇴근 길에는 팟캐스트를 들으며 세상 돌아가는 이야기에 귀를 기울이고, 반려견과 함께 갑천변을 천천히 걸으며 복잡한 생각을 정리합니다.","['동네 사우나 및 온천 탐방', '팟캐스트 및 라디오 청취', '채식 위주의 한식 요리', '반려견과 갑천 산책', '시내 디저트 카페 투어']","무리한 실적 상승이나 승진보다는 현재의 영업망을 안정적으로 유지하며, 정년까지 마음 편히 다닐 수 있는 신뢰 기반의 고객층을 공고히 하는 것에 만족합니다. 가끔은 영업 현장을 벗어나 관리직으로 전환하여 후배들에게 자신의 노하우를 전수하고 싶다는 생각을 합니다.",여자,47,배우자있음,비현역,혼자 거주 (배우자 별거),아파트,고등학교,해당없음,그 외 일반 영업원,대전-동구,대전,대한민국
97bc5ac1083c4e569c60e6a5ab8424ee,"권도수 씨는 마포구 보험 지점에서 성격 급한 설계사들 사이의 이해관계를 유연하게 조율하며, 복잡한 실적 지표를 엑셀 시트에 빠르게 정리해 내는 능숙한 실무자입니다. 약관의 세부 조항을 빠르게 파악해 현장의 예외 상황을 해결하는 순발력이 좋지만, 정작 본인의 책상 위는 정돈되지 않은 서류 뭉치로 어지러운 경우가 많습니다.","권도수 씨는 땀 흘리는 격렬한 운동보다는 침대에 누워 유튜브의 캠핑 브이로그를 보며 대리 만족을 느끼는 정적인 휴식을 즐깁니다. 가끔 연인과 함께 걷는 한적한 숲길 산책이 유일한 신체 활동이며, 조금만 경사가 가파른 길을 만나면 금방 숨을 헐떡이며 속도를 늦춥니다.","권도수 씨는 망원동 골목의 작은 독립 서점이나 분위기 있는 카페의 인테리어를 구경하며 시각적인 영감을 얻는 시간을 좋아합니다. 퇴근길 무심코 재생한 해외 여행지의 고화질 풍경 영상에 매료되어, 멍하게 화면을 바라보며 하루 동안 쌓인 업무 스트레스와 복잡한 마음을 비워냅니다.","권도수 씨는 연인과 함께 제주도 사려니숲길의 울창한 나무 사이를 걷거나, 강릉의 조용한 펜션 테라스에서 끝없이 펼쳐진 동해 바다를 바라보며 생각을 정리합니다. 정해진 일정 없이 떠난 여행지에서 우연히 발견한 작은 식당의 고즈넉한 분위기에 취해 몇 시간이고 멍하니 앉아 있기도 합니다.","권도수 씨는 일주일에 대여섯 번은 밖에서 식사를 해결하며, 직장 동료들과 함께 지글지글 구운 삼겹살에 소주 한 잔을 곁들이는 저녁 회식을 즐깁니다. 특히 집 근처 이자카야의 명란구이와 모둠 사시미를 주문해 친한 친구들과 소소한 이야기를 나누며 하루의 피로를 씻어냅니다.","권도수 씨는 마포구의 아파트에서 부모님과 함께 지내며, 퇴근 후 거실에서 부모님이 깎아주신 과일을 먹으며 함께 TV를 보는 일상에서 깊은 안정감을 찾습니다. 사회에서는 유능하고 차분한 관리자로 통하지만, 집 안에서는 여전히 부모님의 사소한 잔소리에 투덜거리는 철부지 아들의 모습입니다.","권도수 씨는 높은 소득과 업무 능력을 갖춘 보험업계의 젊은 관리자이자, 정적인 휴식과 가족의 울타리를 사랑하는 마포구 거주 청년입니다.","마포구 망원동과 연남동의 골목 정취에 익숙하며, 퇴근 후 집 근처 단골 이자카야에서 친한 친구들과 소소하게 술잔을 기울이는 시간을 소중히 여깁니다. 전문대학 졸업 후 빠르게 사회생활을 시작해 또래보다 경제적 자립은 빨랐지만, 부모님과 함께 아파트에 거주하며 정서적으로는 여전히 가족의 울타리 안에서 안정감을 찾는 성향입니다.","보험 영업 현장의 복잡한 실적 지표를 엑셀로 빠르게 정리하고, 성격 강한 설계사들 사이의 이해관계를 조율해 팀의 목표치를 맞추는 능력이 탁월합니다. 약관의 세부 조항을 빠르게 파악해 현장에서 발생하는 예외 상황에 유연하게 대처하며 효율적인 업무 처리 방식을 찾아냅니다.","['영업 실적 데이터 분석 및 관리', '보험 상품 약관 해석 및 적용', '영업 인력 갈등 조정 및 커뮤니케이션', '효율적인 일정 배분 및 자원 관리']","침대에 누워 유튜브의 캠핑 브이로그나 해외 풍경 영상을 보며 멍하게 시간을 보내는 것으로 하루의 피로를 풉니다. 가끔은 마음 맞는 연인과 함께 강릉이나 제주도의 한적한 숲길을 걷고, 분위기 좋은 펜션에서 바다를 바라보며 복잡한 생각들을 정리하곤 합니다.","['넷플릭스 및 유튜브 시청', '강원도나 제주도 등 자연 경관 여행', '연남동 인근의 숨은 주점 탐방', '삼겹살과 소주를 곁들인 한식 외식']","현재의 높은 소득 수준을 유지하면서 업무 스트레스가 적은 상위 관리직으로 올라가, 실무적인 압박보다는 전체적인 방향을 잡는 역할에 안착하고 싶어 합니다. 언젠가는 본인만의 영업 관리 노하우를 체계화하여 소규모 지점을 직접 운영하며 경제적 자유를 완전히 누리는 삶을 꿈꿉니다.",남자,26,미혼,비현역,부모와 동거,아파트,2~3년제 전문대학,해당없음,영업 관리 사무원,서울-마포구,서울,대한민국
46d15e93bfd4461f810946650eba472b,"전부남 씨는 수십 년간 가족의 끼니와 집안 살림을 도맡아 온 베테랑 살림꾼으로, 매일 아침 6시면 어김없이 일어나 거실 구석구석의 먼지를 닦아내는 규칙적인 일상을 철저히 지킵니다.","전부남 씨는 매일 오후 3시가 되면 가벼운 외투를 걸치고 송도 센트럴파크의 물길을 따라 천천히 산책하며, 계절마다 바뀌는 나무의 색깔을 눈에 담는 것으로 소소하게 건강을 챙깁니다.","전부남 씨는 오래된 라디오에서 흘러나오는 이미자의 노래를 들으며 젊은 날의 추억에 잠기기도 하고, 가끔은 손주들이 틀어주는 빠른 박자의 최신 가요에 맞춰 손가락으로 책상을 톡톡 치며 리듬을 탑니다.","전부남 씨는 자녀들의 부축을 받으며 강원도 설악산이나 제주도의 푸른 바다처럼 탁 트인 자연경관을 찾아 떠나는 여행을 즐기며, 화려한 관광지보다는 조용한 숲길에서 맑은 공기를 마시는 시간을 가장 아낍니다.","전부남 씨는 봄이면 두릅과 냉이를 무쳐 정갈한 밑반찬을 내놓으면서도, 일주일에 몇 번은 손주들의 손에 이끌려 롯데리아에 가서 낯선 햄버거 패티의 맛을 호기심 어린 표정으로 탐색합니다.","전부남 씨는 사별 후 자녀들과 함께 살며 집안의 든든한 정신적 지주 역할을 하고 있으며, 가끔은 고집스럽게 옛 방식을 고수하다 자식들과 가벼운 실랑이를 벌이기도 하지만 이내 다정한 웃음으로 갈등을 덮습니다.","전부남 씨는 척박한 시대를 견뎌낸 강인함과 현대 도시의 여유를 동시에 품은, 손주 사랑이 지극한 인천 연수구의 88세 할머니입니다.","전쟁 직후의 척박한 환경에서 자라 초등학교 교육으로 학업을 마쳤지만, 인천 연수구의 정돈된 도시 풍경 속에서 평온한 노년을 보내며 시대의 변화를 유연하게 받아들여 왔습니다.","수십 년간 가족의 식탁을 책임지며 다져진 정갈한 손맛과 꼼꼼한 살림 솜씨가 있으며, 특히 제철 나물을 활용해 간이 딱 맞는 밑반찬을 만드는 일에 능숙합니다.","['제철 나물 무침과 장아찌 담그기', '가족 구성원의 건강 상태를 고려한 맞춤형 식단 구성', '스마트폰 앱을 활용한 팟캐스트 및 라디오 청취', '반려견의 사소한 행동 변화를 알아채는 세밀한 돌봄']","송도 센트럴파크의 계절 변화를 살피며 천천히 걷는 시간을 소중히 여기고, 손주들이 좋아하는 햄버거의 낯선 맛을 호기심 있게 탐색하며 라디오에서 흘러나오는 옛 가요에 귀를 기울입니다.","['송도 센트럴파크 산책로 걷기', '라디오 팟캐스트로 세상 돌아가는 이야기 듣기', '반려견과 함께하는 집 앞 공원 나들이', '가족과 함께 떠나는 조용한 숲속 풍경 감상 여행', '가끔 즐기는 패스트푸드점의 햄버거와 감자튀김 맛보기']","거창한 성취보다는 매일 아침 정해진 시간에 일어나 집안을 정돈하는 규칙적인 일상을 유지하고, 손주들에게 다정하고 믿음직한 버팀목이 되어주는 삶을 지향합니다.",여자,88,사별,비현역,기타2세대,아파트,초등학교,해당없음,무직,인천-연수구,인천,대한민국
c0485e417a9d4dd5ab0393577393c64d,"장형용 씨는 울산 남구의 복잡한 교차로 도면을 훑으며 단숨에 정체 구간을 짚어내는 베테랑 설계가로, 시청 공무원들의 까다로운 요구 앞에서도 능숙하게 절충안을 내놓는 노련함을 보입니다. 은퇴 전 자신이 설계한 도로가 완공되어 출퇴근 시간이 줄어드는 것을 확인하고 싶어 하며, 깐깐한 성격 탓에 후배들의 도면에서 작은 오차 하나라도 발견하면 조목조목 지적하는 버릇이 있습니다.","장형용 씨는 주말이면 남구의 단골 고깃집 대형 TV 앞에 앉아 KBO 리그 경기를 챙겨보며 소리를 지르고, 팀의 실책이 나오면 함께 술잔을 기울이는 동료들과 격렬하게 토론합니다. 직접 땀 흘려 뛰는 운동보다는 화면 너머로 펼쳐지는 치열한 승부를 분석하며 대리 만족을 느끼는 시간을 가장 아낍니다.","장형용 씨는 동네 기원에 앉아 묵직한 바둑돌을 놓으며 복잡한 머릿속을 정리하고, 가끔은 아내의 손에 이끌려 코인 노래방에서 최신 트로트를 열창하며 쌓인 스트레스를 털어냅니다. 공학적 논리가 지배하는 일상에서 벗어나 바둑판 위의 수 싸움이나 음악의 리듬에 몸을 맡기는 정적인 휴식을 즐깁니다.","장형용 씨는 휴가철이면 아내와 함께 조용한 리조트나 숲속 펜션을 찾아 아무런 계획 없이 누워 있거나 창밖 풍경을 바라보며 온전한 휴식을 취합니다. 유명 관광지를 바쁘게 돌아다니는 일정 대신, 가족과 함께 맛있는 지역 음식을 먹고 푹 자는 정적인 여행에서 삶의 에너지를 충전합니다.","장형용 씨는 퇴근길에 아내와 함께 아파트 상가 내 삼겹살집에서 지글거리는 고기를 굽거나, 2주에 한 번쯤은 집에서 바삭한 프라이드치킨을 배달시켜 시원한 맥주 한 캔을 곁들입니다. 일주일의 절반 이상을 외식으로 해결할 만큼 밖에서 먹는 음식에 익숙하며, 특히 육즙이 풍부한 한식 고기 요리에 강한 애착을 보입니다.","장형용 씨는 전월세 아파트에서 아내와 단출하게 생활하며, 겉으로는 무뚝뚝한 공학도처럼 보이지만 함께 상가를 돌며 소소한 쇼핑을 즐기는 아내의 취향을 세심하게 맞추려 노력합니다. 사회에서는 카리스마 있는 설계가이지만, 집안에서는 아내의 잔소리에 적당히 맞장구를 치며 평화를 유지하는 유연한 남편의 모습을 보입니다.","장형용 씨는 울산의 도로를 설계하는 베테랑 공학도로서, 논리적인 직업 세계와 소탈한 술자리 및 바둑의 여유를 동시에 즐기는 60대 가장입니다.","울산 공단 지역의 급격한 성장기를 몸소 겪으며 공학적 효율성과 논리를 최우선으로 여기는 가치관을 형성했습니다. 대학원 시절부터 다져온 학술적 자부심이 강하면서도, 최근에는 젊은 세대의 유연한 사고방식을 수용하려 노력하는 과도기적 면모를 보입니다.","도시 외곽의 도로망 설계부터 복잡한 교차로의 교통 흐름 최적화까지, 수십 년간 쌓아온 실무 데이터를 바탕으로 설계 도면의 허점을 빠르게 찾아냅니다. 시청 담당 공무원들과의 까다로운 협의 과정에서도 상대의 요구사항을 빠르게 파악해 절충안을 제시하는 능숙함이 있습니다.","['교통영향평가 분석 및 보고서 작성', '도시 도로망 최적화 설계', '건설 현장 설계 변경 및 기술 자문', '공공기관 대상 기술 협상 및 조율']","주말이면 남구의 단골 고깃집에서 동료들과 소주잔을 기울이며 KBO 리그 경기를 시청하고, 가끔은 동네 기원에 들러 조용히 바둑판을 마주하며 생각을 정리합니다. 아내와 함께 집 근처 아파트 단지 내 상가에서 가볍게 쇼핑을 하거나 최신 가요가 업데이트된 노래방에서 스트레스를 풉니다.","['TV 야구 중계 시청', '지역 기원에서의 바둑 대국', '동네 노래방 가창', '주말 가족 동반 외식']",은퇴 전까지 자신이 설계한 도로가 실제로 완공되어 시민들의 출퇴근 시간이 단축되는 모습을 확인하고 싶어 합니다. 그동안 쌓아온 설계 노하우를 매뉴얼 형태로 정리해 후배들이 시행착오를 줄일 수 있도록 돕는 것에 보람을 느낍니다.,남자,61,배우자있음,비현역,배우자와 거주,아파트,대학원,공학·제조·건설,교통 계획 및 설계가,울산-남구,울산,대한민국
91594702d46041f18cf6c79a19cf9015,"최범식 씨는 부산 중구의 좁은 골목길과 숨은 지름길을 훤히 꿰고 있어 동네 사람들의 살아있는 지도 역할을 하며, 고장 난 낡은 라디오나 소형 가전제품을 제멋대로 뜯어 고쳐 다시 소리를 내게 만드는 독특한 손재주를 가졌습니다.","최범식 씨는 매일 오전 보수동 책방골목의 낡은 서점들 사이를 느릿하게 거닐며 건강을 유지하고, 정해진 코스보다는 그때그때 마음이 이끄는 낯선 골목길을 탐색하며 걷는 것을 즐깁니다.","최범식 씨는 저녁마다 유튜브로 임영웅 같은 트로트 가수의 무대를 보며 박자를 맞추고, 투박한 연필로 남포동 거리의 풍경을 스케치북에 담아 손주들에게 물려주려는 소박한 예술적 야심이 있습니다.","최범식 씨는 마음 맞는 고향 친구들과 함께 탁 트인 바다나 산의 풍경을 찾아 떠나는 짧은 여행을 즐기며, 유명 관광지보다는 발길 닿는 대로 마주치는 자연의 생경한 모습에 감탄하곤 합니다.","최범식 씨는 평소에는 당뇨 때문에 밋밋한 식단을 유지하다가도, 한 달에 한 번 남포동 단골 고깃집에서 지글지글 익는 삼겹살과 구수한 된장찌개로 보상을 받으며, 가끔은 분위기 좋은 주점에서 안주 없이 사람들과 이야기 나누는 시간을 보냅니다.","최범식 씨는 오랜 세월 함께한 아내와 투닥거리면서도 서로를 의지하며 살아가고 있으며, 가끔 방문하는 손주들에게 자신이 그린 남포동 스케치북을 자랑하며 옛날이야기를 들려주는 시간을 가장 소중히 여깁니다.","최범식 씨는 부산 중구의 골목길과 헌책 냄새를 사랑하며, 낡은 기계를 고치는 손재주와 트로트에 대한 애정으로 일상을 채워가는 넉살 좋은 할아버지입니다.","부산 중구의 좁은 골목과 자갈치 시장의 활기 속에서 평생을 보냈으며, 정규 교육 대신 삶의 현장에서 부딪히며 얻은 직관과 사람 읽는 법을 믿습니다. 낡은 건물들 사이에서 새로운 풍경을 찾아내는 감각이 뛰어나며, 세대와 상관없이 누구와도 거리낌 없이 어울리는 넉살을 가졌습니다.","중구 구석구석 숨겨진 노포와 지름길을 꿰고 있어 동네 사람들의 길잡이 역할을 하며, 낡은 라디오나 소형 가전제품을 뜯어보고 제멋대로 개조해 다시 작동시키는 손재주가 있습니다.","['중구 골목 지리 정통', '생활 가전 임시 수리', '분위기를 띄우는 입담', '스마트폰 퍼즐 게임 및 앱 활용']","매일 오전 보수동 책방골목을 천천히 거닐며 헌책 냄새를 맡고, 저녁에는 유튜브로 최신 유행하는 트로트 가수의 무대 영상을 찾아보며 박자를 맞춥니다. 당뇨 관리 때문에 평소에는 엄격하게 식단을 지키다가도, 한 달에 한 번은 친구들과 함께 남포동 고깃집에서 지글지글 익는 삼겹살에 된장찌개를 곁들여 먹으며 회포를 풉니다.","['보수동 책방골목 산책', '유튜브 트로트 영상 시청', '스마트폰 퍼즐 게임', '동네 친구들과의 소규모 모임', '풍경 사진 찍기']",매일 걷는 남포동 거리의 풍경을 자신만의 시선으로 담은 투박한 스케치북 한 권을 완성해 손주들에게 물려주고 싶어 합니다.,남자,79,배우자있음,비현역,배우자와 거주,주택 이외의 거처,초등학교,해당없음,무직,부산-중구,부산,대한민국
dbe5ec01d1dc48bea95b2fb8c4cd5f05,"박창용 씨는 시집의 운율을 수학 공식처럼 정교하게 분석해 칠판에 적어 내려가며 학생들의 감탄을 자아내는 국어 교사입니다. 학교 축제 준비 때면 1분 단위의 상세한 일정표를 짜서 동료들에게 배포하며 완벽을 기하지만, 정작 예상치 못한 작은 돌발 상황이 발생하면 가슴이 뛰며 안절부절못하는 면이 있습니다.",박창용 씨는 주말이면 친목회 회원들과 팔공산 자락을 오르며 바위 틈에 핀 야생화의 이름을 하나하나 확인하는 정적인 등산을 즐깁니다. 숨이 턱 끝까지 차오르는 가파른 구간에서는 유독 걸음이 느려져 일행의 맨 뒤에서 도란도란 이야기를 나누며 보폭을 맞춥니다.,박창용 씨는 퇴근 후 서재에 앉아 이성적인 논리로 설명되지 않는 인간의 외로움을 정갈한 문장으로 옮겨 담으며 자신만의 에세이를 써 내려갑니다. 가끔은 문장이 마음에 들지 않아 원고지를 구겨 버리고는 한참 동안 멍하니 창밖의 대구 동구 골목길을 바라보는 습관이 있습니다.,박창용 씨는 친목 모임 사람들과 함께 시티투어 버스를 타고 낯선 도시의 랜드마크를 돌며 가이드의 설명을 수첩에 꼼꼼히 기록합니다. 화려한 관광지보다는 그 도시의 세월이 묻어나는 오래된 골목길이나 작은 간이역에서 멈춰 서서 필름 카메라로 사진을 찍는 시간을 아낍니다.,"박창용 씨는 동구 시장통의 낡은 중식당에서 춘장 냄새 진하게 배어 있는 짜장면 한 그릇을 비우며 어린 시절의 기억을 되짚습니다. 고기가 들어가지 않은 담백한 나물 비빔밥이나 시래기국 같은 소박한 한식을 선호하며, 일주일의 절반 이상을 집 밖 식당에서 보냅니다.",박창용 씨는 무뚝뚝한 대구 사투리로 대화하면서도 어머니가 좋아하는 제철 과일을 깎아 내놓으며 조용히 효심을 표현합니다. 혼자 사는 적막함보다는 어머니의 잔소리가 섞인 다세대주택의 북적임 속에서 오히려 정서적인 안정감을 느낍니다.,"박창용 씨는 수학적 분석력과 문학적 감수성을 동시에 지닌 국어 교사로, 대구의 정취 속에서 어머니와 함께하며 소소한 일상의 기록과 인연을 소중히 여기는 50대 남성입니다.","대구 동구의 오래된 골목 정취 속에서 성장하며 보수적인 지역 색채와 개인의 자유로운 예술적 갈망 사이에서 균형을 잡으며 살아왔습니다. 수학적 논리와 국어의 서정성을 동시에 섭렵한 학문적 배경 덕분에, 현상을 분석적으로 보면서도 그 이면의 감정을 읽어내는 독특한 시각을 갖게 되었습니다.","복잡한 문학 작품의 구조를 수학적 정밀함으로 분석해 학생들에게 명쾌하게 전달하며, 학급 내 갈등 상황을 부드럽게 중재하여 조화를 이끌어내는 능력이 탁월합니다. 학교 행사를 기획할 때면 아주 작은 소품 하나까지 놓치지 않는 꼼꼼한 일정표를 작성해 동료 교사들의 신뢰를 받습니다.","['텍스트의 구조적 분석 및 논리적 해석', '갈등 중재 및 관계 조율 능력', '세부 실행 계획 수립 및 일정 관리', '다양한 세대와의 정서적 공감 대화법']","주말이면 친목 모임 회원들과 팔공산 자락을 천천히 걸으며 계절의 변화를 관찰하고, 동네에서 오래된 중식당을 찾아가 짜장면 한 그릇에 담긴 추억을 나누는 시간을 소중히 여깁니다. 당뇨 관리 때문에 식단에 신경 쓰면서도, 가끔은 어머니와 함께 시장 골목의 나물 비빔밥 집을 찾아다니는 소소한 외식을 즐깁니다.","['팔공산 둘레길 산책 및 등산', '지역 노포 중식당 탐방', '시티투어 버스를 이용한 도심 재발견', '동네 오래된 서점 거리 거닐기']","퇴직 전까지 수식으로는 설명할 수 없는 인간의 미묘한 감정들을 갈무리한 에세이집을 발간하여, 이성과 감성이 어떻게 공존할 수 있는지 학생들에게 보여주고 싶어 합니다.",남자,54,미혼,비현역,어머니와 동거,다세대주택,대학원,자연과학·수학,국어 교사,대구-동구,대구,대한민국
212688dbfb4a4de5b99d9a52d8c9da6a,"손지은 씨는 대학에서 인문학을 전공한 뒤 조직 생활의 답답함에 밀려 현재는 무직 상태이지만, 틈틈이 읽은 고전들을 쉽게 풀어낸 메모를 모아 자신만의 독립 출판물을 만들 계획을 세웁니다. 둔산동의 작은 카페에서 취향이 맞는 이들을 불러 모아 지적인 대화를 나누는 살롱 운영자를 꿈꾸며 매일 조금씩 글을 다듬습니다.","손지은 씨는 거창한 운동보다는 해 질 녘 갑천변 산책로를 천천히 걷는 시간을 통해 몸과 마음을 정리하며, 무거운 몸을 이끌고 걷다 보면 어느새 땀이 맺히는 감각에 만족합니다. 평소에는 소파와 한 몸이 되어 넷플릭스를 보는 시간이 훨씬 많지만, 가끔은 몸을 움직여야 한다는 강박에 집 근처 공원을 한 바퀴 크게 돕니다.","손지은 씨는 대전시립미술관의 정적 속에 머무는 것을 즐기며, 캔버스 위 여백이 주는 위로를 통해 복잡한 머릿속을 비워내고 새로운 상상을 채워 넣습니다. 둔산동 골목의 낡은 간판이나 거리의 작은 풍경에서도 시대의 흔적을 읽어내려는 습관이 있으며, 좋아하는 작가의 전시가 열리면 팸플릿의 문구 하나하나를 꼼꼼히 분석합니다.","손지은 씨는 명절이나 휴가 때면 가족들과 함께 전국의 숲이나 바다를 찾아 떠나며, 화려한 관광지보다는 가만히 풍경을 바라볼 수 있는 조용한 자연 속에 머무는 시간을 소중히 여깁니다. 여행지에서 찍은 풍경 사진들에 인문학적 단상을 덧붙여 기록하며, 가족들의 잔소리를 한 귀로 흘리면서도 그들과 함께하는 안락한 분위기에 안도감을 느낍니다.","손지은 씨는 주말이면 둔산동 일식집에서 꾸덕한 마제소바를 주문해 면을 비비며 일주일의 스트레스를 풀고, 가끔은 지글지글 익어가는 한우 고깃집에서 친구들과 술잔을 기울이며 수다를 떱니다. 배달 음식은 보름에 한 번 꼴로 시켜 먹을 만큼 드물지만, 한 번 외식을 시작하면 평소 억눌렀던 식욕이 터져 나와 과식하는 경향이 있습니다.","손지은 씨는 현재 혼자 아파트에 거주하며 독립적인 생활을 누리고 있지만, 마음 한구석에는 가족에 대한 깊은 애착이 있어 주기적으로 부모님 댁을 방문해 일상의 시시콜콜한 이야기를 나눕니다. 미혼인 상태로 서른 일곱의 나이를 맞이해 가끔 부모님의 결혼 압박에 짜증을 내면서도, 가족 여행지에서만 보여주는 어리광 섞인 모습이 남아 있습니다.","손지은 씨는 대전에 거주하며 인문학적 감수성과 나른한 일상의 균형을 찾는, 예술적 꿈을 간직한 30대 미혼 여성입니다.","대전 서구 둔산동의 정돈된 도시 분위기 속에서 생활하며, 대전시립미술관의 정적인 공기와 갑천변의 산책로를 일상의 배경으로 삼고 있습니다. 인문학 전공자답게 거리의 간판 하나에서도 시대적 흐름을 읽어내려 하며, 오래된 헌책방의 종이 냄새와 현대적인 갤러리의 여백을 동시에 즐기는 취향을 가졌습니다.","복잡한 인문학적 텍스트를 핵심만 짚어 쉽게 설명하는 능력이 있으며, 모임의 분위기를 빠르게 파악해 적절한 대화 주제를 던져 흐름을 유연하게 만드는 데 능숙합니다.","['텍스트 구조 분석 및 요약', '소규모 커뮤니티 네트워킹', '예술 작품 비평 및 해석', '대화 흐름 조율 및 중재']",주말이면 둔산동 일식집에서 마제소바를 먹고 친구들과 코인 노래방에서 최신 곡들을 부르며 에너지를 얻습니다. 평일 오후에는 거실 소파에 누워 넷플릭스 시리즈를 몰아보다가 나른하게 낮잠에 빠지는 시간을 가장 아낍니다.,"['둔산동 일식 맛집 탐방', '넷플릭스 시리즈 정주행', '가족과 함께하는 국립세종수목원 나들이', '코인 노래방 방문', '대전시립미술관 관람']","조직의 틀에 맞춘 직장 생활보다는 자신의 예술적 감수성을 녹여낸 독립 출판물을 펴내거나, 취향이 비슷한 사람들을 모으는 작은 살롱을 운영하는 소소한 삶을 꿈꿉니다.",여자,37,미혼,비현역,혼자 거주,아파트,4년제 대학교,예술·인문,무직,대전-서구,대전,대한민국
77521d8b65144ecebec007b63d2d212d,"김정록 씨는 천안의 전기공사 현장에서 복잡한 배전반 도면을 훑으며 최적의 배선 경로를 찾아내는 일에 능숙한 20세 관리자입니다. 갑작스러운 정전 상황에서도 당황하지 않고 침착하게 복구 순서를 설계하며, 향후 전기 기능장 취득을 통해 조명 설계와 스마트 홈 제어 시스템을 결합한 공간 컨설팅 전문가로 성장하겠다는 야심을 품고 있습니다.",김정록 씨는 퇴근 후 헬스장으로 달려가 무거운 덤벨과 바벨을 들어 올리며 하루의 잡념을 근육의 통증으로 씻어내는 시간을 즐깁니다. 주말에는 친구들과 함께 볼링장에서 스트라이크를 치며 소리를 지르거나 탁구대 앞에서 빠르게 움직이며 에너지를 발산하는 활동적인 여가를 보냅니다.,"김정록 씨는 천안 신부동의 아기자기한 소품샵들을 돌아다니며 기하학적인 무드등이나 이름 모를 작가의 도자기 오브제를 수집하는 취미가 있습니다. 부모님과 함께 사는 집의 한쪽 구석을 자신만의 작은 갤러리로 꾸며놓고, 퇴근 후 그 공간에 앉아 새로운 가구 배치와 조명 각도를 구상하며 상상력을 펼칩니다.",김정록 씨는 연인이나 친구와 함께 공주나 부여의 좁은 골목길을 누비며 세월의 흔적이 느껴지는 노포 식당을 찾아다니는 음식 관광에 푹 빠져 있습니다. 투박한 뚝배기에 담긴 지역 토속 음식의 맛과 낡은 가게의 분위기를 사진으로 꼼꼼히 기록하며 그 지역만의 고유한 정취를 수집합니다.,"김정록 씨는 일주일에 서너 번은 바삭한 후라이드 치킨을 배달시켜 먹거나, 동료들과 함께 두툼한 삼겹살집을 찾아가 고기를 굽는 시간을 가장 기다립니다. 입맛이 까다롭지 않아 한식당의 고기 메뉴라면 무엇이든 잘 먹으며, 특히 기름진 음식 뒤에 마시는 시원한 탄산음료의 조합을 매우 선호합니다.","김정록 씨는 부모님이 마련하신 천안의 집에서 함께 생활하며, 때로는 부모님의 잔소리를 피해 자신의 방이라는 성벽 안으로 숨어버리는 20대 청년의 모습을 보입니다. 하지만 가족들과 식탁에 둘러앉아 시시콜콜한 일상을 나누는 시간을 소중히 여기며, 전공을 살려 집안의 낡은 전등을 최신 LED로 교체해 드리는 것으로 효도를 실천합니다.","김정록 씨는 전기 관리자로서의 냉철한 전문성과 소품 수집가의 예술적 감성을 동시에 지닌, 건강 관리가 시급한 20세 청년입니다.","천안 신부동 터미널 근처의 소품샵들을 돌아다니며 독특한 디자인의 오브제를 수집하고, 부모님과 함께 사는 집 안에서 자신만의 작은 예술적 영역을 가꾸며 살아가는 20대 청년입니다.","복잡한 배전반 도면 속에서 최적의 배선 경로를 찾아내는 감각이 뛰어나며, 현장의 갑작스러운 정전이나 설비 고장 상황에서도 당황하지 않고 침착하게 복구 순서를 설계합니다.","['전기 설비 도면 해석 및 최적화', '현장 누전 지점 탐색 및 복구', '전기 공사 안전 관리 및 감독', '배전반 및 분전함 유지보수']","퇴근 후 헬스장에서 고중량 웨이트 트레이닝으로 땀을 흘리며 잡념을 없애고, 주말에는 친구들과 함께 공주나 부여의 숨은 노포 식당을 찾아다니며 지역 특색이 담긴 음식을 기록합니다.","['고중량 웨이트 트레이닝', '충청권 노포 맛집 탐방', '최신 개봉 영화 및 독립 영화 관람', '볼링 동호회 활동']","전기 기능장 자격증 취득을 통해 전문성을 공고히 다지는 동시에, 단순한 시공을 넘어 조명 설계나 스마트 홈 제어 시스템처럼 기술과 미학이 결합된 공간 컨설팅 분야로 영역을 넓히고자 합니다.",남자,20,미혼,비현역,부모와 동거,주택 이외의 거처,2~3년제 전문대학,해당없음,전기 관련 관리자,충청남-천안시 동남구,충청남,대한민국
2e6a4b447d294e268cb6237285767204,"이은미 씨는 양천구청 인근 사무실에서 조사 전문가로 근무하며, 낯가림이 심한 응답자의 마음을 여는 특유의 다정한 말투와 유연한 질문법으로 설문 참여율을 높입니다. 이은미 씨는 수집한 통계 수치 속에서 지역 주민들의 실제 고충을 읽어내어, 이를 바탕으로 실효성 있는 복지 정책 초안을 작성해 구청에 제안하는 실무적 성취를 꿈꿉니다.",이은미 씨는 땀 흘리는 격한 운동보다는 신월동 집 마당에서 계절 꽃을 가꾸며 흙을 만지는 정적인 활동을 통해 마음의 평온을 찾습니다. 이은미 씨는 가끔 동네 주민들과 함께 집 근처 골목을 천천히 거닐며 수다를 떠는 것으로 하루의 활동량을 채웁니다.,"이은미 씨는 거실 소파에 누워 최신 트로트 곡이나 옛 가요를 감상하며 가사에 담긴 삶의 애환을 상상하는 시간을 보냅니다. 이은미 씨는 TV 프로그램에 나오는 세련된 인테리어 소품에 영감을 받아, 집안 곳곳을 자신만의 취향이 담긴 작은 소품들로 꾸미는 일에 소소한 즐거움을 느낍니다.","이은미 씨는 친목 모임 회원들과 함께 전국 각지의 유명한 사찰이나 전통 시장을 찾아다니며 지역 특산물을 구경하는 여행을 즐깁니다. 이은미 씨는 명절이나 제사 때마다 온 가족이 모이는 자리를 주도하며, 멀리서 온 친지들에게 정성껏 준비한 지역 특산물을 나눠주는 일에 큰 보람을 느낍니다.","이은미 씨는 주말이면 목동 일식 거리의 숨은 맛집을 찾아내어 정갈한 초밥과 사시미를 지인들과 함께 나누어 먹습니다. 이은미 씨는 배달 앱을 거의 사용하지 않으며, 직접 운전해 외곽의 유명한 한우 직판장을 방문해 두툼한 고기를 구워 먹는 외식을 즐깁니다.","이은미 씨는 신월동 단독주택에서 남편과 자녀들과 함께 북적이며 살아가며, 보건복지학 전공 시절부터 이어진 다정한 오지랖으로 가족들의 고민 상담역을 자처합니다. 이은미 씨는 때때로 가족들에게 지나치게 세심한 간섭을 하여 잔소리꾼이라는 말을 듣기도 하지만, 이는 모두 가족을 아끼는 마음에서 우러나온 행동입니다.","이은미 씨는 양천구 신월동에서 가족과 함께 살며, 섬세한 관찰력과 책임감으로 지역 사회 복지 발전을 꿈꾸는 조사 전문가입니다.","양천구 신월동의 오래된 단독주택 마당에서 계절 꽃을 가꾸며, 보건복지학 전공 시절부터 이어진 타인에 대한 세심한 관찰력과 다정한 오지랖이 일상의 바탕이 되어 있습니다.","응답자의 거부감을 줄이는 유연한 질문법으로 설문 참여도를 높이며, 복잡한 통계 수치 속에서 유의미한 사회적 흐름을 찾아내어 일목요연한 보고서로 정리합니다.","['대상자 맞춤형 설문 문항 설계', '표본 오차 최소화 데이터 정제', '심층 인터뷰 대상자 섭외 및 관리', '복지 실태 조사 결과 분석']","목동 일식 거리의 숨은 맛집을 찾아 지인들과 공유하며, 최근에는 유튜브로 배운 최신 피부 관리법을 따라 하느라 화장대 위에 쓰다 만 기능성 앰플들이 가득 쌓여 있습니다.","['목동 일식 맛집 지도 만들기', '성분 분석 앱을 활용한 화장품 쇼핑', '임영웅의 서정적인 발라드 감상', '가족들과 함께하는 근교 나들이 계획 짜기']",단순한 데이터 수집을 넘어 지역 주민들의 실제 고충이 반영된 복지 정책 초안을 작성해 구청에 제안하는 실무적인 성취를 이루고자 합니다.,여자,52,배우자있음,비현역,배우자·자녀와 거주,단독주택,4년제 대학교,보건·복지,조사 전문가,서울-양천구,서울,대한민국
d8a3e864003f40d4acfffb7c543888a6,"이진택 씨는 청주의 기계 설비 공장에서 안전 수칙을 깐깐하게 챙기면서도, 낡은 수동 점검표를 태블릿 PC 기반의 디지털 모니터링 체계로 바꾸는 작업을 주도합니다. 이진택 씨는 현장 반장들과 소주 한 잔을 기울이며 갈등을 유연하게 풀지만, 안전 헬멧 미착용 같은 원칙 앞에서는 절대 타협하지 않는 단호함을 보입니다.","이진택 씨는 동네 헬스장에서 런닝머신을 천천히 걷거나 가벼운 기구 운동을 하며 땀을 흘리지만, 정작 운동 시간보다 샤워 후 마시는 시원한 음료수 한 잔의 쾌감에 더 집중합니다. 이진택 씨는 주말 오후면 단독주택 마당 평상에 누워 낮잠을 청하며 일주일의 피로를 씻어내는 정적인 휴식을 즐깁니다.","이진택 씨는 주말이면 청주 시내의 작은 갤러리들을 조용히 둘러보며 추상화의 강렬한 색채나 현대 미술의 낯선 구도에서 심리적 해방감을 느낍니다. 이진택 씨는 평소에는 무뚝뚝한 공장 관리자처럼 보이지만, 집 안 서재에는 해외 직구로 모은 기하학적 형태의 무드등과 독특한 세라믹 오브제들이 가득합니다.",이진택 씨는 고등학교 동창들과 함께 진주 남강 유등축제나 안동 국제탈춤축제처럼 북적이는 지역 행사를 찾아다니며 낯선 풍경과 소음 속에 섞이는 것을 즐깁니다. 이진택 씨는 화려한 볼거리보다는 그 지역에서만 파는 특색 있는 먹거리 장터를 구경하며 친구들과 시시콜콜한 농담을 주고받는 시간에 만족감을 느낍니다.,"이진택 씨는 일주일에 한 번, 단골 중식당에서 바삭한 탕수육에 고량주 한 잔을 곁들이며 하루의 스트레스를 날려버리는 시간을 가장 기다립니다. 이진택 씨는 가끔 가족과 함께 지역 한우 전문점을 찾아 두툼한 등심을 구워 먹으며, 배달 음식으로는 2주에 한 번꼴로 짜장면과 짬뽕 세트를 시켜 먹는 소박한 미식 생활을 유지합니다.","이진택 씨는 청원구의 조용한 단독주택에서 아내와 함께 서로의 영역을 존중하며 차분한 일상을 공유하고, 말수는 적지만 아내가 좋아하는 꽃화분을 챙겨다 놓는 다정한 면모가 있습니다. 이진택 씨는 특별한 이벤트보다는 거실 소파에 나란히 앉아 텔레비전 프로그램을 시청하며 소소한 대화를 나누는 안정적인 관계를 유지합니다.","이진택 씨는 청주에서 위험 관리원으로 근무하며 디지털 전환을 이끄는 전문성과 예술적 감수성을 동시에 지녔지만, 고도비만과 성인병이라는 건강 과제 앞에 놓인 50대 가장입니다.","청주 청원구의 한적한 단독주택가에서 오래 거주하며 지역 사회의 정서를 익혔고, 대학 시절 정보통신기술을 전공하며 한국의 디지털 전환기를 몸소 겪은 세대입니다. 차분한 성격이지만 내면에 예술적인 호기심이 많아 동네 작은 갤러리를 찾아다니거나 생소한 디자인의 소품을 수집하는 소소한 즐거움을 누립니다.","기계 설비의 오작동 가능성을 예측하고 현장의 안전 수칙을 정비하는 업무를 수행하며, 전공 지식을 활용해 수동 점검 항목을 디지털 모니터링 체계로 전환하는 실무에 능숙합니다. 현장 작업자들과의 마찰을 유연하게 조율하면서도 안전 기준에 대해서는 타협하지 않는 단호함을 보여줍니다.","['공정 안전 분석', '디지털 리스크 모니터링', '산업 현장 안전 가이드라인 수립', 'ICT 기반 설비 관리', '현장 갈등 중재 및 소통']","주말이면 친구들과 함께 전국 각지의 지역 축제를 찾아다니며 낯선 분위기를 즐기고, 저녁에는 단골 중식당에서 탕수육에 고량주 한 잔을 곁들이며 회포를 풉니다. 건강을 위해 헬스장을 등록했지만, 운동 후의 보상심리로 기름진 음식을 찾는 습관과 끊지 못한 담배 때문에 체중 관리에 매번 애를 먹고 있습니다.","['전국 지역 축제 탐방', '고량주와 중식 즐기기', '동네 공원 산책과 낮잠', '현대 미술 전시 관람', '체중 관리를 위한 헬스']","현장에서 쌓은 위험 관리 노하우를 체계적인 매뉴얼로 만들어 후배들에게 전수하고, 퇴직 후에는 소규모 공장의 안전 컨설팅을 돕는 전문 위원으로 활동하며 사회적 기여를 하고 싶어 합니다. 기계적인 점검을 넘어 작업자가 심리적으로 안정감을 느끼는 작업 환경을 설계하는 일에 관심을 두고 있습니다.",남자,54,배우자있음,비현역,배우자와 거주,단독주택,4년제 대학교,정보통신기술,위험 관리원,충청북-청주시 청원구,충청북,대한민국
0d316f9b39624c07a094fbadce8e38b5,"정솔지 씨는 서비스 전공자다운 섬세한 눈썰미로 전포동의 작은 편집숍들을 돌아다니며 자신만의 큐레이션 노트를 채우고 있습니다. 조직의 부속품이 되는 생활을 뒤로하고 독립 서점을 열겠다는 목표를 세워, 매일 정해진 시간에 태블릿으로 공간 스케치를 하며 조용한 창업 준비에 몰두합니다.",정솔지 씨는 격렬한 운동보다는 기장 해안도로를 따라 천천히 차를 몰거나 이름 없는 숲길을 걷는 정적인 움직임을 즐깁니다. 특별한 스포츠 팀을 응원하기보다 풍경이 예쁜 산책로를 찾아다니며 가볍게 몸을 움직이는 것으로 일상의 활력을 채웁니다.,"정솔지 씨는 서면의 만화 카페 구석진 자리에서 일본 만화의 섬세한 작화에 빠져들거나, 태블릿으로 일상의 찰나를 드로잉하며 시간을 보냅니다. 취향이 듬뿍 담긴 작은 소품들을 수집해 방 한구석을 갤러리처럼 꾸며놓고, 가끔은 그 배치를 바꾸느라 밤을 꼬박 새우기도 합니다.","정솔지 씨는 가족들의 성향을 세밀하게 분석해 동선을 짠 뒤, 남해의 조용한 어촌 마을이나 제주의 숨은 숲길로 가족 여행을 이끕니다. 유명 관광지보다는 아무도 없는 바다 풍경 앞에 서서 셔터를 누르는 순간에 가장 큰 해방감을 느끼며, 여행지에서 발견한 작은 엽서들을 수집합니다.","정솔지 씨는 신선한 제철 생선이 올라간 카이센동의 색감에 매료되어 전포동의 일식 전문점들을 주기적으로 방문합니다. 고기보다는 나물 중심의 정갈한 한식 상차림을 선호하며, 일주일에 한 번 정도는 집에서 편하게 배달 음식을 시켜 만화책과 함께 즐기는 소박한 일상을 보냅니다.","정솔지 씨는 형제자매와 함께 살며 가구주로서 집안의 크고 작은 결정권을 쥐고 있지만, 때로는 가족들의 지나친 관심에 예민해져 방 문을 닫고 혼자만의 동굴로 숨어버립니다. 그러면서도 가족 여행만큼은 누구보다 완벽하게 기획해 모두를 만족시키는 다정하고 책임감 있는 모습을 보입니다.","정솔지 씨는 부산의 세련된 감성과 정적인 취향을 동시에 지닌 채, 자신만의 심미적 공간을 꿈꾸며 일상을 기록하는 36세 여성입니다.","부산진구의 오래된 골목과 전포 카페거리의 세련된 분위기를 동시에 경험하며 성장해, 도시의 소란함 속에서도 자신만의 정적인 취향을 찾는 법을 익혔습니다. 서비스 전공을 통해 타인의 필요를 빠르게 읽어내는 섬세함을 갖췄으며, 예술적 영감을 주는 공간이나 사물을 수집하는 것에 깊은 가치를 둡니다.","상대방의 기분과 상황에 맞춰 대화의 흐름을 유연하게 이끄는 소통 능력이 뛰어나며, 가족들의 성향을 고려해 최적의 여행 동선을 짜는 세밀한 기획력이 좋습니다. 최근에는 태블릿을 활용해 일상의 찰나를 기록하는 디지털 드로잉 기술을 독학으로 익혔습니다.","['맞춤형 여행 일정 설계', '분위기에 맞는 공간 큐레이션', '디지털 드로잉 기반의 일상 기록', '상황별 유연한 커뮤니케이션']","주말이면 차를 몰고 기장 해안도로를 달려 이름 없는 작은 숲길이나 바다 풍경을 사진으로 남기는 시간을 갖습니다. 평일 오후에는 서면의 한적한 만화 카페에서 일본 만화책에 몰입하거나, 정갈한 카이센동 전문점을 찾아다니며 계절의 맛을 음미합니다.","['기장 해안도로 풍경 드라이브', '일본 만화 수집 및 정독', '전포동 소품샵 및 갤러리 투어', '제철 식재료를 사용한 일식 맛집 탐방']",정해진 틀에 박힌 조직 생활보다는 자신의 심미적 안목을 활용할 수 있는 작은 독립 서점이나 취향 기반의 편집숍 운영을 조용히 준비하고 있습니다. 당장의 성과보다는 자신의 삶과 예술적 만족이 조화를 이루는 독립적인 경제 활동 모델을 구축하고자 합니다.,여자,36,미혼,비현역,형제자매와 동거 (가구주),다세대주택,4년제 대학교,서비스,무직,부산-부산진구,부산,대한민국
6f1975c29d414635b2949a3c3a041109,"김종기 씨는 낡은 가죽 수첩에 빼곡히 적은 선로 도면을 넘기며, 열차의 미세한 진동과 소리만으로 어느 지점의 볼트가 헐거워졌는지 단번에 짚어내는 철도 현장의 살아있는 전설입니다. 퇴직을 앞두고 매뉴얼에 없는 현장의 감각을 후배들에게 전수하기 위해 돋보기를 쓰고 꼼꼼하게 실무 지침서를 정리하는 일에 몰두하며, 단 한 건의 안전사고 없는 마무리를 인생의 마지막 소명으로 여깁니다.","김종기 씨는 땀 흘리는 격렬한 운동 대신 오후의 나른한 낮잠이나 동네 지인들과 함께하는 사우나 방문으로 체력을 유지합니다. 경의선 숲길을 천천히 거닐며 발바닥에 닿는 흙의 질감을 느끼고, 벤치에 앉아 지나가는 사람들을 구경하는 것만으로도 충분한 활동량을 채운다고 믿습니다.","김종기 씨는 연남동 골목의 작은 갤러리들을 돌아다니며 난해한 현대 미술 작품 앞에서 한참을 서서 젊은 작가들의 파격적인 시도를 흥미롭게 관찰합니다. 정밀한 공학 도면을 그리던 습관을 살려, 여행지에서 만난 이름 모를 들꽃의 잎맥 하나하나를 스케치북에 세밀하게 옮겨 담는 정적인 시간을 사랑합니다.",김종기 씨는 가족들과 함께 동해안으로 여행을 떠나 정동진의 파도 소리를 들으며 멍하니 구름의 모양이 변하는 과정을 지켜보는 시간을 가장 아낍니다. 화려한 관광지보다는 인적이 드문 해변가 벤치에 앉아 가족들의 웃음소리를 배경 삼아 풍경을 스케치하며 마음의 평온을 찾습니다.,"김종기 씨는 일주일의 절반 이상을 밖에서 해결하며, 특히 골목 어귀의 오래된 식당에서 구수한 청국장 찌개에 밥을 비벼 먹는 것으로 하루의 피로를 씻어냅니다. 가끔은 지인들과 함께 동네 주점에서 가벼운 안주를 곁들여 담소를 나누고, 2주에 한 번 정도는 가족들과 함께 짜장면을 배달시켜 먹는 소소한 일탈을 즐깁니다.","김종기 씨는 배우자와 자녀들이 함께 북적이는 집안에서 때로는 고집스러운 아버지의 모습으로, 때로는 자식들의 고민을 묵묵히 들어주는 유연한 조력자로 살아갑니다. 가족 여행지에서 아이들이 투정을 부려도 허허 웃으며 넘기지만, 집안의 예의나 기본 질서에 관해서는 단호하게 자신의 의견을 전달하는 엄격함과 다정함을 동시에 가졌습니다.","김종기 씨는 평생을 철도 현장에서 보낸 공학적 정밀함과 연남동의 예술적 감성을 동시에 품은, 마포구의 온화하고 유연한 어르신입니다.","마포구 경의선 숲길의 변화를 오랜 시간 지켜보며 살아온 주민으로, 공학적 정밀함과 연남동 작은 갤러리들의 자유분방한 분위기를 동시에 즐깁니다. 산업화 시기에 국가 기반 시설을 닦았다는 자부심이 있으면서도, 요즘 젊은 세대가 만드는 낯선 예술적 시도에 진심으로 감탄하며 이를 수용하는 유연함을 가졌습니다.",수십 년간 철도 현장에서 쌓은 경험으로 열차의 진동과 소리만 들어도 어느 구간의 선로에 문제가 생겼는지 직관적으로 찾아냅니다. 낡은 가죽 수첩에 꼼꼼하게 기록한 현장 매뉴얼과 도면 해석 능력은 동료들 사이에서 여전히 독보적입니다.,"['철도 신호 체계 유지보수', '선로 진동 분석 및 진단', '철도 안전 운행 프로토콜 수립', '기계 도면 정밀 해석', '현장 인력 운용 및 일정 관리']","가족과 함께 동해안으로 여행을 떠나 이름 모를 들꽃이나 구름의 모양을 세밀하게 스케치하는 시간을 가집니다. 평소에는 마포구 동네 사우나에서 지인들과 담소를 나누고, 골목 안쪽에 있는 오래된 식당에서 청국장을 먹으며 하루를 마무리합니다.","['자연 풍경 세밀화 그리기', '동네 사우나 정기 방문', '역사 다큐멘터리 시청', '연남동 독립 서점 탐방', '스마트폰 풍경 사진 촬영']","이제는 높은 직위나 소득보다는 자신이 가진 현장의 감각과 노하우를 후배들에게 온전히 전수하는 것에 의미를 둡니다. 퇴직 전까지 단 한 건의 안전사고 없이 현장을 마무리하며, 매뉴얼에 나오지 않는 실무적인 지혜를 기록으로 남기고 싶어 합니다.",남자,72,배우자있음,비현역,배우자·자녀와 거주,주택 이외의 거처,4년제 대학교,공학·제조·건설,철도운송 관련 종사원,서울-마포구,서울,대한민국
742336e6e4a94ac9acf56ea075d5d9ea,이다연 씨는 제주시의 한 식당에서 서빙하며 보건복지 전공 지식을 살려 거동이 불편한 어르신들의 식사 수발을 세심하게 돕습니다. 이다연 씨는 직장 동료들과 갈등 없이 원만한 관계를 유지하며 주어진 일만 묵묵히 해내는 평온한 직장 생활을 지향합니다.,이다연 씨는 주말이면 무거운 몸을 이끌고 사려니숲길의 나무들 사이를 천천히 걸으며 복잡한 마음을 정리합니다. 이다연 씨는 가끔 배드민턴 라켓을 잡고 땀을 흘리거나 집 근처 조용한 길을 따라 가볍게 조깅하며 숨을 고릅니다.,이다연 씨는 방 안에서 잔잔한 인디 밴드의 노래를 틀어놓고 종이 잡지의 질감을 느끼며 시간을 보냅니다. 이다연 씨는 제주의 옛 정취가 남은 문화유적지를 찾아 조용히 거닐며 옛사람들의 흔적을 살피는 일에서 마음의 안정을 찾습니다.,이다연 씨는 누구의 방해 없이 혼자서 제주의 이름 없는 오름이나 숲길을 찾아가 풍경을 멍하니 바라보며 휴식을 취합니다. 이다연 씨는 한적한 자연 속에서 홀로 보내는 시간을 통해 정서적으로 충전됩니다.,이다연 씨는 보름에 한 번쯤 외식을 하며 나물이나 생선 중심의 정갈한 한식 밥상을 찾습니다. 이다연 씨는 스트레스가 쌓이는 날에는 배달 앱으로 치킨 한 마리를 시켜 시원한 맥주와 함께 하루의 피로를 씻어냅니다.,이다연 씨는 부모님과 함께 단독주택에 살며 이웃들과 소소한 안부를 주고받는 제주의 끈끈한 공동체 문화에 익숙해져 있습니다. 이다연 씨는 집안의 대소사를 챙기는 부모님을 도우며 가족이라는 울타리가 주는 안정감 속에서 지냅니다.,이다연 씨는 제주시에서 식당 일을 하며 당뇨 관리와 평온한 일상 사이의 균형을 찾아가려 노력하는 33세 여성입니다.,"제주시의 오래된 골목길이 세련된 카페 거리로 변해가는 과정을 지켜보며 자랐으며, 외지인들의 활기보다 이웃들과 나누는 조용한 안부를 더 편안하게 여깁니다. 부모님과 함께 지내며 집안의 대소사를 챙기는 제주 특유의 공동체 문화에 익숙해져 있습니다.","보건복지 전공 지식을 바탕으로 식당을 찾는 어르신들의 건강 상태를 세심하게 살피며, 손님들이 편안함을 느끼는 최적의 서빙 동선과 응대 방식을 몸으로 익혔습니다.","['노인 및 취약계층 심리 상담 기초', '매장 효율적 동선 관리', '고객 맞춤형 건강 식단 안내', '위생 및 보건 관리 실무']","혼자 사려니숲길의 나무 사이를 천천히 걷거나, 집에서 잔잔한 인디 음악을 틀어놓고 밀린 잡지를 읽으며 마음을 가라앉힙니다. 당뇨 관리를 위해 요가 매트를 펴보지만, 가끔은 귀찮음에 음악만 듣다 잠드는 날이 더 많습니다.","['사려니숲길 단독 산책', '인디 음악 플레이리스트 수집', '요가와 필라테스', '지역 소식지 및 잡지 탐독', '제주 지역 축제 구경']","지금 다니는 가게에서 동료들과의 갈등 없이 원만한 관계를 유지하며, 큰 변동 없는 평온한 일상을 유지하는 것에 가장 큰 가치를 둡니다.",여자,33,미혼,비현역,부모와 동거,단독주택,4년제 대학교,보건·복지,음식 서비스 종사원,제주-제주시,제주,대한민국
faf3ffd2453c4969a8f48afcbe497347,"김성지 씨는 동대구역 인근 도매 시장의 흐름을 꿰뚫고 있으며, 손때 묻은 가죽 수첩에 거래처 사장님들의 까다로운 요구사항과 결제일을 꼼꼼히 기록해 관리하는 베테랑 영업원입니다. 상대의 기분을 세심하게 살피면서도 필요한 물량은 제시간에 정확히 맞추는 능숙한 조율 능력으로 업계에서 두터운 신뢰를 받고 있습니다.","김성지 씨는 주말마다 동구청 근처 배드민턴 클럽에서 셔틀콕을 주고받으며 땀을 흘리고, 가끔은 낙동강변의 한적한 낚시 포인트에서 찌가 움직이길 기다리며 복잡한 머릿속을 비워냅니다. 격렬한 운동 뒤에는 반드시 가벼운 산책으로 마무리하며 몸의 긴장을 푸는 루틴을 가지고 있습니다.","김성지 씨는 퇴근 후 거실 소파에 깊숙이 몸을 파묻고 텔레비전 채널을 돌리거나 유튜브의 짧은 영상들을 시청하며 하루의 피로를 씻어냅니다. 가끔은 조용한 방에서 읽고 싶었던 책을 펼쳐 들지만, 이내 밀려오는 졸음에 책장을 덮고 말곤 하는 소박한 문화생활을 즐깁니다.",김성지 씨는 화려한 관광지 순례 대신 마음 맞는 고향 친구들과 함께 공기 좋은 곳으로 떠나 아무것도 하지 않고 쉬다 오는 휴양 중심의 여행을 즐깁니다. 빡빡한 일정표 없이 그날그날 발길 닿는 대로 움직이며 함께 온 이들과 술잔을 기울이는 느긋한 시간을 선호합니다.,"김성지 씨는 일주일에 대여섯 번은 밖에서 식사를 해결하며, 평소에는 당뇨 관리를 위해 고기 없는 한식당의 보리밥과 나물 반찬을 주로 먹지만 가끔은 동성로의 단골 쌀국수 집에서 진한 국물 요리로 기분을 전환합니다. 배달 음식은 한 달에 한 번 있을까 말까 할 정도로 드물며, 직접 식당을 찾아가 주인장과 짧은 안부를 나누는 시간을 소중히 여깁니다.",김성지 씨는 대구 동구에서 나고 자라 지금까지 어머니를 모시고 함께 살며 집안의 든든한 버팀목이자 실질적인 가장 역할을 충실히 수행하고 있습니다. 어머니가 좋아하는 반찬을 기억해 챙기고 함께 아파트 단지를 산책하는 일상에서 가장 큰 정서적 안정감을 느낍니다.,"김성지 씨는 대구 동구의 자가 아파트에서 어머니와 함께 살며 도매 영업직으로 성실하게 삶을 일궈온, 안정과 신뢰를 중시하는 40대 가장입니다.","대구 동구에서 나고 자라 팔공산 자락의 고요함과 동대구역 주변의 북적임을 모두 경험하며 성장했습니다. 고등학교 졸업 후 곧바로 사회생활에 뛰어들어 어머니를 모시며 집안의 실질적인 가장 역할을 해왔으며, 화려한 변화보다는 늘 가던 단골집과 익숙한 이웃들이 주는 안온함을 소중히 여기는 전형적인 지역 밀착형 삶을 살아왔습니다.","도매 시장의 생리를 꿰뚫고 있어 거래처 사장님들이 원하는 물량을 정확한 시간에 맞춰 배송하도록 조율하는 물류 최적화 능력이 뛰어납니다. 낡은 수첩에 거래처별 특이 사항과 결제일을 꼼꼼하게 기록해 관리하며, 상대의 기분을 살피면서도 실속을 챙기는 능숙한 협상력을 갖추고 있습니다.","['거래처별 맞춤형 물량 수급 조율', '세밀한 미수금 및 결제 일정 관리', '도매 상품 시장 가격 동향 분석', '효율적인 대구 시내 배송 경로 설계']","주말이면 동구청 근처 배드민턴 클럽에서 땀을 흘리며 스트레스를 풀고, 가끔은 마음 맞는 친구들과 낙동강변으로 낚시를 떠나 멍하니 찌를 바라보며 시간을 보냅니다. 당뇨 관리 때문에 고기보다는 동네의 오래된 보리밥집이나 정갈한 나물 정식을 즐겨 찾으며, 가끔은 동성로의 정통 쌀국수 집에서 이국적인 분위기를 즐기기도 합니다.","['지역 배드민턴 동호회 정기 경기 참여', '낙동강 민물낚시 포인트 탐방', '건강식을 고려한 나물 및 보리밥 맛집 순례', '유튜브를 통한 최신 낚시 장비 리뷰 시청', '동성로 일대 베트남 및 태국 음식점 방문']","무리한 사업 확장이나 업종 변경보다는 현재의 단골 거래처들을 더욱 단단하게 유지하며 정년 없이 안정적인 수익 구조를 가져가는 것을 최우선으로 합니다. 지금 살고 있는 아파트의 대출금을 완전히 상환하고, 어머니와 함께 편안한 노후를 보낼 수 있는 자산 규모를 갖추는 실속 있는 미래를 준비하고 있습니다.",남자,42,미혼,비현역,어머니와 동거,아파트,고등학교,해당없음,그 외 일반 영업원,대구-동구,대구,대한민국
786c21432a38400ca9dff13dae915dc6,김용갑 씨는 제조 기업 관리직으로 퇴직한 후에도 집안의 모든 중요 서류와 가계부를 날짜별로 완벽하게 분류해 파일첩에 보관하는 습관을 유지하고 있습니다. 김용갑 씨는 손주들의 학교 가정통신문을 대신 정리해 주거나 집안의 행정 업무를 처리할 때 과거의 꼼꼼한 문서 작성 능력을 발휘합니다.,"김용갑 씨는 매일 아침 정해진 시간에 수지 생태공원의 산책로를 따라 천천히 걸으며 하루의 활력을 찾습니다. 김용갑 씨는 무릎에 무리가 가지 않는 완만한 경사의 길을 걷는 것을 좋아하며, 산책 도중 만나는 이웃들과 가벼운 인사를 나누는 사교적인 시간을 소중히 여깁니다.","김용갑 씨는 유튜브를 통해 나훈아의 노래들을 찾아 들으며 젊은 시절의 향수에 젖어드는 시간을 갖습니다. 김용갑 씨는 아침마다 종이 신문을 꼼꼼히 읽으며 세상 돌아가는 일을 확인하고, 마음에 드는 칼럼은 따로 오려 스크랩하는 정성스러운 버릇이 있습니다.","김용갑 씨는 배우자와 함께 경주 불국사나 부여 낙화암 같은 역사 유적지를 방문해 옛 성현들의 발자취를 따라 걷는 여행을 즐깁니다. 김용갑 씨는 여행지를 선택할 때 반드시 역사적 배경이 뚜렷한 곳을 고르며, 가족들에게 그 장소에 얽힌 이야기를 조곤조곤 들려주는 가이드 역할을 자처합니다.",김용갑 씨는 2주에 한 번 단골 식당을 찾아 구수한 청국장 찌개와 나물 반찬으로 소박하지만 든든한 한 끼 식사를 합니다. 김용갑 씨는 한 달에 한 번 정도 손주들이 놀러 오는 날이면 특별히 치킨을 배달시켜 함께 나누어 먹으며 시대의 변화를 입맛으로 느낍니다.,"김용갑 씨는 배우자와 오랜 세월 함께하며 다져온 신뢰를 바탕으로 조용한 일상을 공유하며, 자녀들과의 대화에서는 고집을 세우기보다 그들의 이야기를 먼저 듣고 공감하려 노력합니다. 김용갑 씨는 명절이나 주말에 가족들이 모이면 자신의 경험을 강요하지 않고 자연스럽게 지혜를 나누며 온화한 가문의 어른 역할을 수행합니다.","김용갑 씨는 용인 수지에서 규칙적인 일상과 가족에 대한 사랑을 바탕으로, 성실한 삶의 궤적을 유지하며 평온한 노후를 보내는 정갈한 성품의 어르신입니다.","전후 복구 시기의 격동기를 지나며 성실함과 질서를 최우선으로 배워온 세대로, 용인 수지의 조용한 아파트 단지에서 오랜 시간 이웃들과 신뢰를 쌓으며 정착해 왔습니다. 유교적인 예절과 체면을 중시하면서도, 변화하는 세상 속에서 자식 세대와 갈등 없이 소통하려 노력하는 유연함을 갖추고 있습니다.","과거 제조 기업의 관리직으로 근무하며 수십 년간 다져온 꼼꼼한 문서 작성 능력과 조직 관리 노하우를 가지고 있습니다. 복잡한 갈등 상황에서도 중심을 잡고 중재안을 제시하며, 가계부나 집안의 중요한 서류를 오차 없이 정리하는 습관이 몸에 배어 있습니다.","['기업 행정 및 조직 관리', '꼼꼼한 가계 및 자산 기록', '갈등 중재 및 협상', '전통 예절 및 격식 준수']","주말이면 아내와 함께 경주 불국사나 부여 낙화암 같은 역사 유적지를 천천히 둘러보며 옛이야기에 잠기는 시간을 보냅니다. 평소에는 수지 생태공원을 거닐거나 유튜브로 나훈아의 노래를 찾아 듣고, 2주에 한 번쯤은 단골 식당에서 구수한 청국장 찌개로 식사를 즐깁니다.","['국내 역사 유적지 답사', '트로트 및 고전 가요 감상', '종이 신문 정독', '지역 생태공원 산책', '가족과 함께하는 외식']",이제는 사회적 성공보다는 자신이 가진 경험과 지혜를 지역 사회나 손주들에게 자연스럽게 물려주는 삶을 지향합니다. 거창한 목표보다는 매일 정해진 시간에 산책을 하고 신문을 읽는 규칙적인 일상을 유지하며 평온한 노후를 완성하는 것에 집중합니다.,남자,78,배우자있음,비현역,배우자와 거주,아파트,고등학교,해당없음,무직,경기-용인시 수지구,경기,대한민국
e110b13b7ee24c21a7296f0f0efe27d9,"안채승 씨는 보은의 농산물 집하장에서 상자 사이의 간격을 밀리미터 단위로 맞추어 쌓아 올리는 정밀한 손끝 감각을 가진 하역 작업자입니다. 무거운 짐을 옮길 때도 허리에 무리가 가지 않게 무게 중심을 잡는 자신만의 요령이 몸에 배어 있으며, 언젠가 부모님과 함께 운영할 유통 창고의 관리자가 되기 위해 매일 정해진 물량을 묵묵히 처리하는 성실함을 보여줍니다.",안채승 씨는 주말이면 동네 친구들과 낡은 야외 코트에서 땀 흘리며 농구 경기를 뛰거나 헬스장에서 묵묵히 무게를 치며 근력을 유지합니다. 평소에는 부모님과 함께 집 근처 산책로를 느릿하게 걸으며 대화를 나누는 시간을 통해 정서적인 안정을 찾습니다.,"안채승 씨는 오래된 카메라를 들고 낯선 도시의 낡은 골목 풍경을 사진으로 남기는 정적인 취미를 가지고 있습니다. 가끔은 지역 박물관의 고요한 전시실을 천천히 둘러보거나, 집 거실 소파에 누워 아무런 생각 없이 천장을 바라보며 시간을 보내는 무위의 휴식을 즐깁니다.","안채승 씨는 지도 앱에 저장해 둔 전국의 오래된 돈가스 집이나 숨은 일식당을 찾아 혼자 무작정 떠나는 식도락 여행을 즐깁니다. 낯선 도시의 적막한 식당에서 누구의 방해도 받지 않고 조용히 식사를 마친 뒤, 그 거리의 생소한 공기를 마시며 걷는 시간에서 깊은 해방감을 느낍니다.","안채승 씨는 주 2~3회 정도 읍내 식당에서 나물 비빔밥이나 청국장 같은 담백한 한식을 먹으며, 가끔은 바삭한 튀김 덮밥이나 초밥 같은 일식 메뉴를 선택합니다. 배달 음식은 한 달에 한 번 정도만 시켜 먹을 뿐, 대부분은 직접 식당을 찾아가 주인장의 손맛이 밴 음식을 천천히 음미하는 편입니다.","안채승 씨는 부모님과 한집에 살며 주말마다 함께 산책을 나설 정도로 유대감이 깊고 다정한 아들입니다. 부모님의 성실한 삶의 궤적을 존경하며, 훗날 두 분과 함께 작은 유통 창고를 안정적으로 운영하며 서로 의지하는 삶을 살고 싶어 합니다.","안채승 씨는 충북 보은에서 성실하게 농산물 하역 일을 하며, 혼자만의 식도락 여행과 사우나로 쉼을 찾는 차분하고 책임감 강한 27세 청년입니다.",보은읍내의 익숙한 식당가에서 친구들을 만나거나 주말이면 부모님과 함께 집 근처 산책로를 걷는 평범한 일상을 보냅니다. 화려한 도시의 삶보다는 정해진 시간에 일어나 정해진 일을 하는 보은의 조용한 리듬에 깊이 적응해 있습니다.,"농산물 하역 작업 시 적재 효율을 높이기 위해 상자 사이의 간격을 정밀하게 맞추는 손끝 감각이 좋으며, 무거운 짐을 옮길 때 허리에 무리가 가지 않도록 무게 중심을 잡는 노하우가 몸에 배어 있습니다. 매일 정해진 물량을 밀리지 않고 처리하는 성실함으로 현장에서 믿음직한 일꾼으로 통합니다.","['농산물 적재 효율 최적화', '하역 장비 안전 운용', '물량 배분 및 적재 계획 수립', '중량물 운반 무게 중심 잡기']","혼자 떠나는 식도락 여행을 즐기며, 낯선 도시의 골목에 숨은 오래된 돈가스 집이나 일식당을 찾아가 조용히 식사를 마치는 시간에서 해방감을 느낍니다. 땀 흘린 뒤 지역 사우나의 뜨거운 탕에 몸을 담그고 멍하니 시간을 보내는 것이 일주일의 피로를 푸는 가장 확실한 방법입니다.","['보은 지역 사우나 투어', '전국 숨은 돈가스 맛집 탐방', '동네 헬스장 벤치프레스 기록 갱신', '주말 아마추어 배구 경기 참여', '스마트폰 카메라로 담는 시골 풍경 사진']","지금 하는 일에서 실수를 줄여 현장 관리자로 인정받고, 언젠가는 부모님과 함께 운영할 수 있는 작은 유통 창고를 안정적으로 관리하는 삶을 꿈꿉니다. 갑작스러운 변화보다는 현재의 숙련도를 높여 대체 불가능한 현장 전문가가 되는 것에 가치를 둡니다.",남자,27,미혼,비현역,부모와 동거,아파트,고등학교,해당없음,그 외 하역 및 적재 단순 종사원,충청북-보은군,충청북,대한민국
70cebf67faa044efbe7dab6a5c213e9f,"전재권 씨는 젊은 시절 동두천의 역동적인 변화 속에서 성실함 하나로 가정을 일궈온 가장이었으며, 현재는 모든 사회적 직함에서 벗어나 손주들의 웃음소리 속에서 삶의 보람을 찾는 은퇴 생활을 보내고 있습니다.","전재권 씨는 헬스장 같은 격식 있는 운동보다는 동네 친구들과 어울려 걷는 산책이나 뜨끈한 사우나에서 몸을 푸는 것을 즐기며, 매년 봄이면 소요산의 풍경을 눈에 담기 위해 기꺼이 발걸음을 옮깁니다.","전재권 씨는 정교한 예술 작품 감상보다는 거실 소파에 앉아 텔레비전 프로그램을 보며 세상 돌아가는 이야기를 나누는 것을 즐기고, 사람들과 어울려 주고받는 농담 섞인 대화 자체를 가장 큰 유흥으로 여깁니다.","전재권 씨는 빽빽한 일정표 대신 그날의 날씨와 기분에 따라 발길 닿는 대로 움직이는 여행을 선호하며, 오랜 친구들과 함께 전국 곳곳의 수려한 산세와 풍경을 찾아다니는 여유를 만끽합니다.","전재권 씨는 주말이면 손주들을 위해 달콤한 생크림 빵을 사 오고, 일주일에 두세 번은 동네 고깃집에서 지글지글 구운 돼지갈비에 쌈을 싸 먹으며 입맛을 돋우는 식생활을 즐깁니다.","전재권 씨는 북적이는 손주들의 재잘거림이 가득한 집안 분위기를 무엇보다 아끼며, 엄격한 가풍을 강요하기보다는 아이들이 언제든 품에 안길 수 있는 편안하고 인자한 할아버지가 되는 것에 가치를 둡니다.","전재권 씨는 동두천에서 성실하게 살아온 세월을 뒤로하고, 이제는 가족의 화목함과 친구들과의 사교 생활 속에서 소박한 건강 관리를 실천하며 살아가는 여유로운 70대 가장입니다.","동두천의 미군 부대 주변 분위기와 도시의 변화를 모두 겪으며 성장했고, 고등학교 졸업 후 치열하게 살아온 세대의 성실함이 몸에 배어 있습니다. 현재는 자가 아파트에서 손주들의 재잘거림 속에 북적이는 일상을 보내며 가족의 화목함을 가장 큰 가치로 여깁니다.","모임에서 서먹한 분위기를 깨는 능숙한 입담을 가졌으며, 상대방의 기분을 살피면서도 자신의 의견을 적절히 관철시키는 협상 능력이 좋습니다. 다만, 꼼꼼한 기록이나 정리정돈보다는 그때그때 상황에 맞춰 유연하게 처리하는 방식을 선호합니다.","['분위기를 주도하는 사교적 대화법', '현실적인 문제 해결 및 갈등 중재', '지역 사회 인맥 관리', '손주들과 소통하는 유연한 태도']","아침마다 동네 사우나에서 친구들과 한 주간의 소식을 나누며 하루를 시작하고, 주말이면 손주들이 좋아하는 생크림 빵을 사기 위해 단골 빵집을 들릅니다. 여행을 갈 때는 세부 일정표를 짜기보다 그날의 기분과 날씨에 따라 발길 닿는 대로 움직이는 것을 즐깁니다.","['동네 사우나 정기 방문 및 친목 도모', '소요산 산책로 걷기와 풍경 감상', '손주들을 위한 동네 빵집 쇼핑', '주 2~3회 단골 고깃집에서의 가족 외식']",이제는 사회적 성공보다는 손주들에게 존경받으면서도 편안한 할아버지가 되는 것에 만족합니다. 고혈압 전단계인 건강 상태를 잘 관리해 매년 봄 소요산의 풍경을 친구들과 함께 오랫동안 누리는 것이 소박한 목표입니다.,남자,72,배우자있음,비현역,손자녀와 거주,아파트,고등학교,해당없음,무직,경기-동두천시,경기,대한민국
a135982c56794cb98051235c8a888779,"박정훈 씨는 서천의 한 공공기관 건물 경비원으로 근무하며, 입주민들의 차량 번호와 얼굴을 단숨에 외워 반갑게 인사하는 능숙함을 보여줍니다. 민원인이 거칠게 항의할 때면 특유의 너스레와 가벼운 농담으로 분위기를 금세 누그러뜨리며 상황을 유연하게 해결합니다.","박정훈 씨는 거실 소파에 깊숙이 파묻혀 TV로 프로야구 중계를 보며 소리를 지르는 시간을 가장 좋아합니다. 스마트폰 게임 속에 접속해 캐릭터를 키우며 현실의 피로를 잊고, 가끔은 동네 친구들과 소소한 내기를 하며 승부욕을 불태웁니다.","박정훈 씨는 어린 시절부터 함께한 신성리 갈대밭의 계절 변화를 지켜보며 마음의 안정을 찾고, 자연이 주는 편안함을 즐깁니다. 복잡한 전시회나 공연보다는 동네 산책길에 핀 이름 모를 들꽃을 구경하거나 탁 트인 풍경을 바라보는 것에 더 큰 흥미를 느낍니다.","박정훈 씨는 주말이면 친구들과 함께 자신의 차를 몰고 보령의 찐빵 거리나 군산의 오래된 짬뽕집을 찾아다니며 입맛을 돋웁니다. 유명한 맛집의 긴 줄을 기다리는 수고로움조차 여행의 일부로 여기며, 현지의 진한 손맛이 느껴지는 음식들을 하나하나 섭렵하는 것에 즐거움을 느낍니다.",박정훈 씨는 2주에 한 번 가족들과 외식하는 날이면 반드시 두툼한 돼지갈비나 삼겹살을 구워 먹는 한식당을 고집합니다. 평소에는 배달 앱의 단골 목록에 저장된 빵집에서 소금빵과 생크림 케이크를 수시로 주문해 커피와 함께 즐기는 디저트 시간을 소중히 여깁니다.,"박정훈 씨는 서천의 연립주택에서 아내와 아이들을 위해 든든한 울타리가 되어주는 것을 인생의 가장 큰 가치로 생각합니다. 아이들이 잠든 밤, 거실에서 아내와 함께 내일의 소소한 일정을 이야기하며 가족이라는 울타리 안에서 느끼는 정서적 유대감에 깊이 의지합니다.","박정훈 씨는 서천에서 경비원으로 일하며 가족의 안정을 최우선으로 여기고, 맛있는 음식과 게임으로 소소한 행복을 찾는 푸근한 성격의 가장입니다.","서천군 신성리 갈대밭 근처의 조용한 마을에서 나고 자라 지역 주민들과 격식 없는 사이로 지내며, 특유의 넉살로 이웃의 대소사를 살뜰히 챙기는 삶에 익숙합니다.","건물 입구에서 마주치는 수많은 입주민의 얼굴과 차량 번호를 빠르게 기억하며, 민원인이 화가 났을 때 적절한 유머와 공감으로 분위기를 누그러뜨리는 능숙한 대처 능력을 갖췄습니다.","['입주민 성향 파악 및 민원 응대', '건물 내 시설물 단순 유지보수', '출입 차량 기록 및 보안 관리', '지역 기반 인적 네트워크 관리']","주말이면 친구들과 차를 몰고 보령이나 군산의 유명한 맛집을 찾아다니며, 퇴근 후에는 배달시킨 소금빵이나 조각 케이크를 곁들여 스마트폰 게임을 하며 하루의 피로를 풉니다.","['군산·보령 지역 맛집 탐방 드라이브', '모바일 전략 시뮬레이션 게임', 'TV 스포츠 중계 시청', '반려견 산책 및 관리']","큰 변화를 꾀하기보다 지금처럼 가족들과 오순도순 살 수 있는 안정적인 일자리를 유지하며, 아이들이 성인이 될 때까지 든든한 울타리가 되어주는 것에 만족합니다.",남자,39,배우자있음,비현역,배우자·자녀와 거주,연립주택,고등학교,해당없음,건물 경비원,충청남-서천군,충청남,대한민국
afffd696ab7b404186f5d31cb9633dfa,"유주현 씨는 의정부 인쇄소에서 엑셀 시트를 띄워놓고 하루 생산량과 자재 재고를 실시간으로 기록하며, 외주 업체 사장님들과 전화를 통해 마감 기한을 조율하는 실무형 사무원입니다. 복잡한 이론보다는 현장에서 바로 적용 가능한 작업 지시서 관리법을 빠르게 익혀 업무 효율을 높이는 데 집중합니다.","유주현 씨는 땀 흘리는 격렬한 운동보다는 식후에 동네 한 바퀴를 가볍게 도는 산책을 즐기며, 스마트폰 앱으로 그날의 걸음 수를 확인하며 소소한 성취감을 느낍니다. 몸에 무리가 가지 않는 선에서 천천히 움직이며 일상의 긴장을 푸는 정적인 활동에 만족합니다.",유주현 씨는 유튜브 쇼츠나 틱톡에서 유행하는 챌린지 영상과 짧은 밈을 챙겨보며 최신 트렌드를 빠르게 흡수하고 이를 친구들과의 대화 소재로 활용합니다. 정교한 예술 작품보다는 스마트폰 화면 속의 감각적인 영상미나 빠른 호흡의 디지털 콘텐츠를 소비하며 시각적 즐거움을 얻습니다.,"유주현 씨는 주말이면 배낭 하나만 메고 강릉이나 양양으로 홀로 떠나, 파도 소리를 들으며 멍하니 바다를 바라보는 완전한 휴식을 취합니다. 빽빽한 여행 일정표를 짜지 않고 발길 닿는 대로 걷다가 마음에 드는 카페에 들어가 낮잠을 자며 에너지를 재충전합니다.","유주현 씨는 일주일에 다섯 번 정도 퇴근 후 동료들과 의정부 중앙시장 근처 고깃집에서 삼겹살에 소주 한 잔을 곁들이며 하루의 스트레스를 씻어냅니다. 가끔은 프랜차이즈 피자나 수제 버거로 한 끼를 해결하며, 배달 음식보다는 직접 매장을 찾아가 갓 나온 음식을 먹는 것을 즐깁니다.","유주현 씨는 부모님과 함께 월세 오피스텔에 거주하며 퇴근 후 거실에서 나누는 소소한 잡담과 일상의 공유를 통해 정서적인 안정을 얻습니다. 부모님과 때로는 사소한 생활 습관으로 투덜거리기도 하지만, 기본적으로 가족의 조화를 중시하며 서로를 배려하는 부드러운 관계를 유지합니다.","유주현 씨는 의정부 인쇄소에서 근무하는 20세 사무원으로, 실용적인 삶의 태도와 Z세대 특유의 디지털 소통 방식을 가진 성실하고 유연한 청년입니다.","의정부역 인근의 북적이는 상업지구와 조용한 주택가 사이에서 성장했으며, 현재는 부모님과 함께 월세 오피스텔에 거주하며 실용적인 생활 방식을 유지합니다. 유튜브 쇼츠나 틱톡 같은 짧은 영상으로 최신 트렌드를 빠르게 흡수하고, 관심사가 맞는 사람들과는 카카오톡 오픈채팅방을 통해 느슨하게 연결되어 소통하는 전형적인 Z세대의 모습을 보입니다.","인쇄 공정의 마감 기한을 맞추기 위해 여러 외주 업체와 연락하며 일정을 조율하고, 엑셀을 이용해 일일 생산량과 자재 재고를 실시간으로 기록하여 관리합니다. 복잡한 이론보다는 현장에서 바로 적용할 수 있는 효율적인 문서 작성법과 작업 지시서 관리 능력을 갖추고 있습니다.","['엑셀 기반의 인쇄 생산 일정 관리', '용지 재질 및 인쇄 방식 선정', '외주 업체 커뮤니케이션 및 일정 조율', '비즈니스 문서 및 작업 지시서 작성']","퇴근 후 동료들과 의정부 중앙시장 근처 고깃집에서 소주 한 잔을 하며 스트레스를 풀거나, 주말에는 배낭 하나 메고 강릉이나 양양으로 떠나 바다를 보며 아무 생각 없이 쉬는 시간을 갖습니다. 건강검진에서 복부 비만과 혈압 주의 판정을 받은 이후로는 식후에 의정부천 산책로를 천천히 걷는 습관을 들이려 애쓰고 있습니다.","['의정부천 산책로 걷기', '강릉이나 양양으로 떠나는 나홀로 휴양 여행', '맘스터치나 버거킹 같은 패스트푸드 메뉴 탐방', '넷플릭스로 보는 범죄 다큐멘터리 시청']","현재 근무하는 인쇄소에서 실무 능력을 인정받아 관리직으로 성장하는 것을 목표로 하며, 매달 받는 월급을 효율적으로 쪼개어 소액이라도 꾸준히 적금을 붓는 안정적인 경제 기반을 다지려 합니다.",남자,20,미혼,비현역,부모와 동거,주택 이외의 거처,2~3년제 전문대학,해당없음,경영 기획 사무원,경기-의정부시,경기,대한민국
7fc7615733ba433ead91c6bafb48c9ce,"임훈 씨는 오산 공단의 정밀 전자부품 창고에서 단 몇 센티미터의 오차도 없이 지게차를 운전하며, 현장 후배들의 안전을 책임지는 물류 관리 팀장으로 승진하겠다는 뚜렷한 목표를 가지고 있습니다.",임훈 씨는 퇴근 후 소파에 깊숙이 파묻혀 유튜브로 손흥민이나 김민재 같은 선수들의 해외 축구 하이라이트 영상을 돌려보며 하루의 스트레스를 해소합니다.,임훈 씨는 복잡한 예술 작품보다는 스마트폰 영상 속의 화려한 색감이나 강원도 바닷가의 탁 트인 풍경을 바라보는 것에서 심리적인 만족감을 얻습니다.,임훈 씨는 매년 여름이면 아내와 아이들을 태우고 삼척 맹방해변이나 강릉 경포대 같은 조용한 바닷가를 찾아 끝없이 펼쳐진 수평선을 감상하며 휴식을 취합니다.,"임훈 씨는 일주일에 대여섯 번은 외식을 하며, 점심에는 구수한 청국장이나 콩비지찌개 같은 한식을, 가끔 기분을 낼 때는 정갈한 초밥이나 돈카츠 같은 일식 전문점을 찾습니다.","임훈 씨는 오산의 아파트에서 아내와 자녀들과 함께 살며, 평소에는 무뚝뚝해 보이지만 가족 여행지에서 아이들의 사진을 정성껏 찍어주는 다정한 아버지의 모습을 보입니다.",임훈 씨는 오산 공단에서 20년 가까이 지게차를 운전하며 성실함으로 가족의 안식처를 일궈낸 책임감 강한 40대 가장입니다.,"경기 오산의 공단 지역에서 성장하며 성실한 노동의 가치를 체득했고, 퇴근 후 동네 단골 식당에서 지인들과 어울리며 정을 나누는 전형적인 경기도 외곽의 생활 양식을 가지고 있습니다.",수만 가지의 정밀 전자부품이 쌓인 좁은 창고 사이를 단 몇 센티미터의 오차 없이 누비며 적재 효율을 극대화하는 숙련된 지게차 조작 능력을 보유하고 있습니다.,"['좁은 통로 정밀 지게차 운전', '전자부품 적재 경로 최적화', '물류 창고 안전 관리', '신입 운전원 실무 지도']","주말이면 가족들을 데리고 삼척이나 강릉의 한적한 바닷가를 찾아 풍경을 감상하며, 평소에는 유튜브로 해외 축구 하이라이트를 챙겨보거나 오산천 산책로를 걷습니다.","['유튜브 해외 축구 영상 시청', '오산천 가족 산책', '동네 친구들과의 일식집 모임', '모바일 전략 게임']","현장에서 쌓은 20년 가까운 노하우를 바탕으로 물류 관리 팀장으로 승진하여, 후배들이 안전하게 일할 수 있는 실무 중심의 작업 환경을 구축하고자 합니다.",남자,45,배우자있음,비현역,배우자·자녀와 거주,아파트,고등학교,해당없음,지게차 운전원,경기-오산시,경기,대한민국
7767f55f70d84e9cb4d60f3fc4e4020a,"박현도 씨는 80년대 초반 주방 보조로 시작해 칼 가는 법부터 몸으로 익힌 베테랑 일식 조리사로, 제철 광어와 도미의 결을 살려 최적의 두께로 썰어내는 손끝 감각 하나로 파주 지역 단골들의 입맛을 잡고 있습니다. 바쁜 점심시간에도 주방 동선을 군더더기 없이 활용해 튀김 요리를 빠르게 내놓으면서도, 마음 한구석에는 퇴근 후 조용히 술잔을 기울일 수 있는 소박한 심야 식당을 차리겠다는 소망을 품고 있습니다.","박현도 씨는 주말마다 파주 지역 배드민턴 클럽 회원들과 셔틀콕을 주고받으며 땀을 흘리고, 경기 후에는 이웃들과 시시콜콜한 농담을 나누며 일주일의 스트레스를 털어냅니다. 평일 퇴근길에는 임진강변 산책로의 흙길을 천천히 밟으며 복잡한 머릿속을 비워내고, 무리한 운동보다는 자신의 체력에 맞춘 꾸준한 움직임으로 몸의 균형을 잡습니다.","박현도 씨는 퇴근 후 침대에 누워 유튜브로 중년 남성을 위한 모공 관리법이나 집안 분위기를 바꾸는 조명 배치법을 찾아보며 자신을 가꾸는 정적인 시간을 즐깁니다. 화려한 전시회나 공연보다는 일상 속에서 발견하는 작은 미감에 더 끌리며, 최근에는 거실 구석에 작은 분재 하나를 들여놓고 가지를 치며 마음의 평온을 찾고 있습니다.","박현도 씨는 가끔 마음 맞는 오랜 친구들과 함께 강원도 인제나 평창의 깊은 산세를 찾아가 맑은 공기를 마시고 웅장한 자연풍경을 멍하니 바라보며 휴식을 취합니다. 유명 관광지의 북적임보다는 한적한 숲길이나 이름 없는 시골길을 천천히 걷는 여행을 즐기며, 여행지에서 만난 제철 식재료를 유심히 관찰하는 직업병을 보이기도 합니다.","박현도 씨는 직업 특성상 주 5일 이상 외식을 하지만, 정작 본인은 고기보다는 나물 비빔밥이나 청국장 같은 담백한 한식을 찾으며 자극적이지 않은 식단을 유지하려 애씁니다. 배달 음식의 인위적인 맛을 싫어해 일주일에 한 번 정도만 이용하며, 가끔 퇴근 후 들르는 동네 주점에서는 안주의 퀄리티보다 사람들과 나누는 편안한 분위기에 더 큰 가치를 둡니다.","박현도 씨는 파주 운정신도시 끝자락의 낡은 단독주택에서 연로하신 부모님을 지극히 모시는 효자이자, 가정을 꾸리지 않은 미혼의 삶을 살아가는 50대 가장입니다. 부모님의 투정 섞인 말씀에도 허허 웃으며 넘기는 유연한 성격을 가졌지만, 때로는 혼자만의 시간이 간절해 밤늦게 거실 불을 끄고 홀로 유튜브 영상을 보는 고독한 순간을 즐기기도 합니다.","박현도 씨는 파주에서 노부모를 모시며 살아가는 성실한 일식 조리사로, 현장의 기술력을 믿는 실용주의적 태도와 스스로를 가꾸는 섬세함을 동시에 지닌 외유내강형 인물입니다.","파주 운정신도시 외곽의 오래된 단독주택에서 노부모를 모시며 살고 있습니다. 80년대 초반, 무작정 일식집 주방 보조로 들어가 칼 가는 법부터 배운 세대로, 화려한 학위보다 현장에서 몸으로 익힌 경험과 실질적인 기술을 더 믿는 실용적인 사고방식을 가졌습니다.",제철 생선의 특성을 파악해 가장 적합한 두께로 썰어내는 회 뜨기 기술과 손님들이 부담 없이 즐길 수 있는 깔끔한 튀김 요리에 능숙합니다. 주방의 동선을 효율적으로 짜서 바쁜 시간대에도 당황하지 않고 빠르게 음식을 내놓는 현장 관리 노하우가 있습니다.,"['제철 생선 손질 및 회 뜨기', '일식 튀김 조리', '효율적인 주방 동선 설계', '식재료 원가 및 재고 관리']","주말이면 파주 임진강변 산책로를 따라 걸으며 머릿속을 비우고, 지역 배드민턴 클럽에서 땀을 흘리며 이웃들과 어울립니다. 퇴근 후에는 유튜브로 최신 유행하는 인테리어 소품이나 중년 남성을 위한 간단한 피부 관리법을 찾아보며 스스로를 가꾸는 시간을 가집니다.","['지역 배드민턴 동호회 활동', '임진강변 산책', '유튜브 피부 관리 영상 시청', '인테리어 소품 쇼핑']","지금처럼 단골손님들이 편하게 들를 수 있는 분위기를 유지하며, 건강을 해치지 않는 선에서 꾸준히 일하는 것을 최우선으로 합니다. 언젠가는 큰 욕심 없이 소박하게 운영하며 퇴근 후의 삶을 즐길 수 있는 작은 일식 심야 식당을 마련하고 싶어 합니다.",남자,57,미혼,비현역,기타2세대,단독주택,고등학교,해당없음,일식 조리사,경기-파주시,경기,대한민국
8be7c691a1fb400baef0be05931fa441,박정숙 씨는 서울 시내의 복잡한 지름길과 시간대별 정체 구간을 손바닥 보듯 꿰고 있는 베테랑 운전원입니다. 차량 엔진에서 들리는 미세한 잡음만으로도 정비소에 갈 때를 알아채는 예민한 감각으로 직장에서 두터운 신뢰를 받고 있습니다.,박정숙 씨는 격렬한 운동보다는 중랑천의 계절 변화를 느끼며 천천히 걷는 산책을 통해 몸과 마음의 긴장을 풉니다. 평소에는 낮잠을 자며 에너지를 충전하는 정적인 휴식을 가장 소중하게 생각합니다.,"박정숙 씨는 유튜브로 다양한 영상 콘텐츠를 시청하며 소소한 즐거움을 찾고, 역사 유적지의 고즈넉한 분위기에서 마음의 안정을 얻습니다. 화려한 예술 작품보다는 세월의 흔적이 묻어나는 오래된 건축물과 기록들에 더 깊은 관심을 보입니다.",박정숙 씨는 가족들과 함께 경주 불국사나 공주 공산성의 돌담길을 천천히 거닐며 옛이야기를 나누는 여행을 즐깁니다. 유명 관광지의 북적임보다는 역사적인 의미가 깃든 장소에서 가족과 함께 시간을 보내는 것에 만족합니다.,"박정숙 씨는 2주에 한 번 정도 가족들과 함께 정갈한 나물 반찬이 나오는 한식당이나 깔끔한 초밥집을 방문해 외식을 즐깁니다. 배달 음식은 거의 시키지 않으며, 집에서 직접 차린 소박한 밥상을 기본으로 삼습니다.","박정숙 씨는 자녀들의 독립을 최우선 목표로 삼고 묵묵히 경제적 뒷받침을 해주는 헌신적인 어머니이자 아내입니다. 집안 정리는 가끔 미루어 구석에 먼지가 쌓이기도 하지만, 가족들의 마음을 살피는 따뜻함으로 집안의 화목을 유지합니다.","박정숙 씨는 서울의 길을 훤히 꿰뚫는 숙련된 운전원이자, 가족을 위해 검소하고 성실하게 살아가는 중랑구의 다정한 이웃입니다.","중랑구 면목동의 오래된 골목 정취 속에서 성장했으며, 고등학교 졸업 후 빠르게 사회생활에 뛰어들어 가족의 생계를 실속 있게 챙겨온 세대입니다. 집안 구석구석의 정리는 가끔 미루는 버릇이 있지만, 이웃들과는 늘 둥글둥글하게 지내며 갈등을 피하는 원만한 성격입니다.","서울 시내의 복잡한 지름길과 시간대별 정체 구간을 훤히 꿰고 있으며, 차량의 작은 소음만으로도 이상 징후를 알아채는 숙련된 운전 감각을 가지고 있습니다.","['서울 시내 최적 운행 경로 파악', '차량 기본 소모품 및 상태 점검', '부드러운 가감속을 통한 승차감 조절', '상황별 유연한 운행 일정 조율']","가족과 함께 경주 불국사나 공주 공산성 같은 유적지를 천천히 걷는 여행을 즐기며, 평소에는 중랑천 산책로를 걷거나 유튜브에서 건강 상식 영상을 보며 낮잠을 자는 휴식을 즐깁니다.","['중랑천 산책로 걷기', '유튜브 건강 정보 및 트로트 영상 시청', '경주, 부여 등 역사 유적지 탐방', '가끔 외식으로 즐기는 일식 초밥']","현재 맡은 운전 업무를 성실히 수행하며 큰 굴곡 없이 직장 생활을 이어가고, 자녀들이 독립할 때까지 조금이라도 더 경제적인 보탬이 되는 것을 현실적인 목표로 삼고 있습니다.",여자,55,배우자있음,비현역,배우자·자녀와 거주,아파트,고등학교,해당없음,그 외 자동차 운전원,서울-중랑구,서울,대한민국
f24d3e3fb5074ded9b27dd528ec1b64f,"정태영 씨는 부산 남구에서 공학 전공자의 분석력을 발휘해 건축 도면의 미세한 오차나 구조적 결함을 예리하게 짚어내는 부동산 중개사로, 계약서의 토씨 하나까지 집요하게 검토하는 꼼꼼함 때문에 고객들 사이에서 믿음직하면서도 한편으로는 조금 까다롭다는 평을 듣습니다.","정태영 씨는 거창한 운동보다는 남구의 한적한 골목길을 천천히 산책하며 하루의 복잡한 생각을 정리하고, 일주일의 피로가 쌓인 주말이면 동네 사우나의 뜨거운 욕조에 몸을 담가 굳은 근육을 푸는 시간을 즐깁니다.","정태영 씨는 퇴근 후 거실 소파에 기대어 유튜브로 전국의 숨은 빵집 투어 영상을 보며 다음 방문지를 메모하고, 가끔은 지역 문화센터의 서예 교실에서 붓끝에 집중하며 어지러운 마음을 가라앉히는 정적인 취미를 가졌습니다.","정태영 씨는 마음이 답답할 때면 직접 차를 몰고 기장 해안도로나 가덕도의 탁 트인 바닷가를 찾아가 멍하니 파도 소리를 듣고, 명절이나 휴가철에는 가족들과 함께 전국의 유명한 숲길이나 문화유적지를 천천히 거니는 여행을 떠납니다.","정태영 씨는 집에서 요리하는 번거로움 대신 주 5일 가까이 밖에서 식사를 해결하며, 고기류보다는 나물 비빔밥이나 청국장 같은 담백한 한식을 즐기고 후식으로는 갓 구운 소금빵이나 천연 발효종 빵의 고소한 풍미를 찾는 것에 진심입니다.","정태영 씨는 이혼 후 홀로서기를 하며 혼자만의 고요한 공간을 가꾸는 데 익숙해졌지만, 가끔 밀려오는 외로움에 가족들에게 먼저 안부 전화를 걸어 세심하게 챙기며 정서적 유대감을 유지하려 애씁니다.","정태영 씨는 공학적 전문성을 갖춘 꼼꼼한 부동산 중개사로, 부산 남구의 자가 아파트에서 홀로 생활하며 자연 속 드라이브와 빵집 투어로 일상의 위안을 찾는 50대 여성입니다.","부산 남구의 오래된 골목과 현대적인 아파트 단지가 교차하는 풍경 속에서 성장했으며, 공학 전공자 특유의 분석적인 시각과 이혼 후 홀로 삶을 일궈낸 단단함이 공존합니다. 타인의 시선보다는 내 집이라는 공간이 주는 안정감과 소소한 일상의 질서를 유지하는 데 가치를 둡니다.","건축 도면을 정확하게 해석해 집의 구조적 결함을 빠르게 찾아내고, 이를 고객이 이해하기 쉽게 설명하는 능력이 탁월합니다. 계약서의 작은 문구 하나까지 꼼꼼하게 검토해 추후 발생할 수 있는 분쟁의 소지를 미리 차단하는 세밀함을 갖췄습니다.","['건축 도면 및 건물 구조 분석', '부동산 권리 관계 분석 및 계약 검토', '남구 지역 상권 및 매물 특성 파악', '고객 맞춤형 주거 환경 컨설팅']",주말이면 차를 몰고 기장이나 가덕도 쪽으로 나가 탁 트인 바다 풍경을 보며 복잡한 마음을 가라앉힙니다. 동네 구석구석 숨은 빵집을 찾아다니며 갓 구운 소금빵이나 천연 발효종 빵을 맛보는 시간을 가장 좋아하는 휴식으로 여깁니다.,"['부산 외곽 해안 도로 드라이브', '동네 유명 빵집 투어', '온천천 주변 산책', '사우나에서 반신욕하며 피로 풀기', '자연 풍경 다큐멘터리 시청']",무리한 사업 확장보다는 지역 사회에서 '정직하고 꼼꼼한 중개사'라는 평판을 유지하며 내실 있게 사무실을 운영하는 것을 목표로 합니다. 단골 고객들과의 깊은 신뢰 관계를 통해 직업적인 보람과 심리적 안정감을 얻고자 합니다.,여자,56,이혼,비현역,혼자 거주,아파트,4년제 대학교,공학·제조·건설,부동산 중개사,부산-남구,부산,대한민국
48df660b0c27408d84786ac384480e3b,"장지영 씨는 청주 지역 학교들의 컴퓨터실을 누비며 갑작스러운 전원 불능이나 네트워크 오류를 뚝딱 해결하는 베테랑 수리공입니다. 승진이라는 욕심 없이 매달 정해진 날짜에 꼬박꼬박 들어오는 월급의 안락함을 믿으며, 낡은 드라이버 하나로 복잡한 본체 내부를 능숙하게 다룹니다.","장지영 씨는 해 질 녘 무심천 변을 따라 천천히 걸으며 복잡한 머릿속을 정리하는 시간을 가집니다. 가벼운 산책을 즐기며, 발걸음에 맞춰 변하는 주변 풍경을 구경하는 것만으로도 하루의 긴장을 털어냅니다.",장지영 씨는 퇴근 후 거실 소파에 기대어 최신 드라마를 몰아보거나 유튜브에서 좋아하는 가수의 노래 영상을 찾아보며 휴식을 취합니다. 익숙한 멜로디와 영상 콘텐츠를 통해 정서적인 위안을 얻으며 하루를 마무리합니다.,장지영 씨는 가족들을 모두 태우고 충주 수안보 온천으로 향해 뜨끈한 물에 몸을 담그고 묵은 피로를 풀어냅니다. 가족 모두가 편안하게 쉴 수 있는 국내 온천 여행지에서 소박한 대화를 나누며 행복을 느낍니다.,"장지영 씨는 주 5회 이상 가족들과 함께 식당을 찾으며, 특히 나물 반찬이 정갈하게 나오는 한정식집이나 아이들이 좋아하는 바삭한 치킨집을 자주 방문합니다. 직접 차를 몰아 식당에서 갓 나온 음식을 먹는 것을 당연하게 생각하며, 배달 음식은 거의 시키지 않습니다.","장지영 씨는 청주 흥덕구의 아파트에서 사춘기에 접어든 자녀들과 연로하신 어머니를 동시에 챙기는 집안의 실질적인 중심축입니다. 고장 난 전등이나 헐거워진 문고리를 직접 고치며 가족들의 불편함을 해결해주지만, 가끔은 모든 책임이 자신에게 쏠려 있다는 생각에 남몰래 한숨을 내쉽니다.","장지영 씨는 청주의 교육 현장을 책임지는 숙련된 컴퓨터 수리원이자, 가족의 안정을 최우선으로 여기며 실용적인 삶을 꾸려가는 강인한 중년 여성입니다.","청주시 흥덕구의 아파트에서 연로하신 어머니와 사춘기 자녀들을 함께 돌보며, 집안의 크고 작은 고장 난 물건들을 직접 고치는 살림꾼 역할을 맡고 있습니다.","교육 현장의 컴퓨터 하드웨어를 관리하며, 갑작스러운 시스템 다운 상황에서도 당황하지 않고 빠르게 원인을 찾아내 복구하는 실무 능력이 탁월합니다.","['학교 PC 하드웨어 유지보수', '네트워크 망 구성 및 장애 복구', '교육용 소프트웨어 설치 및 최적화', '주변 기기 드라이버 설정']","날이 풀리면 무심천 변을 천천히 걷고, 가끔은 가족들을 모두 태우고 수안보 온천에 가서 뜨끈한 물에 몸을 담그며 일주일의 피로를 씻어냅니다.","['수안보 온천 가족 여행', '무심천 둑길 산책', '나물 정식과 청국장 맛집 방문', '반려견과 함께하는 거실 휴식']","무리하게 승진하거나 영역을 넓히기보다, 현재의 업무 숙련도를 유지하며 매달 정해진 날짜에 들어오는 월급으로 가족의 생활을 안정적으로 책임지는 것에 만족합니다.",여자,49,배우자있음,비현역,배우자·자녀·어머니와 거주,아파트,고등학교,해당없음,컴퓨터 설치 및 수리원,충청북-청주시 흥덕구,충청북,대한민국
46ff93904faf463f989ffc182e4131f2,"정동섭 씨는 삐걱거리는 문고리나 낡은 서랍장을 뚝딱 고치는 손재주가 좋아 동네 어르신들 사이에서 맥가이버로 불리며 소소한 집수리를 도맡아 합니다. 지역 복지관에서 일손을 돕는 일에 보람을 느끼며, 매일 정해진 시간에 산책하며 하루를 정돈하는 규칙적인 생활을 유지합니다.","정동섭 씨는 매일 아침 창원 의창구의 골목길을 천천히 걸으며 하루를 시작하고, 오후에는 동네 정자 그늘 아래서 낮잠을 청하며 기력을 보충합니다. 격렬한 운동 대신 몸에 무리가 가지 않는 선에서 움직이며, 산책 중 발견한 낡은 벤치를 보면 고쳐야겠다는 생각에 잠기곤 합니다.","정동섭 씨는 스마트폰 유튜브 앱을 켜고 임영웅이나 영탁의 화려한 무대 영상을 반복해서 보며 흥을 돋웁니다. TV 프로그램에서 나오는 옛 노래 가사를 흥얼거리며 과거의 추억에 잠기거나, 가사에 담긴 애환에 깊이 공감하며 눈시울을 붉히기도 합니다.",정동섭 씨는 주말이면 고향 친구들과 함께 창원 근교의 숨은 돼지국밥 맛집을 찾아다니며 진한 국물 맛을 평가하는 식도락 여행을 즐깁니다. 유명한 관광지보다는 현지인들이 즐겨 찾는 허름한 식당의 정겨운 분위기를 찾아다니며 친구들과 시시콜콜한 이야기를 나눕니다.,정동섭 씨는 2주에 한 번 정도 가족들과 함께 한우 구이집을 찾아가 육즙 가득한 고기를 구워 먹으며 소소한 행복을 느낍니다. 일주일에 한 번은 단골 치킨집에서 배달을 시켜 바삭한 닭다리를 뜯으며 일주일의 피로를 풉니다.,"정동섭 씨는 연로하신 부모님과 배우자를 한 집에서 모시며, 갈등이 생기면 자신의 의견을 굽히고 상대방의 기분을 먼저 살피는 배려 깊은 남편이자 아들입니다. 가족들이 모두 모여 식사하는 시간을 삶의 가장 큰 보람으로 여기며, 말없이 묵묵하게 집안의 고장 난 곳들을 수리해 둡니다.","정동섭 씨는 창원 의창구에서 가족을 위해 헌신하며 살아온, 손재주 좋은 고혈압 환자이자 트로트를 사랑하는 다정한 할아버지입니다.","창원 의창구의 오래된 주택가에서 나고 자라며, 산업화 시기의 성실함을 몸소 겪어낸 세대입니다. 배움의 기회는 적었지만, 이웃과 정을 나누고 가족의 생계를 책임지는 것을 삶의 가장 큰 가치로 여기며 살아왔습니다.",손재주가 좋아 삐걱거리는 문고리를 고치거나 낡은 서랍장을 수리하는 등 집안의 소소한 고장들을 꼼꼼하게 보수하는 데 능숙합니다. 오랜 시간 몸으로 익힌 실무적인 감각 덕분에 무엇이든 실용적으로 고쳐 쓰는 법을 잘 압니다.,"['낡은 가구 및 가정용품 수리', '텃밭 효율적으로 가꾸기', '경남 지역 지름길 및 숨은 맛집 탐색', '물건 꼼꼼하게 정리하고 쌓기']","유튜브로 최신 트로트 무대 영상을 찾아보거나, 주말이면 친구들과 함께 창원 근교의 유명한 돼지국밥집을 찾아다니는 소소한 식도락 여행을 즐깁니다. 가끔은 아무 생각 없이 낮잠을 자거나 동네 정자에서 이웃들과 시시콜콜한 이야기를 나누며 마음을 달랩니다.","['유튜브 트로트 영상 시청', '경남 인근 음식점 탐방', '동네 어르신들과의 담소', '지역 사회 봉사활동', '낮잠과 휴식']","거창한 성취보다는 매일 아침 정해진 시간에 일어나 동네를 산책하고, 가족들이 함께 모여 식사하는 평범한 일상을 건강하게 유지하는 것에 만족합니다. 가끔은 지역 복지관에서 소소한 일손을 돕으며 누군가에게 필요한 사람이 되는 보람을 찾습니다.",남자,73,배우자있음,비현역,배우자·편부모와 거주,단독주택,초등학교,해당없음,무직,경상남-창원시 의창구,경상남,대한민국
4339ab2497ff408f87eae8663e003d58,"배환영 씨는 화강암의 결을 읽어 정교하게 단면을 깎아내던 숙련된 손길을 가졌으며, 현재는 구청 시설관리직이나 지역 사회의 작은 보수 작업 공고를 매일같이 확인하며 다시 망치를 잡을 날을 기다리고 있습니다.","배환영 씨는 주말마다 신정산의 완만한 등산로를 천천히 오르며 땀을 흘리고, 하산 후에는 뭉친 근육을 풀기 위해 집 근처 목욕탕에서 뜨거운 물에 몸을 담그는 시간을 가장 아낍니다.","배환영 씨는 매일 아침 돋보기를 쓰고 종이 신문의 사설을 정독하며 세상 돌아가는 이치를 따지며, 오래된 성곽의 돌 쌓인 모양새를 보며 그 시절 석공들이 가졌을 고집과 기술력을 읽어냅니다.",배환영 씨는 친목회 회원들과 함께 경주 불국사나 부여 낙화암을 찾아가 고건축물의 견고한 맞물림을 손끝으로 직접 만져보며 역사 속의 건축미를 감상하는 여행을 즐깁니다.,"배환영 씨는 2주에 한 번 지인들과 모여 정갈한 초밥 정식을 나누며 소소한 담소를 나누고, 평소에는 고기보다는 나물이나 생선 조림 위주의 담백한 한식 차림으로 소박하게 식사합니다.","배환영 씨는 미혼으로 가족과 함께 거주하며 집안의 궂은일을 묵묵히 도맡아 처리하는 든든한 버팀목 역할을 하지만, 가끔은 간섭에서 벗어나 혼자만의 고요한 시간이 필요해 무작정 공원을 걷곤 합니다.","배환영 씨는 평생 돌을 다뤄온 정교한 기술과 성실함을 가진 60대 남성으로, 평범한 직업적 일상의 복귀를 꿈꾸며 신문 읽기와 산책으로 하루를 채우는 양천구 주민입니다.","양천구 목동의 오래된 아파트 단지 주변에서 생활하며, 매일 아침 종이 신문을 정독하고 돋보기를 챙기는 습관이 몸에 배어 있습니다. 젊은 시절 건설 현장에서 땀 흘리며 배운 성실함이 삶의 중심이지만, 가끔은 혼자 조용히 공원을 산책하며 생각에 잠기는 시간을 중요하게 여깁니다.","화강암과 대리석의 결을 읽고 수평을 맞추는 감각이 탁월하며, 망치와 정 하나로 돌의 단면을 정교하게 다듬는 숙련된 기술을 보유하고 있습니다. 도면의 치수를 실제 현장에 오차 없이 구현해내는 꼼꼼함과 더불어 현장 상황에 맞게 시공법을 유연하게 조정하는 능력이 뛰어납니다.","['화강암 및 대리석 정밀 가공', '석재 수평 잡기 및 부설', '현장 도면 해석 및 실측', '석재 전용 공구 유지 관리', '소규모 석공사 견적 산출']","친목 모임 회원들과 함께 경주 불국사나 부여 낙화암 같은 역사 유적지를 찾아다니며 옛 건축물의 견고함을 살피는 것을 즐깁니다. 주말에는 집 근처 신정산을 오르거나, 가끔 기분 전환을 위해 일식집에서 정갈한 초밥 정식을 즐기며 동네 지인들과 담소를 나눕니다.","['경주, 부여 등 역사 유적지 답사', '신정산 둘레길 산책 및 등산', '종이 신문 읽기와 시사 상식 수집', '지역 문화 축제 방문', '일식 초밥 및 정갈한 한식 외식']",그동안 쌓아온 석공 기술을 활용해 지역 사회의 작은 시설물 보수나 관리직으로 재취업하여 규칙적인 일상을 되찾고 싶어 합니다. 거창한 성공보다는 매달 정해진 날짜에 소소한 월급을 받으며 성실하게 마무리하는 삶을 지향합니다.,남자,61,미혼,비현역,기타2세대,아파트,고등학교,해당없음,"전직 석재 부설원, 현재 구직중",서울-양천구,서울,대한민국
ce6d125165e4493eafbb849204053873,"설재운 씨는 파이썬을 활용해 단순 반복 업무를 처리하는 자동화 스크립트를 능숙하게 짜며, 집안의 네트워크 망을 최적화해 끊김 없는 환경을 만드는 기술적 꼼꼼함을 갖췄습니다. 매일 아침 습관적으로 한국전력공사와 경북 지역 공공기관의 채용 공고를 확인하며, 정년이 보장되는 안정적인 실무직으로 자리 잡기 위해 치밀하게 준비하고 있습니다.","설재운 씨는 땀 흘리는 격렬한 운동보다는 방 안에서 좋아하는 음악을 감상하며 휴식을 취하는 것을 즐깁니다. 신체 활동량이 매우 적어 조금만 움직여도 쉽게 피로를 느끼며, 운동의 필요성을 인지하면서도 실제로는 침대에 누워 유튜브 영상을 보는 것으로 하루의 에너지를 소진합니다.","설재운 씨는 밤이 깊어지면 최신 IT 기기의 상세한 스펙과 사용감을 분석해 자신의 블로그에 꼼꼼하게 기록하는 정적인 창작 활동에 몰입합니다. 안동댐 인근의 고즈넉한 풍경 속에서 마음의 안정을 찾으며, 화려한 도심의 예술보다는 절제된 미학이 담긴 전통적인 공간의 분위기를 깊이 음미합니다.",설재운 씨는 친구나 연인과 함께 도산서원이나 하회마을 같은 역사 유적지를 천천히 거닐며 과거의 흔적을 살피는 여행을 즐깁니다. 북적이는 유명 관광지보다는 정막함이 흐르는 오래된 건축물 사이를 걸으며 심리적 위안을 얻는 정적인 여행 스타일을 고수합니다.,"설재운 씨는 일주일에 한 번 안동 구시장의 고깃집에서 지인들과 소주잔을 기울이며 두툼한 돼지갈비를 구워 먹는 시간을 가장 기다립니다. 배달 음식으로는 주로 피자나 햄버거 같은 고칼로리 메뉴를 선택하며, 식사 후에는 습관적으로 담배를 피우며 느긋하게 시간을 보냅니다.","설재운 씨는 유교적 가풍이 강하게 남아 있는 안동의 보수적인 분위기 속에서 성장하여, 어른들에 대한 예의를 중시하는 집안 분위기에 익숙합니다. 자가 아파트에서 가족과 함께 생활하며 겉으로는 순응하는 듯 보이지만, 내면으로는 자신만의 입장과 고집을 분명하게 지키며 독립적인 영역을 확보하려 합니다.","설재운 씨는 안동의 보수적인 환경에서 자란 IT 전공자로, 공기업 취업을 준비하며 정적인 일상과 기술적 취미 사이에서 균형을 찾는 20대 청년입니다.","안동댐 인근 아파트 단지에서 자라며 유교적 가풍이 남은 보수적인 동네 분위기에 익숙합니다. 도산서원이나 하회마을 같은 유적지들이 일상의 배경이었기에, 화려한 도심보다 고즈넉하고 정적인 풍경 속에서 심리적 안정감을 느낍니다.","전공을 살려 파이썬을 활용한 단순 반복 업무 자동화 스크립트를 짜거나, 가정 내 네트워크 망을 최적화해 끊김 없는 환경을 구축하는 데 능숙합니다.","['파이썬 기반 데이터 크롤링', 'TCP/IP 네트워크 설정 및 트러블슈팅', '리눅스 서버 기초 운영', 'IT 기기 하드웨어 조립 및 최적화']","낮에는 침대에 누워 유튜브를 보거나 멍하게 시간을 보내다, 밤이 되면 자신의 블로그에 최신 IT 기기 리뷰를 꼼꼼하게 기록합니다. 가끔 친구와 함께 안동 구시장의 고깃집에서 소주잔을 기울이며 소소한 내기 게임에 몰두하곤 합니다.","['IT 가젯 리뷰 블로그 운영', '뉴진스 노래 반복 재생하며 낮잠 자기', '안동 지역 역사 유적지 산책', '스포츠 경기 결과 예측 내기', '배달 앱으로 신메뉴 햄버거 찾아먹기']","매일 아침 한국전력공사나 경북 지역 공공기관의 채용 공고를 확인하며, 정년이 보장되는 안정적인 직장에서 실무자로 자리 잡는 것을 목표로 합니다.",남자,23,미혼,비현역,기타2세대,아파트,4년제 대학교,정보통신기술,무직,경상북-안동시,경상북,대한민국
f1b3e20f6ff245ddbca08995f2c8d245,문한수 씨는 열차 운행의 실시간 변수를 통제하는 관제실에서 무전기로 날카롭고 정확한 지시를 내립니다. 문한수 씨는 대학원에서 배운 사회학적 관점으로 직장 내 미묘한 권력 관계를 파악해 동료 간의 갈등을 유연하게 중재하는 능력이 탁월합니다.,문한수 씨는 격렬한 운동 대신 주말마다 가족들과 함께 운정호수공원을 천천히 산책하며 일주일간 쌓인 긴장감을 털어냅니다. 문한수 씨는 체계적인 운동 계획을 세우기보다 그날의 기분에 따라 가벼운 걷기를 선택하는 편입니다.,문한수 씨는 헤이리 예술마을의 한적한 카페에 앉아 창밖 풍경을 보며 생각에 잠기는 시간을 즐깁니다. 문한수 씨는 퇴근 후 플레이스테이션의 서사 중심 게임에 몰입하며 현실과는 다른 가상 세계의 이야기에 깊게 공감합니다.,문한수 씨는 친구들과 함께 안동의 찜닭 골목이나 전라도의 낙지볶음 맛집을 찾아다니는 식도락 여행을 떠납니다. 문한수 씨는 유명한 식당의 대기 줄이 길어도 그곳의 음식을 직접 맛보는 과정에서 살아있음을 느낍니다.,문한수 씨는 주 2~3회 배달 앱으로 매콤한 엽기떡볶이나 족발을 시켜 먹으며 하루의 피로를 풉니다. 문한수 씨는 외식을 할 때 정갈한 나물 반찬이 나오는 한식당이나 시끌벅적한 동네 주점을 주로 찾습니다.,문한수 씨는 파주 운정신도시 아파트에서 배우자와 아이를 키우며 평범한 가장의 역할을 수행합니다. 문한수 씨는 교대 근무로 인해 부족한 아이와의 시간을 보충하기 위해 승진을 통해 근무 환경을 개선하려는 강한 의지를 보입니다.,"문한수 씨는 파주에서 아이를 키우며 내 집 마련을 꿈꾸는, 현실적이고 사교적인 철도교통 관제사입니다.","파주 운정신도시의 아파트 단지에서 아이를 키우며, 대학원에서 배운 사회학적 시선으로 세상을 보지만 실제로는 철저히 실용적인 생활 방식을 추구합니다. 주말이면 헤이리 예술마을의 조용한 카페를 찾거나 운정호수공원을 산책하며 관제실에서의 긴장감을 덜어냅니다.","실시간으로 변하는 열차 운행 상황을 모니터링하며 돌발 상황에 빠르게 대처하고, 관제실의 긴박한 분위기 속에서도 침착하게 무전으로 정확한 지시를 내립니다. 전공 지식을 바탕으로 복잡한 조직 내 갈등을 유연하게 중재하는 소통 능력을 갖췄습니다.","['철도 운행 스케줄 최적화 및 모니터링', '비상 상황 긴급 대응 및 관제 지시', '무선 통신 기반의 현장 조율', '조직 내 갈등 중재 및 커뮤니케이션']",퇴근 후 집에서 배달시킨 매콤한 떡볶이나 족발을 먹으며 콘솔 게임의 스토리 모드를 플레이하며 스트레스를 풉니다. 가끔 친구들과 함께 전국의 유명한 찜닭이나 낙지볶음 집을 찾아다니는 식도락 여행을 통해 활력을 얻습니다.,"['콘솔 게임 스토리 플레이', '전국 유명 한식 맛집 탐방', '동네 사우나에서 반신욕 하기', '최신 팝송 리스트 감상']",현재 거주 중인 전세 아파트에서 벗어나 파주 시내에 안정적인 내 집 마련을 하는 것을 최우선 목표로 삼고 있습니다. 관제 분야의 숙련도를 높여 직급을 올림으로써 교대 근무의 유연성을 확보하고 가족과 함께 보내는 시간을 늘리고자 합니다.,남자,36,배우자있음,비현역,배우자·자녀와 거주,아파트,대학원,사회과학·언론,철도교통 관제사,경기-파주시,경기,대한민국
2887dda08cf843ea8ad8df89eb39d62b,"최은재 씨는 전주역 인근에서 열차 운행 시간표를 1분 1초 단위로 맞추며 꼼꼼하게 업무를 처리하는 철도 운송 종사자입니다. 철도 운송 관리사 자격증 취득을 위해 퇴근 후 졸음을 참으며 전공 서적을 펼치지만, 가끔은 매뉴얼의 딱딱함에 숨이 막혀 멍하니 창밖을 바라보는 버릇이 있습니다.",최은재 씨는 주말마다 완산구 배드민턴 클럽에서 셔틀콕을 강하게 때리며 일주일간 쌓인 직장 스트레스를 날려버립니다. 집에서는 편한 옷차림으로 소파에 누워 프로야구 중계를 보며 응원 팀의 실책에 함께 아쉬워하며 소리를 지르기도 합니다.,최은재 씨는 전주 한옥마을 근처의 고즈넉한 분위기와 현대적인 감각이 섞인 테마 카페를 찾아다니며 사진을 찍는 일을 좋아합니다. 자신만의 디저트 지도를 만들기 위해 메모장에 빵집의 맛과 인테리어 특징을 세밀하게 적어 내려가는 집요함이 있습니다.,최은재 씨는 연인과 함께 전라북도 곳곳의 숨은 맛집을 찾아 떠나는 식도락 여행을 최고의 휴식으로 생각합니다. 유명한 관광지보다는 현지인들만 아는 오래된 국숫집이나 떡집을 찾아내어 정성스럽게 포장해 오는 과정에서 큰 만족감을 느낍니다.,"최은재 씨는 자극적인 고기 요리보다는 정갈한 나물 반찬과 찌개가 나오는 한식당에서 마음의 편안함을 느낍니다. 특히 갓 구운 바게트나 페이스트리의 바삭한 식감에 매료되어, 전주 시내의 유명 베이커리 순례를 정기적으로 수행합니다.","최은재 씨는 배우자와 함께 아파트 전세로 살며 서로의 영역을 존중하는 담백한 결혼 생활을 이어가고 있습니다. 가끔은 부모님 댁을 방문해 잔소리를 듣기도 하지만, 그 투박한 관심이 싫지 않아 슬그머니 손을 잡는 애교 섞인 면모가 있습니다.","최은재 씨는 전주에서 철도 운송 실무자로 일하며 꼼꼼한 성격과 디저트 취향, 건강 관리에 대한 고민을 동시에 가진 20대 후반의 여성입니다.","완산구의 한옥마을 인근 정취와 현대적인 카페거리가 공존하는 환경에서 자라, 전통 시장의 투박한 정과 세련된 도시 생활의 편리함을 동시에 누리는 일상에 익숙합니다.","철도 운송 현장에서 열차 운행 스케줄을 오차 없이 관리하고, 돌발 상황에서도 매뉴얼에 따라 신속하게 대처하는 실무 능력을 갖췄습니다.","['열차 운행 시간표 최적화 및 관리', '철도 안전 수칙 준수 및 현장 점검', '이용객 민원 응대 및 서비스 관리', '운송 효율성 분석 및 보고서 작성']","주말이면 동네 배드민턴 클럽에서 땀을 흘리거나, 전주 외곽의 숨겨진 빵집을 찾아다니며 자신만의 디저트 지도를 만드는 소소한 성취감을 즐깁니다.","['지역 베이커리 카페 탐방 및 빵지순례', '배드민턴 동호회 정기 모임', 'TV로 관람하는 프로야구 경기', '테마 카페에서 즐기는 기록하기', '친구들과 함께하는 전북 인근 음식 관광']","현장에서 쌓은 실무 경험을 바탕으로 철도 운송 관리사 자격증을 취득하여, 운영 시스템의 효율을 높이는 전문 관리자로 성장하고 싶어 합니다.",여자,28,배우자있음,비현역,비친족 동거,아파트,2~3년제 전문대학,해당없음,철도운송 관련 종사원,전북-전주시 완산구,전북,대한민국
67f180abc1264eebb0f3f461775261b2,"김경아 씨는 공공기관 주방에서 수백 인분의 나물을 무치고 국물 간을 맞추는 데 도가 텄으며, 일처리가 야무져 동료들의 신뢰를 받지만 정작 본인의 반찬 가게 창업은 서류 준비가 귀찮아 몇 년째 생각만 하고 있습니다.","김경아 씨는 퇴근 후 반려견의 목줄을 쥐고 마산해양신도시 산책로를 천천히 걸으며 하루의 잡념을 털어내고, 때로는 동네 시장 상인들과 수다를 떨며 걷는 일상의 움직임을 즐깁니다.","김경아 씨는 스마트폰으로 임영웅 같은 트로트 가수의 공연 영상을 챙겨보고, 가끔은 80년대 유행했던 조용필의 노래를 나지막이 흥얼거리며 옛 추억에 잠기곤 합니다.",김경아 씨는 명절이나 휴가 때 가족들과 함께 전국의 이름난 숲길이나 바다가 보이는 풍경 좋은 곳을 찾아가 맑은 공기를 마시는 정적인 여행을 다닙니다.,"김경아 씨는 직업적으로는 대량의 식재료를 빠르게 손질하는 전문가지만, 집에서는 배달 앱으로 정갈한 초밥을 시켜 먹거나 고기 없는 담백한 한정식을 찾아다니며 혼자만의 식사 시간을 보냅니다.","김경아 씨는 미혼으로 홀로 아파트에 거주하며 반려견을 자식처럼 아끼고, 가끔 가족들을 방문해 정을 나누며 외로움을 달래는 독립적이면서도 가족애가 깊은 삶을 삽니다.","김경아 씨는 마산의 털털한 정서를 가진 주방 보조원으로, 안정적인 직장 생활과 소소한 개인적 취향 사이에서 균형을 잡으며 살아가는 현실적인 중년 여성입니다.","마산합포구의 오래된 아파트 단지에서 홀로 생활하며, 동네 시장 상인들과 격 없이 어울리는 마산 특유의 털털한 정서가 몸에 배어 있습니다. 고등학교 졸업 후 곧바로 현장에 뛰어들어 삶의 풍파를 겪으며 다져진 실용적인 사고방식을 가지고 있으며, 가끔은 80년대 유행했던 가요를 흥얼거리며 그 시절의 기억을 떠올리곤 합니다.",공공기관 주방에서 수백 명분의 식재료를 빠르게 손질하고 배식 동선을 효율적으로 짜는 능력이 탁월합니다. 특히 나물 종류를 대량으로 무치거나 국물 맛을 일정하게 유지하는 감각이 좋아 동료들 사이에서 일 처리가 야무지다는 평가를 받습니다.,"['대량 식재료의 효율적 전처리', '배식 시간 단축을 위한 주방 동선 최적화', '위생 규정에 맞춘 주방 기구 관리', '대규모 한식 조리 및 간 맞추기']","퇴근 후 반려견과 함께 마산해양신도시 산책로를 천천히 걷거나, 주말이면 단골 사우나에서 뜨거운 탕에 몸을 담그며 일주일의 긴장을 풀어냅니다. 가끔은 스마트폰으로 최신 트로트 가수의 공연 영상을 찾아보고, 일주일에 두세 번은 배달 앱으로 정갈한 초밥 세트를 주문해 혼자만의 만찬을 즐깁니다.","['마산해양신도시 반려견 산책', '동네 사우나에서 반신욕 하기', '유튜브 트로트 영상 시청', '일식 배달 맛집 탐방', '오래된 친구들과의 정기적인 모임']","큰 욕심 없이 지금의 직장에서 건강하게 정년을 맞이하며 매달 꼬박꼬박 월급이 들어오는 안정적인 삶을 유지하는 것에 만족합니다. 마음 한구석에는 작은 반찬 가게를 운영해보고 싶다는 생각을 품고 있지만, 준비 과정의 번거로움 때문에 실행으로 옮기지 못한 채 생각만 반복하고 있습니다.",여자,55,미혼,비현역,혼자 거주,아파트,고등학교,해당없음,주방 보조원,경상남-창원시 마산합포구,경상남,대한민국
48ff141bfb93466cbcba3f44a6db69fb,김문홍 씨는 수십 년간 지역 농협에서 장부를 관리하며 십 원 단위까지 정확히 맞추던 꼼꼼한 습관이 몸에 배어 있습니다. 복잡한 규정이나 서류보다는 현장에서 바로 통하는 실용적인 해결책을 제시하며 동료들의 신뢰를 얻었습니다.,"김문홍 씨는 매일 아침 공지천 산책로의 흙내음을 맡으며 천천히 발걸음을 옮깁니다. 주말이면 주민센터에서 배드민턴 라켓을 휘두르며 땀을 흘리고, 가끔은 젊은 시절의 기운을 되살려 줄넘기를 하며 자신의 체력을 확인합니다.","김문홍 씨는 거실 소파에 깊숙이 기대앉아 TV 속 옛날 가요 프로그램을 시청하며 젊은 날의 추억에 잠기는 시간을 즐깁니다. 춘천의 고즈넉한 풍경을 바라보며 혼자만의 정적을 누리는 것을 좋아하지만, 마음 한구석에는 늘 적적함이 자리 잡고 있습니다.",김문홍 씨는 명절이나 기념일에 자녀들이 제안하는 스포츠 체험 여행을 따라나서며 오랜만에 활력을 얻습니다. 손주들의 손을 잡고 낯선 곳의 숲길을 걷거나 가벼운 레포츠 활동을 함께하며 가족 간의 유대감을 확인합니다.,"김문홍 씨는 일주일에 한 번, 단골 중식당에서 얼큰한 짬뽕 한 그릇을 비우며 동네 지인들과 세상 돌아가는 이야기를 나눕니다. 가끔은 가족들과 함께 질 좋은 한우 구이집을 찾아가 고소한 고기 냄새 속에 웃음꽃을 피웁니다.","김문홍 씨는 사별 후 홀로 아파트를 지키며 적적함을 느끼지만, 자식들에게 짐이 되지 않겠다는 강한 독립심으로 하루를 꾸려갑니다. 가끔 손주들이 전화를 걸어오면 목소리만으로도 얼굴이 환해지며 세상 모든 시름을 잊습니다.","김문홍 씨는 춘천에서 농협 회계 업무로 정직하게 살아온 후, 현재는 건강 관리와 소소한 사교 활동을 통해 독립적인 노년을 보내고 있는 87세 어르신입니다.","춘천의 고즈넉한 분위기 속에서 청년기를 보내며 전후 복구 시기의 치열함과 성장을 동시에 겪었습니다. 평생을 강원도에서 보내며 지역 공동체에 대한 유대감이 깊고, 소유한 아파트 한 채를 성실하게 가꾸며 살아온 세대의 안정감을 가지고 있습니다.",수십 년간 지역 농협에서 회계와 행정 업무를 담당하며 꼼꼼한 장부 정리와 실무 처리 능력을 익혔습니다. 복잡한 서류 작업보다 현장에서 바로 해결 가능한 실용적인 방안을 찾아내는 데 능숙합니다.,"['수기 장부 정리 및 가계 회계', '지역 사회 갈등 중재', '실무 중심의 행정 처리', '효율적인 물자 관리']","매일 아침 공지천 산책로를 따라 걸으며 계절의 변화를 살피고, 주말에는 주민센터에서 배드민턴 채를 잡으며 땀을 흘립니다. 일주일에 한 번은 단골 중식당에서 짬뽕 한 그릇을 비우며 동네 지인들과 소소한 이야기를 나눕니다.","['공지천 주변 아침 산책', '주민센터 배드민턴 동호회 활동', '의암호 민물낚시', '동네 중식당 맛집 탐방']","공복 혈당 수치를 낮추어 건강한 신체를 유지하고, 자녀나 손주들에게 의지하지 않고 스스로 일상을 꾸려나가는 독립적인 노년을 보내고자 합니다.",남자,87,사별,비현역,혼자 거주,아파트,고등학교,해당없음,무직,강원-춘천시,강원,대한민국
07c8a3f92d27432ba424d8f5a0f7676e,"염현주 씨는 80년대 대학 시절 낡은 컴퓨터실에서 밤을 지새우며 익힌 전산 기초를 바탕으로, 현재는 복잡한 금융 약관을 누구나 이해하기 쉬운 디지털 화면으로 설계하는 베테랑 개발자로 일하고 있습니다. 후배들이 실무에서 겪을 시행착오를 줄여주기 위해 꼼꼼하게 업무 매뉴얼을 작성하는 습관이 있으며, 은퇴 전까지 연금 상품의 디지털 전환 프로젝트를 안정적으로 매듭짓는 것에 강한 책임감을 느끼고 있습니다.","염현주 씨는 주말마다 편한 운동화를 신고 노량진 수산시장을 지나 한강 시민공원의 탁 트인 풍경을 따라 한두 시간씩 천천히 걷는 시간을 갖습니다. 격렬한 운동보다는 자연의 변화를 느끼며 호흡을 가다듬는 산책을 즐기며, 이를 통해 업무로 쌓인 정신적 피로를 덜어내고 마음의 여유를 찾습니다.","염현주 씨는 조용한 거실 소파에 기대어 스마트폰으로 최신 영상 콘텐츠를 시청하거나 인터넷 커뮤니티의 소소한 일상 글들을 읽으며 혼자만의 시간을 보냅니다. 화려한 예술 작품보다는 일상 속에서 발견하는 소박한 풍경을 사진으로 남기는 것을 좋아하며, 가끔은 옛 추억이 담긴 노래를 찾아 들으며 생각에 잠기기도 합니다.",염현주 씨는 마음 맞는 친구들과 함께 전국의 이름 없는 숲길이나 고즈넉한 산사를 찾아다니며 자연의 정취를 감상하는 여행을 떠납니다. 빡빡한 일정표를 짜기보다 발길 닿는 대로 걷다가 마음에 드는 풍경 앞에서 한참을 머무는 느긋한 여행 방식을 고수합니다.,"염현주 씨는 2주에 한 번쯤 동네 단골 중식당을 찾아 얼큰한 짬뽕 국물로 입맛을 돋우거나, 정갈하게 차려진 나물 중심의 한식당에서 식사하는 시간을 기다립니다. 배달 음식은 한 달에 한 번 정도만 이용할 정도로 집밥의 가치를 중요하게 생각하지만, 가끔은 자극적인 외식 메뉴로 기분을 전환하곤 합니다.","염현주 씨는 동작구의 오래된 다세대 주택에서 배우자, 자녀들과 함께 북적이며 살아가며, 가족 구성원들 사이에서 중심을 잡는 현실적인 조언자 역할을 합니다. 가끔은 가족들의 무신경함에 서운함을 느끼기도 하지만, 함께 식탁에 둘러앉아 소소한 일상을 나누는 시간에서 가장 큰 정서적 안정감을 얻습니다.","염현주 씨는 80년대 전산 기초를 닦은 베테랑 금융 상품 개발자로, 동작구의 자가 주택에서 가족과 함께하며 산책과 사우나로 일상의 균형을 잡는 실용적인 60대 여성입니다.","80년대 대학 시절 컴퓨터실에서 밤을 지새우며 초기 전산 체계를 익혔고, 동작구의 가파른 골목길이 내려다보이는 오래된 다세대 주택에서 가족들과 함께 일상을 꾸려왔습니다.","복잡한 금융 약관을 디지털 인터페이스로 구현하는 설계 능력이 뛰어나며, 사용자가 가입 단계에서 겪는 실제 불편함을 찾아내어 상품 구조를 단순하게 개선하는 실무에 능숙합니다.","['금융 상품 알고리즘 설계', '핀테크 서비스 사용자 경험 최적화', '리스크 관리 데이터 분석', '디지털 금융 약관 고도화']","주말이면 친구들과 노량진 수산시장을 지나 한강 시민공원을 천천히 걷고, 가끔은 동네 단골 중식당에서 짬뽕 국물을 마시거나 사우나에서 땀을 빼며 시간을 보냅니다.","['한강 시민공원 산책', '동네 단골 중식당 방문', '나물 비빔밥 맛집 탐방', '동네 사우나 이용', '자연 풍경 사진 촬영']","후배 개발자들이 실무에서 겪는 시행착오를 줄여줄 수 있는 체계적인 업무 매뉴얼을 완성하고, 은퇴 전까지 연금 상품의 디지털 전환 프로젝트를 안정적으로 마무리하고 싶어 합니다.",여자,61,배우자있음,비현역,배우자·자녀와 거주,다세대주택,4년제 대학교,정보통신기술,금융 상품 개발자,서울-동작구,서울,대한민국
837cd1574ee943dda9e86f2c1c380ff8,"정대성 씨는 궤도를 한 치의 오차 없이 달리는 열차 기관사로, 현장에서 통신 장애가 발생하면 대학 전공을 살려 뚝딱 고쳐내는 실무 감각이 뛰어납니다. 퇴직 전까지 무사고 기록을 유지하겠다는 강박에 가까운 성실함을 보이지만, 정작 책상 위 서류 정리 같은 자잘한 관리 업무에는 젬병입니다.","정대성 씨는 해운대 동백섬 산책로를 느릿하게 걸으며 복잡한 머릿속을 정리하고, 흙길을 밟는 감촉에서 심리적 안정을 찾습니다. 격한 운동보다는 무리하지 않는 선에서 천천히 걷는 것을 즐기며, 가끔은 보폭을 맞추어 걷는 동료들과의 수다에 더 집중합니다.",정대성 씨는 최신 유행하는 문화 콘텐츠보다는 종이 신문의 바스락거리는 질감과 묵직한 사설을 읽으며 세상을 파악하는 것을 좋아합니다. 화려한 전시회보다는 동네 도서관의 낡은 잡지 코너에서 시간을 보내며 실생활에 도움 되는 정보를 수집합니다.,정대성 씨는 중학교 동창 모임 회원들과 함께 강원도나 전라도의 이름 모를 산천을 찾아다니며 탁 트인 자연 풍경을 감상하는 여행을 즐깁니다. 계획을 꼼꼼히 짜기보다는 그날그날 기분에 맞춰 발길 닿는 대로 움직이는 유연한 여행 방식을 고수합니다.,정대성 씨는 일주일의 절반 이상을 동네 단골 돼지갈비집이나 깔끔한 초밥집에서 보내며 사람들과 어울려 식사하는 시간을 소중히 여깁니다. 가끔은 아내 몰래 치킨 한 마리를 배달시켜 시원한 맥주 한 캔과 함께 즐기는 소소한 일탈을 부리기도 합니다.,"정대성 씨는 해운대 아파트에서 아내와 자녀들과 함께 살며 겉으로는 허허실실 웃는 아버지지만, 속으로는 자식들의 미래와 노후 자금 걱정에 밤잠을 설치곤 합니다. 무뚝뚝한 부산 남자 특유의 표현 방식 때문에 가족들에게 마음을 다 전하지 못해 가끔 서운한 소리를 듣습니다.","정대성 씨는 정밀한 열차 운행 능력과 ICT 지식을 갖춘 베테랑 기관사로, 해운대에서 가족의 생계와 노후 준비라는 현실적인 고민을 안고 살아가는 정 많은 부산 중년입니다.","대학 시절 정보통신기술을 배우며 한국의 디지털 전환기를 온몸으로 겪었고, 해운대 바닷바람과 정겨운 부산 사투리가 섞인 환경에서 중년의 삶을 일궈왔습니다. 겉으로는 너그러운 부산 아저씨 같지만, 속으로는 퇴직 후의 삶과 가족의 생계를 두고 끊임없이 계산기를 두드리는 세대적 불안을 안고 삽니다.",수십 년간 정해진 궤도를 달리는 열차의 운전대를 잡으며 1초의 오차도 허용하지 않는 정밀한 운행 제어 능력을 갖췄습니다. 전공을 살려 열차 내 통신 설비의 간단한 오류를 현장에서 즉시 파악해 조치하는 실무적인 감각이 뛰어납니다.,"['열차 운전 및 신호 체계 제어', '철도 차량 통신 시스템 유지보수', '비상 상황 승객 대피 유도', '운행 스케줄 최적화 및 관리']","해운대 동백섬 산책로를 천천히 걸으며 복잡한 마음을 가라앉히고, 주말이면 단골 찜질방에서 뜨거운 물에 몸을 담그며 일주일의 긴장을 풉니다. 동네 고깃집에서 중학교 동창들과 소주잔을 기울이며 세상 돌아가는 이야기를 나누는 시간에서 살아있음을 느낍니다.","['동백섬 해안 산책로 걷기', '동네 단골 사우나에서 반신욕', '조선일보 종이 신문 정독', '중학교 동창 모임 참석', '해운대 인근 일식집 투어']","남은 정년까지 단 한 건의 사고 없이 무사히 운행을 마치고, 동료들에게 깔끔하게 일 잘했던 사람으로 기억되며 퇴직하는 것이 가장 큰 목표입니다. 이후에는 보유한 자격증을 활용해 소규모 시설의 안전 관리자로 일하며 소소한 수입을 유지하고 싶어 합니다.",남자,59,배우자있음,비현역,배우자·자녀와 거주,아파트,4년제 대학교,정보통신기술,그 외 철도 및 전동차 기관사,부산-해운대구,부산,대한민국
e4bffa82cb0c4988bfcfb6c557f057d6,이미숙 씨는 정릉동 시장 상인들과 능숙하게 밀당하며 최상급 식재료를 싼값에 가져오는 동네 최고의 협상가입니다. 가계부의 십 원 단위까지 맞추는 치밀함으로 집안의 살림을 전담하며 실무적인 운영 능력을 발휘합니다.,이미숙 씨는 해 질 녘 성북천 변을 따라 천천히 걸으며 동네 이웃들과 가벼운 안부를 주고받는 것으로 하루의 운동량을 채웁니다. 몸에 무리가 가지 않는 완만한 산책길을 걸으며 정서적인 안정을 찾습니다.,"이미숙 씨는 동네 코인 노래방의 좁은 방 안에서 임영웅의 노래를 열창하며 가슴 속 답답함을 털어냅니다. TV 속 세계 여행 프로그램을 시청하며 가보지 못한 곳에 대한 동경을 품고, 문화센터에서 배운 소소한 공예 기술로 지인들에게 선물할 소품을 만듭니다.",이미숙 씨는 친한 고향 친구들과 함께 제주도나 강원도 양양의 조용한 펜션으로 떠나 아무것도 하지 않고 쉬는 휴양 여행을 즐깁니다. 빽빽한 일정표 없이 창밖 풍경을 보며 커피 한 잔을 마시는 여유로운 시간을 소중하게 여깁니다.,이미숙 씨는 주말이면 가족들을 위해 성북구 근처의 유명한 돼지갈비 집을 예약해 푸짐한 외식을 주도합니다. 가끔 입맛이 없을 때는 집 앞 김밥집에서 매콤한 떡볶이와 참치김밥을 포장해 와서 간편하게 한 끼를 해결합니다.,이미숙 씨는 자녀들이 모두 성장해 독립할 때까지 집안의 구심점 역할을 하며 배우자와의 갈등을 유연하게 조율합니다. 자녀들의 앞날을 걱정하면서도 정작 본인은 남편과 함께 보낼 조용한 노후의 삶을 구체적으로 계획하며 설레어 합니다.,"이미숙 씨는 성북구 정릉동에서 알뜰한 살림 솜씨와 단호한 성격으로 가정을 이끌어온, 정적인 휴식과 소박한 즐거움을 아는 50대 주부입니다.","성북구 정릉동 일대의 고즈넉한 분위기 속에서 오래 거주하며, 동네 작은 시장의 물가 변화나 골목길의 세세한 변화를 꿰뚫고 있습니다. 고등학교 졸업 후 빠르게 가정을 꾸리고 자녀를 키워내며, 화려함보다는 내실 있는 살림살이를 중시하는 실용적인 생활 태도가 몸에 배어 있습니다.","가계부를 꼼꼼하게 기록해 불필요한 지출을 줄이면서도, 가족들이 좋아하는 고기 반찬은 절대 포기하지 않는 효율적인 예산 집행 능력이 탁월합니다. 동네 반찬 가게 사장님과 적당한 거리를 유지하면서도 원하는 식재료를 좋은 가격에 얻어내는 단호하고 명확한 협상력을 갖추고 있습니다.","['성북구 지역 기반의 알뜰 쇼핑 경로 최적화', '가족 구성원별 맞춤형 식단 구성 및 건강 관리', '한정된 예산 내에서의 효율적인 주거 공간 관리', '갈등 상황에서 감정을 배제하고 실질적인 해결책을 제시하는 중재']","오후의 나른한 햇살 아래서 낮잠을 자거나, TV 속의 여행 프로그램을 보며 대리 만족을 느끼는 정적인 시간을 즐깁니다. 가끔 기분 전환이 필요할 때는 친한 친구 한두 명과 함께 성북천 변을 천천히 걷거나, 동네 코인 노래방에서 최신 트로트를 부르며 쌓인 스트레스를 털어냅니다.","['정릉천과 성북천 주변 산책로 탐방', '동네 단골 미용실에서의 정기적인 두피 관리와 수다', '가까운 친구들과 함께하는 소규모 한식집 맛집 탐방', '집에서 가볍게 즐기는 혼술과 안주 조합 찾기']","거창한 사회적 성취보다는 지금의 평온한 일상을 유지하며, 자녀들이 독립한 후 배우자와 함께 보낼 여유로운 노후의 밑그림을 구체적으로 그리는 것에 집중합니다. 가끔은 동네 문화센터에서 배운 기술로 소소하게 주변 지인들에게 도움을 주는 정도의 성취감에 만족합니다.",여자,51,배우자있음,비현역,배우자·자녀와 거주,아파트,고등학교,해당없음,무직,서울-성북구,서울,대한민국
06b9d1cd5bee49b7b94a8946511fddd4,"유이현 씨는 보험 약관의 복잡한 조항들을 논리적인 흐름도로 그려내어 고객의 이해를 돕고, 엑셀의 고급 함수를 활용해 반복적인 보고서 작업을 자동화하는 서식을 직접 만들어 사용하는 사무실의 실질적인 에이스입니다. 다만, 정해진 절차에서 조금이라도 벗어난 서류를 보면 그냥 지나치지 못하고 끝까지 수정해야 직성이 풀리는 강박적인 면이 있습니다.","유이현 씨는 주말이면 가족과 함께 인근 산의 흙길을 밟으며 숨이 턱 끝까지 차오르는 등산을 즐기고, 평일 저녁에는 베란다 텃밭에서 품종별로 심은 상추와 방울토마토의 잎을 살피며 흙을 만지는 시간으로 하루의 피로를 씻어냅니다.","유이현 씨는 거실 소파에 기대어 모바일 퍼즐 게임의 단계를 하나씩 깨트리며 잡념을 없애거나, 잠들기 전 라디오에서 흘러나오는 차분한 사연과 음악에 귀를 기울이며 정서적인 휴식을 취합니다.","유이현 씨는 가족들과 함께 군산의 짬뽕 거리나 전주 한옥마을의 오래된 노포를 찾아다니며, 지역 색이 진하게 배어 있는 제철 음식을 맛보고 그 경험을 세밀하게 기록하는 음식 중심의 여행을 즐깁니다.","유이현 씨는 일주일에 네 번에서 여섯 번은 집 근처 한식당에서 고기 메뉴를 곁들인 식사를 하며, 가끔 기분 전환이 필요한 날에는 동네 주점에서 시원한 맥주와 함께 하루의 긴장을 풉니다. 배달 음식은 일회용품 쓰레기가 많이 나오는 것이 싫어 한 달에 단 한 번만 주문하는 철저함을 보입니다.","유이현 씨는 계획도시 세종의 정돈된 환경 속에서 아이들의 교육 환경과 생활 패턴을 체계적으로 설계해 운영하며, 배우자와는 서로의 영역을 존중하면서도 음식이라는 공통의 관심사로 유대감을 쌓아가는 가정적인 성향입니다.","유이현 씨는 세종시에 거주하며 보험 사무원으로 일하는 40대 여성으로, 공학적 꼼꼼함으로 일과 살림을 관리하면서도 가족과의 미식 여행과 베란다 원예로 삶의 균형을 찾는 인물입니다.","유이현은 계획도시 세종의 정돈된 환경에서 자녀를 키우며, 공학 전공자 특유의 효율적인 사고방식으로 집안의 살림 목록과 지출 내역을 꼼꼼하게 기록합니다. 90년대 대학 시절 겪은 아날로그와 디지털의 전환기를 지나며, 최신 스마트 기기 활용 능력과 세심한 수기 메모 습관을 동시에 갖춘 세대적 특징을 보입니다.","보험 약관의 복잡한 조항들을 논리적인 흐름도로 재구성해 고객이 쉽게 이해하도록 돕고, 사무실 내의 꼬인 서류 체계를 전산화하여 업무 효율을 높이는 데 능숙합니다. 엑셀의 고급 함수를 활용해 반복되는 월간 보고서 작업을 자동화하는 서식을 직접 만들어 사용합니다.","['보험 약관 논리 분석', '엑셀 자동화 서식 구축', '효율적인 문서 아카이빙', '민원 대응 프로세스 최적화']","주말이면 가족과 함께 전주나 군산의 노포를 찾아다니며 지역 특색이 담긴 제철 음식을 즐기고, 집 베란다에서는 품종별로 구분한 상추와 방울토마토를 정성껏 가꿉니다. 긴장이 심했던 날에는 거실 소파에서 모바일 퍼즐 게임을 하며 잡념을 없애거나, 세종 호수공원을 천천히 걸으며 복잡한 마음을 가라앉힙니다.","['베란다 텃밭 가꾸기', '전국 노포 맛집 탐방', '모바일 퍼즐 게임', '세종 호수공원 산책', '등산 후 즐기는 도토리묵과 파전']","손해평가사 자격증 취득을 목표로 퇴근 후 시간을 쪼개 공부하며, 전문성을 갖춘 시니어 상담역으로 성장해 조직 내에서 대체 불가능한 실무 전문가로 인정받고자 합니다. 화려한 승진보다는 주어진 업무의 완성도를 완벽하게 마무리해 동료들에게 깊은 신뢰를 받는 상태를 유지하는 것에 가치를 둡니다.",여자,43,배우자있음,비현역,배우자·자녀와 거주,아파트,4년제 대학교,공학·제조·건설,보험 사무원,세종-세종시,세종,대한민국
5514f283dc0545a2a5aa96ddd822a6d0,"김제원 씨는 오토캐드로 정밀한 도면을 그리고 구조물의 하중을 계산하는 일에 능숙하며, 이론적인 공부보다는 실제 기계를 직접 분해하고 조립하며 작동 원리를 파악하는 실천적인 감각이 뛰어납니다. 현재는 적당히 묻어갈 수 있는 무난한 분위기의 중견 건설사 설계팀 입사를 목표로 하며, 퇴근 후의 개인적 시간이 확실히 보장되는 안정적인 삶을 꿈꿉니다.",김제원 씨는 주말이면 편안한 트레이닝복 차림으로 인왕산 자락길을 천천히 걸으며 복잡한 머릿속을 정리하는 시간을 갖습니다. 격렬한 운동보다는 동네 골목을 산책하거나 친구들과 함께 걷는 등 일상 속에서 가볍게 몸을 움직이는 활동을 통해 신체적 활력을 유지합니다.,김제원 씨는 리움미술관의 정적인 공간에서 현대 미술 작품들을 천천히 감상하며 혼자만의 사색에 잠기는 시간을 소중하게 여깁니다. 화려하고 시끄러운 공연보다는 차분한 분위기의 전시회를 찾아다니며 시각적인 자극을 통해 정서적인 안정을 찾고 생각을 정리하곤 합니다.,"김제원 씨는 친구나 연인과 함께 해외여행을 떠나면 현지의 유명한 편집숍과 쇼핑몰을 구석구석 돌아다니며 세련된 소품과 의류를 구경하고 구매하는 일에 집중합니다. 유명 관광지를 바쁘게 순례하는 일정 대신, 마음에 드는 상점을 발견하면 그곳에서 한참을 머물며 시간을 보내는 느긋한 여행 방식을 즐깁니다.",김제원 씨는 일주일에 두세 번 정도 홍대 인근의 단골 고깃집에서 지글지글 익는 삼겹살에 소주를 곁들이며 일상의 답답함을 해소합니다. 일주일에 한 번 정도는 집에서 편하게 치킨을 배달시켜 먹으며 밀린 유튜브 영상을 시청하는 것으로 한 주를 마무리하는 소소한 즐거움을 누립니다.,"김제원 씨는 어머니가 정성껏 차려주신 따뜻한 집밥을 먹으며 정서적 위안을 얻지만, 서른을 앞둔 무직자라는 현실 때문에 식탁 위의 정적이 가끔은 무겁게 느껴집니다. 어머니와는 대체로 원만한 관계를 유지하면서도, 자신의 진로 문제에 대해서는 적당한 거리감을 두어 불필요한 갈등을 피하려는 경향이 있습니다.","김제원 씨는 마포구에 거주하며 안정적인 건설사 취업을 준비하는, 현실적이고 부드러운 성격을 가진 29세 공학도입니다.","마포구의 조용한 아파트 단지에서 나고 자라며 정서적 안정감을 누렸지만, 서른을 앞두고 무직 상태라는 현실 사이에서 오는 묘한 괴리감을 어머니의 따뜻한 집밥과 적당한 거리감으로 달래며 지냅니다.","전공을 살려 오토캐드로 도면을 그리거나 구조물의 하중을 계산하는 일에 능숙하며, 이론적인 설명보다 실제 제품을 직접 분해하고 조립하며 작동 원리를 빠르게 파악하는 감각이 좋습니다.","['오토캐드 도면 설계', '건축 구조 역학 계산', '기계 장치 분해 및 조립', '효율적인 공간 동선 기획']","주말이면 인왕산 자락길을 천천히 걷고 내려와 친구들과 홍대의 단골 고깃집에서 삼겹살에 소주 한 잔을 기울이며 일상의 긴장을 풀고, 가끔은 리움미술관의 정적인 분위기 속에서 생각을 정리합니다.","['인왕산 자락길 산책', '리움미술관 전시 관람', '일본 도쿄 빈티지 숍 쇼핑', '넷플릭스 범죄 다큐멘터리 시청']","너무 튀지 않으면서도 자신의 몫을 충분히 해낼 수 있는 중견 건설사의 설계팀에 들어가, 정해진 퇴근 시간 이후의 개인적인 삶이 보장되는 안정적인 직장인이 되기를 바랍니다.",남자,29,미혼,비현역,어머니와 동거,아파트,4년제 대학교,공학·제조·건설,무직,서울-마포구,서울,대한민국
85737fe25011486b8457dbea9801ee7d,"김미화 씨는 성주읍내 식당에서 손님이 말하기도 전에 빈 물잔을 채우고 부족한 반찬을 쓱 내놓는 눈썰미 좋은 베테랑입니다. 가끔 무례한 손님이 억지를 부려도 허허 웃으며 능숙하게 상황을 넘기지만, 퇴근 후에는 그 손님 때문에 답답했다며 집 마당 고추밭을 거칠게 매만지는 버릇이 있습니다.","김미화 씨는 이른 아침 성밖숲의 울창한 왕버들 나무 사이를 천천히 걸으며 하루의 활력을 찾습니다. 틈만 나면 텃밭에 쪼그려 앉아 잡초를 뽑느라 허리가 뻐근해지곤 하지만, 흙을 만지며 땀 흘리는 시간만큼은 세상 누구보다 활기찬 모습입니다.","김미화 씨는 주말마다 성당 모임에 나가 사람들과 어울리며 마음의 평화를 얻고, 평소에는 거실 소파에 누워 드라마 재방송을 보며 옛 추억에 잠깁니다. 가끔 지역 문화센터 서예 교실에 나가 붓끝을 다듬지만, 집중력이 떨어지면 어느새 옆 사람과 수다를 떠느라 먹물을 튀기곤 합니다.","김미화 씨는 자녀들의 손을 잡고 경주 불국사의 다보탑 앞에 서서 옛 조상들의 솜씨에 감탄하며 천천히 발걸음을 옮깁니다. 안동 하회마을의 흙길을 걸으며 고택의 정취를 느끼는 시간을 가장 소중히 여기며, 여행지에서 찍은 가족 사진을 휴대폰 배경화면으로 설정해 두고 수시로 들여다봅니다.","김미화 씨는 2주에 한 번 정도 특별한 날에 가족들과 함께 정갈한 초밥 집을 찾아 신선한 생선 살의 식감을 즐깁니다. 평소에는 집에서 직접 무친 취나물과 고사리 비빔밥을 즐겨 먹으며, 가끔 배달 앱으로 시킨 음식보다는 직접 텃밭에서 기른 채소로 차린 소박한 밥상을 차려 먹습니다.","김미화 씨는 남편과 사별한 뒤 홀로 집안을 이끌며 겪은 외로움을 자식들에 대한 헌신과 손주들에 대한 무조건적인 사랑으로 채워왔습니다. 자녀들에게 짐이 되지 않으려 애쓰면서도, 명절에 온 가족이 단독주택 마당에 모여 성주 참외를 깎아 먹는 떠들썩한 풍경 속에서 가장 큰 행복을 느낍니다.","김미화 씨는 성주읍내에서 소박하게 일하며 텃밭과 성당 모임, 가족과의 유대를 통해 삶의 단단한 중심을 잡고 살아가는 60대 여성입니다.","성주읍내의 오래된 단독주택에서 살며 마당의 고추밭과 상추 텃밭을 가꾸는 일로 하루를 시작합니다. 사별 후 홀로 집안을 꾸리며 겪은 고단함을 지역 성당 모임과 성밖숲 산책으로 이겨낸 단단한 생활력을 가지고 있으며, 이웃들과 성주 참외 농사 이야기를 나누며 끈끈한 유대감을 유지합니다.","식당에서 수십 년간 손님들을 맞이하며 쌓은 눈썰미로, 손님이 요청하기 전에 물잔을 채우거나 필요한 반찬을 미리 내어주는 능숙함이 몸에 배어 있습니다. 까다로운 손님 앞에서도 당황하지 않고 부드러운 말씨로 분위기를 조율해 갈등을 잠재우는 소통 능력이 탁월합니다.","['고객 요구 사항 사전 파악 및 즉각 대응', '다양한 연령대 손님과의 유연한 소통', '효율적인 테이블 회전 및 홀 서비스 관리', '지역 식재료를 활용한 간단한 밑반찬 조리']","해 질 녘 성주읍천변을 따라 가볍게 조깅하며 공복혈당을 관리하고, 주말에는 자녀들과 함께 경주 불국사나 안동 하회마을 같은 유적지를 천천히 둘러보는 시간을 갖습니다. 평소에는 정갈하게 차려낸 나물 비빔밥이나 신선한 초밥 같은 깔끔한 음식을 찾아 먹으며 소소한 즐거움을 누립니다.","['성주읍천변 저녁 조깅 및 걷기', '국내 역사 유적지 가족 탐방', '마당 텃밭 채소 가꾸기', '지역 성당 기반의 사회 봉사 및 친목 활동', 'TV 건강 프로그램 시청 및 정보 기록']","사회적 성공보다는 건강이 허락하는 한 지금처럼 소소하게 일하며 경제적 자립을 유지하고, 가끔 손주들에게 줄 용돈을 따로 모아두는 소박한 일상을 지속하는 것에 만족합니다.",여자,66,사별,비현역,기타2세대,단독주택,고등학교,해당없음,음료 서비스 종사원,경상북-성주군,경상북,대한민국
69212cb85a3e497ba840edd671a5b407,"신은수 씨는 구로구의 작은 편집숍을 운영하며 매일 아침 엑셀 시트를 켜고 품목별 재고 회전율을 소수점 둘째 자리까지 분석하며 하루를 시작합니다. 통계적 근거 없이 상품을 들여오는 법이 없으며, 모든 운영 과정을 매뉴얼로 기록해 완벽한 1인 경영 체계를 구축하는 것에 강박적으로 매달립니다.",신은수 씨는 격렬한 운동 대신 주말마다 가족과 함께 강원도 평창의 전나무 숲길을 천천히 걷으며 호흡을 가다듬습니다. 가끔은 구로구의 골목길을 정처 없이 산책하며 주변 상점들의 진열 방식을 관찰하는 것으로 가벼운 신체 활동을 대신합니다.,신은수 씨는 침대 머리맡에 쌓아둔 '슬램덩크'나 '몬스터' 같은 일본 만화책을 읽으며 오후의 나른한 낮잠을 즐깁니다. 논리적인 수학의 세계에서 벗어나 만화 속의 과장된 서사와 그림체에 몰입하는 시간만이 유일하게 머릿속의 계산기를 끌 수 있는 순간입니다.,"신은수 씨는 가족들과 함께 고요한 호숫가나 울창한 숲이 있는 곳으로 여행을 떠나 풍경을 멍하니 바라보는 시간을 갖습니다. 여행지에서도 엑셀로 짠 분 단위 일정표를 가지고 다니지만, 정작 자연 앞에 서면 계획을 잊고 나무 냄새를 맡는 것에 집중합니다.","신은수 씨는 2주에 한 번 정도 정갈한 나물 반찬과 된장찌개가 나오는 한정식집을 찾아 식사하며, 주말 저녁에는 배달 앱으로 성수동의 유명 베이커리에서 구운 소금빵이나 치아바타를 주문해 먹습니다.","신은수 씨는 평소에는 독립적인 성향이 강해 혼자만의 공간을 고수하지만, 가족들과는 정기적으로 만나 소소한 일상을 공유하며 정서적 지지를 얻습니다. 특히 부모님과 함께 평창 숲길을 걷는 시간만큼은 경영자로서의 긴장감을 내려놓고 응석받이 딸의 모습으로 돌아갑니다.","신은수 씨는 수학적 논리로 무장한 구로구의 꼼꼼한 편집숍 사장님이며, 자연 속의 휴식과 만화책이라는 정적인 취미로 삶의 균형을 맞추는 32세 여성입니다.","구로구의 오래된 주거지와 디지털단지의 정돈된 분위기가 섞인 환경에서 성장했으며, 대학 시절 수학을 전공하며 다져진 논리적 사고방식이 삶의 전반적인 기준이 되었습니다. 스스로의 힘으로 마련한 오피스텔에서 독립적인 생활 체계를 구축해 운영하며 자신만의 질서가 잡힌 공간에서 심리적 안정감을 얻습니다.","전공의 통계적 지식을 매장 경영에 도입해 엑셀로 재고 회전율을 정밀하게 추적하고, 고객의 방문 시간대와 구매 품목 간의 상관관계를 분석해 상품 배치와 발주량을 최적화합니다.","['매출 데이터 기반의 수요 예측', '효율적인 재고 관리 시스템 구축', '고객 구매 패턴 분석 및 상품 큐레이션', '1인 매장 운영 프로세스 최적화']","주말이면 가족과 함께 평창의 전나무 숲길을 걷거나 고요한 호수 풍경을 보며 시간을 보내고, 평소에는 좋아하는 일본 만화책을 쌓아두고 읽으며 낮잠을 자는 정적인 휴식 시간을 가집니다.","['강원도 숲길 및 자연 경관 여행', '일본 청춘 만화 정주행', '인문학 서적 독서', '동네 작은 공원 산책']","현재 운영하는 상점을 지역 내에서 대체 불가능한 색깔을 가진 편집숍으로 성장시키고, 체계적인 운영 매뉴얼을 완성해 업무 효율을 극대화한 1인 경영 모델을 확립하는 것에 집중하고 있습니다.",여자,32,미혼,비현역,혼자 거주,주택 이외의 거처,4년제 대학교,자연과학·수학,소규모 상점 경영자,서울-구로구,서울,대한민국
8dbbc6f2744f4296b40f2e6fb4b98bd6,"김진영 씨는 해상 사고 현장의 흩어진 증거들을 수집해 사건의 인과관계를 정교하게 재구성하는 노련한 해양 경찰 수사관입니다. 승진을 향한 치열한 경쟁에 뛰어드는 대신, 자신이 가진 신문 기법과 수사 노하우를 후배들에게 전수하며 조용히 정년을 맞이하려는 실속 있는 직장 생활을 지향합니다.","김진영 씨는 숨이 턱 끝까지 차오르는 격렬한 운동 대신, 퇴근 후 두류공원의 가로수 길을 천천히 밟으며 잡념을 비워내는 산책을 즐깁니다. 운동화 끈을 단단히 묶고 걷는 이 정적인 시간만이 업무 중 겪는 극심한 긴장감을 해소하는 유일한 통로입니다.",김진영 씨는 퇴근 후 거실 소파에 깊숙이 몸을 파묻고 유튜브에서 옛 가요 무대 영상을 찾아보며 잠시 추억에 젖곤 합니다. 조용히 흐르는 음악을 배경 삼아 아내와 소소한 일상을 나누는 시간을 통해 마음의 안식을 찾습니다.,김진영 씨는 주말이면 아내와 부모님을 모시고 남해의 한적한 바닷가 펜션을 찾아 파도 소리를 들으며 멍하게 풍경을 감상합니다. 유명 관광지의 북적임이 없는 고요한 자연 속에서 가족들과 함께 시간을 보내며 정신적인 허기를 채웁니다.,김진영 씨는 동네 단골 분식집에서 매콤한 떡볶이와 속이 꽉 찬 김밥을 주문해 옛 친구들과 시시콜콜한 농담을 주고받으며 스트레스를 풉니다. 고기 구이집보다는 정갈한 나물 반찬이 나오는 한식당에서 든든한 한 끼를 해결하는 것을 즐깁니다.,"김진영 씨는 예의와 도리를 엄격히 따지는 보수적인 집안 분위기 속에서 성장해 현재도 달서구 아파트에서 부모님을 지극히 모시는 효심 깊은 아들입니다. 무뚝뚝한 경상도 남자의 전형이지만, 아내의 작은 요청을 기억해 챙겨주는 듬직하고 책임감 있는 가장의 모습을 보입니다.",김진영 씨는 대구 달서구에서 가족을 부양하며 묵묵히 자신의 소임을 다하는 책임감 강하고 실용적인 해양 경찰 수사관입니다.,"대구 달서구의 아파트 단지에서 부모님을 모시고 살며, 예의와 도리를 중시하는 보수적인 집안 분위기 속에서 성장했습니다. 겉치레보다는 내실을 기하고 주어진 역할에 충실한 것을 미덕으로 여기는 경상도 특유의 무뚝뚝하지만 책임감 있는 정서를 가지고 있습니다.","해양 경찰 수사관으로서 복잡한 해상 사고의 인과관계를 분석하고 관련 법규를 정확히 적용해 사건을 처리하는 능력이 탁월합니다. 현장의 돌발 상황에서도 당황하지 않고 절차에 따라 빠르게 증거를 확보하며, 상대의 심리를 읽어내는 노련한 신문 기술을 보유하고 있습니다.","['해상 사고 원인 분석 및 감식', '형사소송법 기반 수사 절차 집행', '선박 운항 및 해양 안전 관리', '피의자 심문 및 진술 확보 기술']","주말이면 아내와 부모님을 모시고 남해안의 한적한 바닷가 펜션을 찾아 조용히 파도 소리를 듣고 풍경을 감상합니다. 건강 검진에서 혈압과 혈당 수치가 높게 나온 이후로는 퇴근 후 두류공원을 천천히 걷거나, 단골 분식집에서 떡볶이와 김밥을 먹으며 옛 친구들과 시시콜콜한 이야기를 나누며 스트레스를 풉니다.","['두류공원 야간 산책', '남해안 해안도로 드라이브', '90년대 가요 플레이리스트 감상', '동네 단골 분식집 탐방']",현재의 직위에서 전문성을 더 쌓아 조직 내에서 누구나 인정하는 베테랑 수사 전문가로 남고자 합니다. 무리한 승진 경쟁에 뛰어들기보다 후배들에게 실질적인 수사 노하우를 전수하며 안정적으로 정년을 맞이하는 삶을 계획하고 있습니다.,남자,44,배우자있음,비현역,배우자·부모와 거주,아파트,2~3년제 전문대학,해당없음,해양 경찰관 및 수사관,대구-달서구,대구,대한민국
269a8095c12a47dba67cb215da3f3fbe,"김형준 씨는 거친 건설 현장 소장님들 사이에서 꿋꿋하게 노무비 정산과 세금계산서를 처리하는 35세 회계 사무원입니다. 엑셀 수식을 활용해 반복적인 비용 관리 체계를 직접 구축해 업무 시간을 단축시켰으며, 정년이 보장되는 안정적인 삶을 위해 퇴근 후 전산세무 회계 상위 자격증 취득에 매진하고 있습니다.",김형준 씨는 주말마다 동네 고깃집에서 지인들과 함께 K리그 경기를 챙겨보며 소리 높여 응원하는 시간으로 일주일의 스트레스를 풉니다. 평소에는 퇴근길 청계천변을 천천히 걷거나 가끔 인근 산을 오르며 답답한 마음을 달래는 정적인 활동을 함께 즐깁니다.,김형준 씨는 퇴근 후 방 안에서 스팀 게임의 가상 세계에 몰입하며 직장에서 쌓인 정서적 피로를 씻어내는 시간을 가집니다. 잔잔한 음악을 틀어놓고 동영상을 시청하며 혼자만의 공간에서 조용히 에너지를 충전하는 내향적인 취향을 가지고 있습니다.,김형준 씨는 친구나 연인과 함께 사람이 적고 조용한 휴양지로 떠나 아무런 계획 없이 푹 쉬는 여행을 즐깁니다. 복잡한 관광지 순례보다는 깨끗한 숙소 침구 속에서 뒹굴거리며 밀린 잠을 자고 맛있는 음식을 먹는 휴식 중심의 여정을 보냅니다.,"김형준 씨는 일주일에 5일 정도는 회사 근처 돼지갈비집이나 김치찌개 전문점에서 식사를 해결하며, 가끔 기분 전환이 필요할 때는 두툼한 수제 버거와 피자를 주문해 먹습니다. 배달 음식보다는 직접 식당에 가서 먹는 활기찬 분위기를 즐기며, 집에서는 어머니가 차려주신 정갈한 한식을 먹으며 하루를 마무리합니다.","김형준 씨는 동대문구의 오래된 주택가에서 어머니와 함께 살며, 예민한 성격 덕분에 집안의 모든 행정 업무와 살림 관리를 세심하게 챙깁니다. 어머니에게는 든든한 경제적 버팀목이자 정서적인 아들이지만, 때로는 지나친 책임감 때문에 혼자 속앓이를 하며 긴장 속에 살아갑니다.","김형준 씨는 동대문구에서 어머니를 모시고 사는 35세 회계 사무원으로, 안정적인 삶을 갈망하며 책임감 있게 일상을 꾸려가는 현실적인 인물입니다.","동대문구의 오래된 주택가에서 어머니를 모시며 살고 있으며, 퇴근길에 청계천변을 천천히 걸으며 하루 동안 쌓인 긴장을 털어내는 시간이 가장 소중합니다. 예민한 성격 탓에 집안의 가계부와 공과금 납부 등 실질적인 살림 관리를 도맡아 하며 어머니의 정서적, 경제적 버팀목 역할을 수행하고 있습니다.","건설 현장의 복잡한 노무비 정산과 세금계산서 발행 업무를 한 치의 오차 없이 처리하며, 거친 현장 소장님들과의 조율 과정에서도 유연하게 대처하는 능력이 탁월합니다. 실무 중심의 회계 처리와 더불어 엑셀을 활용한 효율적인 비용 관리 체계를 직접 구축해 반복 업무 시간을 크게 단축시켰습니다.","['건설 노무비 정산', '부가가치세 신고 지원', '엑셀 자동화 서식 작성', '외주 업체 대금 관리', '비즈니스 커뮤니케이션']","주말이면 집 근처 고깃집에서 친구들과 소주잔을 기울이며 K리그 경기를 관람하고, 평일 밤에는 방 안에서 스팀 게임을 하며 혼자만의 정서적 환기를 즐깁니다. 건강검진 결과 혈압 주의 판정을 받은 후부터는 유튜브에서 짧은 홈트레이닝 영상을 찾아보며 조금씩 몸을 움직이려 노력합니다.","['K리그 경기 관람', '스팀 인디 게임', '청계천 야간 산책', '유튜브 홈트레이닝 영상 시청', '동네 삼겹살 맛집 탐방']","업황 변화에 따른 고용 불안을 해소하기 위해, 실무 경력을 바탕으로 전산세무 회계 상위 자격증을 취득하여 대체 불가능한 전문성을 갖추고 경제적 안정을 공고히 하고자 합니다. 화려한 성공보다는 정년이 보장되는 안정적인 환경에서 매달 정해진 소득을 유지하는 실질적인 삶의 질 향상에 집중하고 있습니다.",남자,35,미혼,비현역,어머니와 동거,주택 이외의 거처,2~3년제 전문대학,해당없음,회계 사무원,서울-동대문구,서울,대한민국
439d1d4916fc44758ab5901285ae63b5,"이선 씨는 전공을 살려 자녀들의 학습 플래너를 분 단위로 쪼개 관리하며, 훗날 동탄 신도시의 조용한 상가에서 작은 공부방을 열어 아이들의 성적과 생활 습관을 함께 바로잡아주는 교육 전문가로 복귀하기를 꿈꿉니다.","이선 씨는 격렬한 운동 대신 동탄 호수공원 산책로를 천천히 걸으며 복잡한 머릿속을 정리하거나, 주말이면 친구들과 함께 가벼운 스트레칭으로 몸을 푸는 정적인 활동을 즐깁니다.","이선 씨는 집안의 모든 소음을 끄고 쇼팽의 야상곡을 틀어놓은 채 정적 속에 파묻혀 에너지를 충전하며, 가끔은 최신 유행하는 드라마의 세밀한 복선을 분석하며 시간을 보냅니다.",이선 씨는 친한 친구들과 함께 충남 아산의 파라다이스 스파 도고나 인근 온천으로 떠나 따뜻한 물에 몸을 담그고 그동안 쌓인 일상의 피로와 말 못 할 고민들을 나누는 시간을 소중히 여깁니다.,"이선 씨는 주말이면 동탄 카페거리의 유명한 소금빵 집에서 갓 구운 빵을 사들고, 평일 점심에는 친구들과 함께 정갈한 나물 반찬이 나오는 보리밥 정식집에서 건강한 한 끼를 챙겨 먹습니다.","이선 씨는 동탄의 정돈된 아파트 단지 내에서 자녀들의 교육 환경을 최우선으로 고려하며 살아가지만, 때로는 지나치게 세밀한 규칙 강요로 인해 사춘기에 접어든 아이들과 냉전 상태에 놓이기도 합니다.","이선 씨는 교육학 전공자의 꼼꼼함으로 가정을 체계적으로 관리하며, 소소한 일상의 질서와 정적인 휴식에서 행복을 찾는 동탄의 전업주부입니다.","화성 동탄의 정돈된 아파트 단지 분위기 속에서 아이들의 성장과 살림을 책임지며 살아갑니다. 교육학을 전공한 이력으로 인해 삶의 전반에서 체계와 원칙을 중시하며, 주변 학부모들과는 적당한 거리를 유지하면서도 예의 바르고 신뢰감 있는 관계를 맺고 있습니다.",아이들의 학습 플래너를 세밀하게 짜주거나 가계부 지출 내역을 십 원 단위까지 맞추는 꼼꼼한 관리 능력이 탁월합니다. 복잡한 가정 행사를 효율적으로 배분하고 실행하는 기획력이 생활 속에 배어 있습니다.,"['자녀 학습 스케줄링', '가계 예산 수립 및 집행', '효율적인 가사 동선 설계', '교육 관련 문서 정리 및 작성']","주말이면 동탄 카페거리의 소금빵 맛집을 찾아다니거나, 친구들과 정갈한 보리밥 정식집에서 시간을 보냅니다. 가끔은 모든 소음을 차단하고 거실에서 클래식 음악을 틀어놓은 채 아무것도 하지 않으며 에너지를 충전합니다.","['동탄 신도시 베이커리 투어', '친구들과의 온천 및 스파 여행', '나물과 쌈밥 중심의 한식 맛집 찾기', '집에서 음악 감상하며 멍하게 있기']","아이들이 어느 정도 성장한 후, 집 근처에서 작은 공부방을 운영하거나 행정 실무를 돕는 파트타임 일자리를 통해 다시 사회적 역할을 수행하며 소소한 경제적 성취감을 얻고자 합니다.",여자,46,배우자있음,비현역,배우자·자녀와 거주,아파트,4년제 대학교,교육,무직,경기-화성시,경기,대한민국
a6ed250a48804cac839d6f57e75d8a2d,"이헌주 씨는 고등학교 졸업장을 받자마자 현장에 뛰어들어 오산의 공장 단지가 들어서는 과정을 몸소 겪으며 성실하게 살아온 숙련공 출신입니다. 지금은 현직에서 물러났지만, 집안의 삐걱거리는 문고리나 물 새는 수도꼭지를 보면 무심코 공구함을 챙겨 들어 고쳐놓아야 직성이 풀리는 직업병 같은 손재주를 가지고 있습니다.","이헌주 씨는 주말이면 낡은 등산화를 신고 아내와 함께 뭉강산이나 인근의 낮은 산들을 오르며 땀을 흘리는 시간을 즐깁니다. 평소에는 느긋한 성격이지만, 가끔 가족들과 함께하는 레포츠 활동에서는 승부욕이 발동해 과하게 의욕을 부리다 금세 숨을 헐떡이는 인간적인 모습을 보입니다.",이헌주 씨는 거창한 전시회보다는 계절마다 색이 변하는 자연 풍경을 감상하며 마음의 평온을 찾는 소박한 취향을 가졌습니다. 특히 가을철 단풍이 든 산길을 걷거나 탁 트인 자연 명승지를 찾아가 멍하니 풍경을 바라보는 시간을 통해 일상의 긴장을 해소합니다.,이헌주 씨는 아내와 자녀들이 모두 함께하는 가족 여행에서 운전대를 잡고 전국 방방곡곡의 명소를 찾아다니는 여행 가이드를 자처합니다. 빡빡한 일정표를 따라가기보다 발길 닿는 대로 들어가 보는 이름 모를 시골 식당의 투박한 밥상을 발견하는 순간에 가장 큰 희열을 느낍니다.,"이헌주 씨는 멸치 육수를 진하게 우려내어 구수한 맛을 내는 된장찌개 하나만큼은 자신 있게 내놓는 집안의 숨은 요리사입니다. 매일 집 근처 한식당에서 나물 반찬이 넉넉한 식사를 즐기며, 금요일 밤이면 아내와 함께 배달시킨 바삭한 치킨에 시원한 캔맥주 한 잔으로 일주일의 피로를 씻어냅니다.","이헌주 씨는 무뚝뚝한 듯하면서도 아내가 좋아하는 반찬을 슬며시 식탁에 올려두는 한국적인 아버지이자 남편의 전형을 보여줍니다. 오산의 작은 마을에서 시작해 지금의 아파트 생활까지 함께 일궈온 배우자에게 깊은 신뢰를 가지고 있으며, 가끔은 고집을 피우다도 아내의 말 한마디에 금세 꼬리를 내리는 다정한 면모가 있습니다.",이헌주 씨는 오산에서 성실하게 살아온 후 퇴직하여 건강 관리와 소소한 가족의 행복을 최우선으로 여기는 손재주 좋은 60대 가장입니다.,"고등학교 졸업 후 곧바로 사회생활을 시작해 성실함 하나로 버텨온 세대입니다. 오산의 한적한 마을이 아파트 단지로 변해가는 과정을 지켜보며 살아왔고, 격식보다는 정과 익숙한 관계를 더 소중하게 여기는 정서를 가지고 있습니다.",집안의 고장 난 수도꼭지나 헐거운 문고리 정도는 공구함만 있으면 금세 고쳐놓는 손재주가 있습니다. 특히 된장찌개에 멸치 육수를 진하게 내어 구수한 맛을 살리는 요리 솜씨는 가족들 사이에서도 인정받습니다.,"['간단한 집수리 및 가구 보수', '깊은 맛을 내는 한식 찌개 조리', '지역 등산 코스 및 자연 명승지 안내', '가족 단위 여행 일정 조율']",주말이면 아내와 함께 집 근처 산책로나 낮은 산을 오르며 계절의 변화를 살핍니다. 일주일에 한 번 배달시키는 바삭한 치킨에 시원한 맥주 한 잔을 곁들이며 일주일의 피로를 푸는 시간을 가장 아낍니다.,"['오산 인근 낮은 산 등산하기', '가족과 함께하는 전국 해안 도로 드라이브', '제철 재료를 활용한 한식 요리 만들기', '금요일 밤 치맥 즐기기']",이제는 돈을 버는 일보다 고혈압 관리와 뱃살을 줄이는 건강한 일상을 유지하는 것에 집중하고 있습니다. 무리한 운동보다는 매일 조금씩 걷는 습관을 들여 가족들과 더 오래 건강하게 여행을 다니는 것이 현재의 가장 큰 목표입니다.,남자,61,배우자있음,비현역,배우자와 거주,아파트,고등학교,해당없음,무직,경기-오산시,경기,대한민국
cdd409bca49f436bacb49df23561d8e5,박성민 씨는 김포 시내를 누비며 손님의 눈빛과 걸음걸이만으로 지갑을 열 타이밍을 포착하는 베테랑 이동 판매원입니다. 박성민 씨는 구래동이나 장기동의 번화가에 자신만의 작은 고정 가판대를 차려 안정적으로 정착하는 날을 꿈꿉니다.,박성민 씨는 땀 흘리는 격렬한 운동보다는 퇴근 후 소파에 몸을 파묻고 낮잠을 자며 에너지를 충전하는 정적인 휴식을 취합니다. 박성민 씨는 활동적인 취미보다는 몸의 긴장을 완전히 푸는 상태에서 오는 안락함을 추구합니다.,"박성민 씨는 유튜브 숏츠의 빠른 호흡에 익숙해져 있으며, 친구들을 집으로 불러 루미큐브 타일을 맞추며 왁자지껄하게 떠드는 시간을 좋아합니다. 박성민 씨는 거창한 예술 작품보다는 최신 유행하는 영화나 자극적인 먹방 콘텐츠에서 소소한 즐거움을 찾습니다.",박성민 씨는 아내와 함께 낯선 도시의 랜드마크를 돌아다니는 시티투어 버스 여행을 통해 일상의 단조로움을 해소합니다. 박성민 씨는 복잡한 계획을 세우기보다 정해진 경로를 따라 움직이며 도시의 풍경을 구경하는 편안한 여행 방식을 즐깁니다.,"박성민 씨는 일주일에 대여섯 번은 집 밖에서 식사를 해결하며, 특히 동네 단골 삼겹살집에서 소주 한 잔을 곁들이는 저녁 시간을 가장 아낍니다. 박성민 씨는 가끔 배달 앱으로 치킨을 시켜 먹으며 하루의 피로를 씻어내곤 합니다.",박성민 씨는 김포의 옛 정취와 신도시의 편리함을 모두 경험한 아내와 함께 자가 아파트에서 서로 의지하며 오붓하게 생활합니다. 박성민 씨는 넉살 좋은 성격으로 아내와 친구들 사이에서 분위기 메이커 역할을 자처하며 화목한 관계를 유지합니다.,"박성민 씨는 김포에서 이동 판매로 생계를 꾸리며 자가 아파트의 안락함과 소소한 술자리, 인간관계에서 행복을 찾는 30대 후반의 남성입니다.","김포 한강신도시의 급격한 변화를 직접 겪으며 성장한 세대로, 옛 시골 마을의 정서와 현대적인 도시의 편리함에 모두 익숙합니다. 전문대학 시절부터 다져온 넓은 인간관계와 특유의 넉살로 지역 사회의 다양한 연령층과 거리낌 없이 어울리며 생활합니다.","길거리에서 마주치는 낯선 이의 표정과 걸음걸이만 보고도 구매 의사를 빠르게 읽어내어 말을 거는 실전 영업 감각이 뛰어납니다. 좁은 이동 판매 차량의 공간을 최대한 활용해 상품을 배치하는 노하우가 있으며, 갑작스러운 단속이나 날씨 변화 같은 돌발 상황에서도 당황하지 않고 유연하게 상황을 모면하는 대처 능력을 갖췄습니다.","['고객 심리 파악 및 즉흥 응대', '이동 판매 최적 동선 설계', '소규모 상품 재고 관리', '현장 갈등 중재 및 협상']","일과 후 소파에 누워 유튜브 숏츠나 먹방 영상을 보며 멍하게 시간을 보내는 휴식을 즐기며, 주말이면 아내와 함께 동네 삼겹살집에서 소주 한 잔을 기울이는 것이 가장 큰 낙입니다. 가끔 마음 맞는 친구들을 집으로 불러 루미큐브 같은 보드게임을 하며 왁자지껄하게 시간을 보냅니다.","['유튜브 숏츠 및 먹방 시청', '동네 고깃집 맛집 탐방', '루미큐브 및 보드게임', '가족과 함께하는 도심 시티투어']","현재 운영하는 이동 판매 품목을 조금 더 세분화해 단골층을 두텁게 만들고, 장기적으로는 김포 구래동이나 장기동 인근의 유동 인구가 많은 곳에 작은 고정 가판대를 마련해 안정적인 수익 구조를 만드는 것을 목표로 합니다.",남자,39,배우자있음,비현역,배우자와 거주,아파트,2~3년제 전문대학,해당없음,노점 및 이동 판매원,경기-김포시,경기,대한민국
67c501c67af54df48bcd4e78b723286a,"서동욱 씨는 광양제철소 인근 공단에서 뼈가 굵은 베테랑 전기 용접원으로, 고압 파이프라인의 미세한 틈조차 허용하지 않는 정밀한 손끝 기술을 가졌습니다. 서동욱 씨는 현재 화려한 직함에 연연하지 않고 지역 내 소규모 공사 현장에서 후배들을 지도하거나 시설을 관리하며 매일 아침 성실하게 출근할 수 있는 안정적인 일자리를 찾고 있습니다.",서동욱 씨는 격렬한 운동은 하지 않고 아침저녁으로 동네 길을 천천히 걷거나 섬진강변을 따라 드라이브를 하며 몸과 마음의 긴장을 풉니다. 서동욱 씨는 자연 속에서 가볍게 움직이며 체력을 유지하는 방식을 고수합니다.,서동욱 씨는 봄이면 광양 매화마을의 흐드러진 꽃잎을 카메라 렌즈에 담으며 계절의 변화를 기록하는 소소한 즐거움을 누립니다. 서동욱 씨는 평일 저녁 조용한 시간대에 책을 읽으며 현장 업무에서는 느낄 수 없었던 정적인 사색의 시간을 갖습니다.,서동욱 씨는 옛 직장 동료들과 함께 전남의 숨은 명승지를 찾아다니며 탁 트인 자연 풍경을 감상하는 여행을 즐깁니다. 서동욱 씨는 유명 관광지의 화려함보다 섬진강의 물줄기나 산등성이의 능선처럼 마음이 편안해지는 풍경 속에 머무는 시간을 소중히 여깁니다.,"서동욱 씨는 아내와 함께 정갈한 나물 정식집에서 건강한 한 끼를 나누거나, 신선한 초밥 전문점을 찾아 정갈한 일식을 즐깁니다. 서동욱 씨는 배달 음식은 한 달에 한 번 정도로 제한하며, 직접 식당을 찾아가 공간이 주는 분위기 속에서 천천히 식사합니다.","서동욱 씨는 배우자, 자녀와 함께 아파트에서 거주하며 가장으로서의 책임감과 따뜻한 유대감을 유지합니다. 서동욱 씨는 사교적인 성격이지만 가끔은 자신의 고집을 내세우는 면이 있으며, 가족들과의 일상적인 대화 속에서 소박한 행복을 찾습니다.","서동욱 씨는 광양의 정밀 용접 기술자 출신으로, 가족에 대한 사랑과 지역 사회의 유대를 소중히 여기며 제2의 안정적인 일터를 준비하는 50대 가장입니다.","광양제철소 인근 공단 지역의 역동적인 분위기 속에서 성장하며 산업 현장의 치열함과 전남 특유의 넉넉한 정서를 동시에 체득했습니다. 고교 졸업 후 곧바로 현장에 뛰어들어 몸으로 부딪히며 배운 삶의 태도가 깊게 배어 있으며, 지역 사회의 끈끈한 유대 관계를 중요하게 여기는 전형적인 지역 주민의 모습을 띱니다.","고압 파이프라인의 미세한 틈조차 허용하지 않는 정밀한 전기 용접 기술을 보유하고 있으며, 복잡한 설계 도면을 해석해 오차 없이 구조물을 접합하는 능력이 탁월합니다. 현장 안전 수칙을 철저히 준수하며 작업 공정을 체계적으로 관리하는 꼼꼼함 덕분에 동료들 사이에서 신뢰가 두터웠습니다.","['고압 파이프 정밀 전기 용접', '산업 현장 설계 도면 해석 및 적용', '건설 현장 안전 관리 및 공정 준수', '금속 재료 특성 분석 및 접합 기술']","주말이면 옛 동료들과 섬진강변을 따라 드라이브를 즐기고, 광양 매화마을의 풍경을 사진으로 남기며 여유를 찾습니다. 평일 저녁에는 동네 사우나에서 땀을 뺀 후, 아내와 함께 정갈한 나물 정식집이나 신선한 초밥 전문점을 찾아가 소소한 대화를 나누며 스트레스를 해소합니다.","['섬진강변 드라이브 및 자연 풍경 사진 촬영', '지역 동호회 기반의 명승지 탐방', '동네 사우나 방문 및 가벼운 산책', '정갈한 한정식과 일식 맛집 탐방']","무리하게 생소한 분야로 전환하기보다, 숙련된 기술을 필요로 하는 지역 내 중소 규모 공사 현장의 기술 지도직이나 시설 관리직으로 복귀하여 실질적인 도움을 주고자 합니다. 화려한 성공보다는 매일 아침 규칙적으로 출근해 자신의 몫을 다할 수 있는 안정적인 일터를 찾는 것에 집중하고 있습니다.",남자,54,배우자있음,비현역,배우자·자녀와 거주,아파트,고등학교,해당없음,"전직 전기 용접원, 현재 구직중",전라남-광양시,전라남,대한민국
961cbddf1a8042e7a1628020724860de,"조명옥 씨는 정보통신기술 전공자로서의 지식을 활용해 동네 복지관에서 어르신들께 키오스크 사용법을 알려드리는 봉사 활동을 꿈꿉니다. 조명옥 씨는 스마트폰 설정이나 최신 앱 설치를 척척 해내며 친구들 사이에서 디지털 해결사로 통하지만, 정작 본인의 서류 정리나 체계적인 일정 관리에서는 느슨한 모습을 보입니다.",조명옥 씨는 주말마다 친구들과 팔공산의 완만한 산책로를 천천히 걸으며 숲의 공기를 마시는 시간을 가집니다. 조명옥 씨는 길가에 핀 야생화 사진을 찍고 도란도란 이야기를 나누는 느릿한 산행을 즐깁니다.,조명옥 씨는 거실에 앉아 임영웅의 감성적인 노래를 크게 틀어놓고 집안일을 하며 하루의 활력을 얻습니다. 조명옥 씨는 유튜브로 전국의 이름난 수목원 영상을 찾아보며 초록빛 풍경 속에 잠시 머무는 상상을 하며 휴식을 취합니다.,"조명옥 씨는 마음 맞는 친구들과 함께 탁 트인 자연경관을 찾아 떠나는 여행을 즐기며, 특히 정갈하게 가꿔진 식물원이나 숲길을 걷는 것을 좋아합니다. 조명옥 씨는 그날의 기분에 따라 발길 닿는 대로 움직이는 여유로운 여행 방식을 고수합니다.","조명옥 씨는 팔공산 산행 후 서구 인근의 단골 초밥집에서 신선한 생선 초밥과 우동으로 정갈한 한 끼를 먹는 시간을 아낍니다. 조명옥 씨는 나물 반찬이 듬뿍 담긴 한정식이나 깔끔한 일식을 즐기며, 일주일에 한 번은 가족들과 함께 배달 앱으로 맛있는 음식을 시켜 먹습니다.","조명옥 씨는 배우자와 자녀들이 함께 사는 다세대주택에서 가족들의 기분을 세심하게 살피며 집안 분위기를 부드럽게 만드는 중심축 역할을 합니다. 조명옥 씨는 가족 간의 갈등이 생기면 상대의 말을 묵묵히 들어주며 중재하지만, 정작 본인의 서운함은 가슴속에 쌓아두는 습관이 있습니다.","조명옥 씨는 대구 서구에서 정보통신기술 전공 지식과 따뜻한 배려심을 바탕으로 주변 사람들을 돕고, 느긋한 일상의 소소한 행복을 추구하는 50대 여성입니다.","대구 서구의 오래된 골목 정취 속에서 생활하며, 대학 시절 정보통신기술을 전공하며 빠르게 변하는 세상의 속도를 체감했지만 지금은 느긋한 일상의 리듬을 더 소중히 여깁니다. 주변 사람들의 기분을 먼저 살피는 배려심이 몸에 배어 있어, 동네 지인들 사이에서 갈등이 생기면 조용히 이야기를 들어주며 중재하는 역할을 주로 맡습니다.","전공 지식을 바탕으로 스마트폰의 복잡한 설정이나 최신 앱 활용법을 빠르게 익혀 주변 친구들에게 친절하게 알려주곤 하며, 정해진 규칙보다는 상황에 맞게 유연하게 살림을 꾸려나가는 능숙함이 있습니다.","['스마트폰 최신 기능 및 앱 활용', '디지털 기기 기본 설정 및 문제 해결', '공감 기반의 갈등 중재 대화법', '유연한 가계 운영 및 살림 관리']",주말이면 친구들과 함께 팔공산의 완만한 산책로를 천천히 걷고 내려와 서구 인근의 단골 초밥집에서 정갈한 식사를 나누는 시간을 가장 아낍니다. 집에서는 임영웅의 노래를 배경음악 삼아 유튜브로 전국의 아름다운 수목원 영상을 찾아보며 마음의 안정을 찾습니다.,"['팔공산 둘레길 산책', '유튜브 수목원 및 정원 영상 시청', '임영웅 노래 감상', '대구 서구 일대 일식집 탐방']",거창한 사회적 성공보다는 동네 복지관이나 도서관에서 디지털 기기 사용에 어려움을 겪는 어르신들을 돕는 소소한 봉사 활동을 통해 삶의 보람을 채우고 싶어 합니다.,여자,57,배우자있음,비현역,배우자·자녀와 거주,다세대주택,4년제 대학교,정보통신기술,무직,대구-서구,대구,대한민국
bf6b7b20cd3a42fdaea83bcaafa5a10d,"선애경 씨는 압구정동 일대 아파트 부녀회에서 오랫동안 활동하며 이웃 간의 미묘한 갈등을 중재하고 지역 정보를 빠르게 공유하는 실질적인 네트워크 관리자 역할을 수행해 왔습니다. 고등학교 졸업 후 전업주부로서 가족의 건강과 입맛을 세밀하게 챙기는 내조에 전념하며, 손님의 성향에 맞춘 정갈한 상차림과 편안한 분위기를 만드는 접객 능력을 전문성 수준으로 발전시켰습니다.","선애경 씨는 매일 오후 도산공원 산책로를 천천히 걸으며 계절의 변화를 살피고, 동네 사우나에서 따뜻한 물에 몸을 담그며 하루의 피로를 씻어내는 정적인 활동을 즐깁니다. 격렬한 운동 대신 몸의 긴장을 풀어주는 가벼운 스트레칭과 산책을 통해 적정 체중과 허리둘레를 유지합니다.","선애경 씨는 유튜브에서 북유럽풍 거실 꾸미기 영상을 챙겨보며 작은 소품 하나로 집안 분위기를 바꾸는 일에 몰두하고, 거실의 작은 테이블 위치를 몇 센티미터 옮기는 것으로 소소한 성취감을 얻습니다. 화려한 예술 작품을 감상하는 일보다 정갈하게 정돈된 공간이 주는 편안함을 추구하며, 집안 곳곳에 취향이 담긴 작은 꽃병들을 배치합니다.","선애경 씨는 가족들과 함께 전국의 숨은 맛집을 찾아 떠나는 식도락 여행을 즐기며, 특히 제철 식재료를 사용하는 지방의 이름난 한정식집을 예약해 방문하는 일에 공을 들입니다. 여행지에서도 빡빡한 일정 대신 현지의 유명한 빵집이나 카페에서 느긋하게 시간을 보내는 여유로운 경로를 설계합니다.","선애경 씨는 주말마다 남편과 함께 도산공원 근처의 조용한 일식집에서 가이세키 요리를 나누며 담소를 나누고, 평소에는 나물 위주의 정갈한 한식 상차림을 가족들에게 내놓습니다. 배달 음식은 한 달에 한 번 정도만 이용할 만큼 집밥의 퀄리티를 중요하게 생각하며, 상대의 취향을 고려해 메뉴를 구성하는 섬세한 식탁 매너를 갖췄습니다.","선애경 씨는 자녀들이 독립한 후 남편과 함께 보낼 평온한 노후를 설계하며, 가족 구성원들이 정서적으로 흔들리지 않도록 보이지 않는 곳에서 세밀하게 살피는 정서적 지주 역할을 합니다. 때로는 자녀들의 삶에 지나치게 간섭하고 싶은 욕구를 누르며 유연하게 대처하려 노력하지만, 가끔은 서운함을 내비치며 애정을 갈구하는 모순적인 모습을 보이기도 합니다.","선애경 씨는 강남 압구정에서 오랜 시간 가족의 안녕과 지역 사회의 관계망을 세심하게 가꾸어 온, 우아함과 책임감을 동시에 지닌 전업주부입니다.","강남구 압구정동 일대에서 오랜 시간 거주하며 자녀들을 키워냈고, 아파트 부녀회 활동을 통해 지역 사회의 세밀한 인간관계망을 관리하며 살아왔습니다. 고등학교 졸업 후 바로 가정생활에 전념하며 집안의 크고 작은 대소사를 챙기는 내조의 역할을 충실히 수행한 세대입니다.",가족들의 컨디션과 입맛을 세밀하게 파악해 제철 식재료로 정갈한 상차림을 내놓는 살림 솜씨가 뛰어납니다. 특히 손님을 초대했을 때 상대의 성향에 맞춰 메뉴를 구성하고 편안한 분위기를 만드는 접객 능력이 탁월합니다.,"['제철 식재료를 활용한 한식 상차림', '지역 커뮤니티 내 인적 네트워크 관리', '효율적인 가계 예산 집행 및 자산 관리', '맞춤형 뷰티 및 건강 정보 큐레이션']","주말이면 남편과 함께 도산공원 인근의 조용한 일식집에서 가이세키 요리를 즐기며 담소를 나누고, 단골 피부관리실에서 정기적으로 관리를 받으며 자기 관리를 합니다. 오후에는 유튜브에서 최신 인테리어 소품 영상을 찾아보며 거실의 작은 가구 배치를 바꾸는 일에서 소소한 성취감을 느낍니다.","['청담동 일대 일식 오마카세 맛집 탐방', '도산공원 산책로 걷기', '유튜브 인테리어 및 라이프스타일 영상 시청', '동네 지인들과의 정기적인 사우나 모임']",사회적인 성취나 직업적 성공보다는 자녀들이 독립한 후 남편과 함께 보낼 평온한 노후의 일상을 설계하는 데 집중하고 있습니다. 거창한 목표 대신 매일의 작은 루틴을 지키며 가족 구성원 모두가 정서적으로 안정된 상태를 유지하는 것을 가장 큰 가치로 둡니다.,여자,54,배우자있음,비현역,배우자·자녀와 거주,아파트,고등학교,해당없음,무직,서울-강남구,서울,대한민국
c42f31ad112f48679dfd619ef8b335b4,"이병희 씨는 안양의 한 연구소에서 까다로운 박사들의 요구사항을 능숙하게 조율하며, 한글 프로그램의 표 만들기나 레이아웃 기능을 활용해 가독성 높은 기술 보고서를 완성하는 데 자부심을 느끼는 베테랑 사무 보조원입니다. 정해진 마감 기한을 맞추기 위해 치밀하게 서류를 정리하면서도, 가끔 자신의 업무 방식이 무시당했다고 느끼면 순간적으로 뾰족한 말투가 튀어나오는 예민함을 보입니다.","이병희 씨는 주말이면 수리산 등산 코스를 오르내리며 땀을 흘리고, 하산 길에 단골 식당에서 오징어볶음에 막걸리 한 잔을 곁들이며 친구들과의 시끌벅적한 대화를 주도합니다. 활동적인 레포츠를 즐기면서도 정작 무리한 운동 뒤에는 며칠 동안 근육통에 시달리며 소파에 누워 휴식을 갈구하는 모습을 보입니다.","이병희 씨는 평촌의 오래된 카페 구석에서 015B나 신승훈의 노래를 들으며 대학 시절 읽었던 헤겔과 칸트의 철학 서적을 다시 펼쳐 읽으며 마음의 안정을 찾습니다. 잠들기 전에는 팟캐스트를 통해 최신 시사 이슈를 챙겨 들으며, 자신이 세상의 흐름에서 뒤처지고 있지 않은지 끊임없이 확인하는 습관이 있습니다.","이병희 씨는 마음 맞는 친구들과 함께 강원도나 제주도로 떠나 서핑이나 트레킹 같은 레포츠 활동을 즐기며 일상의 스트레스를 해소합니다. 여행지에서도 동선을 꼼꼼하게 세워 일행을 이끌지만, 예상치 못한 변수가 생기면 금세 예민해져 주변 사람들을 긴장시키기도 합니다.","이병희 씨는 평소 주 2~3회 정도 배달 앱으로 간편하게 끼니를 해결하며, 2주에 한 번쯤은 단골 주점에서 친구들과 함께 매콤한 오징어볶음이나 도토리묵 같은 한식을 안주 삼아 술잔을 기울입니다. 정갈한 고깃집보다는 소박하고 시끌벅적한 분위기의 동네 술집에서 사람들과 어울리며 에너지를 얻습니다.","이병희 씨는 안양 아파트에서 혼자 거주하며 고요한 독립 생활을 유지하지만, 가끔씩 본가 부모님을 찾아뵙고 형제들과 시간을 보내며 가족으로서의 소속감을 확인합니다. 겉으로는 쾌활한 싱글의 삶을 즐기는 듯 보여도, 문득 찾아오는 지독한 외로움에 밤늦게 옛 친구들에게 전화를 걸어 안부를 묻곤 합니다.","이병희 씨는 안양의 연구소에서 성실히 근무하며 철학적 사유와 사회적 교류 사이에서 균형을 찾으려 노력하는, 외유내강형의 50대 미혼 남성입니다.","안양 평촌의 오래된 카페에서 90년대 가요를 들으며 시간을 보내고, 대학 시절 전공한 서양 철학 서적을 다시 꺼내 읽으며 내면의 불안을 다스리는 습관이 있습니다. 겉으로는 쾌활하고 사교적이지만 혼자 있는 시간에는 깊은 생각에 잠기며 예민하게 자신의 감정을 살피는 X세대의 정서를 가지고 있습니다.","연구소 내의 복잡한 행정 절차와 서류 양식을 정확하게 정리하며, 까다로운 연구원들의 요구사항을 유연하게 조율해 마감 기한을 맞추는 능력이 탁월합니다. 특히 한글 프로그램의 고급 기능을 활용해 가독성 높은 기술 보고서 레이아웃을 잡는 데 능숙합니다.","['연구 보고서 서식 최적화', '행정 일정 조율 및 관리', '한글 및 오피스 소프트웨어 숙련', '연구소 자산 및 비품 관리']",주말이면 수리산 등산 후 하산 길에 단골 식당에서 오징어볶음과 막걸리를 즐기며 친구들과 시끌벅적하게 분위기를 주도하는 시간을 보냅니다. 잠들기 전에는 팟캐스트를 통해 최신 시사 상식을 챙기며 세상의 흐름에서 뒤처지지 않으려 노력합니다.,"['수리산 및 관악산 등산', '동네 선술집에서 지인들과의 술자리', '시사 및 인문학 팟캐스트 청취', '90년대 가요 및 LP 감상', '평촌 인근 소규모 갤러리 탐방']","현재의 안정적인 고용 상태를 유지하며 연구소 내에서 없어서는 안 될 든든한 살림꾼으로 인정받는 것에 만족하며, 퇴직 후에는 작은 공방을 운영하며 소일거리를 찾는 삶을 계획하고 있습니다. 급격한 승진이나 성공보다는 매일의 평온함과 소속감을 유지하는 것을 중요하게 생각합니다.",남자,52,미혼,비현역,혼자 거주,아파트,4년제 대학교,예술·인문,사무 보조원,경기-안양시 동안구,경기,대한민국
4b278172a1714138897517e7da5b0931,"박성주 씨는 인천 계양구의 오래된 빌라촌에서 배관의 미세한 떨림과 소리만으로 누수 지점을 정확히 짚어내는 베테랑 보일러 기술자입니다. 마감 처리가 조금이라도 어긋나면 이미 완료한 작업이라도 다시 뜯어내고 재시공하는 고집스러운 완벽주의 때문에 작업 시간이 예상보다 길어지곤 하지만, 그 정직함 덕분에 지역 주민들 사이에서 믿고 맡기는 기술자로 통합니다.","박성주 씨는 주말이면 다세대주택 옥상에 마련한 작은 텃밭에서 흙을 만지며 고추와 상추를 가꾸는 원예 활동을 통해 몸과 마음의 긴장을 풉니다. 따로 헬스장을 찾지는 않지만, 좁은 골목길을 누비며 장비를 운반하고 텃밭의 잡초를 뽑는 일상적인 움직임만으로도 충분한 활동량을 채우고 있습니다.","박성주 씨는 퇴근 후 낡은 소파에 기대어 TV 뉴스를 시청하거나 유튜브에서 최신 배관 시공 사례 영상을 찾아보며 시간을 보냅니다. 정규 교육 과정이 짧았던 것에 대한 아쉬움으로 틈틈이 인문학 서적을 읽으며 세상을 보는 안목을 넓히려 노력하며, 화려한 전시회보다는 자연이 주는 투박한 색감을 더 깊이 체감합니다.",박성주 씨는 가족들의 손을 잡고 강원도 인제의 원대리 자작나무 숲을 찾아 하얀 나무 기둥 사이를 천천히 거닐며 마음의 소란을 잠재우는 여행을 즐깁니다. 북적이는 관광 명소보다는 숲의 정적과 맑은 공기를 마시며 아내와 도란도란 이야기를 나누는 정적인 풍경 감상을 가장 소중하게 여깁니다.,박성주 씨는 한 달에 한 번 가족들과 함께 동네 갈빗집에서 양념갈비를 구워 먹으며 외식의 즐거움을 만끽합니다. 2주에 한 번 정도는 단골 주점에서 시원한 맥주와 노가리를 곁들이며 동료 기술자들과 그날의 작업 고충을 털어놓는 소박한 술자리를 즐깁니다.,"박성주 씨는 계양구 자가 주택에서 아내와 자녀들과 함께 어울려 살며, 무뚝뚝한 말투 속에서도 가족을 향한 깊은 책임감을 드러내는 가장입니다. 자녀들에게는 화려한 학벌보다 정직하게 땀 흘려 일하는 가치를 강조하며, 주말마다 옥상 텃밭에서 수확한 싱싱한 채소를 식탁에 올리는 소소한 기쁨을 공유합니다.","박성주 씨는 인천 계양구에서 정직한 기술 하나로 자수성가한 60대 보일러 설치 전문가로, 가족과 텃밭을 사랑하는 성실하고 책임감 강한 가장입니다.","인천 계양구의 오래된 골목길에서 젊은 시절을 보내며 성실함 하나로 내 집 마련의 꿈을 이뤘고, 정규 교육 과정은 짧았지만 삶의 현장에서 부딪히며 배운 실용적인 지혜를 더 가치 있게 여깁니다.","배관의 미세한 떨림이나 소리만으로도 누수 지점을 정확히 찾아내며, 마감 처리가 조금이라도 어긋나면 다시 뜯어낼 정도로 시공 완성도에 엄격한 기준을 가지고 있습니다.","['노후 주택 난방 배관 정밀 진단', '고효율 보일러 최적 위치 설계 및 설치', '가스 누설 정밀 점검 및 안전 조치', '현장 맞춤형 배관 굴곡 가공 기술']","주말이면 다세대주택 옥상 텃밭에서 고추와 상추를 정성껏 가꾸며 마음을 정리하고, 가족들과 함께 강원도 인제의 자작나무 숲을 찾아 조용히 풍경을 감상하는 시간을 즐깁니다.","['옥상 텃밭 작물 재배', '한국 역사 소설 탐독', '강원도 숲길 가족 여행', '지역 성당 공동체 봉사 활동']","이제는 큰 수익보다는 자신이 가진 기술을 정직하게 전수하는 일에 보람을 느끼며, 동네 사람들이 가장 먼저 믿고 찾는 '마지막까지 책임지는 기술자'로 기억되길 바랍니다.",남자,60,배우자있음,비현역,배우자·자녀와 거주,다세대주택,중학교,해당없음,건물용 보일러 설치 및 정비원,인천-계양구,인천,대한민국
09220b788f354ca3949fda80944758aa,"김상영 씨는 울주군 마을에서 법학 전공 지식을 활용해 이웃들의 복잡한 등기 서류나 민원 신청서를 꼼꼼히 훑어주며 해결사 역할을 합니다. 정년퇴직 후 공식적인 직함은 없지만, 마을 회의에서 논리적인 말투로 갈등을 유연하게 중재하며 여전히 누군가에게 필요한 존재라는 만족감을 느낍니다.",김상영 씨는 주말마다 배우자의 손을 잡고 영남알프스의 완만한 숲길을 천천히 거닐며 계절의 변화를 살핍니다. 숨이 턱 끝까지 차오르는 격렬한 운동보다는 동네 야산을 느릿하게 오르내리며 잡생각을 비워내는 정적인 움직임을 즐깁니다.,김상영 씨는 마당 평상에 누워 7080 시절의 오래된 팝송이나 가요를 크게 틀어놓고 멍하게 하늘을 바라보는 시간을 가장 아낍니다. 가끔은 돋보기를 쓰고 낡은 인문학 서적을 읽거나 유튜브로 옛날 가수들의 공연 영상을 찾아보며 추억에 잠깁니다.,김상영 씨는 복잡한 관광지보다는 가족들과 함께 울주군 곳곳의 조용한 숲길이나 이름 없는 계곡을 찾아다니는 소박한 여행을 떠납니다. 화려한 일정표 없이 발길 닿는 대로 걷다가 경치 좋은 곳에 멈춰 서서 한참 동안 풍경을 감상하는 식의 여유를 부립니다.,"김상영 씨는 일주일에 네다섯 번은 집 밖에서 식사를 해결하며, 특히 동네 중국집의 짜장면이나 정갈한 나물 정식을 파는 한식당을 자주 찾습니다. 배달 음식은 한 달에 한 번 있을까 말까 할 정도로 드물며, 직접 식당에 가서 사람들과 얼굴을 맞대고 식사하는 분위기를 중요하게 생각합니다.","김상영 씨는 연로하신 부모님과 배우자를 한집에 모시고 살며, 집안의 궂은일을 도맡아 처리하는 듬직한 아들이자 남편입니다. 부모님의 투정에도 허허 웃으며 넘기는 너그러운 성격이지만, 가끔은 배우자가 건강 관리에 대해 잔소리를 하면 못 들은 척 딴청을 피우는 고집을 부리기도 합니다.","김상영 씨는 법학 전공의 논리력과 원만한 성품을 갖춘 울주군의 은퇴자로, 가족과 함께 건강한 노후와 여유로운 일상을 가꾸어가는 인물입니다.","울산 울주군의 한적한 마을에서 자가 주택을 가꾸며 지내고 있으며, 급격한 산업화 시대를 관통하며 얻은 현실 감각과 법학 전공자의 논리적 사고가 몸에 배어 있습니다. 주변 이웃들과 두루 원만한 관계를 유지하며 마을의 크고 작은 갈등을 유연하게 중재하는 역할을 자처합니다.","행정 및 법률 관련 서류를 꼼꼼히 검토하여 가족이나 지인들의 복잡한 민원 처리를 도와주거나, 모임에서 분위기를 부드럽게 이끄는 능숙한 소통 능력을 갖추고 있습니다.","['행정 서류 검토 및 작성', '갈등 중재 및 협상', '지역 사회 네트워킹', '가계 자산 관리']","집 마당에 앉아 오래된 팝송이나 가요를 틀어놓고 멍하게 시간을 보내거나, 동네 단골 중국집에서 짜장면을 먹으며 지인들과 담소를 나누는 시간을 즐깁니다. 주말에는 가족들과 함께 울주군의 숲길을 걷거나 조용한 한식집에서 나물 정식을 먹으며 휴식을 취합니다.","['옛 팝송 및 가요 감상', '울주군 숲길 산책', '동네 중식당 탐방', '나물 중심의 한식 외식', '가족 동반 자연 경관 여행']",직장 생활에서 벗어나 이제는 공복 혈당과 혈압 수치를 안정적으로 관리하며 건강한 노후를 보내는 것에 집중하고 있습니다. 배우자와 연로하신 부모님을 모시고 영남알프스의 계절 변화를 천천히 감상하며 여유로운 일상을 누리는 것이 현재의 가장 큰 목표입니다.,남자,66,배우자있음,비현역,배우자·편부모와 거주,단독주택,4년제 대학교,경영·행정·법,무직,울산-울주군,울산,대한민국
b84ad909ad934fd3a86b61b8f3239e47,장정대 씨는 은퇴 후에도 아파트 단지 내 고장 난 문손잡이를 고쳐주거나 화단 잡초를 뽑으며 부지런히 손을 움직입니다. 경로당에서 어르신들 사이에 말다툼이 벌어지면 조용히 다가가 양쪽의 이야기를 끝까지 듣고는 적당한 타협점을 찾아내어 분위기를 가라앉힙니다.,"장정대 씨는 매달 정기적으로 열리는 산악회 모임에 참여해 남양주의 낮은 산등성이를 천천히 오르며 땀을 흘립니다. 가파른 구간에서는 뒤처지는 동료의 짐을 슬쩍 들어주며 보조를 맞추고, 정상에서 마시는 시원한 보리차 한 잔에 큰 만족을 느낍니다.",장정대 씨는 돋보기를 쓰고 거실 소파에 앉아 역사 서적이나 신문 사설을 꼼꼼히 읽으며 세상을 살핍니다. 다산생태공원의 정자에 앉아 흐르는 강물을 멍하니 바라보며 계절에 따라 변하는 나무의 색깔을 관찰하는 시간을 가장 아낍니다.,"장정대 씨는 친목 단체 회원들과 함께 전국의 명승지를 찾아다니며 탁 트인 풍경을 감상하는 여행을 즐깁니다. 화려한 관광지보다는 울창한 숲길이나 조용한 사찰을 찾아가며, 여행지에서 만난 낯선 이들에게 먼저 살갑게 말을 건네며 분위기를 띄웁니다.",장정대 씨는 일주일에 한 번 단골 식당을 찾아 몽글몽글한 순두부찌개에 갓 지은 밥을 곁들여 지인들과 수다를 떱니다. 한 달에 한 번 정도는 아내의 성화에 못 이겨 스마트폰 앱으로 피자나 햄버거 같은 서양 음식을 주문해 낯선 맛을 경험합니다.,"장정대 씨는 무뚝뚝한 말투지만 아내가 좋아하는 간식을 기억해 챙겨주는 다정한 남편이며, 주말이면 자녀들의 집을 방문해 손주들의 재롱을 보며 허허 웃습니다. 자식들에게 짐이 되지 않으려 애쓰면서도, 가끔은 은근히 자신을 필요로 하는 분위기를 풍기며 관심을 갈구하는 면이 있습니다.","장정대 씨는 남양주에서 성실함과 포용력으로 이웃들의 신뢰를 받는, 건강하고 활동적인 80대 어르신입니다.","전쟁 직후의 혼란 속에서 성장해 남양주의 논밭이 아파트 단지로 변하는 과정을 모두 지켜봤으며, 중학교 졸업 후 일찍이 사회생활을 시작하며 몸으로 익힌 성실함을 삶의 지표로 삼았습니다.","동네 경로당이나 친목회에서 갈등이 생기면 양쪽 이야기를 묵묵히 듣고 절충안을 찾아내어 분위기를 부드럽게 만드는 중재 능력이 탁월하며, 아파트 단지 내 간단한 시설 보수나 정원 관리를 꼼꼼하게 처리합니다.","['경로당 내 갈등 중재', '아파트 단지 내 간단한 시설 보수', '효율적인 나들이 일정 짜기', '어르신 대상 스마트폰 기본 기능 안내']","주말이면 아내와 함께 물의 정원이나 다산생태공원을 천천히 거닐며 계절의 변화를 살피고, 일주일에 한 번은 단골 두부집에서 하얀 순두부찌개를 먹으며 지인들과 소소한 일상을 나눕니다.","['물의 정원 산책', '다산생태공원 사진 찍기', '순두부찌개 맛집 탐방', '정오의 낮잠', '지역 도서관에서 역사 서적 읽기']","자식들에게 짐이 되지 않고 스스로 건강을 관리하며, 매달 열리는 산악회 모임에서 사람들의 이야기를 들어주는 든든한 어른으로 남고 싶어 합니다.",남자,81,배우자있음,비현역,배우자와 거주,아파트,중학교,해당없음,무직,경기-남양주시,경기,대한민국
c57fc2e66fbe48198c9337e9eb7d98a4,"이지현 씨는 교육 서비스 마케팅 분야에서 틱톡과 인스타그램 릴스 같은 숏폼 콘텐츠의 조회수를 치밀하게 분석해 광고 효율을 극대화하며, 캠페인 예산 정산 시 1원이라도 틀리면 잠을 이루지 못하는 꼼꼼함을 보입니다. 협력사 미팅에서는 싹싹한 태도로 분위기를 주도하며 빠르게 계약을 성사시키지만, 정작 사무실 책상 아래에서는 밀려오는 불안함에 손톱 주변 살을 뜯는 버릇이 있습니다.","이지현 씨는 격렬한 운동보다는 친구들과 함께 서울 시내의 예쁜 거리를 걷거나 팝업 스토어 대기 줄을 서며 시간을 보내는 활동적인 산책을 즐깁니다. 가끔은 기분 전환을 위해 집 근처 산본 근린공원을 천천히 거닐며 유튜브 플레이리스트를 듣고, 복잡한 생각들을 정리하며 가벼운 신체 활동으로 긴장을 풉니다.","이지현 씨는 대학로의 작은 소극장 연극을 관람하며 낯선 이의 삶에 깊이 몰입하는 시간을 소중히 여기며, 공연이 끝난 후에는 여운을 기록하기 위해 정성스럽게 다이어리를 꾸밉니다. 주말이면 성수동의 전시 공간을 찾아가 감각적인 사진을 남기고, 집에서는 분위기 있는 로파이 음악을 틀어놓고 오직 자신만의 세계에 빠져드는 시간을 보냅니다.","이지현 씨는 친구들과 함께 해외 마케팅 트렌드 연수나 디자인 세미나 같은 교육 목적의 여행을 떠나 새로운 영감을 얻는 것을 즐깁니다. 여행지에서도 단순히 구경하는 것에 그치지 않고, 현지의 팝업 스토어 운영 방식이나 굿즈 디자인을 꼼꼼히 분석해 자신의 업무 노트에 기록하는 직업병적인 습관이 있습니다.","이지현 씨는 일주일에 두세 번 정도 친구들과 함께 육즙 가득한 삼겹살집이나 정갈한 한정식집에서 외식을 즐기며, 스트레스를 받는 날에는 집에서 매콤한 떡볶이와 튀김 세트를 배달시켜 먹습니다. 특히 바쁜 업무 중에 간단히 해결해야 할 때는 집 근처 김밥집에서 참치김밥과 라면으로 끼니를 때우는 소박한 식성을 가지고 있습니다.","이지현 씨는 경기 군포시의 다세대주택에서 부모님과 함께 지내며 정서적인 안정감을 얻지만, 가끔은 부모님의 지나친 관심이 답답해 방 안으로 숨어버리곤 합니다. 평소에는 다정한 딸의 모습을 보이며 가족들과 함께 시간을 보내지만, 자신의 커리어 고민이나 내면의 불안함은 쉽게 털어놓지 못하고 혼자 삭이는 편입니다.","이지현 씨는 교육 마케팅 분야에서 탁월한 성과를 내며 고소득을 올리는 22세 사회초년생으로, 화려한 사회적 모습 뒤에 예민함과 불안을 안고 살아가는 인물입니다.","경기 군포시 산본동의 조용한 주택가에서 자라며 안정적인 환경을 누렸지만, 성인이 된 후에는 서울의 화려한 팝업 스토어나 전시회를 찾아다니며 에너지를 얻습니다. 고등학교 졸업 후 빠르게 실무에 뛰어든 덕분에 또래보다 사회적 경험은 많지만, 문득 찾아오는 공허함과 불안감을 털어내려 밤늦게 집 근처 편의점 앞에서 담배를 피우며 생각을 정리하곤 합니다.","교육 서비스 타겟의 심리를 정확히 꿰뚫는 숏폼 콘텐츠 기획과 데이터 기반의 광고 효율 최적화에 능숙합니다. 꼼꼼한 성격을 바탕으로 캠페인 예산 집행 내역을 1원 단위까지 맞추며, 협력사와의 미팅에서는 특유의 사교성으로 빠르게 우호적인 분위기를 조성해 계약을 끌어냅니다.","['틱톡 및 릴스 숏폼 콘텐츠 기획', '구글 애널리틱스를 활용한 전환율 분석', '교육 서비스 타겟팅 광고 카피라이팅', '인플루언서 섭외 및 커뮤니케이션']","대학로의 소극장 연극을 관람하며 타인의 삶에 몰입하는 시간을 즐기고, 주말이면 친구들과 함께 성수동의 새로운 디저트 카페를 찾아다니며 사진을 찍습니다. 평소에는 유튜브의 플레이리스트 채널을 통해 분위기에 맞는 음악을 틀어놓고 다이어리를 꾸미며 한 주를 계획하는 루틴으로 불안한 마음을 다스립니다.","['대학로 소극장 연극 관람', '성수동 디저트 카페 투어', '디지털 다이어리 꾸미기', '유튜브 플레이리스트 수집']","단순한 마케팅 실행자를 넘어 교육 시장의 트렌드를 직접 만드는 디렉터가 되어 자신의 이름만으로 신뢰받는 커리어를 쌓고 싶어 합니다. 업무적 성취만큼이나 내면의 안정을 중요하게 여기기에, 시스템화된 업무 프로세스를 구축해 심리적 압박감을 줄이면서도 성과를 내는 효율적인 운영 모델을 만드는 것이 목표입니다.",여자,22,미혼,비현역,부모와 동거,다세대주택,고등학교,해당없음,마케팅 전문가,경기-군포시,경기,대한민국
2ad67b5832a845e39dbf6ceecf6066f2,이영락 씨는 군포 공단에서 수십 년간 몸으로 익힌 감각을 활용해 적재함 구석구석을 빈틈없이 채워 넣는 숙련된 하역 노동자입니다. 이영락 씨는 무거운 짐을 옮길 때 무릎보다 골반의 중심을 이용해 몸의 무리를 줄이는 효율적인 동선을 짜며 묵묵히 일합니다.,"이영락 씨는 격렬한 운동보다는 주말에 수리산 둘레길을 천천히 걷거나 집 근처 공원을 산책하며 굳은 몸을 풉니다. 이영락 씨는 계획적인 운동 루틴을 짜는 일을 금방 지루해하며, 그날의 기분에 따라 발길 닿는 대로 걷는 시간을 즐깁니다.",이영락 씨는 낡은 카오디오에서 흘러나오는 조용필의 '창밖의 여자'나 '킬리만자로의 표범' 같은 노래를 들으며 마음의 안정을 찾습니다. 이영락 씨는 거창한 전시회보다는 지역 축제에서 들려오는 왁자지껄한 풍물패 소리나 자연의 소리에 귀 기울이는 것을 좋아합니다.,이영락 씨는 주말이면 운전대를 잡고 가평이나 양평의 한적한 국도를 달리며 창밖으로 펼쳐지는 산과 강줄기를 감상합니다. 이영락 씨는 유명 관광지의 빡빡한 일정표를 따르기보다 도로 위에서 우연히 발견한 이름 없는 정자나 숲길에 차를 세우고 멍하게 쉬는 시간을 보냅니다.,"이영락 씨는 주 5회 이상 집 밖에서 식사를 해결하며, 주로 된장찌개나 청국장 같은 고기 없는 한식 차림이나 동네 분식집의 김밥과 떡볶이를 즐겨 먹습니다. 이영락 씨는 배달 앱을 사용해 일주일에 몇 번씩 야식을 시키며 소소한 미식의 즐거움을 누립니다.","이영락 씨는 전세 아파트에서 배우자와 자녀들과 함께 북적이며 살면서도, 정작 집안에서는 말을 아끼고 묵묵히 자리를 지키는 전형적인 아버지의 모습입니다. 이영락 씨는 자녀들에게 엄격하기보다 그들이 사회에 잘 안착하기를 바라며 현실적인 조언을 건네는 든든한 버팀목 역할을 자처합니다.","이영락 씨는 군포 공단에서 성실하게 일하며 가족의 안정을 책임지는 60대 가장으로, 조용필의 노래와 수리산의 풍경 속에서 소박한 행복을 찾는 인물입니다.","고등학교 졸업 후 곧장 현장 일에 뛰어들어 군포의 공단 분위기와 함께 나이 들었습니다. 전세 아파트에서 가족들과 북적이며 사는 소박한 일상에 만족하며, 튀지 않고 묵묵히 자기 자리를 지키는 것을 미덕으로 여깁니다.","적재함의 남는 공간 없이 물건을 촘촘하게 쌓아 올리는 감각이 탁월하며, 무거운 짐을 옮길 때 몸의 중심을 이용해 무리를 줄이는 효율적인 동선을 잘 짭니다.","['화물 적재 최적화', '현장 안전 하역 동선 설계', '중량물 운반 신체 제어', '단순 반복 작업의 효율적 순서 배치']","주말이면 차를 몰고 수리산 자락이나 인근 경기도 외곽의 한적한 도로를 달리며, 라디오에서 흘러나오는 조용필의 노래를 듣는 시간을 가장 아낍니다.","['수리산 둘레길 산책', '경기도 외곽 드라이브', '동네 분식집 떡볶이와 김밥 먹기', '조용필 노래 감상', '지역 소규모 꽃축제 구경']","큰 욕심보다는 지금처럼 큰 사고 없이 건강하게 일하며, 자녀들이 완전히 자리를 잡을 때까지 매달 일정한 소득을 유지하는 현실적인 안정을 추구합니다.",남자,61,배우자있음,비현역,배우자·자녀와 거주,아파트,고등학교,해당없음,하역 및 적재 관련 단순 종사원,경기-군포시,경기,대한민국
db318abc74dc4ee69759be4ea47c1840,강정애 씨는 성북구 아파트에서 수십 년간 살림을 도맡으며 제철 나물을 무치고 멸치볶음을 내는 손맛으로 자식들을 키워낸 내조의 전문가입니다. 동네 부녀회나 친목 모임에서 사람들 사이에 흐르는 미묘한 냉기를 읽어내고 부드럽게 말을 건네며 갈등을 잠재우는 중재자 역할을 톡톡히 합니다.,"강정애 씨는 해 질 녘 동네 공원에서 배드민턴 채를 휘두르며 땀을 흘리거나, 성북천 물길을 따라 천천히 걸으며 계절의 변화를 살핍니다. 가끔은 젊은 시절처럼 줄넘기를 몇 번 해보려 시도하지만, 금세 숨이 차올라 벤치에 앉아 가쁜 숨을 고르는 모습이 일상입니다.","강정애 씨는 거실에 임영웅의 노래를 크게 틀어놓고 가사를 음미하며 낮잠을 청하고, 성북구청 문화센터에서 서예 붓을 잡으며 마음의 소란을 잠재웁니다. 가끔 친구들과 최신 영화를 보러 가지만, 빠른 전개와 복잡한 내용 앞에서는 고개를 갸우뚱하며 옛날 영화의 서정성을 그리워합니다.",강정애 씨는 마음 맞는 친구들과 함께 강원도 설악산의 단풍이나 제주도의 푸른 바다를 찾아 떠나 풍경을 감상하며 일상의 답답함을 씻어냅니다. 여행지에서는 화려한 관광지보다는 조용한 숲길이나 이름 없는 작은 사찰을 걸으며 자연이 주는 위로에 귀를 기울입니다.,"강정애 씨는 집에서 정갈한 밑반찬과 제철 찌개를 끓여내는 것을 즐기지만, 외식 날에는 지글지글 익어가는 삼겹살이나 깔끔한 초밥 정식을 찾아갑니다. 한 달에 한 번 정도 자녀의 성화에 못 이겨 배달 앱으로 치킨을 시켜 먹으며 요즘 젊은이들의 식문화를 어설프게나마 경험합니다.","강정애 씨는 사별 후 자녀와 함께 아파트에 거주하며 서로를 의지하지만, 자녀의 방 문턱을 함부로 넘지 않으려 애쓰며 적절한 심리적 거리를 유지합니다. 자식들에게 정성껏 차린 밥상을 내어주는 것이 가장 큰 기쁨이면서도, 가끔은 오롯이 혼자 있고 싶어 하는 모순된 마음을 품고 있습니다.","강정애 씨는 성북구에서 자녀를 키워낸 강인함과 부드러운 중재 능력을 갖춘, 평온한 노후를 가꾸는 60대 여성입니다.","60년대 초반에 태어나 급변하는 서울의 풍경을 성북구에서 지켜보며 성장했습니다. 중학교 졸업 후 일찍이 가정을 꾸려 자녀를 뒷바라지하는 데 평생을 바쳤으며, 배우자와 사별한 후에는 자가 아파트에서 자녀와 함께 지내며 정서적 안정을 찾고 있습니다.","오랫동안 살림을 도맡아 하며 제철 식재료를 알뜰하게 관리하고, 정갈한 밑반찬을 만들어 내는 손맛이 좋습니다. 동네 모임에서 사람들의 이야기를 경청하며 미묘한 갈등을 부드럽게 중재하는 능력이 탁월합니다.","['제철 나물 무침', '알뜰한 가계 운영', '대인관계 갈등 중재', '모임 장소 선정 및 예약']","성북천 산책길을 따라 걷거나 주말이면 친구들과 북한산 자락의 조용한 찻집을 찾아다닙니다. 집에서는 임영웅의 노래를 크게 틀어놓고 낮잠을 자며 긴장을 풀거나, 가끔씩 배드민턴 채를 들고 동네 공원으로 나갑니다.","['임영웅 노래 감상', '북한산 인근 찻집 탐방', '성북천 산책', '동네 공원 배드민턴', '문화센터 서예 강좌']",거창한 성취보다는 성북구청 문화센터에서 서예나 꽃꽂이를 배워 마음의 평온을 유지하는 삶을 지향합니다. 자녀가 독립한 후에도 서로의 영역을 존중하며 적당한 거리감을 유지하는 성숙한 관계를 유지하고 싶어 합니다.,여자,63,사별,비현역,자녀와 거주 (한부모),아파트,중학교,해당없음,무직,서울-성북구,서울,대한민국
c6b3d55adc72479285bcafe9d8b9be24,"김동애 씨는 거제도 앞바다에서 갓 잡아 올린 멸치를 삭혀 짭조름한 멸치젓을 담그는 일에 평생의 자부심을 가지고 있으며, 손녀의 뜯어진 옷가지도 실 한 올 틀어짐 없이 꿰매버리는 정교한 바느질 솜씨를 가졌습니다.","김동애 씨는 오후 햇살이 가장 따스한 시간에 거제시내 아파트 단지 산책로를 천천히 걸으며, 마주치는 이웃들과 짧은 안부를 주고받는 것으로 하루의 운동량을 채웁니다.","김동애 씨는 텔레비전에서 나오는 옛날 노래 가락을 나지막이 따라 부르거나, 경로당 평상에 앉아 동네 사람들과 끝도 없이 이어지는 수다를 떨며 삶의 무료함을 달랩니다.","김동애 씨는 다리에 기운이 더 빠지기 전에 자녀들의 부축을 받아 성지순례 길을 다시 한번 걷고 싶어 하며, 기도를 올리는 경건한 시간 속에서 마음의 평안을 찾습니다.","김동애 씨는 2주에 한 번 가족들과 함께 나가는 한식집에서 나물 반찬과 맑은 된장찌개를 천천히 음미하며, 가끔은 동네 빵집에서 갓 구워낸 달콤한 단팥빵을 한 입 베어 무는 소소한 행복을 누립니다.","김동애 씨는 명절마다 온 가족이 모였을 때 혹여나 누구 하나 서운한 마음이 들어 다투지 않도록 중간에서 부드럽게 중재하며, 자녀들이 화목하게 밥상을 나누는 풍경을 보는 것을 가장 큰 보람으로 여깁니다.","김동애 씨는 거제도의 투박한 삶의 지혜와 가족에 대한 깊은 사랑을 간직한 채, 소박한 일상과 신앙 속에서 평온을 찾는 89세의 어르신입니다.","거제도 바닷바람을 맞으며 성장해 투박한 경상도 사투리가 몸에 배어 있으며, 학교 교육 대신 집안일과 밭일을 도우며 삶의 지혜를 익힌 세대입니다.","멸치젓을 담그거나 제철 해조류를 손질하는 솜씨가 뛰어나며, 낡은 옷가지의 터진 솔기를 꼼꼼하게 꿰매는 손바느질에 능숙합니다.","['멸치젓 담그기', '제철 나물 무침', '손바느질과 옷 수선', '살림살이 갈무리']","동네 경로당에서 친구들과 모여 앉아 소소한 이야기를 나누고, 가끔 자녀들의 손을 잡고 동네 빵집에서 갓 나온 단팥빵을 사 먹는 시간을 기다립니다.","['경로당 친구들과 수다 떨기', '아침 뉴스 시청', '단지 내 산책로 걷기', '성당 미사 참석', '단팥빵 사 먹기']","명절에 온 가족이 갈등 없이 한 상에 둘러앉아 밥을 먹는 화목한 풍경을 유지하고 싶어 하며, 다리가 더 약해지기 전에 성지순례 길을 한 번 더 걷기를 바랍니다.",여자,89,사별,비현역,기타2세대,아파트,무학,해당없음,무직,경상남-거제시,경상남,대한민국
2d2166eb1bbb493f91ad881af60e34c5,이정희 씨는 십수 년간 살림을 도맡아 하며 제철 나물의 신선도를 단번에 알아채고 정갈한 상차림을 차려내는 내조의 달인입니다. 친구들과의 모임 때마다 수첩에 이동 경로와 예상 비용을 꼼꼼히 적어 오차 없이 일정을 이끄는 해결사 역할을 자처합니다.,"이정희 씨는 반려견의 목줄을 쥐고 동네 공원을 천천히 거닐며 하루의 호흡을 가다듬는 시간을 갖습니다. 거창한 운동보다는 혈압 관리를 위한 일정한 보폭의 걷기에 집중하며, 가끔은 동네 사우나에서 땀을 빼며 근육의 긴장을 풉니다.","이정희 씨는 동네 작은 공방에서 한 땀 한 땀 정성을 들여 수공예품을 만들고, 이를 가족들에게 선물하며 소소한 성취감을 얻습니다. 정돈된 공간에서 무언가를 만들어내는 정적인 활동을 통해 마음의 평온을 찾습니다.",이정희 씨는 주말이면 친구들과 함께 양평이나 가평의 한적한 숲길을 드라이브하며 자연 속에서 휴식을 취합니다. 방문할 식당의 메뉴와 동선을 미리 세밀하게 짜놓고 움직여야 마음이 편안해지는 계획적인 여행자입니다.,"이정희 씨는 일주일에 네 번 이상 외식을 즐기며, 특히 정갈하게 나오는 일본식 소바나 텐동 집을 찾아다니는 시간을 가장 아낍니다. 고기류보다는 담백한 한식과 일식을 즐기며, 식재료를 선별하는 안목이 까다로워 입맛에 맞지 않는 식당은 다시는 방문하지 않습니다.","이정희 씨는 가족의 화목을 최우선으로 여기며, 아파트 단지 내에서 정돈된 집안 상태를 유지하는 것에 깊은 자부심을 느낍니다. 때로는 가족들에게 자신의 기준을 강요하며 비판적인 모습을 보이기도 하지만, 그 바탕에는 깊은 헌신과 애정이 깔려 있습니다.","이정희 씨는 용인 처인구에서 꼼꼼한 살림 솜씨와 계획적인 성격으로 가족의 안정을 일구며, 건강한 노후와 소소한 취미 생활을 가꾸는 60대 여성입니다.","용인 처인구의 조용한 아파트 단지에서 가족의 일상을 꼼꼼하게 챙기며 살아온 세월이 길어, 정돈된 집안 상태와 규칙적인 생활 리듬에서 깊은 심리적 안정을 찾습니다. 고등학교 졸업 후 빠르게 가정을 꾸려 헌신해 온 세대의 특성상, 개인의 성취보다는 가족의 화목과 안정적인 주거 환경을 유지하는 것에 더 큰 가치를 둡니다.","친구들과의 모임이나 가족 여행을 계획할 때 방문할 식당의 메뉴와 이동 동선, 예상 비용을 수첩에 세밀하게 기록해 오차 없이 일정을 이끄는 능력이 뛰어납니다. 오랜 시간 살림을 도맡아 하며 다져진 안목으로 식재료의 신선도를 빠르게 파악하고, 제철 나물을 활용해 정갈한 상차림을 차려내는 솜씨가 좋습니다.","['여행 일정 및 예산 세부 계획 수립', '제철 식재료를 활용한 한식 상차림', '가계부 작성 및 효율적인 자산 관리', '반려동물 건강 상태 관찰 및 케어']","주말이면 친한 친구들과 차를 타고 양평이나 가평의 한적한 숲길을 달리다, 정갈하게 나오는 일본식 소바나 텐동 집을 찾아다니는 시간을 가장 아낍니다. 평일 오후에는 반려견과 함께 동네 공원을 산책하고, 저녁에는 텔레비전 프로그램이나 유튜브로 최신 건강 정보를 찾아보며 메모하는 습관이 있습니다.","['수도권 외곽 드라이브 및 풍경 감상', '일본식 정식 및 소바 맛집 탐방', '반려견과 함께하는 동네 산책', '전통 사찰 및 문화유적지 답사', '동네 사우나에서 보내는 휴식 시간']","혈압 관리를 위해 매일 저녁 집 근처 산책로를 일정 거리만큼 걷는 것을 목표로 삼으며, 몸의 작은 변화에 민감하게 반응하며 건강한 노후를 준비합니다. 거창한 사회적 성취보다는 주변 지인들에게 신뢰받는 사람이 되는 것에 만족하며, 가끔은 작은 공방에서 배운 수공예품을 가족들에게 선물하며 소소한 성취감을 느낍니다.",여자,61,배우자있음,비현역,기타2세대,아파트,고등학교,해당없음,무직,경기-용인시 처인구,경기,대한민국
20ace8093f754cec943d460f01063f8f,"조동준 씨는 광주 금속가공 현장의 소음 속에서도 생산 병목 지점을 귀신같이 찾아내 엑셀 피벗 테이블로 정교하게 수치화하는 실무형 기획자입니다. 현장 작업자들의 거친 말투 뒤에 숨은 고충을 세심히 살피며 보고서를 쓰지만, 정작 본인의 책상 위 서류 뭉치는 정리가 안 되어 가끔 중요한 메모를 한참 찾곤 합니다.","조동준 씨는 주말마다 광산구의 볼링장에서 동호회 사람들과 하이파이브를 나누며 스트레스를 풀고, 가끔은 구청 체육센터에서 탁구 랠리를 즐깁니다. 승부욕에 불타기보다 함께 어울려 땀 흘리는 분위기를 즐기며, 경기 후 마시는 시원한 음료 한 잔의 여유를 만끽합니다.",조동준 씨는 퇴근길 소니 노이즈 캔슬링 헤드셋을 쓰고 타케우치 마리야의 시티팝에 몸을 맡기며 복잡한 도시의 소음을 차단합니다. 가끔 무등산 자락의 조용한 카페에 앉아 창밖 풍경을 멍하니 바라보며 내면의 불안함을 가라앉히는 정적인 시간을 보냅니다.,"조동준 씨는 휴가철이면 가족들과 함께 다낭의 미케 비치 앞 리조트나 후쿠오카의 온천 여관에 머물며 철저하게 아무것도 하지 않는 휴식을 취합니다. 빽빽한 관광 일정 대신 고급 호텔 조식을 천천히 즐기고 낮잠을 자는 등, 일상의 효율성 강박에서 완전히 벗어나는 순간을 갈망합니다.","조동준 씨는 퇴근 후 수완지구의 정갈한 보리밥집에서 나물 반찬을 곁들인 한식을 즐기거나, 기분 전환이 필요할 때는 파스타와 리조또가 맛있는 이탈리안 레스토랑을 찾습니다. 배달 음식은 2주에 한 번 정도로 제한하며, 직접 식당의 분위기와 서비스를 경험하며 식사하는 시간을 소중히 여깁니다.","조동준 씨는 미혼이지만 집안의 가장으로서 수완지구 아파트에서 형제들과 함께 살며 가족 간의 끈끈한 유대감을 유지하고 있습니다. 무뚝뚝한 듯하면서도 형제들의 필요를 세심히 챙기며, 가족 여행의 모든 일정과 예산을 책임지고 관리하는 든든한 버팀목 역할을 합니다.","조동준 씨는 광주 금속가공업계의 효율적인 기획자이자, 가족과 동료 사이의 조화를 중시하며 시티팝과 휴양지에서의 쉼을 통해 내면의 예민함을 달래는 32세 남성입니다.","광주 광산구 수완지구의 계획된 도시 환경에서 자라며 편리함과 정돈된 삶에 익숙하고, 공과대학 시절 습득한 효율 중심의 사고방식이 일상 곳곳에 녹아있습니다. 가끔 무등산 자락의 한적한 카페에서 시간을 보내며 복잡한 머릿속을 정리하거나, 지역 사회의 유대감이 강한 지인들과 어울리며 정서적 안정감을 찾습니다.","금속가공 공정의 흐름을 꿰고 있어 생산 현장의 병목 구간을 빠르게 파악하며, 이를 수치화해 분기별 경영 계획서로 구현하는 능력이 탁월합니다. 엑셀의 복잡한 함수와 피벗 테이블을 활용해 제조 원가를 분석하고 비용 절감 방안을 도출하는 작업에 능숙합니다.","['금속 가공 공정 분석', '전사적 자원 관리', '분기별 경영 실적 분석', '제조 원가 절감 프로세스 설계', '사업 계획서 작성']","주말이면 광산구 근처 볼링장에서 동호회 사람들과 가볍게 경기를 치르며 땀을 흘리고, 평일 밤에는 노이즈 캔슬링 헤드셋으로 잔잔한 시티팝을 들으며 하루의 긴장을 털어냅니다. 휴가철에는 다낭이나 후쿠오카의 조용한 리조트에서 아무것도 하지 않은 채 온전한 휴식을 취하는 시간을 소중히 여깁니다.","['수완지구 볼링 동호회 활동', '시티팝 및 로파이 음악 감상', '일본 소도시 힐링 여행', '파스타와 스테이크 맛집 탐방', '넷플릭스 시리즈 정주행']","현장과 사무실의 간극을 완벽히 메우는 유능한 관리자가 되어 동료들에게 두터운 신뢰를 받는 것을 목표로 합니다. 급격한 승진이나 모험적인 직무 전환보다는, 현재의 위치에서 운영 체계를 최적화해 실질적인 성과를 증명하며 차근차근 입지를 다지길 원합니다.",남자,32,미혼,비현역,형제자매와 동거 (가구주),아파트,4년제 대학교,공학·제조·건설,경영 기획 사무원,광주-광산구,광주,대한민국
f50d9df5ec184e48900f2d5c88f346ac,"김지민 씨는 강서구 물류 창고에서 박스 무게 중심을 기막히게 잡아 쌓아 올리는 솜씨로 인정받으며, 거친 현장 분위기를 능청스러운 농담으로 누그러뜨리는 분위기 메이커입니다. 다만 너무 배려하는 성격 탓에 나이 많은 동료들의 잔심부름을 마다하지 못해 퇴근 시간이 조금씩 늦어지는 고질적인 습관이 있습니다.","김지민 씨는 주말이면 마곡 서울식물원의 널찍한 산책로를 느릿하게 걸으며 계절마다 바뀌는 나무와 꽃들의 색감을 온몸으로 느끼는 시간을 가집니다. 격렬한 운동보다는 친구들과 수다를 떨며 걷는 가벼운 산책을 즐기며, 걷다가 마음에 드는 풍경을 발견하면 멈춰 서서 사진을 찍는 정적인 움직임을 좋아합니다.","김지민 씨는 스마트폰 갤러리에 서울식물원의 이름 모를 들꽃이나 구름 낀 하늘 사진을 가득 채워두고, 틈틈이 유튜브 쇼츠로 최신 유행하는 짧은 영상을 소비합니다. 거창한 예술 작품보다는 일상의 소소한 색감에 반응하며, 좋아하는 사진에 적절한 필터를 입혀 사회관계망서비스에 올리는 작은 성취감을 즐깁니다.","김지민 씨는 연인이나 친구와 함께 강원도 평창의 전나무 숲길처럼 초록빛이 가득한 곳으로 여행을 떠나 아무 생각 없이 풍경을 감상하는 시간을 보냅니다. 여행 계획을 꼼꼼하게 짜기보다 동행자가 가자는 곳에 군말 없이 따라가는 편이며, 그 과정에서 상대가 만족해하는 표정을 보는 것에 더 큰 행복을 느낍니다.","김지민 씨는 마곡지구의 수제버거 가게에서 육즙이 뚝뚝 떨어지는 두툼한 패티 버거를 크게 베어 물거나, 단골 식당에서 보글보글 끓는 순두부찌개에 밥을 슥슥 비벼 먹는 식사를 즐깁니다. 주 3회 정도는 밖에서 친구들과 어울려 고기 외의 한식을 먹으며, 가끔은 집에서 배달 앱을 통해 치즈가 듬뿍 들어간 피자를 시켜 먹으며 하루의 피로를 풉니다.","김지민 씨는 강서구 가양동의 전세 아파트에서 부모님과 함께 지내며 퇴근길에 부모님이 좋아하시는 꽈배기나 붕어빵 같은 간식을 사 들고 들어가는 다정한 아들의 모습을 보입니다. 부모님께 짐이 되지 않으려 집안일을 도맡아 하려 애쓰지만, 정작 본인의 방은 옷가지가 널브러져 있어 어머니께 매일 잔소리를 듣곤 합니다.","김지민 씨는 강서구 물류 현장에서 성실하게 일하며 부모님과 함께 안정을 꿈꾸는, 배려심 깊고 소박한 23세 청년입니다.","강서구 마곡동과 가양동 일대의 아파트 단지에서 성장하며 서울 서남권의 익숙한 골목 풍경 속에 삶이 배어 있습니다. 부모님과 함께 지내며 느끼는 가정의 안정감을 소중히 여기고, 친구들과 단톡방에서 실시간으로 소식을 주고받거나 유튜브 쇼츠 영상을 통해 최신 유행을 접하는 전형적인 요즘 청년의 일상을 보냅니다.",물류 창고에서 물건이 쏟아지지 않게 무게 중심을 정확히 잡아 쌓아 올리는 손끝 감각이 좋습니다. 나이 많은 동료들 사이에서 분위기가 험악해질 때면 적절한 타이밍에 넉살 좋게 말을 건네 상황을 부드럽게 만드는 유연한 소통 능력을 갖췄습니다.,"['하역물 적재 최적화 배치', '물류 센터 내 효율적 동선 파악', '다양한 연령대와의 갈등 중재', '중량물 안전 취급 및 운반']","주말이면 친구들과 서울식물원 산책로를 천천히 걸으며 계절마다 바뀌는 나무와 꽃들의 색감을 사진으로 남깁니다. 퇴근 후에는 마곡지구의 수제버거 가게에서 두툼한 패티가 들어간 버거를 먹거나, 동네 단골 식당에서 보글보글 끓는 순두부찌개에 밥을 비벼 먹으며 하루의 피로를 풉니다.","['서울식물원 풍경 사진 촬영', '마곡지구 수제버거 맛집 탐방', '동네 친구들과의 가벼운 술자리', '자극적이지 않은 한식 메뉴 찾기']","당장은 몸을 쓰는 일이 고되지만, 조만간 지게차 운전 기능사 자격증을 취득해 현장에서 조금 더 전문적인 역할을 맡고 싶어 합니다. 거창한 성공보다는 매달 받는 월급을 차곡차곡 모아 부모님의 짐을 덜어드리고, 언젠가 나만의 작은 보금자리를 마련하는 소박한 안정을 꿈꿉니다.",남자,23,미혼,비현역,부모와 동거,아파트,고등학교,해당없음,하역 및 적재 관련 단순 종사원,서울-강서구,서울,대한민국
70b99f24747040fc8ecb2cad3ce8d978,"조민경 씨는 설문지의 문항 하나가 결과값을 어떻게 뒤흔드는지 꿰뚫고 있는 꼼꼼한 조사 전문가로, 현장에서 거절하는 응답자의 미묘한 표정 변화를 포착해 대화를 유연하게 이끄는 노련함을 보여줍니다. 언젠가는 부천에 자신만의 리서치 컨설팅 사무실을 차려 일의 주도권을 완전히 쥐겠다는 야심을 품고 매일 복잡한 엑셀 시트와 씨름합니다.",조민경 씨는 주말 오후면 자전거를 타고 상동호수공원의 바람을 가르며 머릿속의 복잡한 데이터들을 하나씩 정리하곤 합니다. 가끔은 지인들과 당구장에 모여 큐대를 잡고 고도의 집중력을 발휘하며 일주일간 쌓인 업무 스트레스를 날려버리는 반전 매력을 보여줍니다.,조민경 씨는 좋아하는 플레이리스트를 크게 틀어놓고 갓 구운 소금빵의 고소한 향기를 맡으며 오롯이 혼자만의 고요한 시간을 만끽합니다. 늦은 밤 소파에 기대어 TV 프로그램을 시청하며 타인의 삶에 공감하고 생각에 잠기는 시간은 그녀가 세상과 소통하는 가장 편안한 방식입니다.,조민경 씨는 휴가철이 되면 가족들과 함께 제주도나 강원도의 조용한 리조트로 떠나 아무런 계획 없이 푹 쉬는 휴양 여행을 즐깁니다. 북적이는 유명 관광지를 찾아다니기보다 가족들과 도란도란 이야기를 나누며 정서적 허기를 채우는 시간에서 가장 큰 행복을 느낍니다.,"조민경 씨는 일주일에 한 번, 지글지글 구워지는 삼겹살집에서 동료들과 외식을 하며 업무의 긴장을 풀고, 또 한 번은 집에서 편하게 배달 음식을 시켜 먹습니다. 특히 단골 빵집에서 갓 나온 소금빵을 한 봉지 가득 사 들고 집으로 돌아오는 길은 하루 중 가장 설레는 순간입니다.","조민경 씨는 부천의 아파트에서 혼자 지내며 철저히 독립적인 생활을 구가하지만, 마음 한구석에는 가족을 향한 깊은 그리움과 애정을 간직하고 있습니다. 평소에는 무심한 척 행동해도 명절이나 기념일이면 누구보다 정성스럽게 선물을 준비하며 가족 간의 유대를 확인합니다.","조민경 씨는 보건복지 전공을 살려 리서치 전문가로 성장하며, 독립적인 도시 생활과 가족에 대한 애정 사이에서 균형을 잡고 살아가는 40대 여성입니다.","보건복지 전공자로서 타인의 삶을 살피는 태도가 몸에 배어 있지만, 정작 자신의 생활은 부천 원미구의 아파트에서 철저히 독립적으로 꾸려가며 가족과의 정서적 유대감을 소중히 여깁니다.","복잡한 설문 설계부터 실사 관리까지 조사 전 과정을 꼼꼼하게 챙기며, 응답자의 미묘한 거절 의사를 파악해 대화를 유연하게 이끄는 현장 조율 능력이 탁월합니다.","['표본 설계 및 설문지 구성', '데이터 클리닝 및 통계 분석', '응답자 심리 분석 및 거절 대응', '현장 조사원 교육 및 품질 관리']","상동호수공원 근처를 자전거로 돌며 복잡한 생각을 정리하고, 주말이면 단골 빵집의 소금빵을 사 들고 와 좋아하는 음악을 틀어놓은 채 오롯이 혼자만의 시간을 보냅니다.","['상동호수공원 사이클링', '동네 베이커리 투어', '당구 게임을 통한 집중력 훈련', '잔잔한 인디 음악 감상']","업계에서 대체 불가능한 실력을 갖춘 베테랑 조사 전문가로 인정받아, 나중에는 자신의 이름으로 된 독립적인 리서치 컨설팅을 운영하며 일과 삶의 주도권을 온전히 쥐고자 합니다.",여자,42,미혼,비현역,혼자 거주,아파트,4년제 대학교,보건·복지,조사 전문가,경기-부천시 원미구,경기,대한민국
f549c11bfdac4d5583f10c2410680fb3,"라지훈 씨는 법학 석사 전공을 살려 복잡한 산업 안전 규정들을 꼼꼼하게 분석하고 매뉴얼로 만드는 일에 능숙하며, 현재는 계약직 신분으로 현장의 위험 요소를 잡아내는 서류 작업에 매달리고 있습니다. 정년이 보장되는 대기업 안전관리 팀으로 이직하기 위해 매일 밤 최신 안전 법령을 갈무리하며 정규직 전환의 기회를 엿봅니다.","라지훈 씨는 퇴근 후 강남구민체육센터 수영장에서 거칠게 물살을 가르며 하루의 피로를 씻어내고, 주말이면 동네 당구장에서 친구들과 3구 경기를 하며 큐대를 잡는 시간에 집중합니다. 사우나 뜨거운 탕 속에 몸을 푹 담가 멍하게 있는 시간을 통해 정신적인 허기를 달랩니다.",라지훈 씨는 아내의 손을 잡고 국립중앙박물관의 고요한 전시실을 천천히 걸으며 도자기의 곡선이나 오래된 유물을 감상하는 시간을 통해 마음의 안정을 찾습니다. 복잡한 세상사에서 벗어나 예술 작품이 주는 정적 속에서 자신의 불안한 미래를 잠시 잊습니다.,"라지훈 씨는 가족과 함께 지역 박물관이나 갤러리를 찾아다니는 문화예술 여행을 즐기며, 전시 해설가의 설명을 경청하며 지적인 충족감을 느낍니다. 화려한 관광지보다는 조용한 미술관의 복도를 걷는 정적인 여정을 통해 아내와 깊은 정서적 교감을 나눕니다.","라지훈 씨는 한 달에 딱 한 번 가족과 함께 동네 한우 전문점에서 육즙 가득한 등심을 구워 먹으며 작은 사치를 누리고, 2주에 한 번꼴로 집에서 맥주와 함께 닭강정 같은 주점 안주를 배달시켜 먹습니다. 평소에는 아내를 위해 직접 주방에서 간단한 한식 요리를 만들며 소박한 저녁 시간을 보냅니다.","라지훈 씨는 강남의 아파트에서 아내와 함께 살며, 서로의 처지를 이해하는 아내에게 의지해 불안한 계약직 생활을 버텨내고 있습니다. 겉으로는 차분하고 배려심 깊은 남편이지만, 속으로는 가장으로서 경제적 안정을 제공하지 못한다는 자책감에 자주 괴로워합니다.",라지훈 씨는 높은 학력과 전문성을 갖췄음에도 불구하고 불안정한 수입과 계약직이라는 현실의 벽 앞에서 고군분투하는 30대 산업 안전원입니다.,강남의 전월세 아파트에서 거주하며 석사 학위라는 사회적 기대치와 실제 수입 사이의 간극에서 오는 압박감을 안고 삽니다. 주말이면 아내와 함께 국립중앙박물관의 조용한 전시실을 거닐며 복잡한 마음을 정리하고 정서적 허기를 채웁니다.,산업 현장의 잠재적 위험 요소를 세밀하게 포착해 법적 기준에 어긋남이 없는 안전 관리 매뉴얼을 구축합니다. 대학원에서 전공한 법학 지식을 활용해 까다로운 안전 규제와 행정 서류를 빈틈없이 처리하는 능력이 탁월합니다.,"['산업안전보건법 기반 현장 감사', '위험성 평가 보고서 작성 및 검토', 'ISO 45001 안전보건경영시스템 운용', '사업장 맞춤형 안전 교육 커리큘럼 설계']","퇴근 후 강남구민체육센터 수영장에서 물살을 가르며 업무 스트레스를 씻어내거나, 단골 사우나에서 땀을 빼며 멍하게 시간을 보냅니다. 가끔 마음 맞는 소수의 친구와 당구장에서 3구를 치며 소소한 대화를 나눕니다.","['강남구민체육센터 수영', '동네 목욕탕 사우나', '친구들과의 3구 당구', '유튜브 요리 채널을 보고 따라 하는 주말 요리']","현재의 불안정한 계약직 상태를 마무리하고, 정년이 보장되는 대기업 안전관리 팀의 정규직으로 자리 잡는 것을 최우선 목표로 삼고 있습니다. 실무 경력을 쌓아 업계에서 신뢰받는 공인 안전 전문가로 인정받아 경제적 안정을 찾고자 합니다.",남자,33,배우자있음,비현역,배우자와 거주,아파트,대학원,경영·행정·법,산업 안전원,서울-강남구,서울,대한민국
a83e31fb286640f9b86e922c29c34d1f,"김고원 씨는 환자의 미세한 표정 변화를 읽어내어 마음을 편하게 해주는 친절한 신입 간호사지만, 업무 마무리 단계에서 차트의 세부 항목을 한두 개씩 빠뜨리는 덜렁거리는 습관이 있습니다. 김고원 씨는 응급 상황이 닥쳐도 당황하지 않고 배운 대로 침착하게 처치 순서를 수행하며 현장을 안정시킵니다.",김고원 씨는 휴무일이면 어머니와 함께 대부도의 갈대숲이나 시화호 제방길을 천천히 걸으며 머릿속의 복잡한 생각들을 비워냅니다. 김고원 씨는 땀을 흘리는 격렬한 운동보다는 풍경을 구경하며 느긋하게 걷는 산책으로 몸의 긴장을 풉니다.,김고원 씨는 퇴근 후 침대에 누워 뉴진스의 무대 영상을 반복해서 보거나 정갈한 요리 브이로그를 시청하며 하루의 피로를 씻어냅니다. 김고원 씨는 틈틈이 읽은 책 속의 마음에 드는 문장을 다이어리에 옮겨 적으며 조용한 시간을 보냅니다.,김고원 씨는 유명한 관광지를 찾아다니기보다 어머니와 함께 탁 트인 바다나 숲길을 찾아가 자연의 풍경을 멍하니 바라보는 여행을 즐깁니다. 김고원 씨는 여행지에서 화려한 일정을 소화하기보다 가족과 함께 발길 닿는 대로 걷는 정적인 시간을 소중히 여깁니다.,"김고원 씨는 나물 비빔밥처럼 담백한 한식을 즐겨 먹으며, 동네 작은 빵집에서 갓 구워낸 치아바타의 고소한 향기를 맡는 것을 행복하게 생각합니다. 김고원 씨는 일주일에 한 번 정도 배달 앱으로 매콤한 떡볶이를 시켜 먹으며 업무 스트레스를 해소합니다.",김고원 씨는 안산 상록구의 다세대 주택에서 어머니와 함께 살며 매일 저녁 따뜻한 집밥을 나누는 시간에서 삶의 가장 큰 안정감을 얻습니다. 김고원 씨는 어머니의 소박한 생활 방식을 그대로 닮아 집안일을 돕고 평온한 일상을 가꾸는 일에 가치를 둡니다.,"김고원 씨는 안산에서 어머니와 함께 살며 환자들에게 다정한 미소를 건네는 신입 간호사이자, 소금빵과 산책을 사랑하는 20대 청년입니다.","안산 상록구의 다세대 주택 밀집 지역에서 자라 이웃 간의 정과 북적임에 익숙하며, 어머니와 함께 지내며 집밥의 온기를 중요하게 생각합니다. 20대 초반답게 유튜브 쇼츠나 릴스로 최신 트렌드를 빠르게 접하지만, 정작 생활 방식은 어머니의 습관을 닮아 소박하고 안정적인 것을 선호합니다.","환자들의 작은 기분 변화를 빠르게 캐치해 편안한 분위기를 만드는 라포 형성 능력이 뛰어나며, 응급 상황에서도 당황하지 않고 침착하게 처치 순서를 수행합니다. 다만, 꼼꼼한 차트 정리나 비품 관리 같은 반복적인 행정 업무에서는 가끔 누락이 생기는 허술한 면이 있습니다.","['정맥 주사 및 기본 간호 처치', '환자 심리 상담 및 정서적 지지', '응급 상황 대처 및 우선순위 판단', '병동 내 유연한 커뮤니케이션']","휴무일이면 어머니와 함께 대부도의 갈대숲이나 시화호 주변을 천천히 걸으며 머릿속을 비우고, 동네 작은 빵집에서 갓 구운 소금빵이나 치아바타를 사 오는 소소한 행복을 즐깁니다. 퇴근 후에는 침대에 누워 좋아하는 아이돌의 무대 영상이나 요리 브이로그를 보며 하루의 긴장을 풉니다.","['대부도 및 시화호 주변 산책', '소금빵과 치아바타 맛집 탐방', '유튜브 요리 브이로그 시청', '마음을 차분하게 하는 에세이 읽기']","현재는 신입 간호사로서 업무 적응에 집중하고 있으며, 추후 특정 분야의 전문 간호사 자격을 취득해 환자들에게 실질적인 도움을 주는 숙련된 선배가 되기를 희망합니다. 거창한 성공보다는 일과 삶의 균형을 유지하며 어머니와 평온한 일상을 가꾸는 것에 더 큰 가치를 둡니다.",여자,20,미혼,비현역,어머니와 동거,다세대주택,2~3년제 전문대학,해당없음,일반 간호사,경기-안산시 상록구,경기,대한민국
548acd4a54d44e9c9389ac750ba51c0a,"권인수 씨는 수학과 자연과학을 전공한 고학력자로서의 자부심을 가지고 있지만 현재는 직업이 없으며, 전공 지식을 활용해 상도동 인근에서 아이들을 가르치는 소규모 공부방을 운영하며 소소한 수입을 올리는 안정적인 삶을 꿈꿉니다.","권인수 씨는 평일에는 집에서 낮잠을 자며 에너지를 보충하고, 주말이면 가족들의 손을 잡고 강원도 평창의 울창한 숲길을 천천히 걸으며 호흡을 가다듬습니다.","권인수 씨는 거실 소파에 누워 TV 시청과 인터넷 영상을 통해 세상 돌아가는 일에 관심을 가지며, 복잡한 데이터를 분석하던 습관대로 영상 속 정보들의 논리적 허점을 찾아내어 혼잣말을 중얼거리곤 합니다.",권인수 씨는 가족들과 함께 정동진 바다의 탁 트인 수평선을 감상하거나 평창의 깊은 산속 자연 풍경 속에 머물며 일상의 잡념을 정리하는 정적인 여행을 즐깁니다.,"권인수 씨는 일주일에 대여섯 번은 외식을 하며, 특히 노량진 근처의 단골 일식집에서 친구들과 사케를 곁들인 모둠 초밥을 먹거나 고기가 들어가지 않은 깔끔한 한정식 차림을 즐겨 찾습니다.","권인수 씨는 동작구 상도동의 좁은 다세대주택 골목에서 생활하며, 학문적 성취가 높았던 과거보다 현재 곁에 있는 배우자와 아이들의 안위와 행복을 최우선으로 여기는 헌신적인 가장입니다.","권인수 씨는 고학력 수학 전공자의 논리적인 정밀함과 무직 생활의 정적인 일상을 동시에 지닌 채, 가족과 친구 사이에서 유연하게 균형을 잡으며 살아가는 40대 가장입니다.","동작구 상도동의 오래된 다세대주택 골목에서 생활하며, 대학원 시절의 엄격한 학문적 성취와 현재의 정적인 무직 생활 사이의 괴리를 겪는 40대 후반의 모습입니다. 고학력자로서의 자부심은 남아있지만, 전월세 거주라는 현실적인 제약 속에서 가족의 안위를 우선시하며 적응해가는 과정에 있습니다.","수학과 자연과학 전공자답게 복잡한 수치나 데이터를 빠르게 분석하여 논리적인 결론을 도출하며, 일상에서도 효율적인 동선을 설계하거나 가계부의 미세한 오차를 찾아내는 정밀함을 보입니다.","['통계 데이터 분석 및 해석', '논리적 추론을 통한 문제 해결', '학술적 글쓰기 및 구조 설계', '복잡한 정보의 체계적 정리']","주말이면 가족들과 강원도 평창의 숲길을 걷거나 정동진 바다를 보며 휴식하고, 평일에는 노량진 근처의 단골 일식집에서 친구들과 사케를 곁들인 식사를 하며 활력을 얻습니다. 동네 목욕탕에서 뜨거운 탕에 몸을 담근 뒤 마시는 시원한 바나나우유 한 잔의 여유를 매우 소중하게 생각합니다.","['강원도 자연 풍경 감상 여행', '노량진 일대 일식 맛집 탐방', '전략 시뮬레이션 게임', '동네 사우나 단골 방문', '유튜브 과학 채널 시청']","과거처럼 치열한 경쟁에 뛰어들기보다는 전공 지식을 활용해 동네 아이들을 가르치는 소규모 공부방을 운영하거나, 전문성을 살린 자문 활동으로 소소한 수입을 얻는 안정적인 삶을 희망합니다.",남자,47,배우자있음,비현역,배우자·자녀와 거주,다세대주택,대학원,자연과학·수학,무직,서울-동작구,서울,대한민국
3a027dd12a5a40088b1f9a4bb9cb29a5,최연경 씨는 사회복지센터의 복잡한 정부 보조금 정산 서류를 단 1원의 오차도 없이 맞추며 동료들의 절대적인 신뢰를 받는 살림꾼입니다. 가끔은 너무 꼼꼼한 나머지 후배 사원이 가져온 서류의 작은 오타 하나를 집요하게 찾아내어 다시 작성하게 만드는 고집스러운 면모가 있습니다.,"최연경 씨는 주말마다 안산 지역 배드민턴 클럽 회원들과 셔틀콕을 주고받으며 땀을 흘리고, 저녁에는 거실 소파에 앉아 프로야구 경기를 시청하며 소리를 지릅니다. 승부욕이 강해 경기 중 판정에 예민하게 반응하는 버릇이 있지만, 경기가 끝나면 누구보다 먼저 상대방의 손을 잡으며 웃어 보입니다.","최연경 씨는 고등학교 동창회 모임이 열리는 날이면 마이크를 놓지 않고 장윤정의 트로트를 열창하며 분위기를 주도하는 최고의 흥부자입니다. 평소에는 조용히 클래식 음악을 들으며 마음을 정돈하지만, 노래방 기계 앞에만 서면 숨겨왔던 춤 실력까지 발휘하는 반전 매력을 보여줍니다.","최연경 씨는 가족들과 함께 대부도 바닷길을 따라 걷거나 시화나래 휴게소에서 서해안의 낙조를 감상하며 일상의 스트레스를 털어냅니다. 여행 계획을 세울 때 시간 단위로 일정을 빽빽하게 짜는 강박적인 습관이 있어 가족들이 가끔 힘들어하지만, 정작 도착지에서는 풍경에 취해 한참을 멍하니 서 있기도 합니다.","최연경 씨는 2주에 한 번쯤 가족들과 함께 나물 비빔밥이나 청국장 같은 정갈한 한식당을 찾거나, 가끔 분위기를 내기 위해 크림 파스타가 맛있는 이탈리안 레스토랑을 방문합니다. 배달 음식은 가급적 피하려 하지만, 아주 가끔씩 생각나는 떡볶이와 튀김 세트를 주문해 자녀들과 나누어 먹으며 소소한 행복을 느낍니다.","최연경 씨는 안산의 다세대주택에서 연로하신 부모님과 남편, 그리고 자녀까지 함께 어울려 북적이는 3세대 일상을 조율하는 집안의 실질적인 지휘관입니다. 부모님께는 한없이 다정한 딸이지만, 자녀들에게는 공부나 생활 습관에 대해 단호하게 훈육하는 엄격한 어머니의 모습을 동시에 보여줍니다.","최연경 씨는 안산에서 3세대 가족을 부양하며 사회복지기관의 행정을 빈틈없이 책임지는, 외유내강형의 성실한 살림꾼입니다.",안산 단원구의 다세대주택에서 부모님과 자녀를 함께 모시며 3세대가 어우러진 북적이는 일상을 보냅니다. 고등학교 졸업 후 곧바로 사회생활에 뛰어들어 경기도 지역 사회복지 현장에서 다양한 계층의 사람들을 응대하며 다듬어진 유연한 소통 방식을 가지고 있습니다.,"사회복지센터의 복잡한 보조금 정산 업무와 정부 지원금 신청 서류를 단 하나의 오차 없이 처리하며 동료들의 깊은 신뢰를 받습니다. 센터 내 행정적 빈틈을 찾아내어 보완하고, 여러 명의 사회복지사가 효율적으로 움직일 수 있도록 뒷받침하는 살림꾼 역할을 수행합니다.","['정부 보조금 정산 및 집행 관리', '사회복지시설 행정 서류 작성 및 보관', '다양한 연령대 민원인 응대 및 조율', '센터 운영 비품 및 자산 효율적 관리']","주말 아침이면 단원구 인근 배드민턴 코트에서 땀을 흘리고, 가족들과 함께 대부도 해안선을 따라 천천히 걸으며 풍경을 감상합니다. 동창회 모임이 있는 날에는 분위기 메이커를 자처하며 노래방 마이크를 잡고 흥을 돋우는 시간을 보냅니다.","['동네 배드민턴 동호회 활동', '대부도 해안가 가족 산책', '단골 목욕탕에서의 반신욕과 휴식', '동창회 노래방 모임 주도']","현재 담당하고 있는 총무 업무의 매뉴얼을 세부적으로 구축하여, 누가 오더라도 센터 운영에 차질이 없도록 행정 체계를 완전히 안정화하는 것에 보람을 느낍니다.",여자,52,배우자있음,비현역,기타3세대,다세대주택,고등학교,해당없음,총무 사무원,경기-안산시 단원구,경기,대한민국
a394610a8a7a48d2a88abb44932f5d99,박병남 씨는 익산시 다세대주택가에서 전등 교체부터 수도꼭지 수리까지 척척 해내는 동네 해결사로 통합니다. 박병남 씨는 정해진 직업은 없지만 집안 물건을 용도별로 칼같이 정리해두는 습관 덕분에 주변 사람들의 무한한 신뢰를 받습니다.,"박병남 씨는 주말이면 지인들과 함께 필드를 누비는 골프에 푹 빠져 있으며, 등산 모임의 운영진으로서 산행 일정을 꼼꼼하게 짭니다. 박병남 씨는 집에서는 텔레비전으로 프로야구 경기를 보며 소리를 지르는 열성적인 관전자의 모습도 가지고 있습니다.",박병남 씨는 화요일마다 기원에서 바둑판을 사이에 두고 이웃들과 치열한 수 싸움을 벌이며 시간을 보냅니다. 박병남 씨는 유튜브로 최신 바둑 기보나 생활 꿀팁 영상을 시청하며 시간을 때우는 소소한 즐거움을 누립니다.,"박병남 씨는 친목 단체 회원들과 함께 전국 각지를 돌며 지역 시장의 유명한 물건을 쇼핑하는 여행을 즐깁니다. 박병남 씨는 여행지에서도 모임의 중심이 되어 일정을 주도하며, 함께 온 사람들의 짐까지 챙기는 세심함을 보입니다.","박병남 씨는 주 2~3회 정도 식당을 찾으며, 특히 매콤한 갈치조림이나 꼬막무침 같은 고기 외의 한식 메뉴를 즐겨 먹습니다. 박병남 씨는 식사 후에는 반드시 단골 주점에서 시원한 맥주나 소주를 곁들이며 사람들과의 관계를 다집니다.","박병남 씨는 익산의 다세대주택에서 아내와 단둘이 오순도순 살아가며 집안의 궂은일을 도맡아 처리합니다. 박병남 씨는 아내에게는 가끔 고집스러운 면모를 보이지만, 집안 곳곳을 말끔하게 수리해 놓으며 은근한 애정을 표현합니다.",박병남 씨는 뛰어난 손재주와 사교성을 바탕으로 익산 지역 사회에서 인정받으며 활기찬 노후를 보내는 60대 남성입니다.,"익산의 정겨운 분위기 속에서 자라며 책보다는 현장에서 몸으로 부딪치는 법을 먼저 배웠습니다. 어린 시절부터 이웃 간의 끈끈한 정과 예의를 중요하게 여기며 성장했고, 이는 현재까지도 마을 사람들 사이에서 마당발로 통하는 외향적인 성격의 뿌리가 되었습니다.","집안의 고장 난 곳을 정확히 찾아내어 완벽하게 수리하는 손재주가 탁월하며, 무질서한 물건들을 용도별로 체계적으로 정리하는 능력이 뛰어납니다. 동네 사람들이 전등 교체나 간단한 수도 수리가 필요할 때 가장 먼저 찾는 해결사 역할을 자처합니다.","['가정 내 소규모 설비 수리', '효율적인 수납 및 공간 정리', '지역 사회 인맥 관리 및 중재', '정밀한 수치 계산 및 자재 산출']","매주 화요일이면 단골 사우나에서 땀을 뺀 뒤 기원으로 향해 바둑판 앞에 앉아 치열한 수 싸움을 벌입니다. 주말에는 지인들과 골프 라운딩을 즐기고, 경기가 끝나면 단골 식당에서 매콤한 갈치조림을 곁들인 한식을 먹으며 시끌벅적하게 하루를 마무리합니다.","['기원에서의 바둑 대국', '지역 등산 동호회 활동', '단골 식당에서의 사회적 교류', 'TV 스포츠 중계 분석', '지인들과의 골프 라운딩']",이제는 경제적 성취보다는 지역 사회에서 '말이 통하고 배울 점이 있는 어른'으로 인정받는 것에 가치를 둡니다. 등산 모임의 운영진을 맡아 구성원들이 불편함 없이 활동할 수 있도록 세심하게 일정을 조율하고 관리하는 것에 보람을 느낍니다.,남자,63,배우자있음,비현역,배우자와 거주,다세대주택,초등학교,해당없음,무직,전북-익산시,전북,대한민국
9f4e148739bd4b0babb40f158ec218d4,"최형록 씨는 열차 시간표의 1분 1초를 조율하는 섬세함과 운행 장애 상황에서 승객들을 다독이는 유연함을 동시에 갖춘 철도 종사자입니다. 동료들의 고민을 들어주는 편안한 성격 덕분에 현장에서 신망이 두텁지만, 가끔은 너무 타인을 배려하다가 정작 본인의 행정 업무 처리를 뒤로 미루는 습관이 있습니다.","최형록 씨는 주말마다 아내의 손을 잡고 수락산 둘레길을 느릿하게 걸으며 숲의 공기를 마시는 시간을 소중히 여깁니다. 숨이 턱 끝까지 차오르는 격렬한 운동보다는 주변 풍경을 감상하며 천천히 걷는 것을 즐기며, 하산 후 맛있는 음식을 먹기 위해 걷는다는 마음가짐으로 산행에 임합니다.","최형록 씨는 거실 소파에 깊숙이 몸을 파묻고 북유럽의 고요한 숲과 호수가 담긴 여행 유튜버의 영상을 시청하며 시각적인 휴식을 취합니다. 거창한 예술 작품 감상보다는 일상의 소음을 지워주는 자연의 영상미에 몰입하며, 그 속에서 짧은 낮잠을 자는 정적인 시간을 통해 정신적인 에너지를 충전합니다.","최형록 씨는 아내와 함께 낯선 도시의 화려함보다는 탁 트인 자연 풍경이 펼쳐지는 곳으로 여행을 떠나는 길을 택합니다. 빡빡한 일정표를 짜기보다 그날의 기분에 따라 발길 닿는 대로 움직이며, 함께하는 가족이 만족해하는 표정을 볼 때 가장 큰 행복을 느낍니다.","최형록 씨는 2주에 한 번 아내와 단골집에서 지글지글 구워지는 제주 흑돼지 삼겹살에 소주 한 잔을 곁들이며 한 주의 스트레스를 풉니다. 평소에는 일식집의 정갈한 초밥이나 덮밥을 즐기며, 일주일에 한 번 배달 앱으로 시켜 먹는 야식의 즐거움을 포기하지 못하는 식습관을 가지고 있습니다.","최형록 씨는 중계동 아파트 단지의 정서 속에서 자라 타인의 기분을 살피는 데 능숙하며, 이를 바탕으로 아내와 갈등 없이 원만한 관계를 유지합니다. 때로는 자신의 주장을 강하게 펼치기보다 아내의 의견을 전적으로 따르며 양보하는 편이라 집안의 주도권은 자연스럽게 배우자에게 넘겨준 상태입니다.","최형록 씨는 노원구에 거주하며 철도 운송 분야에서 성실하게 근무하는 32세 남성으로, 유연한 성격과 가족 중심적인 가치관을 가진 안정 지향적 인물입니다.","노원구 중계동 아파트 단지에서 성장하며 전형적인 수도권 외곽의 정온한 분위기와 학원가의 치열함을 동시에 경험했고, 이웃 간의 적당한 거리감과 유대감이 공존하는 환경에서 타인의 감정을 빠르게 읽는 법을 익혔습니다.","열차 운행 시간표의 미세한 오차를 조정해 지연을 최소화하며, 갑작스러운 운행 장애가 발생했을 때 당황한 승객들을 차분하게 안심시키고 상황을 매끄럽게 정리하는 능숙함이 있습니다.","['열차 운행 스케줄 최적화', '승객 민원 중재 및 응대', '철도 안전 규정 준수 점검', '운송 효율성 분석 및 보고']","주말이면 아내와 수락산 둘레길을 천천히 걷고 내려와 단골 고깃집에서 제주 흑돼지를 구워 먹으며 한 주를 마무리합니다. 퇴근 후에는 동네 사우나에서 땀을 푹 뺀 뒤, 거실 소파에 누워 여행 유튜버가 올린 북유럽 풍경 영상을 보며 짧은 낮잠을 즐깁니다.","['수락산 둘레길 느리게 걷기', '동네 일식집의 특상 모둠초밥 맛집 탐방', '풍경 중심의 해외 여행 브이로그 시청', '주말 오후의 깊은 낮잠', '동네 사우나에서 피로 풀기']","현장에서 동료들이 편하게 다가와 고민을 털어놓을 수 있는 유연한 중간 관리자가 되어, 사고 없는 안전 운행 기록을 꾸준히 쌓아가는 안정적인 성장을 추구합니다.",남자,32,배우자있음,비현역,배우자와 거주,아파트,4년제 대학교,서비스,철도운송 관련 종사원,서울-노원구,서울,대한민국
d9621f9abdcd45888d33327a9a490d5a,"서안진 씨는 수천 건의 보험금 청구 서류를 처리하며 다져진 꼼꼼함으로 오타 하나까지 빠르게 잡아내며, 상대의 목소리 톤만으로 요구사항을 간파하는 능숙한 응대 기술을 가졌습니다. 이제는 실적 압박이 심한 영업 현장을 떠나, 정해진 시간에 출근해 서류를 관리하며 누군가에게 실질적인 도움을 주는 안정적인 사무직 자리를 찾고 있습니다.","서안진 씨는 영남루 근처의 산책로를 느릿하게 걸으며 계절이 바뀌는 풍경을 살피고, 주말 저녁에는 텔레비전 앞에 앉아 격투기 경기의 짜릿한 반전 상황을 지켜보며 일상의 답답함을 해소합니다.","서안진 씨는 동네 친구들과 노래방에 모여 최신 트로트 곡을 예약하고 목청껏 노래를 부르며 속에 쌓인 긴장을 풉니다. 평소에는 차분하고 정중한 말투를 유지하지만, 마이크만 잡으면 숨겨둔 흥이 터져 나오는 반전 있는 성격입니다.","서안진 씨는 친구들이나 배우자와 함께 탁 트인 자연경관을 찾아 떠나는 여행을 즐기며, 조용한 숲길이나 바닷가를 거닐며 풍경을 감상하는 시간에서 깊은 정서적 휴식을 얻습니다.","서안진 씨는 일주일에 두세 번 집 근처 돼지갈비집에서 가족과 외식을 하고, 가끔은 친구들과 단골 주점에 모여 안주를 곁들이며 밀린 이야기를 나눕니다. 요리하기 귀찮은 날에는 배달 앱으로 족발이나 찜닭을 시켜 먹으며 소소한 즐거움을 찾습니다.","서안진 씨는 남편과 함께 밀양의 단독주택에서 서로를 의지하며 살아가고 있으며, 무뚝뚝한 경상도식 말투 속에 깊은 애정을 담아 표현합니다. 다만 집안 물건의 위치가 조금만 바뀌어도 금세 알아챌 만큼 예민한 탓에, 가끔 남편과 사소한 일로 말다툼을 벌이기도 합니다.","서안진 씨는 보험사 상담원 출신의 꼼꼼함과 예민한 촉을 가진 50대 여성으로, 안정적인 재취업과 소소한 취미 생활을 통해 삶의 평온함을 되찾으려 노력합니다.","밀양의 조용한 동네에서 나고 자라 경남 지역 특유의 무뚝뚝함 속에 정을 담아내는 법을 익혔으며, 오랜 시간 보험사 상담원으로 근무하며 다듬어진 정중하면서도 단호한 말투가 몸에 배어 있습니다. 겉으로는 차분해 보이지만 내면에는 늘 예민한 촉이 살아있어, 집 안의 작은 가구 배치 하나만 바뀌어도 금세 알아챌 만큼 주변 환경에 민감하게 반응합니다.","수천 건의 보험금 청구 건을 처리하며 다져진 꼼꼼함으로 복잡한 서류의 오류를 빠르게 잡아내며, 화가 난 고객의 목소리 톤만 듣고도 상대의 요구사항을 정확히 파악해 갈등을 잠재우는 능숙한 응대 기술을 갖췄습니다.","['보험 약관 분석 및 청구 서류 검토', '고난도 민원 고객 심리 케어 및 응대', '빠른 타자 속도를 활용한 실시간 상담 기록', '전화 목소리 톤 조절을 통한 신뢰감 형성']","영남루 주변의 산책로를 천천히 걸으며 계절의 변화를 살피고, 주말이면 친구들과 함께 동네 노래방에서 최신 트로트 곡을 부르며 쌓인 긴장을 풉니다. 예상치 못한 반전이 터지는 격투기 경기를 시청하며 일상의 답답함을 해소하고, 유튜브에서 추천하는 피부 관리법을 따라 하며 자신을 가꾸는 시간에 집중합니다.","['밀양 영남루 및 위양지 산책', 'UFC 및 복싱 경기 시청', '트로트 가수 임영웅 노래 듣기', '홈케어 뷰티 기기 활용 및 피부 관리', '오랜 지인들과의 수다와 안부 전화']","실적 압박이 심한 영업직보다는 자신의 꼼꼼함을 발휘해 누군가를 실질적으로 도울 수 있는 일반 사무직이나 관리직으로 재취업하여, 매달 정해진 시간에 출근하는 규칙적인 삶의 안정을 되찾고 싶어 합니다.",여자,51,배우자있음,비현역,배우자와 거주,단독주택,고등학교,해당없음,"전직 전화 상담원, 현재 구직중",경상남-밀양시,경상남,대한민국
63f5ab42977f4502a4911040de989387,"한복경 씨는 천안의 농기계 창고에서 밀리미터 단위로 화물을 쌓아 올리는 정교한 지게차 운전 실력을 갖춘 베테랑입니다. 한복경 씨는 재고 목록과 실제 물량을 하나하나 대조하며 오차 없이 창고를 정리하는 꼼꼼함 덕분에 동료들 사이에서 절대적인 신뢰를 받으며, 초보 운전원들이 쉽게 익힐 수 있는 효율적인 동선 매뉴얼을 머릿속으로 구상하는 숙련공의 자부심을 가지고 있습니다.","한복경 씨는 퇴근 후 동네 사우나의 뜨거운 찜질방에서 하루의 피로를 녹여내는 시간을 가장 소중하게 생각합니다. 한복경 씨는 주말이면 천안 인근의 푸른 골프장에서 친구들과 함께 필드를 누비며 체력을 유지하고, 사회적 관계를 돈독히 하는 스포츠 활동에 적극적으로 참여합니다.","한복경 씨는 지게차 운전석에 앉아 라디오 시사 프로그램을 통해 세상 돌아가는 이야기를 들으며 지적 호기심을 채웁니다. 한복경 씨는 틈틈이 동영상을 시청하며 새로운 정보를 접하고, 이를 기반으로 사교 모임에서 대화를 주도하며 자신의 존재감을 드러내는 것을 즐깁니다.",한복경 씨는 마음 맞는 친구들과 함께 전국의 수려한 자연 풍경을 찾아 떠나는 여행에서 깊은 휴식을 얻습니다. 한복경 씨는 화려한 관광지보다는 탁 트인 산세나 잔잔한 호숫가에서 풍경을 감상하며 마음의 여유를 찾는 정적인 여행 방식을 즐깁니다.,"한복경 씨는 일주일에 4~6번이나 외식을 즐기며, 특히 지글지글 구운 돼지갈비나 정갈한 한정식집을 자주 방문합니다. 한복경 씨는 빵에 대한 애착이 강해 천안의 유명 빵집들을 섭렵하고 있으며, 특히 소금빵의 겉은 바삭하고 속은 촉촉한 식감을 세밀하게 비교하며 먹는 재미에 푹 빠져 있습니다.","한복경 씨는 배우자 및 자녀들과 함께 천안의 아파트에서 거주하며 화목한 가정을 꾸리고 있습니다. 한복경 씨는 가정 내에서도 책임감 있는 모습으로 가족들을 챙기며, 밖에서 인정받는 전문 직업인으로서의 당당함과 집안에서의 따뜻한 어머니이자 아내의 역할을 조화롭게 수행합니다.","한복경 씨는 천안에서 정교한 지게차 운전 실력으로 인정받는 베테랑이자, 빵과 골프를 사랑하며 성실하게 삶을 일궈온 59세 여성입니다.","천안의 급격한 도시화 과정을 몸소 겪으며 농촌의 투박한 정서와 도시의 편리함을 동시에 수용하며 성장했습니다. 성실함과 책임감을 최고의 미덕으로 여기는 세대이며, 여성의 역할이 제한적이었던 환경에서도 지게차 운전이라는 생소한 기술을 익혀 현장에서 능력을 인정받으며 당당한 경제적 주체로 살아왔습니다.",농기계 창고나 비료 하역장에서 밀리미터 단위로 화물을 적재하는 정교한 지게차 조작 능력을 갖추고 있습니다. 특히 재고 목록과 실제 물량을 꼼꼼하게 대조하여 오차 없이 정리하는 창고 관리 노하우가 뛰어나 동료들의 신뢰가 두텁습니다.,"['농업용 지게차 정밀 운전', '창고 재고 수불 관리', '중량물 적재 최적화', '하역 현장 안전 관리']","일과 후 동네 사우나에서 찜질하며 하루의 피로를 풀고, 운전 중에는 라디오 시사 프로그램을 통해 세상 돌아가는 이야기를 듣습니다. 주말이면 친구들과 천안 인근 골프장에서 라운딩을 즐기며, 최근에는 유명 빵집을 찾아다니며 소금빵의 겉바속촉한 식감을 비교하는 재미에 빠져 있습니다. 공복혈당 수치가 높아 걱정이라면서도 갓 구운 빵 냄새 앞에서는 결국 한 조각을 집어 드는 작은 모순을 가지고 있습니다.","['천안 외곽 골프 라운딩', 'MBC 표준FM 라디오 청취', '지역 유명 빵집 투어', '동네 사우나 찜질', '친구들과의 수다 모임']",퇴직 전까지 무사고 경력을 유지하며 현장에서 '가장 믿고 맡길 수 있는 숙련공'이라는 평판을 지키고자 합니다. 자신이 겪은 시행착오를 바탕으로 초보 운전원들이 쉽게 이해할 수 있는 효율적인 동선 정리 매뉴얼을 머릿속으로 구상하고 있습니다.,여자,59,배우자있음,비현역,배우자·자녀와 거주,아파트,고등학교,해당없음,지게차 운전원,충청남-천안시 서북구,충청남,대한민국
f04adbf9239c43a0880a69f5d635f378,"최경희 씨는 고객의 피부 톤만 보고도 찰떡같이 어울리는 립스틱 색상을 골라내는 김해의 베테랑 화장품 판매원이며, 특유의 싹싹함으로 단골들의 고민 상담사 역할까지 도맡아 하지만 정작 매장 재고 관리나 세부적인 정산 업무 앞에서는 금세 지쳐버리곤 합니다.","최경희 씨는 장유 대청계곡의 시원한 물소리를 들으며 천천히 걷는 산책을 즐기며, 일주일의 피로를 씻어내기 위해 동네 목욕탕에서 뜨거운 탕 속에 몸을 담그고 지인들과 수다를 떠는 시간을 가장 아낍니다.","최경희 씨는 햇살이 잘 드는 베란다에 제라늄과 스킨답서스를 촘촘히 가꾸며 식물과 대화하는 시간을 통해 마음의 평온을 찾고, 최신 뷰티 영상을 찾아보며 자신만의 메이크업 기술을 연마합니다.","최경희 씨는 마음 맞는 친구들과 함께 가야테마파크의 울창한 숲길을 거닐거나 경남 곳곳의 숨은 풍경 명소를 찾아다니며, 그곳에서 찍은 사진들을 단체 채팅방에 공유하며 즐거워합니다.","최경희 씨는 가끔 외식을 할 때면 나물 반찬이 정갈하게 나오는 보리밥 정식집을 찾으며, 식후에는 동네 작은 빵집에서 갓 구운 단팥빵을 사서 남편과 나누어 먹습니다.","최경희 씨는 남편과 함께 아늑한 아파트에서 오순도순 살아가며 집안의 크고 작은 갈등을 특유의 유연함으로 무마시키지만, 가끔은 자신의 속마음을 꾹 누른 채 남편의 고집을 다 받아주다 혼자 한숨을 쉬기도 합니다.","최경희 씨는 김해에서 화장품을 판매하며 사람들과 어울리는 것을 좋아하는 사교적인 성격의 소유자로, 식물을 가꾸고 건강을 관리하며 소박한 행복을 찾는 50대 여성입니다.","김해의 오래된 골목과 신도시의 변화를 모두 겪으며 자랐고, 이웃과 정을 나누며 수다 떠는 것을 좋아하는 경상도 특유의 시원시원한 정서를 가지고 있습니다.","고객의 피부 톤만 보고도 어울리는 색조 제품을 바로 추천하며, 상대의 기분을 빠르게 파악해 대화를 주도하는 능숙한 응대 기술을 갖췄습니다.","['피부 타입별 맞춤 제품 추천', '고객 심리 파악 및 대화 유도', '매장 진열 및 재고 관리', '화장품 성분 기초 지식']","주말이면 베란다에 둔 제라늄과 스킨답서스를 가꾸며 마음을 달래고, 동네 친구들과 함께 장유 대청계곡이나 가야테마파크 주변을 산책하며 풍경을 즐깁니다.","['베란다 가드닝', '임영웅 노래 듣기', '동네 친구들과 사우나 가기', '유튜브 뷰티 채널 시청', '김해 가야테마파크 산책']","단골손님들이 멀리서도 자신을 찾게 만드는 신뢰받는 판매원이 되고 싶어 하며, 나중에는 소규모 뷰티 샵을 운영하며 여유롭게 일하는 삶을 꿈꿉니다.",여자,56,배우자있음,비현역,배우자와 거주,아파트,고등학교,해당없음,화장품 판매원,경상남-김해시,경상남,대한민국
2254ddbf7ee344e391047462e5137e46,"박은영 씨는 아파트 부녀회나 동네 소모임을 이끌며 이웃 간의 의견을 조율하는 능력이 탁월하며, 훗날 김해의 한적한 골목에 작은 식물 공방을 열어 이웃들과 꽃차를 나누는 소박한 미래를 꿈꿉니다.","박은영 씨는 주말마다 낙동강 둑길을 따라 느릿하게 산책하며 계절의 변화를 살피고, 동네 단골 사우나의 뜨거운 탕에 몸을 담근 채 친구들과 밀린 이야기를 나누며 일상의 피로를 풉니다.","박은영 씨는 유튜브에서 배운 최신 가드닝 기법을 베란다 화분들에 하나씩 적용해 보며, 초록빛 잎사귀들이 무성하게 자라나는 과정을 지켜보는 정적인 즐거움에 푹 빠져 있습니다.","박은영 씨는 남편과 자녀들의 손을 잡고 전국 곳곳의 수목원이나 바다가 보이는 한적한 풍경 명소를 찾아다니며, 자연이 주는 평온함 속에 머무는 가족 여행을 즐깁니다.","박은영 씨는 나물 반찬이 정갈하게 나오는 한식집을 즐겨 찾으며, 가끔 기분 전환이 필요한 날에는 가족들과 함께 도심 속 피자집에서 치즈가 듬뿍 들어간 피자를 주문해 먹습니다.","박은영 씨는 가족 구성원들의 각기 다른 입맛과 기분을 빠르게 파악해 외식 장소를 결정하는 집안의 실질적인 조율사 역할을 하며, 자녀들과 소소한 일상을 공유하는 시간을 소중히 여깁니다.","박은영 씨는 김해의 정겨운 이웃 관계와 베란다 정원, 그리고 가족과의 소소한 외식을 통해 삶의 만족을 찾는 50대 주부입니다.","김해의 정겨운 분위기 속에서 성장하며 이웃 간의 끈끈한 정을 중요하게 여기고, 아파트 단지 내 소모임을 주도하며 지역 사회의 유대감을 형성하는 삶을 살아왔습니다.","베란다의 제한된 공간에서도 다양한 식물을 죽이지 않고 키워내는 세심한 손길을 가졌으며, 여러 사람의 입맛과 성향을 고려해 외식 장소를 빠르게 결정하는 조율 능력이 뛰어납니다.","['베란다 텃밭 가꾸기', '지역 커뮤니티 모임 주최', '가족 맞춤형 외식 메뉴 선정', '효율적인 가계 지출 관리']","주말이면 낙동강 변을 따라 천천히 산책하고, 동네 단골 사우나에서 친구들과 밀린 이야기를 나누며 스트레스를 풉니다. 유튜브에서 본 새로운 가드닝 기법을 베란다에 적용해 보거나, 가끔 가족들과 함께 도심 속 피자집에서 치즈 피자를 즐기며 시간을 보냅니다.","['유튜브 가드닝 영상 시청', '낙동강 둔치 산책', '동네 사우나 방문', '김해 시내 피자 맛집 탐방', '베란다 상추 키우기']",거창한 재취업보다는 나중에 작은 식물 공방을 열어 동네 사람들과 꽃차를 마시며 수다를 떠는 소박한 일상을 꿈꿉니다.,여자,52,배우자있음,비현역,배우자·자녀와 거주,아파트,고등학교,해당없음,무직,경상남-김해시,경상남,대한민국
a5ad493e75e74e5cb4a81ac934a1db8f,이하윤 씨는 검정고시 교재를 펼쳐놓고 공부하다가도 금세 전포동의 신상 디저트 카페 리스트를 정리하며 창업의 꿈을 꿉니다. 인스타그램에서 숨은 맛집을 찾아내 효율적인 방문 동선을 짜는 재능을 살려 훗날 사람들의 취향을 저격하는 자신만의 작은 빵집을 차리고 싶어 합니다.,이하윤 씨는 격렬한 운동보다는 집 근처 아파트 단지를 천천히 산책하며 좋아하는 아이돌의 노래를 듣는 정도로만 움직입니다. 무거운 몸을 이끌고 헬스장에 가기보다는 낮잠을 자며 에너지를 충전하는 시간을 더 소중히 여깁니다.,이하윤 씨는 최신 아이돌의 플레이리스트를 무한 반복해서 들으며 가사와 멜로디에 깊이 몰입합니다. 감각적인 인테리어의 테마 카페를 찾아다니며 사진을 찍고 기록하는 과정을 통해 자신만의 시각적 취향을 쌓아갑니다.,이하윤 씨는 해운대나 전포동의 유명한 디저트 가게를 섭렵하기 위해 친구들과 함께 정교한 식도락 지도를 그려 여행합니다. 단순히 풍경을 구경하는 일보다 그 지역에서만 맛볼 수 있는 특별한 소금빵이나 케이크를 찾아내어 맛보는 것에 모든 집중력을 쏟습니다.,"이하윤 씨는 일주일에 한 번 배달 앱으로 자극적인 음식을 시켜 먹으며 학업 스트레스를 해소합니다. 한 달에 한 번 있는 외식 날에는 가족들과 함께 두툼한 삼겹살을 구워 먹거나, 친구들과 갓 구운 소금빵이 가득한 베이커리를 방문해 시간을 보냅니다.",이하윤 씨는 조부모님과 부모님이 함께 사는 북적이는 집안에서 특유의 넉살로 세대 간의 갈등을 중재하는 분위기 메이커입니다. 대가족 사이에서 자라며 체득한 눈치와 유연함으로 어른들의 기분을 빠르게 파악해 집안 분위기를 부드럽게 만드는 역할을 도맡습니다.,"이하윤 씨는 부산 강서구에서 대가족과 함께 살며 디저트 카페 창업을 꿈꾸는, 사교적이지만 정서적으로는 섬세한 19세 청년입니다.","부산 강서구의 조용한 아파트에서 조부모님, 부모님과 함께 살며 대가족 특유의 북적거림 속에서 자랐습니다. 중학교 졸업 후 정규 교육 과정 대신 집에서 시간을 보내며, 세대 간의 격차를 조율하는 집안의 분위기 메이커 역할을 하고 있습니다.",사회관계망서비스를 통해 전포동이나 해운대 인근의 숨은 디저트 카페를 찾아내고 효율적인 방문 동선을 짜는 능력이 뛰어납니다. 여러 사람의 취향을 빠르게 파악해 모두가 만족할 만한 모임 장소를 선정하는 조율 능력이 좋습니다.,"['인스타그램 핫플레이스 큐레이션', '단체 모임 일정 및 장소 조율', '디저트 맛집 리스트 작성', '최신 숏폼 콘텐츠 트렌드 분석']",친구들과 함께 부산 외곽의 대형 베이커리 카페를 찾아가 갓 구운 소금빵을 먹으며 수다 떠는 시간을 가장 아낍니다. 스트레스를 받는 날에는 침대에 누워 유튜브 알고리즘이 추천하는 먹방 영상을 보거나 좋아하는 아이돌의 플레이리스트를 반복해서 듣습니다.,"['전국 유명 빵집 투어', '아이돌 플레이리스트 수집', '넷플릭스 드라마 정주행', '친구들과의 보드게임 모임']",우선 검정고시를 통해 고등학교 학력을 취득하여 선택의 폭을 넓히는 것을 현실적인 목표로 삼고 있습니다. 이후에는 사람들과 활발하게 소통할 수 있는 디저트 카페 창업이나 서비스 분야에서 자신의 자리를 잡고 싶어 합니다.,여자,19,미혼,비현역,기타3세대,아파트,중학교,해당없음,무직,부산-강서구,부산,대한민국
d9790ffe48d14eb18eeaa5ff8cf2ea1d,"이민영 씨는 파주 운정신도시의 미로 같은 골목길과 지름길을 손바닥 보듯 꿰고 있으며, 단 하나의 오배송도 허용하지 않는 꼼꼼함으로 대리점 내에서 두터운 신뢰를 받습니다. 지금의 배송 효율성을 바탕으로 관리직으로 승진하거나 전략적으로 구역을 확장하여 가계의 경제적 기틀을 더 단단히 다지려는 야심을 품고 있습니다.","이민영 씨는 주말 저녁 거실에 모여 앉아 프리미어리그 경기를 시청하며 소리를 지르는 시간에서 해방감을 느끼며, 사교적인 성격답게 동네 지인들과 경기 결과에 대해 열띤 토론을 벌입니다.","이민영 씨는 헤이리 예술마을의 갤러리들을 거닐며 마음의 여유를 찾고, 집에 돌아오면 가구의 각도를 세밀하게 조정하며 공간의 조화를 찾는 인테리어 작업에 몰두합니다.",이민영 씨는 휴가철이면 형제들을 이끌고 강원도 인제 자작나무 숲이나 남해의 한적한 해안 도로를 찾아가 아무 말 없이 풍경을 감상하며 마음의 긴장을 내려놓습니다.,"이민영 씨는 2주에 한 번쯤 가족들과 함께 정갈한 초밥이나 사케가 곁들여진 일식집을 방문하며, 평소에는 청국장이나 나물 무침 같은 담백한 한식 식단으로 식사를 해결합니다.","이민영 씨는 파주 아파트에서 형제들과 함께 살며 그들의 생계를 책임지는 든든한 버팀목이지만, 때로는 자신의 기준을 강요하며 날카로운 비판을 쏟아내는 까다로운 형의 모습도 가지고 있습니다.","이민영 씨는 파주의 지리를 꿰뚫는 성실한 택배원이자, 가족의 생계를 책임지며 집안 꾸미기와 자연 여행에서 위안을 찾는 40대 가장입니다.","파주 운정신도시의 아파트에서 형제들과 함께 살며 집안의 실질적인 가장 역할을 하고 있으며, 임진각이나 헤이리 마을처럼 탁 트인 공간에서 느끼는 해방감을 소중히 여깁니다.","파주 전역의 복잡한 골목길과 지름길을 꿰고 있어 배송 동선을 효율적으로 짜며, 오배송 없이 정확하게 물건을 전달하는 꼼꼼함과 책임감이 뛰어납니다.","['파주 지역 최적 배송 경로 설계', '물품 특성별 효율적 적재 배치', '다양한 성향의 고객 응대 및 갈등 관리', '소형 화물 차량 유지보수 및 관리']","주말이면 가족들과 함께 강원도나 남해의 한적한 숲길을 찾아다니며 풍경을 감상하고, 평일 저녁에는 거실 가구 배치를 새로 바꾸며 자신만의 아늑한 공간을 가꾸는 데 몰입합니다.","['강원도 숲길 및 자연 경관 출사', '지역 커뮤니티 센터 수영 강습', '루미큐브와 같은 전략 보드게임', '거실 인테리어 소품 수집 및 배치', 'TV 스포츠 중계 시청']","지금의 성실함을 인정받아 대리점의 관리직으로 성장하거나, 무리하지 않는 선에서 배송 구역을 전략적으로 확장해 가구의 경제적 안정을 더 공고히 하고 싶어 합니다.",남자,41,미혼,비현역,형제자매와 동거 (가구주),아파트,고등학교,해당없음,택배원,경기-파주시,경기,대한민국
373169489e4845e5adeb1328fad1b495,"오정숙 씨는 익산의 한 교육시설 주방에서 수백 명분의 국을 끓이기 위해 커다란 가마솥의 불길을 세밀하게 조절하며 하루를 보냅니다. 아이들이 편식하지 않도록 당근과 양파를 보이지 않을 만큼 잘게 다져 넣는 솜씨가 일품이지만, 정작 본인의 업무 일지는 적당히 넘어가며 기록하는 느슨한 습관이 있습니다.","오정숙 씨는 주말 오후면 남편의 손을 잡고 만경강변의 평탄한 산책로를 따라 천천히 걸으며 계절의 변화를 눈에 담습니다. 격렬한 운동은 체질에 맞지 않아 피하지만, 가족들과 함께 걷는 그 느릿한 보폭 속에서 마음의 평안을 찾고 적정 체중을 유지합니다.",오정숙 씨는 TV 속 임영웅의 노래 한 소절에 가슴 뭉클해하며 스마트폰으로 관련 영상을 찾아보는 것이 일상의 가장 큰 즐거움입니다. 익산 미륵사지 주변의 고즈넉한 풍경 속에서 자란 덕분에 지역 축제의 풍물놀이 가락을 들으면 자신도 모르게 어깨춤을 추는 소박한 감성을 지녔습니다.,"오정숙 씨는 가족들과 함께 전국의 이름난 자연 명승지를 찾아다니며 푸른 산과 맑은 바다를 배경으로 기념사진을 남기는 여행을 즐깁니다. 복잡한 일정표를 짜기보다 발길 닿는 대로 움직이는 편이며, 여행지에서 만난 낯선 이의 친절에 쉽게 마음을 여는 넉넉함을 보입니다.","오정숙 씨는 일주일 중 며칠은 가족들과 함께 집 근처 갈비집에서 육즙 가득한 돼지갈비를 구워 먹거나 가끔은 별미로 쌀국수 같은 외국 요리를 시도합니다. 배달 음식의 인위적인 맛을 꺼려 굳이 식당을 찾아가 직접 주문하며, 식탁 위에 젓가락 갈 곳 없이 꽉 찬 전라도식 상차림을 볼 때 깊은 만족감을 느낍니다.","오정숙 씨는 자녀들이 사회라는 거친 세상에 완전히 뿌리를 내릴 때까지 든든한 버팀목이 되어주겠다는 일념으로 가정을 이끌어갑니다. 평소에는 조용하고 배려심 깊은 어머니지만, 집안의 정리정돈 상태가 엉망일 때는 가끔 참지 못하고 잔소리를 쏟아내는 인간적인 면모가 있습니다.","오정숙 씨는 익산에서 주방 보조원으로 일하며 가족의 안녕과 자녀의 자립을 최우선으로 여기는, 고혈압을 앓고 있지만 소박한 일상의 행복을 아는 40대 후반의 여성입니다.","익산 미륵사지 주변의 고즈넉한 분위기 속에서 자라났으며, 현대적인 아파트 생활에 적응하면서도 시장통의 정겨운 소란함과 전라도 특유의 넉넉한 상차림 문화를 일상 속에 간직하고 있습니다.","수백 명의 식사 시간을 맞추기 위해 대형 솥의 불 조절을 정교하게 하며, 아이들이 거부감 없이 먹을 수 있도록 채소를 잘게 다져 넣는 식재료 손질 요령이 능숙합니다.","['대량 조리 식재료 전처리', '급식 시설 위생 및 안전 관리', '단체 급식 배식 효율화', '학생 맞춤형 반찬 조리']","주말이면 가족들과 만경강변을 따라 천천히 걷거나, 동네 단골 사우나에서 땀을 빼며 일주일의 피로를 씻어내고 TV 프로그램 '미스터트롯' 출연자들의 노래를 찾아 듣습니다.","['만경강변 산책', '동네 사우나 이용', '트로트 음악 감상', '가족과 함께하는 외식']","큰 변화나 승진보다는 지금처럼 큰 탈 없이 무사히 정년을 맞이하고, 자녀들이 사회에 완전히 자리 잡을 때까지 경제적인 버팀목이 되어주는 것에 가치를 둡니다.",여자,49,배우자있음,비현역,배우자·자녀와 거주,아파트,고등학교,해당없음,주방 보조원,전북-익산시,전북,대한민국
17664a1531f14d169e064c8d5ab1eec4,"김원석 씨는 진주 지역에서 언어 장애 환자들의 발음 교정과 의사소통 능력을 개선하는 언어재활사로 근무하며, 환자의 미세한 구강 움직임 하나까지 놓치지 않고 치료 계획을 유연하게 수정하는 정교함을 보여줍니다. 김원석 씨는 센터의 규모를 키우거나 명성을 얻으려는 욕심 없이, 지금처럼 조용한 환경에서 환자 한 명 한 명과 깊은 신뢰 관계를 맺으며 지역 사회에 뿌리 내리는 삶에 만족합니다.",김원석 씨는 숨이 턱까지 차오르는 격렬한 운동보다는 주말마다 아내와 함께 진주성 성곽길을 천천히 거닐며 가벼운 산책으로 몸을 풉니다. 김원석 씨는 일주일 동안 쌓인 직업적 스트레스와 육체적 피로를 풀기 위해 동네 단골 사우나의 뜨거운 탕 속에 몸을 푹 담근 채 멍하니 시간을 보내는 것으로 체력을 회복합니다.,김원석 씨는 화려한 현대 미술보다는 남강의 물결이 반짝이는 풍경이나 진주성 내의 고즈넉한 건축물을 바라보며 정서적인 평온함을 찾습니다. 김원석 씨는 TV 프로그램을 통해 세상 돌아가는 이야기를 접하거나 지역 축제에서 울려 퍼지는 전통 가락을 들으며 중년의 여유를 만끽합니다.,김원석 씨는 아내와 함께 일본의 조용한 소도시나 자연경관이 수려한 해외 휴양지를 찾아가 풍경을 감상하며 쉬어가는 여행을 즐깁니다. 김원석 씨는 빽빽한 관광 일정표를 따르기보다 발길 닿는 대로 걷다가 마음에 드는 벤치가 보이면 한참을 앉아 풍경을 바라보는 느긋한 여행 방식을 고수합니다.,"김원석 씨는 2주에 한 번 정도 외식을 하며, 고기 구이집보다는 나물이 듬뿍 들어간 비빔밥이나 정갈한 한정식집을 찾아 자극적이지 않은 식사를 합니다. 김원석 씨는 가끔 입맛이 없을 때 동네 분식집에서 매콤한 떡볶이와 김밥을 포장해 와 아내와 나누어 먹으며 소박한 입맛을 충족시킵니다.","김원석 씨는 아내와 함께 마당이 있는 단독주택에서 서로의 개인적인 시간을 존중하며 평온한 일상을 공유합니다. 김원석 씨는 이웃들과 적당히 인사하며 지내지만, 집 안으로 깊숙이 들이기보다는 담장 너머로 가벼운 안부를 묻는 독립적인 거리를 유지하며 가정의 평화를 지킵니다.","김원석 씨는 진주에서 단독주택에 거주하며 환자들에게 신뢰받는 언어재활사로 살아가는, 내실 있고 안정적인 성향의 중년 남성입니다.","진주 남강 주변의 고즈넉한 분위기에 익숙하며, 보건복지 전공 대학원 과정을 통해 다져진 전문직으로서의 자부심과 지역 사회의 정서를 동시에 가지고 있습니다. 단독주택에서 생활하며 이웃과 적당한 거리를 유지하는 독립적인 생활 방식을 선호합니다.","언어 장애가 있는 환자들의 발음 교정과 의사소통 능력을 개선하는 정교한 치료 기법을 보유하고 있으며, 환자의 상태에 따라 치료 계획을 유연하게 수정하는 능력이 뛰어납니다.","['조음 음운 장애 치료', '성인 신경 언어 장애 재활', '개별 맞춤형 언어 평가', '환자 보호자 상담 및 교육']","주말이면 아내와 함께 진주성 산책로를 걷거나 남강의 풍경을 감상하며 시간을 보내고, 가끔은 동네 사우나에서 땀을 빼며 일주일의 피로를 씻어냅니다. 외식으로는 주로 자극적이지 않은 나물 비빔밥이나 함께 나눠 먹는 떡볶이 같은 분식을 즐깁니다.","['진주 남강 유등축제 구경', '국내 자연 경관 출사', '동네 목욕탕 방문', '거실 소파에서 멍하게 TV 시청하기']","무리한 확장이나 성취보다는 현재의 치료 환경에서 환자 한 명 한 명에게 집중하며, 지역 내에서 신뢰받는 언어재활사로 오랫동안 안정적으로 자리 잡는 것을 중요하게 생각합니다.",남자,49,배우자있음,비현역,배우자와 거주,단독주택,대학원,보건·복지,언어재활사,경상남-진주시,경상남,대한민국
ad6840dd2cb44f7f93cfd6773245bd66,"추준영 씨는 도매업체에서 관리 비서로 일하며 상사의 복잡한 일정을 분 단위로 쪼개어 관리하고, 거래처에 보내는 공문의 어투를 세심하게 다듬어 갈등을 미연에 방지합니다. 때로는 지나치게 꼼꼼한 성격 탓에 단순한 보고서 작성에도 많은 시간을 쏟으며 스스로를 피곤하게 만들곤 합니다.",추준영 씨는 땀 흘리는 격렬한 운동보다는 동네 공원 길을 따라 천천히 걷는 일상의 움직임에서 마음의 안정을 찾습니다. 한 주 동안 쌓인 업무 스트레스는 뜨거운 온탕과 냉탕을 오가는 사우나의 반복적인 과정으로 씻어내며 뭉친 근육을 풉니다.,추준영 씨는 인문학 전공자답게 낡은 단독주택의 구석구석을 빈티지한 조명과 작은 화분들로 채워 자신만의 작은 미술관처럼 꾸며놓았습니다. 성수동 골목의 낡은 벽돌 건물들이 주는 투박한 미감을 좋아해 주말마다 필름 카메라를 들고 동네의 숨은 풍경을 기록합니다.,"추준영 씨는 여행지를 정할 때 그 도시의 유명한 편집숍이나 소품 가게의 위치를 먼저 파악하고, 친구들과 함께 그곳을 샅샅이 훑으며 독특한 디자인의 물건을 수집합니다. 계획을 세밀하게 짜기보다 발길 닿는 대로 걷다가 우연히 발견한 작은 가게에서 시간을 보내는 것을 즐깁니다.",추준영 씨는 한 달에 한 번 친구들과 한남동의 정갈한 오마카세 집을 찾아 정교하게 손질된 초밥의 질감을 음미하며 소소한 행복을 느낍니다. 평소에는 집에서 배달 앱으로 가벼운 일식 덮밥이나 나물 위주의 한식 식단을 주문해 어머니와 함께 식탁을 공유합니다.,"추준영 씨는 성수동의 오래된 단독주택에서 어머니와 함께 지내며, 무뚝뚝한 말투 속에서도 어머니가 좋아하는 제철 과일을 슬쩍 식탁에 올려두는 다정한 아들입니다. 낡은 집의 삐걱거리는 소리를 들을 때마다 어머니를 위해 더 쾌적한 아파트로 이사 가겠다는 현실적인 목표를 되새깁니다.","추준영 씨는 성수동에서 비서로 근무하며 예술적 감성과 현실적인 성실함을 동시에 갖춘, 건강 관리에 고민이 많은 20대 청년입니다.","성동구 성수동의 오래된 골목 단독주택에서 어머니와 함께 지내며, 동네의 힙한 카페 거리와 집 안의 정막함 사이에서 적당한 거리감을 유지하며 살아갑니다. 예술 전공자 특유의 미감으로 낡은 집안 곳곳을 좋아하는 소품으로 채우며 자신만의 아늑한 영역을 구축하고 있습니다.","상사의 복잡한 일정을 겹치지 않게 조율하고, 거래처와의 소통에서 예의를 갖추되 필요한 요구사항은 정확하게 전달하는 실무 능력을 갖췄습니다. 인문학적 소양을 바탕으로 보고서의 문장 톤을 세밀하게 다듬거나 상황에 맞는 적절한 단어를 선택하는 데 능숙합니다.","['구글 캘린더 기반 일정 최적화', '비즈니스 메일 작성 및 톤앤매너 교정', '법인카드 지출 증빙 및 비용 관리', '기초적인 전시기획 및 큐레이션']","주말이면 친구들과 함께 성수동이나 한남동의 일식당을 찾아다니며 미식 경험을 쌓고, 평일 저녁에는 동네 사우나에서 땀을 빼며 한 주 동안 쌓인 피로를 씻어냅니다. 최근에는 복부 비만과 혈압 관리를 위해 퇴근길에 집 주변 공원을 천천히 걷는 습관을 들이고 있습니다.","['무신사 등 패션 플랫폼 쇼핑', '동네 목욕탕 및 사우나 투어', '일본식 라멘 및 덮밥 맛집 탐방', '유튜브 알고리즘 기반의 영상 시청']","회사 내에서 대체 불가능한 실무 해결사로 인정받으며, 급여를 차근차근 높여 어머니와 함께 더 쾌적한 주거 환경으로 이사하는 현실적인 안정을 추구합니다.",남자,25,미혼,비현역,어머니와 동거,단독주택,4년제 대학교,예술·인문,관리 비서,서울-성동구,서울,대한민국
97737355380a4a00b29876e16e18136b,"이은환 씨는 집안의 모든 물건이 정해진 위치에 있어야 직성이 풀리는 철저한 성격으로, 수십 년간 다져온 손맛을 이용해 매년 정해진 날짜에 된장과 고추장을 담그는 살림의 고수입니다.","이은환 씨는 아파트 단지 내 작은 화단을 가꾸며 흙을 만지는 시간으로 활력을 얻고, 컨디션이 좋은 날에는 단지 주변을 천천히 돌며 가벼운 산책을 즐깁니다.","이은환 씨는 논산시 경로당에서 바둑판을 앞에 두고 이웃들과 치열한 수싸움을 벌이며, 틈틈이 텔레비전의 옛날 드라마를 시청하며 시간을 보냅니다.","이은환 씨는 자녀들의 부축을 받아 전국의 유명한 한정식집을 찾아다니며, 특히 전라도 지역의 정갈한 나물 반찬과 솥밥의 풍미를 음미하는 음식 여행을 즐깁니다.","이은환 씨는 2주에 한 번씩 자녀들이 시켜주는 배달 음식을 별미로 여기며, 드물게 외식을 할 때는 깔끔한 일식집의 초밥이나 덮밥을 선택해 정갈하게 식사합니다.","이은환 씨는 사별 후 홀로 지내지만, 손주들이 놀러 왔을 때 전해줄 살림 비법을 삐뚤삐뚤한 손글씨로 정성껏 기록하며 가족에 대한 깊은 애정을 표현합니다.","이은환 씨는 격동의 세월을 견뎌낸 강인함과 충청도 특유의 은근함을 지닌, 정갈한 살림 솜씨를 자랑하는 93세의 논산 할머니입니다.","논산의 작은 마을에서 나고 자라며 일제강점기와 전쟁의 소용돌이를 온몸으로 겪어냈습니다. 정규 교육은 받지 못했지만, 마을 어른들로부터 배운 예절과 충청도 특유의 은근한 인내심을 삶의 지표로 삼아 살아왔습니다.","평생을 살림하며 다져온 손맛으로 된장과 고추장을 직접 담그며, 집안의 모든 물건이 정해진 위치에 있어야 직성이 풀리는 철저한 정리 능력을 갖추고 있습니다. 가계부를 꼼꼼히 기록해 지출을 관리하는 습관이 몸에 배어 있습니다.","['전통 장류 담그기', '꼼꼼한 가계부 작성', '베란다 난초 가꾸기', '제철 나물 무침']",동네 경로당에서 바둑판을 사이에 두고 이웃들과 수싸움을 벌이며 시간을 보냅니다. 가끔은 자녀들의 손을 잡고 전국의 유명한 한정식집을 찾아다니며 제철 식재료의 풍미를 즐깁니다.,"['경로당 바둑 모임', '베란다 난초 물주기', '논산 전통시장 장보기', 'TV 역사 드라마 시청']",자식들이 언제든 편하게 쉴 수 있도록 집안을 항상 정갈하게 유지하는 것에 자부심을 느낍니다. 자신이 평생 터득한 살림 비법을 손주들이 알아볼 수 있게 손글씨로 정리해 물려주고 싶어 합니다.,여자,93,사별,비현역,혼자 거주,아파트,무학,해당없음,무직,충청남-논산시,충청남,대한민국
51eef263fbd34a3b9a9f0d107acbd090,성춘자 씨는 연구소 박사들이 엉망으로 챙겨온 지출 증빙 서류더미에서 누락된 십 원짜리 영수증 하나까지 기어이 찾아내어 장부를 맞추는 꼼꼼한 살림꾼입니다. 매달 월급날이면 연구원들의 푼돈 지출까지 다 잡아낸 뒤에야 비로소 안심하며 책상 위 서류를 가지런히 정리합니다.,성춘자 씨는 새벽 6시면 어김없이 달서구민종합스포츠센터 수영장으로 향해 시원하게 물살을 가르며 굳은 몸을 풉니다. 수영 수업이 끝난 후 사우나에서 이웃들과 나누는 시끌벅적한 수다가 그녀에게는 운동만큼이나 중요한 일과입니다.,"성춘자 씨는 돋보기를 쓰고 최신 잡지를 훑어보며 요즘 유행하는 옷차림을 눈여겨보고, 주말이면 스마트폰 카메라로 단풍 든 산천의 풍경을 정성껏 담아냅니다. 거실 한쪽에는 손글씨로 정성스럽게 옮겨 적은 시집과 수필집이 가지런히 놓여 있습니다.",성춘자 씨는 고등학교 동창들과 함께 전국의 명산을 찾아다니며 내장산이나 설악산의 붉은 단풍 아래서 단체 사진을 찍는 시간을 가장 소중히 여깁니다. 여행지 근처의 소박한 찻집에서 옛이야기를 나누며 낄낄거리는 시간이 그녀의 가장 큰 행복입니다.,성춘자 씨는 일주일에 한 번 친구들과 함께 청국장이나 나물 정식이 잘 나오는 한식당을 찾아가 정갈한 식사를 즐깁니다. 가끔 입맛이 없을 때면 동네 중국집에서 짬뽕 한 그릇을 배달시켜 먹으며 매콤한 국물로 일주일의 스트레스를 풉니다.,"성춘자 씨는 사별 후 적막한 아파트 거실에서 홀로 시간을 보내지만, 반상회 날이면 앞장서서 이웃들의 대소사를 챙기며 동네의 활력소 역할을 자처합니다. 가끔은 문득 밀려오는 외로움에 TV 소리를 평소보다 크게 키워두고 잠드는 밤이 있습니다.","성춘자 씨는 대구 달서구에서 연구소 경리로 일하며 성실하게 노후를 준비하는, 넉살 좋고 꼼꼼한 60대 여성입니다.","대구 달서구의 오래된 아파트 단지에서 이웃들과 끈끈하게 지내며, 사별 후 홀로서기를 통해 다져진 단단함과 특유의 넉살로 동네 반상회 분위기를 주도합니다.","깐깐한 연구원들이 가져오는 복잡한 지출 증빙 서류에서 누락된 영수증 하나를 귀신같이 찾아내며, 연구소의 살림살이를 빈틈없이 챙깁니다.","['연구소 지출 증빙 및 전표 관리', '월별 급여 및 4대 보험 처리', '사내 비품 및 행정 지원', '연구원 맞춤형 민원 응대']","달서구민종합스포츠센터에서 새벽 수영으로 하루를 열고, 주말에는 고교 동창들과 함께 전국 단풍 명소를 찾아다니며 풍경 사진을 찍습니다.","['새벽 수영', '전국 자연 경관 출사 여행', '대구 시내 중식당 맛집 탐방', '사우나에서 이웃과 담소 나누기', '역사 소설 읽기']",지금처럼 회사에서 없어서는 안 될 '살림꾼'으로 인정받으며 매달 꼬박꼬박 들어오는 월급으로 안정적인 노후 자금을 차곡차곡 모으는 것입니다.,여자,63,사별,비현역,혼자 거주,아파트,고등학교,해당없음,경리 사무원,대구-달서구,대구,대한민국
a53246107b124b718bf08efea49013a7,"이병노 씨는 춘천의 사업시설에서 낡은 나사 하나, 벽면의 미세한 금까지 짚어내는 베테랑 산업 안전원으로 일하며 사고 없는 무사 퇴직만을 바라봅니다. 매일 아침 체크리스트를 꼼꼼히 살피지만, 때로는 너무 예민하게 굴어 젊은 직원들 사이에서 깐깐한 잔소리꾼으로 통하기도 합니다.","이병노 씨는 공지천 산책길의 계절 변화를 살피며 걷는 시간을 소중히 여기며, 최근에는 건강검진 결과에 충격을 받아 집 앞 헬스장에서 땀을 흘립니다. 무리한 운동보다는 자신의 체력에 맞춘 천천히 걷기에 집중하며 몸의 무거운 느낌을 덜어내려 애씁니다.",이병노 씨는 집에서 조용히 유튜브로 옛날 가요 무대 영상을 찾아보며 지나간 청춘과 옛 기억을 회상하는 시간을 즐깁니다. 화려한 최신 곡보다는 가사가 선명하고 멜로디가 익숙한 옛 노래들을 들으며 혼자만의 정서적 안정을 찾습니다.,이병노 씨는 마음 맞는 오랜 친구와 함께 경주나 부여 같은 역사 유적지를 찾아가 고분과 옛 궁궐 터를 느릿하게 거니는 여행을 즐깁니다. 화려한 관광지보다는 세월의 흔적이 묻어있는 돌담길을 걸으며 과거의 이야기를 나누는 것에 깊은 만족감을 느낍니다.,"이병노 씨는 일주일에 네 번 이상 읍내 단골 한식당에서 두툼한 돼지갈비를 구워 먹으며, 가끔은 귀찮은 마음에 집으로 짜장면과 탕수육을 배달시켜 먹습니다. 특히 중식당의 기름진 맛에 약해 기분 전환이 필요할 때면 고민 없이 짬뽕 국물을 찾습니다.","이병노 씨는 아파트에서 배우자와 단둘이 오순도순 살아가며, 많은 말보다는 함께 텔레비전을 시청하거나 식사를 하는 소소한 일상에서 평온함을 느낍니다. 가끔은 무뚝뚝한 성격 탓에 아내에게 다정한 표현을 하지 못해 거실에 서먹한 분위기가 흐르기도 합니다.","이병노 씨는 춘천에서 안전원으로 성실히 일하며 건강과 일상의 안정을 찾아가는, 조용하지만 책임감 강한 60대 후반의 가장입니다.","춘천 공지천 산책길의 계절 변화를 살피며 소소한 일상의 안정을 찾는 삶을 삽니다. 조용한 성격이라 동네 주민들과는 적당한 거리를 두면서도, 가끔 읍내 단골 식당에서 친구들과 옛이야기를 나누며 소속감을 느낍니다.",수십 년간 현장에서 다져진 직관으로 시설물의 작은 균열이나 느슨해진 나사 하나까지 잡아내는 꼼꼼함을 갖췄습니다. 복잡한 이론보다는 현장 상황에 맞춰 위험 요소를 미리 발견하고 사고를 방지하는 예방적 관리에 능숙합니다.,"['현장 시설물 위험 요소 식별', '산업안전보건법 기초 적용 및 점검', '작업자 안전 보호구 착용 지도', '노후 설비 유지보수 상태 확인']","건강검진 결과에 충격을 받고 집 근처 헬스장에서 런닝머신을 천천히 걷는 것으로 하루를 시작하며, 주말에는 마음 맞는 친구와 경주나 부여 같은 역사 유적지를 찾아가 느릿하게 걷는 여행을 즐깁니다. 집에서는 유튜브로 옛날 가요 무대 영상을 찾아보며 조용히 생각에 잠기는 시간을 보냅니다.","['공지천 주변 아침 산책', '헬스장 런닝머신 걷기', '국내 역사 유적지 탐방', '유튜브로 옛 노래 영상 시청', '동네 친구들과의 가벼운 반주 모임']","큰 욕심보다는 자신이 맡은 구역에서 단 한 건의 사고도 없이 무사히 퇴직하는 것을 최우선으로 생각합니다. 몸 상태가 예전 같지 않음을 느끼며, 무리하지 않는 선에서 성실하게 일하며 사회적 소속감을 유지하는 것에 만족합니다.",남자,69,배우자있음,비현역,배우자와 거주,아파트,고등학교,해당없음,산업 안전원,강원-춘천시,강원,대한민국
fdcf03246cce467ea09edb32ffe55aa6,"이정기 씨는 대구의 법률 사무소에서 ICT 전공 지식을 활용해 방대한 판례 데이터베이스를 디지털로 체계화하며, 수천 페이지의 서류 속 오타 하나까지 잡아내는 치밀함으로 사무장님의 절대적인 신뢰를 받는 실무자입니다.","이정기 씨는 일주일에 두 번 남구청 인근 체육관에서 셔틀콕을 주고받으며 배드민턴에 집중하고, 운동 후 땀을 씻어낸 뒤 동료들과 나누는 가벼운 술자리를 통해 일주일의 피로를 풉니다.","이정기 씨는 주말이면 대구 시내의 한적한 테마 카페 구석 자리에 앉아 유튜브로 영화 리뷰 영상을 찾아보며, 복잡한 업무 생각에서 벗어나 자신만의 정적인 시간을 보냅니다.","이정기 씨는 마음 맞는 친구들과 함께 강원도나 제주도의 탁 트인 숲길과 바다 풍경을 찾아 떠나며, 화려한 관광지보다는 자연 속에 머물며 조용히 사색하는 여행을 즐깁니다.","이정기 씨는 주 3회 정도 집 근처 식당에서 청국장이나 나물 비빔밥 같은 담백한 한식을 먹고, 가끔은 동네 분식집에서 떡볶이와 김밥으로 간단하게 끼니를 해결합니다.","이정기 씨는 대구 남구 앞산 인근 아파트에서 홀로 거주하며, 가끔 마주치는 이웃들과 가벼운 안부를 나누는 적당한 거리감 속에서 혼자만의 평온한 일상을 유지합니다.","이정기 씨는 기술적 전문성을 갖춘 법률 사무원으로, 대구 남구에서 자가를 보유한 채 건강 관리와 개인적 고독 사이에서 균형을 찾아가는 30대 직장인입니다.","대구 남구 앞산 인근 아파트에서 홀로 거주하며, 동네의 정적인 분위기와 익숙한 이웃 관계 속에서 정서적 안정감을 찾습니다. 성실하게 자산을 모아 일찍이 내 집 마련을 이룬 성취감이 있지만, 한편으로는 30대 중반으로 접어들며 느끼는 사회적 기대와 개인적 고독 사이에서 적절한 거리를 유지하며 살아갑니다.","정보통신기술 전공 지식을 법률 사무 행정에 접목해, 복잡한 판례 데이터베이스를 체계적으로 분류하고 디지털 문서 관리 시스템의 효율을 높이는 데 능숙합니다. 꼼꼼한 성격 덕분에 수천 페이지에 달하는 법률 서류에서도 작은 오타나 누락을 정확히 잡아내어 동료들의 깊은 신뢰를 받습니다.","['법률 정보 데이터베이스 최적화', '디지털 문서 아카이빙 및 관리', '법률 사무 자동화 워크플로우 설계', 'ICT 기반의 법적 증거 자료 분석']","주 2회 남구청 인근 체육관에서 배드민턴을 치며 복부 비만과 고혈압을 관리하려 애쓰지만, 운동 후 마시는 시원한 맥주 한 잔의 유혹을 뿌리치지 못합니다. 쉬는 날에는 집에서 유튜브로 영화 리뷰 영상을 보거나, 대구 시내의 조용한 테마 카페를 찾아 혼자만의 시간을 보내며 업무 스트레스를 해소합니다.","['동네 배드민턴 클럽 활동', '유튜브 영화 리뷰 및 영상 시청', '대구 시내 이색 테마 카페 탐방', '앞산 공원 산책 및 풍경 감상', '분식집 떡볶이와 김밥 맛집 찾기']","현재의 직무에서 대체 불가능한 전문성을 확보하여, 법률과 기술을 모두 이해하는 실무 전문가로 인정받는 것을 목표로 합니다. 급격한 직종 전환보다는 지금의 자리에서 서서히 영향력을 넓히며, 조직 내에서 가장 믿고 맡길 수 있는 핵심 인력으로 남고자 합니다.",남자,33,미혼,비현역,혼자 거주,아파트,4년제 대학교,정보통신기술,그 외 법률 관련 사무원,대구-남구,대구,대한민국
c0a118bb1f114e07bdae4acbf9eb8285,"김미나 씨는 보험사 경영기획팀에서 수만 줄의 엑셀 데이터를 단 한 장의 핵심 보고서로 압축해 경영진의 빠른 의사결정을 끌어내는 업무에 능숙합니다. 보수적인 조직 문화 속에서 적절히 예의를 갖추면서도, 머릿속으로는 기존의 복잡한 보험 가입 절차를 완전히 걷어낸 직관적인 모바일 인터페이스를 설계하며 프로젝트 리더가 될 날을 기다립니다.","김미나 씨는 격렬한 운동 대신 주말이면 아이의 손을 잡고 수지구청 인근 산책로를 천천히 거닐며 가벼운 스트레칭으로 몸을 풉니다. 평소 운동량이 부족해 조금만 빨리 걸어도 숨이 차오르지만, 숲길의 공기를 마시며 걷는 시간만큼은 회사에서의 긴장을 내려놓고 온전히 휴식에 집중합니다.",김미나 씨는 잠들기 전 침대에 누워 유튜브 알고리즘이 추천하는 아이슬란드의 오지 마을이나 아마존 밀림을 다룬 낯선 해외 다큐멘터리를 멍하니 시청하며 세상을 구경합니다. 잔잔한 재즈 음악을 틀어놓고 최신 인테리어 잡지를 넘겨보며 거실 가구 배치를 머릿속으로 계속 바꾸는 버릇이 있습니다.,"김미나 씨는 결혼기념일이 되면 남편과 함께 경주 불국사의 돌담길이나 부여 낙화암의 절벽 끝을 천천히 걸으며 옛사람들의 흔적을 살피는 여행을 떠납니다. 북적이는 관광지보다는 고즈넉한 고분군 사이를 거닐며 조용히 생각에 잠기고, 오래된 건축물의 선을 관찰하는 시간을 소중히 여깁니다.",김미나 씨는 일주일에 한 번 수지구청역 근처의 작은 이탈리안 식당에서 꾸덕한 까르보나라에 하우스 와인을 곁들이며 일주일의 피로를 씻어냅니다. 기운이 없을 때는 가족들과 함께 두툼한 생갈비 전문점을 찾아 숯불 향 가득한 고기를 굽고 구수한 된장찌개로 식사를 마무리합니다.,"김미나 씨는 수지의 정돈된 아파트 단지에서 아이를 키우며 엄마로서의 역할과 직장인으로서의 자아 사이에서 매일 치열하게 균형을 잡습니다. 다정한 남편과 함께 아이의 성장 앨범을 정리하며 웃음꽃을 피우지만, 정작 거실 여기저기에 널브러진 아이 장난감을 제자리에 치우는 일에는 매번 실패하며 한숨을 쉽니다.","김미나 씨는 보수적인 보험사에서 데이터 분석력을 인정받는 경영기획 전문가이자, 수지구에서 육아와 자아실현 사이의 균형을 찾는 30대 직장인입니다.","수지구의 정돈된 아파트 단지에서 아이를 키우며, 퇴근 후에는 유튜브 알고리즘이 추천하는 낯선 해외 다큐멘터리를 찾아보는 일상을 보냅니다. 90년대 초반생 특유의 디지털 친숙함과 직장 내 보수적인 보험업계 문화 사이에서 적절한 균형을 잡으며 살아갑니다.","보험사 경영기획팀에서 전사 사업 계획을 수립하며, 방대한 양의 통계 데이터를 핵심 지표 중심으로 요약해 경영진이 결정하기 쉬운 보고서 형태로 가공하는 능력이 탁월합니다.","['전사 성과 지표(KPI) 설정 및 관리', '보험 산업 시장 분석 및 전략 수립', '다부서 협업을 위한 이해관계 조율', '데이터 기반의 경영 보고서 작성']","기념일이면 배우자와 함께 경주 불국사나 부여 낙화암 같은 유적지를 천천히 걷는 시간을 가지며, 주말 저녁에는 수지구청 인근의 작은 파스타 집에서 와인 한 잔을 곁들이는 시간을 즐깁니다.","['국내 역사 유적지 답사 여행', '인테리어 소품 및 리빙 편집숍 쇼핑', '시티팝 플레이리스트 감상', '전자 잡지를 통한 최신 트렌드 읽기']","단순히 직급을 올리는 것보다 실무 권한이 큰 프로젝트 리더가 되어, 기존의 딱딱한 보험 상품 구조를 탈피한 사용자 중심의 새로운 디지털 서비스를 직접 기획하고 론칭하고 싶어 합니다.",여자,34,배우자있음,비현역,배우자·자녀와 거주,아파트,4년제 대학교,경영·행정·법,경영 기획 사무원,경기-용인시 수지구,경기,대한민국
073e581673624caa92b3c7ef0cd2040d,"박정아 씨는 공학 전공자의 논리 체계를 행정 업무에 이식해 복잡한 문서 분류를 체계화하며, 엑셀의 고난도 함수를 활용해 동료들이 수작업으로 하던 반복 업무를 단 몇 분 만에 끝내는 자동화 시트를 직접 제작해 배포하는 실무 해결사입니다. 다만 효율성에 지나치게 집착하는 나머지, 절차와 형식을 중시하는 보수적인 상사에게 간혹 융통성이 부족하다는 평가를 받기도 합니다.","박정아 씨는 주말마다 안양천 주변 배드민턴 코트에서 셔틀콕을 빠르게 주고받으며 일주일간 쌓인 행정 업무의 답답함을 땀으로 씻어내고, 가끔은 집 앞 공터에서 줄넘기를 하며 몸을 움직이는 것으로 활력을 찾습니다. 승부욕이 강한 편은 아니지만, 본인이 정한 운동 횟수나 목표치를 채우지 못하면 끝까지 매달려 완수해야 직성이 풀리는 고집스러운 면모를 보입니다.","박정아 씨는 퇴근 후 오늘의집 앱을 켜고 작은 조명 하나나 소품 배치로 방 분위기를 바꾸는 공간 연출에 깊이 몰입하며, 주말이면 만안구의 조용한 북카페에서 타인의 삶이 담긴 에세이를 읽으며 정서적인 환기를 합니다. 논리적인 업무 방식과 달리 예술적 취향에 있어서는 매우 직관적이며, 가끔은 실용성 없는 예쁜 쓰레기라 불리는 소품들에 마음을 뺏겨 구매하곤 합니다.","박정아 씨는 여행을 떠날 때 빡빡한 일정표를 짜는 대신 고급 리조트나 조용한 펜션에서 온종일 뒹굴거리는 휴양형 여행을 즐기며, 마음이 맞는 친구나 연인과 함께 아무것도 하지 않는 시간을 공유하며 에너지를 충전합니다. 유명 관광지를 바쁘게 돌아다니기보다 숙소 내부의 인테리어를 세밀하게 구경하고 창밖 풍경을 멍하니 바라보는 시간을 더 소중히 여깁니다.","박정아 씨는 외식을 자주 하지 않지만 이주일에 한 번 정도는 정갈한 나물 비빔밥이나 청국장 같은 고기 없는 한식당을 찾아 소박한 식사를 즐기고, 일주일에 한 번은 좋아하는 베이커리에서 갓 구운 빵을 배달시켜 먹으며 소소한 행복을 느낍니다. 술을 전혀 마시지 않기에 회식 자리에서는 주로 분위기를 맞추며 조용히 곁을 지키지만, 정작 본인은 빵집의 신메뉴 리스트를 확인하는 일에 더 큰 설렘을 느낍니다.","박정아 씨는 부모님과 함께 다세대주택에 거주하며 가족의 유대감을 유지하면서도, 자신의 방만큼은 철저하게 개인적인 취향으로 꾸며 외부와 차단된 심리적 요새로 활용하는 독립적인 생활 방식을 고수합니다. 부모님의 간섭과 자신의 독립심 사이에서 적절한 거리를 유지하려 노력하지만, 가끔은 집안의 낡은 가구 배치나 정리 상태를 보며 공학적 효율성을 따져 잔소리를 늘어놓기도 합니다.","박정아 씨는 공학적 논리로 행정 업무를 효율화하는 공무원이자, 안양천의 활기와 내 방의 아늑함 사이에서 균형을 잡으며 나만의 작은 오피스텔 독립을 꿈꾸는 20대 후반의 여성입니다.","안양 만안구의 오래된 골목과 신축 빌라가 섞인 동네에서 성장하며 실용적인 생활 태도를 익혔고, 공학 전공 특유의 논리적 사고방식을 공무원 조직의 경직된 행정 절차에 접목해 효율적으로 처리하려 노력합니다. 부모님과 함께 살면서도 자신의 방만큼은 작은 가구 배치와 소품으로 세밀하게 가꾸며 자신만의 심리적 영역을 확보하는 생활 방식을 유지하고 있습니다.","행정망 시스템의 복잡한 데이터 입력과 문서 분류를 빠르게 처리하며, 전공 지식을 활용해 시설 관리나 기술 관련 공문의 핵심 내용을 정확히 파악해 보고서로 요약합니다. 엑셀의 복잡한 함수를 이용해 반복적인 행정 업무를 자동화하는 시트를 직접 만들어 동료들의 업무 시간을 줄여주기도 합니다.","['엑셀 업무 자동화 시트 제작', '기술 문서 요약 및 분석', '행정 전산망 숙련 조작', '공학적 도면 및 매뉴얼 해석']","퇴근 후 '오늘의집' 앱에서 작은 조명이나 패브릭 포스터를 고르며 방 분위기를 바꾸는 것에 몰입하고, 주말이면 안양천 주변 배드민턴 코트에서 땀을 흘리며 스트레스를 풉니다. 가끔은 동네의 조용한 북카페에서 에세이를 읽거나, 집 근처 사우나에서 뜨거운 물에 몸을 담그며 일주일간 쌓인 긴장을 털어내는 시간을 보냅니다.","['오늘의집 인테리어 소품 수집', '안양천 배드민턴 동호회 활동', '동네 북카페 에세이 읽기', '주말 오후 낮잠과 사우나']",단순 반복적인 서류 작업을 넘어 공공 서비스의 절차를 간소화하는 실무 매뉴얼을 구축해 조직 내에서 대체 불가능한 행정 전문가로 인정받고 싶어 합니다. 차근차근 적금을 모아 부모님 댁을 벗어나 안양천 근처의 햇살이 잘 드는 작은 오피스텔로 독립해 온전한 자기만의 공간을 갖는 것을 목표로 합니다.,여자,28,미혼,비현역,부모와 동거,다세대주택,4년제 대학교,공학·제조·건설,국가행정 사무원,경기-안양시 만안구,경기,대한민국
b4f4bbfd17f442a1a86e4addc1363a81,최성윤 씨는 화성시의 기계 장비 공장에서 복잡한 회로도를 파고들며 미세한 오차를 잡아내는 정밀 제어 기술자입니다. 인문학 전공자답게 딱딱한 기술 매뉴얼을 현장 작업자들이 이해하기 쉬운 부드러운 언어로 고쳐 쓰는 능력이 탁월해 동료들의 두터운 신뢰를 받고 있습니다.,"최성윤 씨는 직접 땀 흘리는 운동보다는 주말 내내 거실에 누워 유튜브로 프리미어리그 전술 분석 영상을 챙겨보는 시간을 가장 아낍니다. 스포츠 경기의 세밀한 데이터와 전략을 분석하며 희열을 느끼며, 가끔은 친구들과 함께 경기장의 열기를 느끼러 잠실 야구장 같은 곳으로 직관을 떠납니다.","최성윤 씨는 서울 상상마당이나 작은 독립 영화관의 서늘한 공기를 좋아하며, 난해한 현대 미술 작품 앞에서 자신만의 해석을 내리는 시간을 보냅니다. 인문학적 감수성을 바탕으로 작품의 사회적 맥락을 짚어내는 습관이 있어, 전시 관람 후에는 반드시 개인 일기장에 긴 감상평을 남깁니다.","최성윤 씨는 낯선 자연보다는 서울의 익숙한 골목길을 걷는 시티투어를 즐기며, 연인과 함께 경복궁 돌담길을 걷거나 성수동의 팝업 스토어를 구경하는 일정을 짭니다. 세밀한 계획을 세우는 성격이라 방문할 카페의 시그니처 메뉴까지 미리 조사해 두는 꼼꼼함을 보입니다.","최성윤 씨는 일주일에 한 번, 동네 단골 고깃집에서 지글지글 익어가는 삼겹살에 소주를 곁들이며 직장 동료들과 수다를 떠는 것으로 일주일의 스트레스를 날립니다. 가끔 기분 전환이 필요할 때는 큼직한 페퍼로니 피자나 두툼한 수제 버거를 시켜 먹으며 입안 가득 차는 포만감을 즐깁니다.","최성윤 씨는 화성시의 오래된 단독주택에서 조부모님, 부모님과 함께 북적이며 지내며, 어르신들의 옛날이야기를 다정하게 들어드리는 집안의 분위기 메이커입니다. 대가족 사이에서 갈등을 중재하는 역할을 자처하다 보니, 정작 자신의 고민은 가슴속에 묻어둔 채 가족들의 기분을 먼저 살피는 버릇이 있습니다.","최성윤 씨는 인문학적 감성과 정밀 기술력을 동시에 갖춘 화성시의 20대 연구원으로, 대가족의 온기와 예술적 취향 속에서 살아가는 다정하고 꼼꼼한 고도비만 청년입니다.","화성시의 정겨운 단독주택에서 조부모님, 부모님과 함께 대가족의 북적임 속에서 성장하며 세대 간의 소통 방식에 익숙해졌습니다. 대학에서 인문학을 전공하며 기른 비판적 사고와 인간에 대한 이해는, 현재 기술직으로 근무하면서도 기계적인 정밀함 너머의 사람 중심적 가치를 고민하게 만드는 밑거름이 되었습니다.","전자계측 장비의 미세한 오차를 잡아내는 정밀 제어 기술을 보유하고 있으며, 복잡한 회로 설계도에서 작은 결함을 찾아내는 집요함과 꼼꼼함이 뛰어납니다. 인문학적 소양을 접목해 딱딱한 기술 매뉴얼을 현장 작업자들이 이해하기 쉬운 언어로 재구성하여 전달하는 능력이 탁월합니다.","['전자계측 제어 시스템 최적화', '정밀 회로 분석 및 트러블슈팅', '기술 문서의 사용자 친화적 재작성', '데이터 기반의 공정 오류 분석']","주말이면 친구들과 서울 시내의 작은 독립 영화관을 찾아다니거나 현대 미술 전시회를 관람하며 새로운 시각적 자극을 얻는 시간을 소중히 여깁니다. 평소에는 집에서 깊은 낮잠으로 에너지를 보충하거나 유튜브로 스포츠 경기 분석 영상을 시청하며, 가끔 동네 고깃집에서 지인들과 술잔을 기울이며 활발하게 대화를 나누는 것으로 스트레스를 해소합니다.","['독립 영화 및 현대 미술 전시 관람', '유튜브 스포츠 분석 영상 시청', '동네 지인들과의 소규모 술자리', '최신 전자기기 성능 리뷰 탐색']","단순한 기술 연구원을 넘어 현장 작업자와 설계자 사이의 간극을 좁히는 프로젝트 매니저가 되어, 공정 효율을 높이는 새로운 제어 표준을 정립하고 싶어 합니다. 자신의 전문성으로 동료들의 업무 부담을 덜어주면서도 모두가 심리적으로 편안하게 일할 수 있는 연구 환경을 구축하는 것에 보람을 느낍니다.",남자,29,미혼,비현역,부모·조부와 동거,단독주택,4년제 대학교,예술·인문,전자계측 제어 기술자 및 연구원,경기-화성시,경기,대한민국
b48980c8347e4f37a4dc7dd929d921dc,"신정숙 씨는 경산 공단의 좁은 진입로에서도 한 번에 후진 주차를 해내는 대형 화물차 운전의 달인이며, 차량 정비 일지를 날짜별로 꼼꼼히 기록해 작은 소음만으로도 고장 징후를 잡아내는 철저함을 보입니다.",신정숙 씨는 격렬한 운동 대신 주말이면 친목 모임 회원들과 함께 청도 운문사나 문경새재의 숲길을 천천히 걸으며 계절의 변화를 피부로 느끼는 시간을 즐깁니다.,"신정숙 씨는 퇴근 후 스마트폰으로 최신 유행하는 헤어스타일이나 화장법을 검색하며 자신을 가꾸는 일에 정성을 들이고, 종교 활동을 통해 마음의 평온과 정서적 위안을 얻습니다.","신정숙 씨는 마음 맞는 지인들과 함께 전국의 이름난 수목원이나 산책로를 찾아다니며, 화려한 관광지보다는 푸른 나무와 맑은 공기가 있는 자연 풍경 속에서 진정한 휴식을 취합니다.","신정숙 씨는 주 2~3회 정도 외식을 하며 주로 동네 갈비집에서 가족과 고기를 굽거나, 가끔은 정갈한 일식집에서 후토마키와 초밥을 천천히 음미하며 하루의 피로를 풉니다.","신정숙 씨는 경산의 아파트에서 배우자, 자녀들과 함께 단란하게 지내며, 밖에서는 강인한 운전원이지만 집에서는 가족들의 세세한 일상을 챙기는 든든한 버팀목 역할을 합니다.","신정숙 씨는 투박한 화물 운송 업계에서 정교한 운전 실력과 꼼꼼한 자기관리로 입지를 다진, 외유내강형의 50대 여성 운전원입니다.","경산의 공단 지역에서 오랫동안 일하며 투박한 현장 문화에 익숙해졌지만, 스스로를 가꾸는 일과 새로운 유행을 살피는 데에도 소홀하지 않은 삶을 살아왔습니다. 강한 생활력과 체계적인 성격 덕분에 남성 중심의 운송 업계에서도 자신만의 입지를 다지며 살아왔습니다.",대형 화물차의 적재량과 무게 중심을 정확히 계산해 좁은 공장 진입로에서도 한 번에 후진 주차를 해내는 정교한 운전 실력을 갖췄습니다. 차량 정비 일지를 날짜별로 꼼꼼히 기록해 작은 소음만으로도 고장 징후를 미리 파악하고 대처합니다.,"['대형 화물차 정밀 주행 및 주차', '운송 경로 최적화 설계', '차량 상시 유지보수 및 상태 관리', '화물 적재 및 결속 안전 점검']","주말이면 친목 모임 회원들과 함께 청도나 문경의 숲길을 찾아다니며 풍경을 감상하고, 평일 퇴근 후에는 단골 미용실에서 머리를 손질하며 동네 소식을 나누는 시간을 보냅니다. 가끔은 정갈한 일식집에서 후토마키나 초밥을 즐기며 조용히 마음을 정리합니다.","['청도 및 문경 자연 경관 투어', '단골 미용실 방문 및 최신 스타일 관리', '일식 전문점 맛집 탐방', '지역 사회 친목 단체 활동']","지금까지 쌓아온 무사고 경력을 끝까지 유지하며 명예롭게 정년퇴직을 하는 것이 목표이며, 퇴직 후에는 초보 여성 운전자를 위해 실무 노하우를 전수하는 역할을 꿈꿉니다.",여자,58,배우자있음,비현역,배우자·자녀와 거주,아파트,고등학교,해당없음,대형 화물차 운전원,경상북-경산시,경상북,대한민국
41cb36b8f50b4cd8b53aaab899498f88,"변예찬 씨는 소매업 영업 관리직으로 근무하며 엑셀 수식을 활용해 재고 순환율을 시각화하고 매출 데이터를 분석하는 보고서 작성에 능숙합니다. 업무 프로세스 자동화로 정시 퇴근을 꿈꾸지만, 현장 직원들의 갑작스러운 요구사항이나 돌발 상황이 발생하면 쉽게 긴장하며 심리적으로 크게 소모되는 모습을 보입니다.",변예찬 씨는 땀 흘리는 격렬한 운동보다는 배우자와 함께 에버랜드나 서울대공원을 천천히 걸으며 풍경을 감상하는 활동적인 산책을 선호합니다. 평소 기초 체력이 부족해 주말에 몰아서 걷고 나면 월요일 아침마다 극심한 피로감을 느끼며 침대에서 일어나기를 힘들어하는 모습을 보입니다.,"변예찬 씨는 DSLR 카메라를 들고 서울의 낯선 골목이나 감각적인 전시회를 찾아다니며 찰나의 순간을 기록하고, 주말 저녁에는 넷플릭스 최신 시리즈를 정주행하며 한 주의 피로를 씻어냅니다. 수학 전공자 특유의 논리적 사고를 가졌음에도 불구하고, 정형화되지 않은 현대 미술의 추상적인 분위기에 깊게 매료되는 의외의 면모가 있습니다.","변예찬 씨는 배우자와 함께 에버랜드의 T-익스프레스를 타거나 서울대공원의 동물들을 구경하며 일상의 무료함을 달랩니다. 여행 계획을 짤 때 분 단위로 이동 경로를 계산하는 치밀함을 보이지만, 막상 현장에서 예상치 못한 변수가 생기면 쉽게 당황하며 안절부절못하는 성격입니다.","변예찬 씨는 일주일에 한 번 굽네치킨의 고추바사삭을 배달시켜 먹으며 스트레스를 해소하고, 외식으로는 정갈한 나물 비빔밥 전문점을 찾아 건강한 한 끼를 즐깁니다. 식당의 메뉴판 구성이 비논리적이거나 서빙 순서가 엉망이면 은근히 불편함을 느끼며 혼자 속으로 따지는 결벽증적인 성향이 있습니다.","변예찬 씨는 남양주시 다산동에서 배우자와 함께 20대 중반이라는 이른 나이에 가정을 꾸려 서로의 정서적 버팀목이 되어주는 안정적인 생활을 하고 있습니다. 또래 친구들이 취업 준비나 연애 고민을 할 때 혼자만 다른 생애 주기에 있다는 이질감을 느끼기도 하지만, 배우자와 미래의 내 집 마련 계획을 세우며 가장으로서의 책임감을 키워갑니다.","변예찬 씨는 수학적 논리력과 세심한 감수성을 동시에 지닌 20대 영업 관리자로, 배우자와의 소박한 행복과 전문 MD라는 커리어 성장을 함께 추구하는 인물입니다.","남양주시 다산동의 아파트 단지에서 배우자와 함께 생활하며, 수학 전공자 특유의 논리적 사고와 20대 중반이라는 이른 나이에 가정을 꾸린 성숙함이 공존합니다. 정적인 주거 환경 속에서도 새로운 자극을 찾는 성향이 있어 주말이면 서울 근교의 낯선 골목이나 팝업 스토어를 탐방하며 에너지를 얻습니다.","소매업 영업 관리직으로서 매장의 매출 데이터를 분석해 재고 순환율을 최적화하고, 현장 직원들의 요구사항을 조율하는 행정 업무를 수행합니다. 대학 시절 익힌 수리적 감각을 활용해 엑셀 수식으로 복잡한 판매 추이를 시각화하여 효율적인 보고서를 작성하는 데 능숙합니다.","['매출 데이터 분석 및 추이 시각화', '재고 관리 최적화 및 수요 예측', '매장 운영 효율화 행정 처리', '현장 인력 및 유관 부서 커뮤니케이션 조율']","배우자와 함께 에버랜드나 서울대공원을 방문해 풍경과 인물을 사진으로 남기는 일에 몰입하며, 주말 저녁에는 넷플릭스 최신 시리즈를 몰아보며 한 주간의 심리적 소모를 회복합니다. 일주일에 한 번은 집 근처 치킨집에서 고추바사삭을 시켜 먹거나, 정갈한 나물 비빔밥 전문점을 찾아 외식을 즐깁니다.","['디지털 카메라를 활용한 인물 및 풍경 사진 촬영', '테마파크 및 식물원 나들이', '최신 OTT 시리즈 및 유튜브 콘텐츠 시청', '나물 위주의 정갈한 한식 맛집 탐방']","현재의 소매 관리 경험을 발판 삼아 유통 흐름을 꿰뚫는 전문 MD로 성장하여 가계 경제의 안정성을 높이고, 배우자와 더 넓은 집으로 이사하는 것을 목표로 합니다. 업무 프로세스를 자동화해 효율을 높임으로써 퇴근 후의 삶을 보장받으면서도 조직 내에서 대체 불가능한 실무자로 인정받고 싶어 합니다.",남자,25,배우자있음,비현역,배우자와 거주,아파트,4년제 대학교,자연과학·수학,영업 관리 사무원,경기-남양주시,경기,대한민국
632d61ab425d4387842f0a427c8b436a,"이재호 씨는 대전의 전문 건설 현장에서 복잡한 도면을 훑으며 협력사 반장님들의 요구사항을 세밀하게 조율하는 실무형 관리자입니다. 이재호 씨는 꼼꼼한 성격 덕분에 공정표의 작은 오차도 놓치지 않고 정리하지만, 정작 자신의 낮은 처우에 대해서는 불평 없이 묵묵히 견디는 편입니다.",이재호 씨는 주말이면 대청호 인근의 조용한 낚시터에 자리를 잡고 물 위에 뜬 찌의 미세한 떨림에 집중하며 복잡한 잡념을 비워냅니다. 이재호 씨는 해 질 녘 갑천 산책로를 따라 천천히 걸으며 뻐근한 허리와 다리의 긴장을 풉니다.,이재호 씨는 정보통신기술 전공자답게 최신 태블릿 PC를 능숙하게 다루며 유튜브에서 세계 곳곳의 풍경을 담은 고화질 여행 영상을 즐겨 봅니다. 이재호 씨는 영상 속 낯선 도시의 골목길을 보며 언젠가 가족들과 함께 떠날 여행 계획을 머릿속으로 그려봅니다.,이재호 씨는 휴가철이면 아내와 아이들의 손을 잡고 공기 좋은 숲이나 탁 트인 바다가 보이는 자연 경관이 수려한 곳으로 여행을 떠납니다. 이재호 씨는 화려한 관광지보다는 조용한 숲길을 걷거나 산 정상에서 내려다보는 풍경을 사진으로 남기는 일을 즐깁니다.,이재호 씨는 2주에 한 번 가족 외식을 할 때면 기름진 고기 대신 깔끔한 초밥이나 정갈한 나물 반찬이 나오는 한정식집을 찾습니다. 이재호 씨는 일주일에 한 번 배달 앱으로 시켜 먹는 떡볶이나 치킨을 아이들과 함께 나눠 먹으며 소소한 행복을 느낍니다.,"이재호 씨는 대덕구 연립주택에서 자녀들의 고민을 묵묵히 들어주며, 권위를 내세우기보다 아이들의 선택을 존중하는 다정한 아버지입니다. 이재호 씨는 가족을 위해 자신의 욕심을 뒤로 미루는 성격 탓에 가끔은 속마음을 털어놓지 못하고 혼자 삭이곤 합니다.",이재호 씨는 대전 대덕구에서 성실하게 근무하며 가족의 안식처인 내 집 마련을 꿈꾸는 유연하고 배려심 깊은 50대 가장입니다.,"대덕구의 조용한 연립주택가에서 오래 거주하며 이웃들과 두루 원만한 관계를 유지합니다. 정보통신기술을 전공한 세대로서 디지털 기기에 능숙하면서도, 가정에서는 자녀들의 의견을 먼저 묻고 경청하는 유연한 아버지의 모습을 보입니다.","전문직별 공사업체에서 영업 관리직으로 근무하며, 기술적인 도면 해석과 현장 요구사항을 조율하는 능력이 탁월합니다. 복잡한 공정 스케줄을 꼼꼼하게 정리해 협력사들이 혼선 없이 움직이게 만드는 실무적인 감각을 갖췄습니다.","['공사 공정표 작성 및 일정 관리', 'ICT 기반의 현장 통신망 설계 보조', '협력사 단가 협상 및 계약 관리', '기술 문서의 사무 행정 처리']","주말이면 대청호 인근의 한적한 낚시터에서 찌를 바라보며 생각을 정리하는 시간을 갖습니다. 평소에는 갑천변을 따라 천천히 산책하거나, 집에서 가족들과 함께 유튜브의 여행 영상을 시청하며 대리 만족을 느낍니다.","['대청호 민물 낚시', '갑천변 야간 산책', '동네 작은 초밥집 방문하기', '건강 관리용 혈당 체크 및 식단 기록', '가족과 함께하는 자연 풍경 출사']",현재의 낮은 소득 수준을 극복하고 가족이 함께 살 수 있는 안정적인 자가 주택을 마련하는 것에 집중하고 있습니다. 무리한 승진보다는 실무 능력을 인정받아 정년까지 평탄하게 직장 생활을 이어가기를 희망합니다.,남자,54,배우자있음,비현역,배우자·자녀와 거주,연립주택,4년제 대학교,정보통신기술,영업 관리 사무원,대전-대덕구,대전,대한민국
97fa7f878a67473ba3b46ef1a3739769,"나현경 씨는 논산 시내 상가 건물 경비원으로 근무하며, 외부인의 수상한 움직임이나 건물 외벽의 작은 균열 하나까지 놓치지 않고 관리사무소에 보고하는 빈틈없는 일 처리로 정평이 나 있습니다. 다만 가끔은 너무 세밀하게 간섭하는 성격 탓에 입주민들과 사소한 말다툼을 벌이기도 하지만, 결국 그녀의 성실함 덕분에 모두가 신뢰하는 든든한 파수꾼으로 통합니다.","나현경 씨는 주말마다 동네 친구들과 함께 온양온천이나 인근의 따뜻한 탕을 찾아 뭉친 근육을 풀고, 남은 시간은 마당 텃밭에서 고추와 상추를 가꾸며 흙을 만지는 정적인 활동에서 삶의 활력을 찾습니다. 허리가 좋지 않음에도 불구하고 잡초 하나 남기지 않겠다는 고집으로 쪼그려 앉아 한 시간 넘게 원예에 몰두하곤 합니다.","나현경 씨는 동네 친구들과 함께 노래방에 가면 임영웅이나 이찬원의 최신 트로트 곡을 선곡해 마이크를 놓지 않을 정도로 열창하며 일주일의 스트레스를 시원하게 날려버립니다. 박자와 음정이 조금 틀려도 특유의 흥과 적극적인 몸짓으로 분위기를 주도하며, 가끔은 가사를 잘못 불러 주변의 웃음을 자아내기도 합니다.",나현경 씨는 명절이나 휴가 때 자녀들의 손을 잡고 충남 서천의 신성리 갈대밭이나 태안의 만리포 해수욕장처럼 탁 트인 자연 풍경을 찾아가 조용히 경치를 감상하는 시간을 가장 소중히 여깁니다. 여행지에서도 계획한 일정에서 조금만 어긋나면 초조해하는 성격 탓에 가족들에게 꼼꼼하게 시간표를 체크하라고 잔소리를 하곤 합니다.,"나현경 씨는 평소 나물 비빔밥이나 청국장 같은 담백한 한식을 즐기며, 일주일에 한 번은 스마트폰 앱으로 주문한 짜장면이나 짬뽕 같은 배달 음식으로 소소한 일탈을 즐깁니다. 특별한 날에는 논산 시내의 조용한 일식집에서 정갈하게 나오는 초밥과 튀김 세트를 자녀들에게 대접하며 흐뭇한 미소를 짓습니다.","나현경 씨는 사별 후 홀로 단독주택을 지키며 강인하게 살아왔지만, 적막한 집안 분위기에 마음이 울적해질 때면 자녀들에게 전화를 걸어 사소한 일상을 묻고 또 묻는 애정 어린 집착을 보입니다. 자녀들이 방문하면 직접 기른 텃밭 작물로 상을 가득 채우고는, 칭찬 한마디에 세상을 다 얻은 듯 기뻐하는 전형적인 어머니의 모습을 띱니다.","나현경 씨는 논산에서 경비원으로 일하며 텃밭 가꾸기와 트로트 노래방을 즐기는, 외유내강형의 60대 여성입니다.","논산의 흙냄새와 함께 평생을 보냈고, 정규 교육 과정은 짧았지만 마을 사람들의 대소사를 챙기며 체득한 생활 지혜가 깊습니다. 일찍이 남편을 떠나보낸 뒤 홀로 단독주택을 지키며 자립심을 키웠으나, 가끔 찾아오는 정막함에 쉽게 마음이 일렁이기도 합니다.",경비 업무를 수행하며 단지 내 작은 파손 부위나 외부인 출입 흔적을 귀신같이 찾아내어 보고하는 꼼꼼함을 갖추고 있습니다. 텃밭에서 계절별 작물을 실패 없이 길러내어 이웃들에게 나누어 줄 정도로 농사 경험과 손재주가 능숙합니다.,"['단지 내 시설물 이상 유무 정밀 점검', '입주민 민원 응대 및 갈등 중재', '계절 작물 재배 및 토양 관리', '효율적인 단지 내 분리배출 체계 관리']","주말이면 동네 친구들과 함께 지역 온천을 방문하거나, 노래방에서 최신 트로트 곡을 열창하며 일주일의 피로를 풉니다. 마당의 화초 잎 끝이 조금만 누렇게 변해도 밤잠을 설칠 정도로 정성을 다해 가지를 치고 물을 주는 원예 활동에 몰입합니다.","['논산 딸기축제 방문 및 구경', '마당 화초 가꾸기와 잡초 뽑기', '동네 친구들과의 노래방 나들이', '가족과 함께하는 자연 풍경 사진 촬영']",현재 근무하는 건물에서 가장 신뢰받는 경비원으로 인정받아 정년까지 안정적으로 소득을 유지하는 것이 최우선입니다. 꼬박꼬박 모은 월급으로 자녀들이 방문했을 때 논산 시내의 일식집에서 기분 좋게 식사를 대접하는 소박한 성취감을 지향합니다.,여자,60,사별,비현역,혼자 거주,단독주택,초등학교,해당없음,건물 경비원,충청남-논산시,충청남,대한민국
82218a1ae97b456ba1d0edf594ec7fb1,이정호 씨는 조경 업체들의 복잡한 기성금 청구서와 씨름하며 미수금을 회수하는 일에 능숙한 경리 사무원입니다. 낡은 엑셀 시트와 씨름하는 대신 체계적인 정산 시스템을 도입해 야근을 없애고 아이의 얼굴을 더 빨리 보고 싶어 합니다.,"이정호 씨는 주말마다 북구 스포츠센터에서 셔틀콕을 치며 땀을 흘리고, 때로는 격투기 영상을 보며 스트레스를 풉니다. 운동 계획을 철저히 세우기보다 그날의 컨디션에 따라 배드민턴 채를 잡거나 가볍게 줄넘기를 하는 식으로 움직입니다.",이정호 씨는 가끔 복잡한 머릿속을 비우기 위해 최신 개봉 영화를 관람하며 극장의 어둠 속에 파묻히는 시간을 갖습니다. 세련된 전시회보다는 삶의 애환이 묻어나는 예술 작품이나 대중적인 문화 공연을 통해 정서적 위안을 얻습니다.,이정호 씨는 친구들과 함께 경주나 부여 같은 역사 유적지를 찾아다니며 고즈넉한 풍경 속에서 생각에 잠기는 여행을 즐깁니다. 화려한 관광지보다는 오래된 돌담길이나 사찰의 고요함을 찾아다니며 그곳에서 일상의 소란함을 잊습니다.,"이정호 씨는 일주일에 다섯 번 이상 밖에서 식사를 해결하며, 고기 구이보다는 정갈한 나물 반찬이 나오는 한식당이나 꾸덕한 크림 파스타를 파는 양식집을 자주 찾습니다. 배달 음식은 일주일에 한 번 정도로 제한하며 주로 동네 맛집을 직접 찾아가는 것을 즐깁니다.","이정호 씨는 북구의 아파트 단지에서 아내와 아이를 키우며 듬직한 가장의 역할을 수행하지만, 가끔은 혼자만의 동굴이 간절해지는 30대 아빠입니다. 아이의 칭얼거림 속에서도 인내심을 발휘하려 노력하지만, 가끔 욱하는 성격이 튀어나와 아내에게 눈치를 보기도 합니다.","이정호 씨는 부산 북구에서 가족과 함께 살며 조경 회사 경리로 일하는, 소탈한 성격과 약간의 건강 고민을 가진 37세 가장입니다.","부산 북구의 정겨운 골목 분위기 속에서 성장하며 털털하고 솔직한 소통 방식을 익혔고, 현재는 아파트 단지 내에서 아이를 키우는 30대 가장으로서의 책임감과 개인의 자유 사이에서 균형을 찾고 있습니다. 가끔은 정적인 역사 유적지를 찾아다니며 소란스러운 일상에서 벗어나 마음을 정리하는 시간을 갖습니다.","사업시설 관리 업체의 경리로서 매달 반복되는 급여 계산과 세금 신고를 처리하며, 조경 업체 협력사들의 기성금 지급 일정을 조율하고 미수금을 관리하는 실무 능력을 갖추고 있습니다.","['법인 결산 및 부가세 신고', '협력업체 정산 및 대금 관리', '임직원 급여 및 4대 보험 처리', '사무 행정 소프트웨어 활용']","주말이면 북구 스포츠센터에서 배드민턴 셔틀콕을 주고받으며 땀을 흘리고, 퇴근 후에는 동네 친구들과 포장마차에서 소주잔을 기울이며 시시콜콜한 농담을 나누는 시간을 즐깁니다.","['북구 스포츠센터 배드민턴', '경주와 부여 역사 유적지 탐방', 'UFC 및 격투기 경기 시청', '동네 친구들과의 술자리']","회사 내의 낡고 복잡한 정산 프로세스를 효율적으로 개선하여 불필요한 야근을 줄이고, 퇴근 후 아이와 함께 보낼 수 있는 저녁 시간을 온전히 확보하는 것에 가치를 둡니다.",남자,37,배우자있음,비현역,배우자·자녀와 거주,아파트,4년제 대학교,경영·행정·법,경리 사무원,부산-북구,부산,대한민국
93a95839245544cf8733a14ab0478e89,"김현 씨는 함정 내 보급품 관리와 인원 배치를 담당하며, 까칠한 상급자와 서툰 하급자 사이에서 능숙하게 말을 전달하는 부대의 윤활유 같은 존재입니다. 상사 계급으로의 진급을 꿈꾸며 효율적인 행정 처리 시스템을 구축해 매일 30분이라도 더 빨리 퇴근해 아이의 얼굴을 보려 애씁니다.","김현 씨는 격무에 시달린 뒤면 운동을 하기보다 거실 소파와 한 몸이 되어 아무것도 하지 않는 완전한 휴식을 취하며 에너지를 보충합니다. 가끔 친구들과 가벼운 활동을 하지만, 대부분의 시간은 정적인 상태로 머물며 육체적 피로를 푸는 데 집중합니다.","김현 씨는 퇴근 후 잇섭 같은 전자기기 유튜버의 리뷰 영상을 보며 최신 가젯에 몰입하고, 베란다의 작은 텃밭에서 상추와 방울토마토가 자라는 모습에 소소한 성취감을 느낍니다. 규율이 엄격한 군 생활 속에서 자신만의 작은 식물 세계를 가꾸며 정서적 해방감을 맛봅니다.",김현 씨는 휴가를 내면 복잡한 관광지 대신 제주도나 남해의 조용한 독채 펜션을 찾아 아내와 함께 온전한 쉼을 누리는 여행을 떠납니다. 계획을 빽빽하게 짜기보다 발길 닿는 대로 걷고 맛있는 음식을 먹으며 일상의 긴장을 내려놓습니다.,"김현 씨는 일주일에 다섯 번 이상 외식을 하며, 특히 육즙이 가득한 두툼한 삼겹살이나 신선한 모둠 초밥을 즐겨 먹습니다. 배달 음식은 한 달에 한 번 있을까 말까 할 정도로, 직접 식당에 가서 활기찬 분위기 속에 식사하는 과정을 좋아합니다.","김현 씨는 어린 자녀를 둔 아빠로서 주말이면 계룡산 자락의 조용한 카페에서 아이와 함께 시간을 보내며 다정한 부모의 역할을 수행합니다. 때로는 육아 스트레스로 예민해지기도 하지만, 가족의 웃음소리에서 삶의 원동력을 얻는 전형적인 가족 중심적 남성입니다.","김현 씨는 계룡시에서 근무하는 사교적인 해군 부사관이자, 가족과 맛있는 음식을 나누는 소소한 행복을 쫓는 고도비만 아빠입니다.","계룡시의 군사 도시 분위기 속에서 해군 부사관으로 살아가며, 제복 입은 삶의 규율과 개인의 자유로운 성향 사이에서 접점을 찾습니다. 어린 자녀를 키우는 아빠로서 주말이면 계룡산 인근의 조용한 카페에서 가족들과 시간을 보냅니다.",함정 내 인원 관리와 자재 보급 업무를 맡아 복잡한 일정 속에서도 유연하게 상황을 조율합니다. 부대원들의 고충을 빠르게 파악해 상급자에게 전달하고 중재하는 소통 능력이 뛰어납니다.,"['함정 자재 및 보급 관리', '부대원 갈등 중재 및 소통', '해군 작전 행정 처리', '효율적 인력 배치 및 스케줄링']","퇴근 후 거실 소파에 누워 유튜브의 최신 전자기기 리뷰 영상을 보거나, 베란다에서 키우는 상추와 방울토마토에 물을 주며 소란스러웠던 마음을 가라앉힙니다. 주말에는 아내와 함께 동네 고깃집에서 두툼한 삼겹살을 굽거나 신선한 모듬 초밥을 먹으러 다닙니다.","['유튜브 테크 리뷰 시청', '베란다 텃밭 가꾸기', '동네 삼겹살 맛집 탐방', '모듬 초밥 먹기', '지인들과의 번개 모임']",현재의 경제적 안정을 유지하면서 아이가 초등학교에 입학할 때까지 무사히 복무하며 상사 계급으로 진급하는 것을 목표로 합니다. 업무 프로세스를 효율적으로 개선해 퇴근 후 가족과 함께하는 시간을 1시간이라도 더 확보하려 노력합니다.,남자,30,배우자있음,현역,배우자·자녀와 거주,아파트,2~3년제 전문대학,해당없음,해군 부사관,충청남-계룡시,충청남,대한민국
fb9e60ec68574b51b194ef030de5ee37,우영순 씨는 평택 지역 노인회에서 총무직을 맡아 회원들의 회비를 십 원 단위까지 정확하게 기록하며 회계 장부를 빈틈없이 관리합니다. 평생 몸에 밴 꼼꼼함과 책임감 덕분에 동네 어르신들 사이에서 살림꾼이자 가장 믿음직한 해결사로 통합니다.,"우영순 씨는 거실 베란다에서 제라늄과 난초의 잎을 정성스럽게 닦아주고 분갈이를 하며 정적인 활동으로 시간을 보냅니다. 평소에는 낮잠을 자며 휴식을 취하는 시간이 많지만, 최근에는 자녀들과의 여행을 위해 단지 내 산책로를 천천히 걷기 시작했습니다.",우영순 씨는 거실 소파에 앉아 '미스트롯' 같은 음악 프로그램을 시청하며 가수들의 노래 가락에 맞춰 흥겹게 박자를 타는 시간을 가장 좋아합니다. 가끔은 평택 인근의 문화유적지를 찾아가 옛 건축물과 유물들을 천천히 살피며 마음의 여유를 누립니다.,"우영순 씨는 자녀들의 손을 잡고 전국의 유명한 성지와 사찰을 찾아다니며 종교적 위안을 얻는 성지순례 여행을 가장 소중하게 여깁니다. 여행지에서는 미리 세운 계획에 따라 일정을 꼼꼼하게 확인하고, 방문한 곳의 소감을 작은 수첩에 기록하는 습관이 있습니다.","우영순 씨는 제철 식재료를 활용해 정갈한 한정식을 차려내는 솜씨가 뛰어나지만, 일주일에 두세 번은 배달 앱으로 치킨을 시켜 먹는 반전 있는 식생활을 유지합니다. 2주에 한 번 평택역 인근의 단골 고깃집에서 지인들과 함께 갈비를 구워 먹으며 수다를 떠는 시간을 즐깁니다.","우영순 씨는 남편과 사별 후 홀로 아파트에 거주하고 있으나, 자녀들이 방문할 때면 정성 가득한 상차림으로 반가움을 표현하는 다정한 어머니입니다. 자녀들에게 건강한 모습으로 오래 곁에 남고 싶어 하며, 이웃들에게 집 정리 정돈 노하우를 전수하며 소소한 도움을 주는 삶에서 보람을 찾습니다.","우영순 씨는 평택에서 홀로 거주하며 꼼꼼한 성격으로 지역 공동체 활동에 앞장서고, 건강 관리와 종교적 성찰을 통해 평온한 노후를 가꾸는 79세 여성입니다.","전후 복구 시기에 성장하며 교육의 중요성을 일찍 깨달아 지역 내에서 드물게 고등학교까지 마쳤으며, 평택의 급격한 도시화 과정을 지켜보며 살아온 세대입니다. 단정한 차림새와 예의를 중시하면서도 새로운 기기나 문화에 거부감이 적어 주변 노인들 사이에서 깨어 있다는 평을 듣습니다.","꼼꼼하고 책임감 있는 성격 덕분에 지역 노인회나 친목 모임에서 총무 역할을 도맡아 회계 장부를 한 치의 오차 없이 관리합니다. 집안 살림 전반에 능숙하며, 특히 제철 식재료를 활용해 정갈한 상차림을 차려내는 솜씨가 뛰어납니다.","['모임 회계 및 장부 관리', '전통 한식 상차림', '스마트폰 배달 앱 활용', '화초 분갈이 및 관리']","거실 베란다에서 난초와 제라늄을 정성껏 가꾸며 시간을 보내고, 오후에는 TV로 '미스트롯' 같은 음악 프로그램을 시청하며 스트레스를 풉니다. 가끔은 스마트폰 앱으로 치킨을 주문해 먹으며 혼자만의 여유를 즐기거나, 평택역 인근의 지인들과 맛집을 찾아다닙니다.","['베란다 정원 가꾸기', '트로트 프로그램 시청', '성지순례 여행 계획 짜기', '지역 커뮤니티 사교 모임']","당뇨와 혈압 관리를 통해 체중을 줄여, 자녀들과 함께 전국의 유명한 성지와 사찰을 여유롭게 둘러보는 건강한 노후를 보내고 싶어 합니다. 자신이 가진 정리 정돈 노하우를 활용해 주변 이웃들에게 소소한 도움을 주는 삶에 가치를 둡니다.",여자,79,사별,비현역,혼자 거주,아파트,고등학교,해당없음,무직,경기-평택시,경기,대한민국
09b7687efd454a87b748a2e7859e055a,"이성민 씨는 엑셀의 고급 함수와 퀀트 분석 도구를 활용해 시장 변동성을 수식으로 모델링하는 투자신탁 전문가입니다. 데이터 사이의 상관관계를 찾아내 리스크를 관리하는 정밀함은 뛰어나지만, 정작 본인의 책상 위 서류 정리나 세부적인 일정 관리에서는 종종 덜렁대는 모습을 보입니다.",이성민 씨는 주말이면 경기도 양평의 한적한 저수지를 찾아 찌의 움직임에만 온 신경을 집중하는 낚시로 일주일 동안 쌓인 마음의 소란을 잠재웁니다. 격렬한 운동보다는 물가에서 가만히 시간을 보내며 정적인 휴식을 취하는 것을 통해 정신적인 에너지를 회복합니다.,"이성민 씨는 출근길에 삼프로TV 팟캐스트를 들으며 시장의 흐름을 읽고, 퇴근 후에는 집에서 조용히 유튜브 영상을 시청하며 시간을 보냅니다. 성수동의 낡은 공장 지대와 화려한 팝업스토어가 묘하게 섞인 거리 풍경을 산책하며 도시의 빠른 변화를 관찰하는 것을 즐깁니다.",이성민 씨는 직장 동료들과 함께 전라도 광주나 경상도 통영의 숨겨진 로컬 맛집을 찾아다니는 식도락 여행을 통해 유대감을 쌓습니다. 유명 관광 명소를 방문하기보다 현지인들이 즐겨 찾는 투박한 식당의 메뉴를 섭렵하는 것에 더 큰 성취감을 느낍니다.,"이성민 씨는 일주일에 네 차례 이상 외식을 하며, 특히 퇴근길 단골 분식집에서 멸치김밥과 떡볶이를 포장해 아이들과 나눠 먹는 시간을 소중히 여깁니다. 고기류보다는 나물 중심의 한식이나 분식을 즐겨 찾으며, 일주일에 한 번 정도는 배달 앱으로 간편한 식사를 해결합니다.","이성민 씨는 성동구 아파트에서 배우자, 아이들과 함께 지내며 내향적인 성격 탓에 밖에서 소진한 에너지를 가족과의 고요한 시간으로 채웁니다. 퇴근 후 아이들에게 간식을 챙겨주고 함께 거실에 누워 TV를 시청하는 일상의 평온함에서 삶의 가장 큰 위안을 얻습니다.","이성민 씨는 성수동에 거주하며 숫자의 명확함을 신뢰하는 투자신탁 전문가이자, 양평 낚시와 로컬 맛집 탐방으로 스트레스를 해소하는 신중하고 예민한 성격의 가장입니다.","성동구 성수동의 팝업스토어 거리와 오래된 공장 지대가 공존하는 풍경 속에서 살아가며, 출근길에는 삼프로TV 같은 경제 팟캐스트를 들으며 시장 흐름을 읽습니다. 수학 전공자로서의 논리적인 면모와 서울의 빠른 변화에 익숙한 도시적 감각을 동시에 가지고 있으며, 내향적인 성향 탓에 집 안에서의 고요한 휴식을 가장 소중히 여깁니다.","복잡한 금융 데이터를 수식으로 모델링하여 자산 배분 전략을 짜는 데 능숙하며, 엑셀의 고급 함수와 퀀트 분석 도구를 활용해 시장의 변동성을 예측합니다. 숫자가 주는 명확함을 신뢰하며, 겉으로 드러나지 않는 데이터 사이의 상관관계를 찾아내어 투자 위험을 관리하는 정밀한 분석 능력을 갖추고 있습니다.","['퀀트 기반 포트폴리오 설계', '금융 리스크 모델링', '데이터 기반 자산 배분 전략', '통계 소프트웨어 활용 분석']","주말이면 경기도 양평의 한적한 저수지에서 낚싯대를 드리우고 찌의 움직임에 집중하며 업무로 쌓인 마음의 소란을 잠재웁니다. 퇴근 후에는 집 근처 단골 분식집에서 멸치김밥과 떡볶이를 포장해 아이들과 나눠 먹으며, 직장 동료들과는 전라도나 경상도의 숨은 로컬 맛집을 찾아다니는 식도락 여행을 통해 유대감을 쌓습니다.","['민물 낚시', '전국 노포 맛집 탐방', '경제 팟캐스트 청취', '가족과 함께하는 동네 산책']","단순히 수익률을 높이는 성과 중심의 운용보다는, 본인의 예민한 성격이 주는 신중함을 활용해 손실을 최소화하는 안정적인 투자 모델을 구축하고 싶어 합니다. 업계의 치열한 경쟁 속에서도 자신만의 분석 철학을 지키며, 가족과 함께 보낼 수 있는 저녁 시간이 보장되는 삶의 균형을 찾고자 합니다.",남자,36,배우자있음,비현역,배우자·자녀와 거주,아파트,4년제 대학교,자연과학·수학,투자신탁 전문가,서울-성동구,서울,대한민국
f29c04ab2d794a259dd5cc65ad54194d,"권수지 씨는 집마다 다른 오염도와 구조를 빠르게 파악해 최적의 동선으로 움직이는 가사 도우미이며, 스마트폰 메모장에 자신만의 공간 치유 매뉴얼을 꼼꼼히 기록하며 전문 정리 수납 컨설턴트라는 꿈을 키워가고 있습니다. 까다로운 집주인의 갑작스러운 요구에도 특유의 넉살과 유연함으로 대처하며 죽은 공간을 살려내는 정리 정돈에 탁월한 능력을 발휘합니다.","권수지 씨는 퇴근 후나 주말이면 수지구 탄천 산책길을 따라 천천히 걸으며 복잡한 마음을 정리하고 일상의 여유를 찾습니다. 격렬한 운동 대신 동네 골목 구석구석을 탐방하는 가벼운 산책을 즐기며, 걷다가 마음에 드는 풍경을 발견하면 잠시 멈춰 서서 사진을 찍는 버릇이 있습니다.",권수지 씨는 주말이면 판교의 작은 갤러리들을 돌아다니며 현대 미술 작품이 주는 정적인 분위기에 침잠하는 시간을 갖습니다. 그러다가도 밤이 되면 룸메이트들과 함께 동네 노래방으로 달려가 최신 유행곡을 목청껏 부르며 일주일간 쌓인 스트레스를 단번에 날려버립니다.,권수지 씨는 휴가철이 되면 가족들과 함께 강원도 평창의 숲길이나 제주도의 한적한 해안 도로를 찾아 자연 풍경을 감상하며 휴식을 취합니다. 화려한 관광지 방문보다 초록색 나무와 푸른 바다가 보이는 곳에서 가족들과 도란도란 이야기를 나누며 에너지를 충전하는 시간을 소중히 여깁니다.,"권수지 씨는 주 2~3회 정도 배달 앱으로 간편하게 끼니를 해결하며, 2주에 한 번은 정갈한 나물 비빔밥이나 청국장 같은 고기 없는 한식당을 방문해 식사합니다. 특히 수지구 골목에 숨은 작은 빵집을 찾아다니며 큼직하고 쫄깃한 천연 발효종 치아바타를 사 들고 오는 소소한 탐험을 즐깁니다.",권수지 씨는 미혼이지만 마음 맞는 친구들과 함께 아파트 전세를 얻어 가족처럼 북적거리며 살아가는 끈끈한 비친족 동거 생활을 하고 있습니다. 본가 가족들과는 자주 만나지 못해도 함께 여행을 떠날 때만큼은 모든 일정을 세심하게 짜서 챙기는 다정한 딸이자 누나의 역할을 수행합니다.,"권수지 씨는 용인 수지구에서 가사 도우미로 일하며 전문 정리 컨설턴트의 꿈을 키우는, 생활력 강하고 넉살 좋은 32세 여성입니다.","용인 수지구의 정돈된 아파트 단지 분위기 속에서 살아가지만, 친구들과 함께 전세를 얻어 살며 현실적인 생존 전략을 짜는 삶을 삽니다. 고등학교 졸업 후 일찌감치 현장에 뛰어들어 몸으로 부딪히며 배운 생활 지혜가 몸에 배어 있으며, 특유의 넉살로 동네 이웃들과 빠르게 안면을 틉니다.","각 집마다 다른 오염도와 구조를 빠르게 파악해 최적의 동선으로 작업을 끝내는 효율성을 갖췄습니다. 집주인의 까다로운 취향이나 갑작스러운 요구 변경에도 당황하지 않고 유연하게 대처하며, 죽은 공간을 살려내는 정리 정돈에 능숙합니다.","['맞춤형 오염 제거 및 세척 기술', '공간 효율 극대화 가구 배치', '최신 가전제품 유지관리 및 세척', '고객 성향 파악 및 유연한 응대', '최단 시간 청소 동선 설계']","주말이면 판교의 작은 갤러리들을 돌아다니며 정적인 시간을 보내고, 퇴근 후에는 룸메이트들과 함께 시끌벅적하게 노래방에서 스트레스를 풉니다. 탄천 산책길을 따라 걷다가 우연히 발견한 골목 빵집의 천연 발효종 빵을 맛보는 소소한 탐험을 즐깁니다.","['판교 독립 갤러리 투어', '탄천 물길 따라 산책하기', '동네 숨은 천연 발효빵집 찾기', '소극장 연극 관람', '시티팝 음악 감상']",단순한 가사 노동을 넘어 전문 정리 수납 전문가 자격증을 취득해 나만의 색깔을 가진 소규모 정리 컨설팅 업체를 운영하려 합니다. 현재는 여러 집을 다니며 얻은 노하우를 바탕으로 자신만의 '공간 치유 매뉴얼'을 메모장에 꼼꼼히 기록하고 있습니다.,여자,32,미혼,비현역,비친족 동거,아파트,고등학교,해당없음,가사 도우미,경기-용인시 수지구,경기,대한민국
2b828f0f047e4e8a84b1d3dc9c87153c,"변승화 씨는 울진군청 인근 공공기관 식당에서 대량 배식을 책임지며, 식재료 손질 순서를 초 단위로 계산해 동선을 줄이는 효율성에 집착합니다. 변승화 씨는 조리사 자격증 취득을 위해 퇴근 후에도 낡은 조리서를 탐독하며, 울진 대게나 송이버섯을 활용한 특식 메뉴판을 몰래 구상하는 야심가입니다.",변승화 씨는 퇴근 후 반려견 뭉치의 목줄을 쥐고 울진의 탁 트인 해안선을 따라 매일 5천 보를 걷는 것으로 하루의 마침표를 찍습니다. 변승화 씨는 정해진 운동 계획 없이 뭉치가 냄새를 맡으며 멈춰 서는 곳곳을 함께 거니는 느릿한 산책에서 가장 큰 평온함을 느낍니다.,"변승화 씨는 동네 친구들과 시간을 맞춰 인근 도시의 미술관을 찾아가 화려한 색감의 유화를 감상하며 일상의 지루함을 달랩니다. 변승화 씨는 거실 벽에 걸린 작은 그림 하나가 집안 전체의 인상을 바꾼다고 믿으며, 가구 배치를 조금만 바꿔도 완전히 새로운 공간에 온 것 같은 기분을 만끽합니다.",변승화 씨는 고등학교 동창들과 함께 경주나 안동의 고택 스테이를 예약해 지역 전통 공연을 관람하는 정적인 여행을 즐깁니다. 변승화 씨는 여행지에서 골목길에 숨어 있는 작은 갤러리 카페에서 친구들과 밀린 수다를 떠는 시간을 소중히 여깁니다.,"변승화 씨는 외식을 할 때면 정갈한 나물 반찬과 청국장이 나오는 보리밥 정식집을 찾아가 입맛을 돋웁니다. 변승화 씨는 가끔 기분 전환이 필요할 때 배달 앱으로 치즈가 듬뿍 들어간 라자냐나 까르보나라도 주문하며, 서툰 솜씨로 플레이팅을 다시 해서 사진을 남기는 버릇이 있습니다.",변승화 씨는 마당 구석에 심어놓은 수국과 상추 텃밭을 가꾸며 자녀들과 함께 흙을 만지는 시간에서 삶의 보람을 찾습니다. 변승화 씨는 무뚝뚝한 남편에게도 다정한 말투로 말을 건네며 집안 분위기를 화기애애하게 이끄는 중심축 역할을 수행합니다.,"변승화 씨는 울진의 자연 속에서 가족과 반려견 뭉치를 아끼며, 주방 보조원으로서의 전문성을 키워 조리사를 꿈꾸는 체계적이고 다정한 40대 여성입니다.","울진의 바닷바람과 함께 자라 이웃들과 정을 나누는 문화에 익숙하며, 마당이 있는 단독주택을 직접 가꾸며 소소한 성취감을 느끼는 경북 지역의 정서를 가지고 있습니다.","대량 배식을 하면서도 위생 상태와 식재료 손질의 정밀함을 놓치지 않는 꼼꼼함을 갖췄으며, 주방 동선을 효율적으로 재배치해 작업 시간을 단축시키는 능력이 탁월합니다.","['대량 조리 위생 관리', '효율적인 주방 동선 설계', '식재료 재고 최적화', '다양한 한식 밑반찬 조리']","퇴근 후 반려견 '뭉치'와 함께 해안선을 따라 산책하며 하루의 피로를 풀고, '오늘의집' 앱을 참고해 거실 가구 배치를 조금씩 바꾸는 일에 몰입합니다.","['반려견 산책 및 훈련', '오늘의집 활용 거실 인테리어', '친구들과의 파스타 맛집 탐방', '지역 소규모 갤러리 전시 관람']","주방 보조원으로 시작했지만 조리사 자격증 취득을 준비하며, 급식 메뉴에 지역 특산물을 활용한 새로운 레시피를 도입해 함께 식사하는 동료들의 만족도를 높이려 합니다.",여자,45,배우자있음,비현역,배우자·자녀와 거주,단독주택,고등학교,해당없음,주방 보조원,경상북-울진군,경상북,대한민국
32ea3eadb1354e829b4b56d4ed756e2a,"조종현 씨는 수원 곳곳의 통신 단자함을 누비며 헝클어진 배선을 자로 잰 듯 정렬하고, 광케이블 융착 접속기의 미세한 오차를 잡아내는 정밀한 손끝 감각을 가진 기술자입니다. 현장에서 신호가 잡히지 않는 돌발 상황이 발생하면 당황하기보다 일단 장비부터 뜯어 원인을 찾아내는 실전형 스타일이며, 미래에 통신망 설계 및 유지보수 관리직으로 올라서기 위해 퇴근 후 틈틈이 상위 자격증 책을 펼칩니다.","조종현 씨는 주말이면 집 근처 헬스장에서 묵직한 중량을 치며 근육을 키우는 성취감을 즐기고, 가끔은 수영장의 시원한 물살을 가르며 몸의 긴장을 풉니다. 단순히 운동만 하는 것이 아니라 친구들과 함께 땀 흘리는 활동을 통해 유대감을 쌓으며, 게임이나 스포츠에서 승부욕이 발동하면 평소의 유연함은 사라지고 지기 싫어하는 고집스러운 모습이 튀어나옵니다.","조종현 씨는 퇴근 후 컴퓨터 앞에 앉아 리그 오브 레전드 팀전에 몰입하며 화려한 컨트롤로 스트레스를 날리고, 조용한 밤에는 이어폰을 꽂고 최신 음악을 들으며 하루를 정리합니다. 가끔은 냉장고에 남은 자투리 채소와 햄을 썰어 넣어 부모님을 위한 볶음밥을 만드는 소박한 요리 시간을 통해 자신만의 창의성을 발휘합니다.","조종현 씨는 거창한 해외여행보다는 친구나 연인과 함께 가까운 곳으로 떠나 아무 생각 없이 쉬는 휴양 중심의 여행을 즐깁니다. 휴일에는 반려견의 목줄을 쥐고 광교 호수공원의 산책로를 느긋하게 걸으며 풍경을 감상하고, 근처 카페에 앉아 시시콜콜한 잡담을 나누는 시간에서 진정한 회복을 경험합니다.","조종현 씨는 일주일에 두세 번 배달 앱을 켜서 두툼한 치즈가 올라간 피자나 육즙 가득한 수제 버거를 주문해 먹으며 소소한 행복을 느낍니다. 외식을 할 때는 고깃집보다는 정갈한 나물 비빔밥이나 청국장 같은 한식당을 찾아가 입맛을 돋우며, 가끔은 직접 만든 볶음밥으로 가족들의 입맛을 사로잡기도 합니다.","조종현 씨는 수원 장안구의 오래된 아파트에서 부모님과 함께 지내며, 겉으로는 투덜거리면서도 부모님의 잔심부름을 묵묵히 해내는 든든한 아들입니다. 반려견과 함께 거실 바닥에 뒹굴며 교감하는 시간을 가장 소중히 여기며, 가족들과 함께 나누는 저녁 식사 자리에서 그날 있었던 현장 이야기를 늘어놓으며 소통합니다.","조종현 씨는 수원에서 활동하는 실무 중심의 통신장비 기사로, 운동과 게임을 즐기며 현실적인 성장을 꿈꾸는 21세 청년입니다.",수원 장안구의 오래된 아파트 단지에서 성장하며 북수원 IC 인근의 상가 거리와 골목길에 익숙한 환경에서 자랐습니다. 전문대학 시절부터 실무 위주의 교육을 받으며 이론적인 공부보다는 현장에서 몸으로 부딪쳐 답을 찾는 문화에 빠르게 적응했습니다.,통신 단자함의 복잡한 배선을 효율적으로 정리하고 광케이블 융착 접속기의 미세한 오차를 잡아내는 정밀 작업에 능숙합니다. 현장에서 장비 신호가 잡히지 않을 때 다각도로 원인을 분석해 빠르게 임시 조치를 취하는 감각이 좋습니다.,"['광케이블 융착 접속', '네트워크 신호 측정 및 분석', '통신 랙 배선 정리', '기본 전기 설비 점검']","퇴근 후 친구들과 리그 오브 레전드 팀전을 하며 스트레스를 풀거나, 주말에는 집 근처 헬스장에서 땀을 흘리며 무거운 덤벨을 듭니다. 가끔 부모님을 위해 냉장고 속 재료로 간단한 볶음밥을 만들고, 반려견과 함께 광교 호수공원 산책로를 걷는 시간을 즐깁니다.","['리그 오브 레전드', '웨이트 트레이닝', '반려견 산책', '간단한 한그릇 요리']","현재는 현장 기사로 활동하며 기초를 다지고 있지만, 실무 경력을 쌓아 통신망 설계나 유지보수 관리직으로 직무를 확장하려 합니다. 조급하게 움직이기보다 매달 일정 금액을 저축하며 관련 상위 자격증을 하나씩 취득하는 현실적인 계획을 실천 중입니다.",남자,21,미혼,비현역,부모와 동거,아파트,2~3년제 전문대학,해당없음,통신장비 기사,경기-수원시 장안구,경기,대한민국
fcda40d467004d43b0c59631a8cf3f3c,"이영신 씨는 정년퇴직이라는 개념이 없는 전업주부로서, 분당의 아파트 전세금 관리부터 식단 계획까지 집안의 모든 운영 체계를 완벽하게 통제하며 살림의 효율을 극대화하는 가사 운영 전문가입니다.","이영신 씨는 매일 아침 정해진 시간에 탄천 산책로를 걸으며 계절마다 바뀌는 갈대와 벚꽃의 색을 살피고, 걸음 수가 부족한 날에는 잠이 오지 않아 뒤척이는 강박적인 운동 루틴을 유지합니다.","이영신 씨는 화려한 전시회보다는 유튜브에서 추천하는 작은 식물 성장 영상을 보며 마음의 평온을 얻고, 베란다의 작은 화분들이 잎을 틔우는 과정에서 정서적인 충만함을 느낍니다.","이영신 씨는 고등학교 동창들과 함께 강원도 인제나 평창의 조용한 숲길을 찾아다니며, 인위적인 관광지보다는 이끼 낀 바위나 울창한 전나무 숲의 풍경을 가만히 응시하는 정적인 여행을 즐깁니다.","이영신 씨는 정자동 카페거리의 숨은 빵집들을 찾아다니며 겉은 바삭하고 속은 쫄깃한 치아바타를 고르는 안목을 가졌고, 외식으로는 자극적이지 않은 나물 정식이나 청국장 전문점을 주로 방문합니다.","이영신 씨는 사별 후 홀로 자녀를 키워내며 자신의 이름보다는 누구의 어머니로 불리는 삶에 익숙해졌으며, 이제는 성인이 된 자녀에게 짐이 되지 않으려 애쓰면서도 은근히 자신의 빈자리를 알아주길 바라는 복잡한 마음을 품고 있습니다.","이영신 씨는 분당의 정돈된 풍경 속에서 저염식 식단과 탄천 산책으로 건강을 돌보며, 자녀를 향한 헌신 뒤에 숨겨진 자신만의 작은 취향을 조심스럽게 가꾸어가는 강인한 어머니입니다.","가족을 위한 희생이 당연했던 세대를 지나, 이제는 분당의 정돈된 거리 속에서 자신만의 작은 취향을 찾아가는 시기를 보내고 있습니다. 고등학교 졸업 후 빠르게 가정을 꾸렸던 기억과 사별 후 홀로 자녀를 키워낸 강인함이 내면에 자리 잡고 있습니다.",고혈압 관리를 위해 소금 사용량을 정밀하게 조절하면서도 감칠맛을 내는 저염식 반찬 조리법에 능숙합니다. 가계부를 꼼꼼히 작성하며 전세 자금과 생활비를 효율적으로 배분하는 살림 운영 능력이 탁월합니다.,"['제철 식재료를 활용한 저염식 한식 조리', '꼼꼼한 가계부 작성 및 자산 관리', '효율적인 주거 공간 정리 정돈', '자녀의 심리적 상태를 세밀하게 살피는 공감 대화']","매일 아침 탄천 산책로를 따라 걸으며 계절의 변화를 살피고, 유튜브에서 추천하는 분당 인근의 작은 빵집을 찾아가 소금빵과 치아바타를 구매해 옵니다. 가끔 마음이 불안할 때는 거실에 앉아 식물 성장 일기 영상을 보며 마음을 가라앉힙니다.","['분당 탄천 산책로 걷기', '동네 개인 베이커리 투어', '유튜브 식물 관리 및 가드닝 영상 시청', '오랜 친구들과 함께하는 수목원 나들이']",자녀에게 짐이 되지 않도록 건강 관리를 철저히 하여 독립적인 노후 생활을 유지하는 것에 집중하고 있습니다. 거창한 성취보다는 동네 주민들과 소소하게 나누어 먹을 수 있는 건강 간식을 만드는 작은 즐거움을 찾고자 합니다.,여자,66,사별,비현역,자녀와 거주 (한부모),아파트,고등학교,해당없음,무직,경기-성남시 분당구,경기,대한민국
96ed52967692424da52877f262f9cc1d,"이준용 씨는 수십 년간 서울 공단 지역의 정밀 기계 가공 현장에서 도면 없이도 부품의 미세한 오차를 잡아내던 예리한 손끝 감각을 가졌으며, 지금도 집안의 삐걱거리는 서랍장이나 헐거워진 문고리를 낡은 드라이버 하나로 뚝딱 고쳐냅니다.","이준용 씨는 관악산의 계절 변화를 살피며 천천히 걷는 산책으로 몸을 풀고, 동네 기원에서 친구들과 장기판을 사이에 두고 팽팽한 기싸움을 벌이며 승부욕을 불태우는 시간에서 삶의 활력을 얻습니다.","이준용 씨는 거실 소파에 깊숙이 기대어 유튜브로 낚시 전문 채널의 영상을 보며 가상의 찌올림에 가슴 설레하고, 가끔 지역 축제에서 열리는 풍물놀이패의 가락에 맞춰 어깨춤을 춥니다.","이준용 씨는 자녀들이 운전하는 차를 타고 강원도 숲길이나 남해 바닷가 같은 자연 풍경을 찾아다니며, 말없이 창밖의 초록빛 풍경을 감상하는 시간을 가장 아낍니다.","이준용 씨는 2주에 한 번 가족들과 함께 나물 정식이 잘 나오는 한식당을 찾거나 깔끔한 초밥집에서 일식을 즐기며, 일주일에 한 번은 아들이 주문해 주는 짜장면 배달 음식으로 입맛을 돋웁니다.","이준용 씨는 아내와 함께 전세 아파트에서 생활하며, 주말마다 찾아오는 손주의 작은 손을 잡고 바둑판의 묘수를 하나하나 전수해 줄 때 가장 큰 성취감을 느낍니다.","이준용 씨는 서울 공단에서의 치열한 삶을 뒤로하고 관악구에서 가족과 친구, 그리고 소소한 취미와 함께 평온한 노후를 보내는 정밀 기계 가공 숙련공 출신의 어르신입니다.","전후 복구기의 혼란 속에서 성장해 젊은 시절부터 서울의 공단 지역에서 몸으로 부딪히며 가정을 일궜습니다. 관악구의 가파른 언덕길과 골목 정서에 익숙하며, 삶의 굴곡을 겪으면서도 매사를 담담하게 받아들이는 특유의 유연함을 갖게 되었습니다.",수십 년간 정밀 기계 가공 분야에서 종사하며 도면 없이도 부품의 미세한 오차를 잡아내는 예리한 손끝 감각을 익혔습니다. 집안의 고장 난 문고리나 삐걱거리는 서랍장을 간단한 도구만으로 뚝딱 고쳐내곤 합니다.,"['정밀 기계 부품 가공', '간이 가구 및 생활용품 수리', '전통 바둑 및 장기 전략', '스마트폰 유튜브 맞춤 영상 검색']","관악산 자락의 완만한 산책로를 천천히 걸으며 계절의 변화를 살피고, 유튜브로 낚시 영상을 찾아보며 대리 만족을 느낍니다. 일주일에 한 번은 단골집에서 친구들과 막걸리를 곁들이며 장기판 앞의 승부욕을 불태웁니다.","['관악산 둘레길 산책', '유튜브 낚시 채널 시청', '동네 친구들과의 장기 대국', '가족과 함께하는 전국의 숲길 여행', '지역 주민센터 바둑 교실 참여']","이제는 사회적 성취보다는 자녀들에게 짐이 되지 않는 건강한 일상을 유지하는 것에 집중하며, 손주에게 바둑의 묘수를 하나하나 전수해 주는 소소한 성취감을 기대합니다.",남자,78,배우자있음,비현역,기타2세대,아파트,중학교,해당없음,무직,서울-관악구,서울,대한민국
5e4ef0283357454197fccae208679ae4,박종환 씨는 중학교 졸업 후 일찍이 사회생활을 시작해 현장에서의 생리와 넉살을 몸소 익혔습니다. 박종환 씨는 현재 무직 상태지만 동네의 삐걱거리는 문손잡이나 막힌 배수구를 뚝딱 고쳐내며 이웃들의 해결사 역할을 합니다.,박종환 씨는 매일 새벽 영일대 해수욕장 산책로를 천천히 뛰며 굳은 몸을 깨웁니다. 박종환 씨는 주말이면 친목 모임 회원들과 구룡포 바다에 나가 온종일 낚싯대를 드리우며 시간을 보냅니다.,박종환 씨는 거실 소파에 누워 유튜브로 최신 낚시 장비 리뷰 영상을 시청하며 시간을 보냅니다. 박종환 씨는 탁 트인 바다 풍경이나 자연이 주는 투박한 아름다움을 가만히 응시하며 마음의 안정을 찾습니다.,박종환 씨는 친목 모임 회원들과 함께 전국 각지의 바닷가나 숲길을 찾아다니며 풍경을 감상합니다. 박종환 씨는 발길 닿는 대로 움직이며 그곳의 공기와 분위기를 느끼는 느긋한 여행을 즐깁니다.,박종환 씨는 일주일에 서너 번은 배달 앱으로 고기 요리를 시켜 먹거나 동네 한식당을 방문합니다. 박종환 씨는 단골 일식집에서 갓 썰어낸 모둠회에 소주를 곁들이는 저녁 시간을 가장 기다립니다.,박종환 씨는 미혼으로 포항의 오래된 다세대주택에서 홀로 단조로운 일상을 보냅니다. 박종환 씨는 가족의 빈자리를 동네 사람들과의 끈끈한 유대감과 친목 모임의 시끌벅적함으로 채우며 살아갑니다.,"박종환 씨는 포항 남구에서 손재주와 넉살로 이웃들과 어울리며, 낚시와 산책을 즐기는 여유로운 50대 독신 남성입니다.","포항 남구의 오래된 골목에서 나고 자라며 제철소 도시 특유의 투박하면서도 역동적인 분위기에 익숙합니다. 중학교 졸업 후 일찍이 사회생활을 시작하며 정규 교육보다 현장에서의 눈치와 넉살을 먼저 배웠고, 덕분에 시장 상인부터 외지인까지 누구와도 격식 없이 어울리는 유연한 태도를 갖게 되었습니다.",집안의 삐걱거리는 문손잡이나 막힌 배수구 같은 잔고장을 도구함 하나로 뚝딱 해결하는 실용적인 손재주가 뛰어납니다. 특히 여러 사람이 모인 자리에서 상대의 표정 변화를 빠르게 읽어내어 적절한 농담으로 어색한 분위기를 깨뜨리는 소통 능력이 탁월합니다.,"['가정 내 간단한 설비 및 집수리', '상대방의 기분을 맞추는 능숙한 대화법', '지역 내 숨은 낚시 포인트 및 맛집 발굴', '스마트폰을 활용한 취미 정보 검색 및 영상 시청']","이른 아침 영일대 해수욕장 산책로를 천천히 뛰며 몸을 풀고, 낮에는 거실에 누워 유튜브로 최신 낚시 장비 리뷰 영상을 봅니다. 주말이면 친목 모임 회원들과 함께 구룡포 인근 바다로 나가 낚싯대를 드리우고, 저녁에는 단골 일식집에서 모둠회에 소주 한 잔을 곁들이며 시간을 보냅니다.","['구룡포 해안가 바다낚시', '영일대 해변 조깅', '유튜브 낚시 전문 채널 시청', '동네 일식집에서 즐기는 제철 회 시식']",경제적인 성취보다는 지역 사회 내에서 '성격 좋고 믿음직한 사람'으로 인정받으며 여유롭게 지내는 삶을 지향합니다. 가끔은 자신이 가진 손재주를 활용해 동네 이웃들의 소소한 불편함을 해결해 주는 작은 봉사를 하며 보람을 느끼고 싶어 합니다.,남자,56,미혼,비현역,혼자 거주,다세대주택,중학교,해당없음,무직,경상북-포항시 남구,경상북,대한민국
7161ca7a17f74fdd8cb8719c42af0388,최지영 씨는 금정구의 한 개인 서비스 업체에서 사무 보조로 근무하며 방문객을 친절하게 맞이하고 한글 표와 엑셀 함수로 서류를 깔끔하게 정리합니다. 다만 숫자 계산에서 잦은 실수를 저지르는 탓에 모니터 주변에 알록달록한 포스트잇 체크리스트를 빼곡히 붙여두고 하나씩 지워가며 업무를 처리합니다.,최지영 씨는 퇴근 후 반려견의 목줄을 챙겨 금정산 자락의 완만한 산책길을 천천히 걷으며 하루의 긴장을 풀어냅니다. 격렬한 운동보다는 범어사 근처의 계절 변화를 느끼며 느릿하게 발걸음을 옮기는 정적인 활동에서 심리적 안정감을 얻습니다.,"최지영 씨는 집에서 유튜브 브이로그를 시청하며 타인의 일상을 멍하게 바라보는 시간으로 정서적 허기를 채우고, 가끔 코인 노래방을 찾아 좋아하는 노래를 부르며 스트레스를 해소합니다. 정해진 틀 없이 흘러가는 영상미나 감성적인 분위기에 끌리며 이를 통해 자신의 내면을 정리합니다.","최지영 씨는 계획을 빽빽하게 짜기보다 발길 닿는 대로 떠나는 나홀로 여행을 즐기며, 낯선 도시의 조용한 게스트하우스에 묵으며 오롯이 자신의 감정에만 집중합니다. 화려한 관광지보다는 아무도 모르는 골목길이나 작은 카페에서 멍하게 시간을 보내며 진정한 휴식을 취합니다.","최지영 씨는 외식이나 배달 음식을 한 달에 한 번 정도로 제한하며, 가끔 기분 전환이 필요할 때면 두툼한 삼겹살이 나오는 한식당을 찾습니다. 평소에는 단골 빵집의 짭조름한 소금빵을 씹으며 불안한 마음을 가라앉히는 습관이 있으며, 디저트류에 대한 애착이 강합니다.","최지영 씨는 부산 금정구의 다세대주택에서 부모님과 함께 살며 정서적인 유대감을 공유하지만, 동시에 자신만의 독립적인 공간에 대한 갈망을 품고 있습니다. 부모님과의 관계는 원만하지만, 가끔은 자신의 예민한 감수성을 온전히 이해받지 못한다는 생각에 방 안으로 숨어들곤 합니다.","최지영 씨는 부산 금정구에서 사무 보조로 일하며 독립을 꿈꾸는 20세 청년으로, 정서적 예민함과 유연한 성격을 동시에 지닌 채 소소한 일상의 행복을 찾는 인물입니다.","부산 금정구의 한적한 주택가에서 나고 자라 범어사 근처 산책길의 계절 변화를 지켜보며 성장했습니다. 새로운 시도를 즐기면서도 마음 한구석엔 늘 정서적 불안함이 있어, 단골 빵집의 소금빵을 씹으며 마음을 가라앉히곤 합니다.","한글 문서의 표 만들기나 엑셀의 기본 함수를 활용해 사무실 서류를 깔끔하게 정리하며, 방문객들이 편안함을 느끼도록 유연하게 응대하는 능력이 있습니다. 다만 세밀한 숫자 검토가 필요한 작업에서는 종종 실수를 하여 포스트잇에 체크리스트를 빽빽하게 적어 붙여두는 습관이 있습니다.","['한글 및 워드 문서 편집', '엑셀 기본 함수 활용', '방문객 응대 및 안내', '기초적인 일정 관리']","퇴근 후에는 유튜브에서 좋아하는 브이로그를 보며 멍하게 시간을 보내거나, 반려견과 함께 금정산 자락을 천천히 걷는 시간을 소중히 여깁니다. 가끔은 아무도 모르는 낯선 도시의 작은 게스트하우스에 혼자 묵으며 오로지 자신의 기분에만 집중하는 휴식을 취합니다.","['반려견과 동네 산책하기', '유튜브 브이로그 시청', '코인 노래방에서 최신 곡 부르기', '낯선 도시로 떠나는 나홀로 여행']","지금은 사무 보조로 시작했지만, 나중에는 자신의 감각을 살려 사람들의 마음을 편하게 해주는 작은 서비스 공간을 운영하고 싶어 합니다. 당장은 월급을 조금씩 모아 부모님 집에서 벗어나 자신만의 취향이 담긴 작은 자취방을 마련하는 것이 현실적인 목표입니다.",여자,20,미혼,비현역,부모와 동거,다세대주택,2~3년제 전문대학,해당없음,사무 보조원,부산-금정구,부산,대한민국
b5d64384439a41f181a5cc931c296af9,"홍정재 씨는 김포와 파주 일대 건설 현장을 누비며 거친 현장 소장님들의 입맛에 맞게 자재의 특성을 찰떡같이 설명해내는 영업원입니다. 서비스 전공을 살려 깍듯하게 응대하면서도 현장의 투박한 분위기에 빠르게 녹아들지만, 가끔은 모든 요구사항을 다 들어주려다 보니 정작 자신의 업무 스케줄이 꼬여 당황하는 모습을 보입니다.","홍정재 씨는 주말마다 LCK 경기를 챙겨보며 선수들의 밴픽 전략과 교전 양상을 세밀하게 분석해 개인 블로그에 올리는 일에 몰두합니다. 직접 몸을 움직이는 스포츠보다는 화면 속의 치열한 수 싸움을 관람하는 것에 더 큰 희열을 느끼며, 응원하는 팀이 패배한 날에는 밤새 복기 글을 쓰느라 잠을 설치기도 합니다.","홍정재 씨는 김포 한강신도시의 조용한 북카페나 독특한 인테리어의 테마 카페를 찾아다니며 혼자만의 생각에 잠기는 시간을 즐깁니다. 화려한 현대 미술보다는 서사가 뚜렷한 영화에 끌리며, 영화가 끝난 뒤에도 여운을 곱씹으며 블로그에 자신만의 관점이 담긴 짧은 평론을 남기는 습관이 있습니다.","홍정재 씨는 연인이나 친구와 함께 강원도 평창의 깊은 숲길이나 제주도의 한적한 오름을 찾아가 멍하니 풍경을 바라보며 휴식하는 여행을 떠납니다. 유명 관광지를 빠르게 도는 일정 대신, 발길 닿는 대로 걷다가 마음에 드는 나무 아래서 한참을 쉬어가는 느긋한 여정을 즐깁니다.","홍정재 씨는 일주일의 절반 이상을 외식으로 해결하며, 점심에는 정갈한 보리밥 정식이나 나물 비빔밥 같은 한식을, 저녁에는 깔끔한 초밥이나 돈카츠 같은 일식당을 즐겨 찾습니다. 배달 음식은 금요일 밤에만 시켜 먹는 규칙을 세웠지만, 가끔 야식의 유혹에 넘어가 배달 앱의 메뉴판을 한 시간 넘게 고민하며 고르는 결정 장애를 보입니다.","홍정재 씨는 김포의 쾌적한 아파트에서 부모님과 함께 지내며, 퇴근 후 거실에서 부모님과 나누는 소소한 대화에서 정서적 안정감을 얻습니다. 평소에는 다정한 아들처럼 굴다가도 자신의 사생활이나 연애 문제에 간섭이 들어오는 순간에는 갑자기 입을 닫아버리는 20대 후반 특유의 고집이 있습니다.","홍정재 씨는 세련된 서비스 매너와 현장의 투박함을 모두 갖춘 27세 건축자재 영업사원으로, e스포츠 분석과 사우나를 통해 삶의 균형을 잡는 인물입니다.","김포 한강신도시의 쾌적한 아파트 단지에서 부모님과 함께 지내며, 신도시의 세련된 편의시설과 외곽의 한적한 풍경을 동시에 누리는 환경에서 성장했습니다. 서비스 전공자답게 사람을 대하는 매너가 몸에 배어 있지만, 거친 건설 현장 사람들과도 금방 어울리는 유연한 태도를 갖추고 있습니다.","전공에서 배운 고객 응대 기술을 건축자재 영업에 접목해, 까다로운 현장 소장님들의 요구사항을 빠르게 파악하고 조율하는 능력이 탁월합니다. 비금속광물 제품의 기술적 특성을 구매자가 이해하기 쉬운 일상 언어로 풀어서 설명하는 데 능숙합니다.","['건축자재 제품 사양 분석 및 제안', 'B2B 거래처 관계 관리 및 협상', '고객 맞춤형 서비스 커뮤니케이션', '현장 요구사항 기반의 납기 조율']","주말이면 김포 근처의 조용한 북카페나 이색적인 테마카페를 찾아다니며 생각을 정리하고, LCK 같은 e스포츠 경기를 챙겨본 뒤 개인 블로그에 분석 글을 남깁니다. 일주일 동안 쌓인 현장의 피로를 풀기 위해 동네 사우나에서 뜨거운 탕에 몸을 담그는 시간을 가장 아낍니다.","['LCK 경기 관람 및 블로그 리뷰 작성', '김포 지역 이색 테마카페 탐방', '동네 사우나에서 즐기는 반신욕', '친구들과 함께 떠나는 강원도 숲길 여행']","경기 서북부 지역의 인테리어 설계 사무소와 시공사들 사이에서 대체 불가능한 자재 공급 전문가로 입지를 다지려 합니다. 단순히 물건을 파는 영업사원을 넘어, 현장의 문제점을 함께 해결하는 파트너로서 신뢰를 쌓는 것에 가치를 둡니다.",남자,27,미혼,비현역,부모와 동거,아파트,4년제 대학교,서비스,건축자재 영업원,경기-김포시,경기,대한민국
695e2696ea7c426f93a30b3f91ed2700,"최현숙 씨는 80년대 여성 공학도로서 익힌 설계 습관을 살려 집안 가구 배치도를 밀리미터 단위로 그려내며, 최근에는 충주시 복지관에서 아이들에게 기초 과학을 가르칠 기회를 찾고 있습니다.","최현숙 씨는 매주 정해진 시간에 배드민턴 채를 챙겨 지역 동호회에 나가 셔틀콕을 주고받으며 땀을 흘리고, 가끔은 거실에서 줄넘기를 하며 심박수를 높입니다.","최현숙 씨는 매주 화요일 충주시립도서관에서 인문학과 건축 관련 서적을 빌려 읽으며, 오래된 건물의 골조와 설계 방식에 대해 수첩에 메모하는 습관이 있습니다.",최현숙 씨는 마음 맞는 친구들과 함께 경복궁이나 전주 한옥마을 시티투어 버스에 올라 한옥의 처마 곡선과 기둥 구조를 유심히 살피며 여행을 즐깁니다.,"최현숙 씨는 한 달에 한 번 외식을 하며 짜장면이나 짬뽕 같은 중식 메뉴를 즐기고, 평소에는 나물 비빔밥이나 된장찌개 같은 담백한 한식을 직접 요리해 먹습니다.","최현숙 씨는 충주 중앙탑공원 근처 아파트에서 오빠 내외와 함께 지내며, 독립적인 성향이 강해 집안일은 분담하되 자신의 방만큼은 철저하게 개인적인 영역으로 유지합니다.","최현숙 씨는 충주에서 오빠 가족과 함께 사는 60대 미혼 여성으로, 공학 전공자의 꼼꼼함과 독립적인 성격을 바탕으로 제2의 인생을 가꾸는 분입니다.","충주 중앙탑공원 인근 아파트에서 오빠 내외와 함께 지내며, 80년대 초반 여성 공학도로서 치열하게 공부했던 기억과 미혼으로서 지켜온 독립적인 생활 방식이 공존합니다.","설계 도면을 다루던 습관이 남아 있어 집안 가구 배치나 수리 계획을 밀리미터 단위로 꼼꼼하게 세우며, 최신 스마트폰 앱으로 가계부의 지출 항목을 정교하게 분류해 기록합니다.","['정밀한 수치 계산 및 도면 해석', '가전제품 단순 고장 자가 수리', '체계적인 월간 일정 및 예산 관리', '디지털 기기를 활용한 정보 검색']","매주 화요일 충주시립도서관에서 빌린 책을 읽고, 주말이면 친구들과 함께 경복궁이나 전주 한옥마을 같은 시티투어 코스를 돌며 오래된 건축물의 구조를 살피는 것을 즐깁니다.","['충주 지역 배드민턴 동호회 활동', '나물과 두부 중심의 한식 정찬 요리', '유튜브 건축 및 인테리어 채널 시청', '전국 주요 도시 시티투어 버스 여행']",거창한 재취업보다는 지역 복지관의 만들기 교실이나 기초 과학 강좌에서 아이들에게 자신의 전공 지식을 나누며 소소한 사회적 존재감을 확인하고 싶어 합니다.,여자,64,미혼,비현역,형제 부부 가구에 동거,아파트,4년제 대학교,공학·제조·건설,무직,충청북-충주시,충청북,대한민국
5638cfee8fb144018c22f1b49b6f185b,"김미경 씨는 양산신도시의 미로 같은 골목길과 새로 생긴 상가 위치를 훤히 꿰고 있는 베테랑 음료 배달원입니다. 배달 요청 사항이 까다로운 손님을 만나도 특유의 넉살과 유연함으로 상황을 매끄럽게 넘기며, 가끔은 배달지 근처의 맛집 정보를 손님과 나누며 수다를 떨기도 합니다.","김미경 씨는 주말마다 등산화 끈을 꽉 조여 매고 천성산이나 영축산의 흙길을 오르며 일주일간 쌓인 스트레스를 털어냅니다. 정상에서 마시는 시원한 생수 한 모금에 행복해하면서도, 하산 후에는 반드시 동료들과 함께 해물파전과 막걸리를 먹어야 직성이 풀리는 모순적인 건강관리를 합니다.","김미경 씨는 평일 저녁이면 라디오 사연을 들으며 자신의 삶을 투영해 보거나, 유튜브에서 서울의 유명한 브런치 카페 영상을 찾아보며 대리 만족을 느낍니다. 영상 속에 나오는 화려한 플레이팅과 정갈한 소품들을 수첩에 적어두며 나중에 자신의 가게에 어떻게 적용할지 구체적으로 상상하곤 합니다.",김미경 씨는 일 년에 한두 번 가족들과 함께 남해나 거제도의 조용한 펜션으로 떠나 아무것도 하지 않고 누워 있는 휴양 여행을 즐깁니다. 여행지에서 마주치는 낯선 사람들에게 먼저 말을 걸어 현지인만 아는 숨은 식당을 알아내는 능력을 발휘하며 가족들의 가이드 역할을 자처합니다.,"김미경 씨는 주 5일 이상 외식을 하며, 나물 비빔밥이나 청국장 같은 깔끔한 한식이나 분위기 좋은 곳의 파스타와 리조또를 즐겨 찾습니다. 배달 음식보다는 직접 식당에 가서 정성스럽게 차려진 음식을 먹는 시간을 소중히 여기며, 식사 후에는 반드시 달콤한 조각 케이크로 마무리해야 만족합니다.","김미경 씨는 배우자와 별거 중이라 넓은 단독주택에 혼자 지내지만, 외로움을 달래기 위해 동네 이웃들을 수시로 집으로 초대해 왁자지껄한 분위기를 만듭니다. 가끔은 가족에 대한 그리움과 서운함이 동시에 밀려와 라디오 볼륨을 크게 틀어놓고 혼자 눈시울을 붉히는 밤을 보내기도 합니다.","김미경 씨는 양산에서 음료 배달을 하며 소박한 디저트 카페의 꿈을 키우는, 넉살 좋고 정 많은 50대 여성입니다.","양산신도시의 팽창과 변화 과정을 직접 겪으며 살아왔고, 전문대 시절부터 다져온 사회성과 경상도 특유의 시원시원한 성격이 합쳐져 처음 보는 이웃과도 금방 말을 섞는 넉살을 지녔습니다.","양산 시내의 복잡한 골목길과 최신 상가 위치를 꿰뚫고 있으며, 배달 현장에서 발생하는 갑작스러운 요청이나 불만 사항을 특유의 유연한 대처 능력으로 매끄럽게 해결합니다.","['양산시 전역 지리 숙지', '다양한 연령대 고객 응대 기술', '효율적인 배달 경로 최적화', '현장 갈등 중재 및 커뮤니케이션']","주말이면 천성산이나 영축산의 흙길을 밟으며 마음속의 걱정을 털어내고, 평일 저녁에는 라디오 사연에 귀를 기울이거나 유튜브에서 유명한 브런치 카페 영상을 찾아보며 다음 외식 메뉴를 고릅니다.","['천성산 및 영축산 등산', '유튜브 맛집 리뷰 시청', '지역 라디오 프로그램 청취', '양산신도시 브런치 카페 투어']","성실하게 모은 수입으로 지금 살고 있는 단독주택의 낡은 곳들을 하나씩 수리하고 있으며, 나중에는 작은 규모의 디저트 가게를 차려 동네 사람들의 사랑방 역할을 하며 소일거리를 찾는 삶을 꿈꿉니다.",여자,56,배우자있음,비현역,혼자 거주 (배우자 별거),단독주택,2~3년제 전문대학,해당없음,음료 배달원,경상남-양산시,경상남,대한민국
864a8cb04b1f4db4ad0a0504cd525f2d,"정희연 씨는 연선기 기계의 미세한 떨림만으로도 불량을 잡아내던 예리한 감각을 가진 베테랑이며, 요즘은 매일 아침 9시 정각에 워크넷에 접속해 인천 서구 공단 인근의 품질 검수직 공고를 꼼꼼히 살피고 있습니다.","정희연 씨는 일주일에 세 번 동네 수영장을 찾아 물살을 가르며 굳은 몸을 풀고, 수영 후에는 사우나에서 이웃들과 소소한 이야기를 나누며 하루의 피로를 씻어냅니다.","정희연 씨는 서구 문화센터의 비즈 공예 수업에서 작은 구슬 하나하나를 정교하게 꿰어 화려한 액세서리를 만들며, 완성된 작은 소품을 손바닥 위에 올려두고 한참을 흐뭇하게 바라봅니다.","정희연 씨는 남편과 함께 지도 앱에 저장해둔 전국의 노포 맛집을 찾아다니며, 전라도 광주의 육전이나 강원도 강릉의 콧등치기 국수 같은 향토 음식을 직접 맛보는 여행에 진심입니다.","정희연 씨는 2주에 한 번 정도 남편과 함께 집 근처 갈빗집에서 숯불갈비를 구워 먹거나, 가끔 기분 전환을 위해 동네 이탈리안 레스토랑에서 꾸덕한 크림 파스타를 주문해 천천히 음미합니다.","정희연 씨는 무뚝뚝하지만 속 깊은 남편과 함께 아파트 거실에서 TV 프로그램을 시청하며 소소한 일상을 공유하고, 서로의 건강 상태를 체크하며 조용한 노후를 함께 준비하고 있습니다.","정희연 씨는 인천 공단에서 잔뼈가 굵은 성실한 기술자 출신으로, 정교한 손재주와 체계적인 생활 습관을 바탕으로 제2의 직업 인생을 꿈꾸는 50대 여성입니다.",인천 서구의 공단 지역에서 청춘을 보내며 성실함과 책임감을 삶의 최우선 가치로 삼아왔습니다. 고등학교 졸업 후 곧바로 현장에 뛰어들어 거친 금속 가공 환경 속에서도 묵묵히 일하며 내 집 마련의 꿈을 이뤄낸 끈기 있는 세대의 전형적인 삶을 살아왔습니다.,연선기의 장력을 세밀하게 조정해 와이어의 꼬임 없이 매끄러운 제품을 뽑아내는 정교한 손끝 감각을 보유하고 있습니다. 기계의 작은 진동이나 소음 변화만으로도 이상 징후를 즉각 알아채는 예민함과 공정 전체의 완성도를 끝까지 챙기는 꼼꼼함이 몸에 배어 있습니다.,"['연선기 장력 정밀 조절', '금속 가공 제품 품질 검수', '산업 현장 안전 관리 및 수칙 준수', '기계 오작동 사전 진단 및 대응']","주말이면 남편과 함께 전국의 숨은 맛집을 찾아다니며 낯선 지역의 향토 음식을 맛보는 여행을 즐깁니다. 평소에는 동네 문화센터에서 비즈 공예에 몰입해 작은 소품을 완성하는 성취감을 느끼며, 혈압 관리를 위해 청라호수공원을 천천히 걷거나 수영장에서 물살을 가르며 체력을 관리합니다.","['전국 팔도 향토 음식 탐방', '비즈 공예 액세서리 제작', '청라호수공원 야간 산책', '구립 수영장 자유 수영', '지역 성당 소모임 활동']",오랜 시간 다져온 정밀한 손재주와 체계적인 관리 능력을 활용해 소규모 제조 공방의 운영 관리자나 품질 검수직으로 복귀하고자 합니다. 매일 아침 정해진 시간에 구직 사이트를 확인하고 이력서를 다듬으며 자신의 기준에 부합하는 안정적인 일자리를 찾고 있습니다.,여자,51,배우자있음,비현역,배우자와 거주,아파트,고등학교,해당없음,"전직 연선기 조작원, 현재 구직중",인천-서구,인천,대한민국
e7926df30b8f48c09b33684f3075f60f,"최경진 씨는 정보통신기술 전공을 살려 공공 데이터 포털의 복잡한 인터페이스를 시민들이 쓰기 편하게 고치는 일을 합니다. 회의 때면 기술적 한계와 행정적 절차 사이에서 날카롭게 의견을 제시하며 타협점을 찾아내지만, 가끔은 효율성에 너무 집착해 동료들을 몰아붙이는 버릇이 있습니다.","최경진 씨는 집 근처 헬스장에서 고중량 웨이트 트레이닝을 하며 근육의 뻐근함을 즐깁니다. 정해진 루틴대로 무게를 올려가는 과정에서 성취감을 느끼며, 땀을 흘리며 숨이 턱 끝까지 차오를 때 비로소 머릿속의 복잡한 행정 업무들이 정리되는 기분을 느낍니다.","최경진 씨는 주말이면 대학로 소극장을 찾아 배우들의 숨소리가 들리는 연극을 관람하며 일상의 환기를 시도합니다. 영화나 음악 감상뿐만 아니라 가끔은 직접 요리를 하며 플레이리스트를 짜는 등, 정적인 휴식 속에서도 끊임없이 감각적인 자극을 찾는 편입니다.","최경진 씨는 복잡한 도심을 벗어나 강원도 평창의 깊은 숲길을 걷거나 울창한 나무 사이로 비치는 햇살을 바라보며 휴식을 취합니다. 주로 마음이 맞는 친구나 연인과 함께 떠나며, 화려한 관광지보다는 자연 그대로의 풍경이 주는 고요함 속에서 에너지를 재충전합니다.","최경진 씨는 주 2~3회 정도 외식을 하며, 특히 성수동의 분위기 좋은 주점에서 하이볼 한 잔과 정갈한 한식 안주를 곁들이는 시간을 소중히 여깁니다. 배달 음식은 보름에 한 번 꼴로 아주 가끔 시켜 먹으며, 고기류보다는 나물이나 생선 중심의 깔끔한 한식당을 주로 찾습니다.","최경진 씨는 강남의 화려한 빌딩 숲 사이에 숨겨진 오래된 다세대 주택에서 어머니와 함께 오순도순 지냅니다. 낡은 집이 주는 편안함과 어머니와의 끈끈한 유대감 덕분에, 밖에서는 똑 부러지는 공공행정 전문가로 활동하지만 집 안에서는 응석받이 딸의 모습으로 돌아갑니다.","최경진 씨는 강남에 거주하며 ICT 기술로 공공행정의 효율화를 꿈꾸는 26세의 당찬 직장인이자, 헬스와 연극을 사랑하는 도시 여성입니다.","강남구의 화려한 빌딩 숲 사이, 어머니와 함께 오래된 다세대 주택에서 지내며 현대적인 도시 감성과 가족적인 유대감을 동시에 갖고 자랐습니다. 정보통신기술을 전공했지만 공공행정의 영역으로 진출해, 기술적 효율성과 행정적 절차의 접점을 찾는 삶에 익숙합니다.","공공 데이터 포털의 인터페이스를 개선하거나 행정 처리 프로세스를 디지털화하는 실무 능력이 뛰어납니다. 복잡한 기술 용어를 일반 시민들이 이해하기 쉬운 언어로 풀어서 설명하고, 관련 부서 간의 의견 차이를 현실적인 타협안으로 조율하는 데 능숙합니다.","['공공 데이터 분석 및 시각화', '행정 프로세스 디지털 전환 설계', '다부서 이해관계 조율', '사용자 경험 중심의 민원 서비스 개선']","대학로의 소극장 연극을 챙겨 보며 일상의 스트레스를 풀고, 주말이면 친구들과 함께 성수동의 분위기 좋은 요리 주점에서 하이볼을 곁들인 한식 안주를 즐깁니다. 퇴근 후에는 집 근처 헬스장에서 무거운 덤벨을 들며 잡념을 없애고, 가끔은 강원도 평창의 숲길을 걷는 여행으로 머리를 식힙니다.","['대학로 소극장 연극 관람', '성수동 요리 주점 탐방', '고강도 웨이트 트레이닝', '평창 숲길 트레킹', '넷플릭스 다큐멘터리 시청']",실생활에 즉각적으로 도움이 되는 스마트 행정 시스템을 구축해 시민들의 서류 제출 대기 시간을 획기적으로 줄이는 성취감을 느끼고 싶어 합니다. 전문성을 인정받아 행정 혁신 분야의 핵심 실무자로 자리 잡는 것을 목표로 합니다.,여자,26,미혼,비현역,어머니와 동거,다세대주택,4년제 대학교,정보통신기술,공공행정 전문가,서울-강남구,서울,대한민국
2e9e874899454d24a4e3571394e602f5,"김제규 씨는 건설 현장의 거친 입담과 본사의 딱딱한 회계 기준 사이를 오가며 공사비 정산을 조율하는 능숙한 중재자입니다. 사람들을 다루는 솜씨는 일품이지만, 정작 중요한 결재 서류의 오타를 놓치거나 첨부 파일을 빠뜨리는 덜렁거리는 습관 때문에 후배 사원에게 종종 도움을 받습니다.","김제규 씨는 주말마다 수락산 등산로를 타며 체력을 관리하고, 평일 밤에는 거실 소파에 누워 프리미어리그의 전술 변화를 분석하며 스트레스를 풉니다. 단순히 경기를 보는 것에 그치지 않고 최신 분석 앱을 활용해 선수들의 기록을 살피는 정밀한 시청 습관을 가지고 있습니다.",김제규 씨는 90년대 대학 시절의 자유로운 분위기를 간직해 최신 전자기기나 유행하는 사회관계망서비스 앱을 빠르게 익혀 사용합니다. 거창한 예술 활동보다는 유튜브나 넷플릭스의 최신 영상 콘텐츠를 섭렵하며 자녀들과 최신 유행어에 대해 대화를 나누는 시간을 즐깁니다.,김제규 씨는 직장 동료들과 함께 일상의 소음을 벗어나 아무것도 하지 않고 쉬는 휴양 목적의 여행을 떠납니다. 빡빡한 일정표를 짜기보다 현지 분위기에 따라 발길 닿는 대로 움직이며 동료들과 허심탄회하게 이야기를 나누는 시간을 가장 소중히 여깁니다.,"김제규 씨는 일주일에 네 번 이상 밖에서 식사를 해결하며, 특히 단골 일식집에서 나오는 신선한 모둠 초밥과 정갈한 한정식을 즐깁니다. 배달 음식은 가끔 이용하지만, 직접 식당에 가서 주인과 담소를 나누며 식사하는 대면 접촉의 즐거움을 더 중요하게 생각합니다.","김제규 씨는 노원구 상계동 아파트에서 아내와 자녀들과 함께 지내며, 최신 가젯에 능숙한 아빠로서 아이들의 디지털 문화를 자연스럽게 공유합니다. 다정하고 사교적인 성격 덕분에 집안 분위기를 주도하지만, 가끔은 정리정돈을 미루는 성격 탓에 아내에게 잔소리를 듣기도 합니다.","김제규 씨는 유연한 사고와 뛰어난 사교성으로 건설 금융 분야에서 신망을 받는, 인간미 넘치는 노원구의 마당발입니다.","노원구 상계동 아파트 단지에서 오래 거주하며 지역 커뮤니티 내에서 마당발로 통합니다. 90년대 대학 시절의 개방적인 분위기를 겪어 나이보다 유연한 사고방식을 가졌으며, 최신 전자기기나 유행하는 앱을 빠르게 익혀 자녀들과 격의 없이 소통합니다.","건설 현장의 거친 분위기와 본사의 깐깐한 회계 기준 사이에서 접점을 찾아내는 조율 능력이 탁월합니다. 복잡한 공사비 정산 업무를 빠르게 처리하면서도 특유의 친화력으로 협력업체 관계자들의 불만을 잠재우는 데 능숙하지만, 가끔 세부적인 서류 정리에서 덜렁거리는 모습을 보입니다.","['건설 공사비 정산 및 자금 관리', '협력업체 네트워크 관리', '유연한 갈등 조정 및 협상', '기업 금융 행정 처리']","주말이면 수락산 등산로를 따라 걷으며 땀을 흘리고, 하산 후에는 동네 단골 일식집에서 신선한 모둠 초밥으로 기력을 보충합니다. 퇴근 후 거실 소파에 누워 프리미어리그 경기를 시청하며 전술을 분석하는 시간이 하루 중 가장 편안한 휴식입니다.","['수락산 등산 및 트레킹', '해외 축구 경기 시청', '동네 일식 맛집 탐방', '유튜브 짧은 영상 시청', '낮잠을 통한 에너지 충전']","단순한 직급 상승보다는 업계 내에서 '일 잘하고 성격 좋은 사람'이라는 평판을 공고히 하여, 퇴직 후에도 건설 금융 분야의 전문 자문역으로 활동하며 사회적 영향력을 유지하고 싶어 합니다.",남자,48,배우자있음,비현역,배우자·자녀와 거주,아파트,4년제 대학교,서비스,그 외 금융 사무원,서울-노원구,서울,대한민국
d0da666cf9974e69acb1c148a21be327,"박혜창 씨는 정교한 사시미 칼질과 오차 없는 초대리 배합으로 주방장의 두터운 신뢰를 받는 일식 조리사이며, 훗날 손님 개개인의 취향을 세밀하게 반영한 오마카세 가게를 차리겠다는 목표로 매일 재료 준비 과정에 매진합니다.",박혜창 씨는 퇴근 후 파주 시립 수영장에서 격렬하게 물살을 가르거나 동네 천변을 달리며 하루 동안 쌓인 주방의 열기와 스트레스를 털어냅니다.,"박혜창 씨는 잠들기 전 태블릿으로 네이버 웹툰의 최신 회차를 챙겨보고, 리그 오브 레전드 랭크 게임에서 승급전을 치르며 혼자만의 정서적 휴식을 취합니다.","박혜창 씨는 친구나 연인과 함께 전국 각지의 유명 식당을 찾아다니는 일종의 미식 시찰 여행을 즐기며, 그곳에서 얻은 영감을 자신의 요리 노트에 꼼꼼히 기록합니다.","박혜창 씨는 일주일에 대여섯 번은 밖에서 밥을 해결하며 주로 두툼한 삼겹살이나 바삭한 치킨을 즐기지만, 정작 주방에서는 정갈한 일식의 정점을 추구하는 모순적인 식생활을 유지합니다.","박혜창 씨는 파주시의 한 전세 아파트에서 부모님과 함께 지내며, 무뚝뚝한 듯하면서도 부모님이 좋아하는 생선 요리를 가끔 만들어 대접하는 다정한 아들의 모습을 보입니다.","박혜창 씨는 건강 관리라는 숙제를 안고 있지만, 섬세한 손끝 기술과 뚜렷한 주관으로 자신만의 오마카세 제국을 꿈꾸는 24세의 야심 찬 일식 조리사입니다.","파주시 아파트에서 부모님과 함께 지내며, 출퇴근 길에 유튜브 쇼츠로 최신 외식 트렌드를 살피고 온라인 커뮤니티의 식당 리뷰를 분석하며 감각을 유지합니다.","정교한 사시미 손질과 초대리 배합 비율을 맞추는 섬세함을 갖췄으며, 주방의 기초가 되는 재료 준비 과정을 빈틈없이 처리해 주방장의 신뢰를 받습니다.","['생선 필렛 손질', '초밥 샤리 배합', '다시마 육수 추출', '식재료 선입선출 관리', '기본적인 튀김 온도 조절']","퇴근 후 파주 시립 수영장에서 물살을 가르며 하루의 피로를 풀고, 잠들기 전 태블릿으로 네이버 웹툰을 보거나 리그 오브 레전드 랭크 게임을 돌리며 시간을 보냅니다.","['파주 시립 수영장 자유수영', '리그 오브 레전드', '네이버 웹툰 정주행', '새로운 일식 레시피 개발', '한강변 야간 러닝']","오마카세의 전 과정을 능숙하게 이끄는 메인 셰프가 되어, 손님 한 명 한 명의 취향을 세밀하게 반영한 맞춤형 코스 요리를 선보이는 작은 가게를 운영하려 합니다.",남자,24,미혼,비현역,부모와 동거,아파트,고등학교,해당없음,일식 조리사,경기-파주시,경기,대한민국
80759464bdf84d068c51f11b80053e6f,"권윤주 씨는 금융 상품을 안내하는 텔레마케터로 일하며, 고객의 미세한 숨소리와 톤 변화만으로 상대의 불편함을 읽어내어 격양된 마음을 차분하게 가라앉히는 능숙한 대화 기술을 발휘합니다. 퇴근 후에는 지친 마음을 달래며 심리 상담사 자격증 서적의 밑줄을 긋고 이론을 공부하며 사람의 마음을 깊이 치유하는 전문가가 되기 위한 발판을 다집니다.","권윤주 씨는 퇴근길 서대문구의 가파른 골목을 지나 안산 자락길의 흙길을 천천히 밟으며 하루 동안 쌓인 감정의 찌꺼기를 비워냅니다. 주말에는 가벼운 운동복 차림으로 집 근처 낮은 산을 오르며, 정상에서 불어오는 바람에 복잡한 생각들을 날려 보내곤 합니다.","권윤주 씨는 오래된 필름 카메라를 들고 양평의 숲속을 거닐며, 이끼 낀 바위나 잎사귀의 세밀한 핏줄 같은 아주 작은 생명의 디테일을 프레임에 담습니다. 집에서는 몬스테라와 스킨답서스 잎에 쌓인 먼지를 정성스럽게 닦아내며 식물이 주는 고요한 위로에 깊이 몰입합니다.","권윤주 씨는 친한 친구와 함께 양평의 한적한 숲속 펜션으로 떠나, 아무런 계획 없이 늦잠을 자고 창밖의 초록색 풍경을 감상하는 휴양 여행을 즐깁니다. 유명한 관광 명소보다는 이름 없는 작은 숲길이나 조용한 책방이 있는 마을에서 머물며 에너지를 충전합니다.","권윤주 씨는 평일 점심에 동료들과 함께 회사 근처 돼지갈비집이나 김치찜 가게에서 든든한 한식을 먹고, 가끔은 도미노 피자나 맘스터치 버거로 끼니를 해결합니다. 일요일 저녁이면 일주일의 마무리를 위해 배달 앱으로 최애 떡볶이를 주문해 부모님과 함께 나눠 먹습니다.","권윤주 씨는 서대문구의 다세대주택에서 부모님과 함께 지내며, 부모님의 잔소리를 적당히 흘려듣는 유연함과 때로는 지나치게 배려하다가 정작 본인의 의견을 말하지 못하는 내성적인 모습을 동시에 보입니다. 가끔은 부모님의 간섭에서 벗어나 온전한 자신만의 방을 갖고 싶다는 갈망에 휩싸여 밤잠을 설치기도 합니다.","권윤주 씨는 타인의 감정을 세심하게 보살피는 금융업 종사자이자, 식물과 사진을 통해 고독한 휴식을 즐기며 심리 상담사의 꿈을 키워가는 30대 여성입니다.","서대문구의 가파른 골목길이 이어진 다세대주택에서 부모님과 함께 살며, 퇴근길에 안산 자락길을 천천히 걸으며 하루 동안 쌓인 감정의 찌꺼기를 털어내곤 합니다.","상대방의 미묘한 목소리 톤 변화만으로도 현재 기분과 불편함을 빠르게 알아채며, 격양된 고객의 말을 끝까지 들어주어 스스로 진정하게 만드는 유연한 대화 기술을 갖추고 있습니다.","['고객 심리 상태 파악', '금융 상품 설명 및 설득', '민원인 감정 완화', '상황별 유연한 응대']","주말이면 친구와 함께 양평의 조용한 숲속 펜션으로 떠나 필름 카메라로 이끼나 나뭇잎의 세밀한 결을 찍고, 집 베란다에 놓인 작은 몬스테라와 스킨답서스 잎을 닦아주며 시간을 보냅니다.","['필름 카메라 출사', '베란다 홈 가드닝', '양평 숲속 휴양', '동네 고깃집 맛집 탐방']",현재의 상담 경력을 발판 삼아 사람들의 마음을 더 깊이 들여다보는 심리 상담사로 전향하기 위해 퇴근 후 틈틈이 관련 서적을 읽고 자격증 공부를 준비하고 있습니다.,여자,31,미혼,비현역,부모와 동거,다세대주택,2~3년제 전문대학,해당없음,텔레마케터,서울-서대문구,서울,대한민국
737938dd60dc4de8ad1dd6da05fc1502,"정사랑 씨는 긴장한 소아 환자들에게 상상 속 나라 이야기를 들려주며 진료실 공포증을 잠재우는 섬세한 치과의사입니다. 훗날 차가운 병원 분위기를 지우고 은은한 커피 향이 나는 카페 같은 진료 공간을 직접 설계해 운영하겠다는 꿈을 꾸며, 임플란트 전문 과정을 통해 진료의 완성도를 높이는 데 매진하고 있습니다.","정사랑 씨는 땀 흘리는 격렬한 운동보다는 종교 활동이나 지인들과의 만남을 통해 심리적 활력을 얻는 정적인 여가를 즐깁니다. 활동적인 스포츠 대신 노래방에서 최신 곡을 부르며 스트레스를 해소하거나, 집에서 좋아하는 음악을 감상하며 몸과 마음을 이완시키는 휴식에 집중합니다.",정사랑 씨는 광복동의 작은 독립 갤러리들을 누비며 얻은 영감을 치과 보철물의 심미적 디자인에 적용하는 감각적인 면모를 보입니다. 삼겹살집의 시끌벅적한 분위기 속에서도 최신 현대 미술 전시의 난해함을 주제로 친구들과 열띤 토론을 벌일 만큼 예술에 대한 몰입도가 매우 높습니다.,"정사랑 씨는 빽빽한 일정의 관광 여행 대신, 연인이나 친구와 함께 아무것도 하지 않고 쉴 수 있는 한적한 휴양지로 떠나는 시간을 소중히 여깁니다. 조용한 숙소에서 라디오를 듣거나 책을 읽으며 일상의 소음을 지우고 오로지 자신의 내면에 집중하는 방식으로 재충전합니다.","정사랑 씨는 2주에 한 번 정도 외식을 하며 지글지글 구운 삼겹살에 술 한 잔을 곁들이는 소박한 즐거움을 누립니다. 평소에는 일주일에 한 번 배달 음식을 시켜 먹지만, 주말이면 영도의 유명한 사워도우 빵집을 투어하며 겉바속촉한 빵의 질감을 음미하는 일에 진심입니다.","정사랑 씨는 부산 서구의 정겨운 골목길이 내려다보이는 다세대주택에서 배우자, 아이들과 함께 북적이는 일상을 보냅니다. 책임감 있게 가정을 이끌면서도, 가끔은 아이들의 소란스러움을 피해 혼자만의 고요한 독서 시간을 갈망하는 모순적인 엄마의 모습을 보이기도 합니다.","정사랑 씨는 예술적 감수성으로 진료실을 디자인하고 싶은, 부산 서구의 다정한 치과의사입니다.",부산 서구의 오래된 골목과 항구 특유의 활기찬 분위기 속에서 성장했습니다. 치대 재학 시절의 엄격한 규율 속에서도 광복동의 작은 독립 갤러리들을 찾아다니며 예술적 영감을 채우는 시간을 가졌습니다.,긴장한 소아 환자들에게 상상력을 자극하는 이야기를 들려주며 진료실 공포증을 낮추는 능력이 탁월합니다. 환자의 얼굴 전체적인 조화를 고려해 심미 보철물을 정교하게 디자인하는 감각을 갖췄습니다.,"['소아 환자 심리 케어 및 진정 요법', '심미 보철물 정밀 디자인', '잇몸 질환 조기 진단 및 관리', '효율적인 병원 스케줄 최적화']","출퇴근 길에 '두시탈출 컬투쇼'를 들으며 하루의 스트레스를 웃음으로 털어냅니다. 토요일 오후면 영도에 있는 사워도우 빵집을 찾아다니고, 친구들과 함께 삼겹살집에서 최신 현대 미술 전시의 난해함에 대해 열띤 토론을 벌입니다.","[""라디오 '두시탈출 컬투쇼' 청취"", '영도 지역 수제 사워도우 빵집 탐방', '광복동 인근 독립 갤러리 관람', '매주 일요일 교회 성가대 활동']","병원 특유의 차가운 분위기를 지우고, 마치 아늑한 카페에 온 듯한 느낌을 주는 치과 공간을 직접 설계해 운영하고 싶어 합니다. 임플란트 전문 과정을 이수해 진료의 효율성과 완성도를 높이려는 계획을 세우고 있습니다.",여자,34,배우자있음,비현역,배우자·자녀와 거주,다세대주택,4년제 대학교,보건·복지,치과 일반 의사,부산-서구,부산,대한민국
2a2a155af6424f91838830c29942edba,"김길홍 씨는 대학에서 법학을 전공한 뒤 쌓아온 행정 처리 능력을 활용해, 동네 지인들이 전세 계약서를 작성하거나 까다로운 민원 서류를 준비할 때마다 돋보기를 쓰고 꼼꼼하게 조항을 짚어주는 해결사 역할을 합니다. 이제는 권위적인 사회적 지위에서 벗어나 대구 달서구의 낡은 골목과 숨은 건축물들을 사진으로 기록해 개인 블로그에 올리며 소소한 공감을 나누는 삶을 꿈꿉니다.","김길홍 씨는 거창한 운동보다는 집 근처 성당못 산책길을 천천히 거닐며 계절의 변화를 관찰하는 정도로 몸을 움직입니다. 운동화 끈을 묶고 나서는 결심은 매번 비장하지만, 정작 십 분만 걸어도 허리 통증이 밀려와 근처 공원 벤치에서 쉬어가는 것이 일과가 되었습니다.","김길홍 씨는 넷플릭스로 전 세계의 생소한 문화를 다룬 다큐멘터리를 챙겨 보며 세상을 향한 호기심을 채우고, 오래된 카메라를 메고 대구의 근대 골목을 누비며 낡은 벽돌 담벼락의 질감을 사진으로 담아냅니다. 법전의 딱딱한 문장들 속에 갇혀 살았던 젊은 날의 보상이라도 받으려는 듯, 최근에는 서양 미술사 책을 곁에 두고 좋아하는 화가의 화풍을 분석하는 일에 몰두합니다.","김길홍 씨는 가끔 자녀들과 함께 경북 청도나 성주로 짧은 여행을 떠나, 푸른 산세와 탁 트인 풍경을 바라보며 복잡했던 마음을 가라앉히는 시간을 갖습니다. 화려한 관광지보다는 이름 없는 숲길이나 조용한 사찰의 처마 밑에서 바람 소리를 듣는 일을 즐기며, 그 순간의 정취를 놓치지 않으려 수첩에 짧은 감상을 남깁니다.",김길홍 씨는 일주일에 두세 번 달서구의 단골 고깃집에서 지글지글 구워지는 삼겹살에 소주를 곁들이며 옛 동료들과 시시콜콜한 이야기를 나누는 시간을 가장 좋아합니다. 가끔은 젊은 세대의 입맛을 따라가 보겠다며 동네 수제 버거 집에서 육즙 가득한 패티와 치즈가 어우러진 버거를 주문해 천천히 음미하며 새로운 맛을 탐색합니다.,"김길홍 씨는 이혼 후 홀로 아파트에서 생활하며 정막함에 익숙해졌지만, 명절이나 기념일이면 자녀들의 집을 방문해 손주들의 재롱을 보며 잠시나마 외로움을 잊습니다. 자녀들에게는 듬직하고 이성적인 아버지로 보이고 싶어 하지만, 가끔은 서운한 마음이 불쑥 튀어나와 혼자 거실에 앉아 텔레비전 소리를 크게 키워놓고 시간을 보내곤 합니다.","김길홍 씨는 법학 전공자의 냉철한 이성과 예술을 향한 낭만을 동시에 품은 채, 대구 달서구에서 홀로 고요한 삶의 여백을 채워가는 60대 남성입니다.","대구 달서구의 아파트 단지에서 홀로 생활하며, 법학을 전공한 이성적인 사고와 예술에 대한 남다른 갈망 사이에서 균형을 찾으려 애쓰는 삶을 살아왔습니다. 이혼 후 찾아온 고요함 속에서 과거의 사회적 지위나 체면보다는 개인의 취향과 내면의 평화를 더 소중히 여기는 시기를 보내고 있습니다.","복잡한 법적 서류를 분석하거나 까다로운 행정 절차를 처리하는 데 능숙하여, 주변 지인들이 계약서 검토나 관공서 업무로 어려움을 겪을 때 실질적인 해결책을 제시합니다. 꼼꼼한 서류 작업 능력과 더불어 상대의 의도를 빠르게 파악해 조율하는 협상 기술을 갖추고 있습니다.","['법률 문서 분석 및 검토', '행정 절차 대행 및 자문', '효율적인 일정 및 자원 관리', '갈등 조정 및 협상']","주말이면 OTT 플랫폼에서 전 세계의 다큐멘터리를 챙겨 보거나, 가끔 기분 전환을 위해 동네의 수제 버거 집을 찾아 새로운 맛을 탐색합니다. 고혈압과 복부비만으로 건강 걱정이 많지만, 오래된 친구들과 나누는 소주 한 잔과 함께 시시콜콜한 옛이야기를 나누는 시간에서 큰 위안을 얻습니다.","['OTT 해외 다큐멘터리 시청', '대구 근교 숲길 산책 및 풍경 사진 촬영', '수제 버거 및 이색 식당 탐방', '동네 친구들과의 소규모 술자리', '디지털 기기를 활용한 정보 검색']",이제는 경제적 성취를 위한 직업적 활동보다는 자신이 발견한 대구의 숨은 풍경이나 오래된 건축물들을 사진으로 기록하고 글로 남기는 소규모 온라인 기록물을 만들어보고 싶어 합니다. 누군가에게 권위를 세우기보다 자신의 시선을 공유하며 소소한 공감을 얻는 삶을 지향합니다.,남자,60,이혼,비현역,혼자 거주,아파트,4년제 대학교,경영·행정·법,무직,대구-달서구,대구,대한민국
3b677c9154954dcaabf3c9d379ac128e,"문광민 씨는 김해 공단 내 전문건설업체에서 복잡한 노무비 정산과 세금 신고를 도맡으며, 꼬인 엑셀 수식을 단숨에 잡아내는 해결사로 통합니다. 현장 인부들의 거친 말투 속에서도 그들의 고충을 읽어내어 회사와 적절히 조율하는 유연함을 발휘하지만, 가끔은 너무 세심하게 챙기려다 퇴근 시간이 늦어지곤 합니다.","문광민 씨는 주말이면 가족들과 가야테마파크 근처 숲길을 느릿하게 걸으며 머릿속의 복잡한 숫자들을 지워내고, 가끔은 지인들과 골프장에서 필드를 누비며 땀을 흘립니다. 산행 후 내려와 마시는 시원한 막걸리 한 잔의 즐거움을 알기에 등산화를 항상 깨끗하게 닦아 현관에 둡니다.","문광민 씨는 퇴근길 김해 시내의 이름 모를 작은 갤러리에 들어가 낯선 그림들을 한참 동안 바라보며 현실의 답답함을 해소합니다. 방대한 세계관이 펼쳐지는 게임 속 세상을 탐험하며 상상력을 키우고, 아기자기한 소품샵에서 발견한 독특한 물건을 아내의 책상 위에 몰래 올려두는 소년 같은 감성을 간직하고 있습니다.","문광민 씨는 일 년에 한두 번, 어린 자녀와 아내, 그리고 어머니를 모시고 따뜻한 온천이나 스파 여행을 떠나 온 가족의 피로를 풉니다. 여행지에서는 빡빡한 일정 대신 숙소 근처에서 느긋하게 시간을 보내는 것을 좋아하며, 가족들이 만족해하는 표정을 보며 가장 큰 행복을 느낍니다.","문광민 씨는 일주일에 한 번, 아내와 함께 김해 골목 구석구석에 숨겨진 돼지갈비 맛집을 찾아가 숯불 향 가득한 고기로 한 주의 피로를 씻어냅니다. 배달 음식을 시킬 때는 주로 아이가 좋아하는 피자나 버거 세트를 주문하며, 평소에는 소박한 한식 위주로 식사하지만 가끔은 자극적인 맛에 매료되어 과식을 하곤 합니다.","문광민 씨는 아파트에서 아내, 아이, 그리고 연로하신 어머니와 함께 살며 집안의 든든한 버팀목 역할을 수행합니다. 아이의 서툰 그림에도 진심으로 감탄해주고 어머니의 잔소리를 묵묵히 들어주는 다정한 아들이자 남편이지만, 때로는 혼자 방에 들어가 게임에 몰입하며 자신만의 동굴 속으로 숨어버리기도 합니다.","문광민 씨는 김해의 건설 회계 사무원으로 성실하게 살아가며 예술적 낭만과 가족에 대한 사랑을 동시에 품고 있는, 외유내강형의 30대 가장입니다.","김해의 공단 지역 분위기에 익숙하면서도, 퇴근길에 우연히 발견한 작은 갤러리나 독특한 소품샵에 마음을 뺏기는 섬세함을 가졌습니다. 고등학교 졸업 후 곧바로 실무 전선에 뛰어들어 성실함을 인정받았지만, 마음 한구석에는 늘 정해진 답 너머의 새로운 세상을 꿈꾸는 소년 같은 면이 남아있습니다.","건설 현장의 복잡한 노무비 산정과 세금 신고 업무를 실수 없이 처리하며, 특히 엉킨 엑셀 수식을 빠르게 풀어내는 능력이 탁월합니다. 딱딱한 회계 장부 너머로 현장 근로자들의 고충을 세심하게 살펴 유연하게 조율하는 중재자 역할을 자처합니다.","['건설업 특화 세무 회계', '엑셀 데이터 자동화 및 최적화', '현장 노무비 관리', '기업 자금 흐름 분석']","주말이면 가족들과 함께 가야테마파크 근처 숲길을 천천히 걸으며 복잡한 머릿속을 비우거나, 집에서 방대한 세계관을 가진 오픈월드 게임에 몰입해 상상력을 충전합니다. 가끔은 아내와 함께 김해 시내의 숨은 돼지갈비 맛집을 찾아다니며 일주일의 긴장을 풀어냅니다.","['오픈월드 RPG 게임', '가야산 인근 삼림욕', '스크린 골프', '가족과 함께하는 온천 여행', '동네 풍경 사진 찍기']",현재의 안정적인 소득을 유지하며 전산세무 상위 자격증을 취득해 사내에서 대체 불가능한 전문가로 자리 잡고 싶어 합니다. 언젠가는 회계 지식을 활용해 자신이 좋아하는 예술가들의 작업을 지원하는 작은 문화 공간을 운영하는 구체적인 계획을 세우고 있습니다.,남자,36,배우자있음,비현역,배우자·자녀·어머니와 거주,아파트,고등학교,해당없음,회계 사무원,경상남-김해시,경상남,대한민국
a5673b7fb96e458088bac835d0c3b5f3,"이예지 씨는 금산의 보육 시설에서 아이들의 일과를 분 단위로 기록하는 꼼꼼한 실무자로, 직접 만든 펠트 교구로 아이들의 상상력을 자극하며 숲 체험 어린이집이라는 구체적인 미래를 설계합니다.",이예지 씨는 퇴근 후 동네 배드민턴 코트에서 셔틀콕을 강하게 내리치거나 헬스장 러닝머신 위에서 땀을 흘리며 업무 중 쌓인 예민한 스트레스를 해소합니다.,"이예지 씨는 유튜브에서 일본이나 유럽의 희귀한 디저트 영상을 수집하며 상상력을 키우고, 이를 응용해 아이들이 좋아할 만한 독특한 모양의 색종이 접기 활동을 기획합니다.","이예지 씨는 휴일이면 어머니의 손을 잡고 전국의 이름난 맛집을 찾아다니는 식도락 여행을 즐기며, 지역마다 다른 특산물 요리를 맛보는 것에 큰 행복을 느낍니다.","이예지 씨는 금산 시장 근처 고깃집에서 지글지글 익는 삼겹살에 소주 한 잔을 곁들이는 시간을 가장 아끼며, 바쁜 날에는 동네 분식집에서 떡볶이와 김밥을 포장해 옵니다.","이예지 씨는 금산의 한적한 산세가 보이는 오래된 단독주택에서 어머니와 함께 살며, 때로는 사소한 일로 티격태격하지만 서로의 일상을 가장 세밀하게 챙기는 끈끈한 관계를 유지합니다.","이예지 씨는 꼼꼼한 보육 전문가이자 식도락을 즐기는 20대 후반의 여성으로, 철저한 자기관리와 충동적인 생활 습관이 공존하는 입체적인 인물입니다.","금산의 한적한 마을에서 인삼 밭과 산세에 둘러싸여 성장했으며, 고등학교 졸업 후 빠르게 사회생활을 시작해 실무 중심의 삶을 살아왔습니다. 어머니와 함께 오래된 단독주택에 거주하며 지역 사회의 끈끈한 정서와 소박한 일상을 공유하고 있습니다.","아이들의 하루 일과를 분 단위로 꼼꼼하게 기록하고 관리하는 체계적인 보육 운영 능력을 갖추고 있습니다. 아이들의 상상력을 자극하는 창의적인 놀이 교구를 직접 제작해 수업에 적용하며, 동료들이 놓치기 쉬운 세밀한 행정 서류까지 빈틈없이 마무리합니다.","['창의적 놀이 교구 맞춤 제작', '보육 일지 정밀 기록 및 관리', '영유아 행동 패턴 관찰 및 분석', '시설 안전 관리 매뉴얼 최적화']","퇴근 후 동네 친구들과 금산 시장 근처 고깃집에서 삼겹살에 소주 한 잔을 기울이며 하루의 긴장을 풉니다. 주말에는 헬스장에서 무거운 기구를 들거나 배드민턴 셔틀콕을 빠르게 주고받으며 몸을 움직이고, 혼자만의 시간에는 침대에 누워 유튜브로 전 세계의 희귀한 디저트 영상을 찾아봅니다.","['금산 전통시장 맛집 탐방', '지역 배드민턴 동호회 활동', '헬스장 웨이트 트레이닝', '유튜브 해외 디저트 영상 시청', '반려견과 동네 산책']",정해진 보육 과정에만 얽매이지 않고 아이들이 자연 속에서 자유롭게 뛰어놀 수 있는 숲 체험 어린이집을 직접 운영하는 꿈을 꾸고 있습니다. 현장에서의 실무 경험을 쌓으며 아이들의 정서적 풍요로움을 극대화할 수 있는 교육 환경을 설계하려 합니다.,여자,29,미혼,비현역,어머니와 동거,단독주택,고등학교,해당없음,보육 관련 시설 서비스 종사원,충청남-금산군,충청남,대한민국
6fe166801c5e4a299216debc0906e788,김옥금 씨는 부평 공단 시절부터 몸에 밴 성실함으로 어떤 지저분한 창고라도 물건의 크기와 용도별로 완벽하게 분류해 정돈하는 능력이 탁월합니다. 요즘은 구청 게시판을 꼼꼼히 살피며 지역 아동센터나 주민센터에서 정직하게 일할 수 있는 관리직이나 보조 업무 자리를 찾고 있습니다.,김옥금 씨는 동네 친구들과 함께 부평구의 작은 공원들을 돌며 천천히 산책하는 시간을 통해 하루의 잡념을 털어냅니다. 땀을 뺀 뒤 단골 사우나의 뜨거운 탕 속에 몸을 담그고 친구들과 나누는 시시콜콜한 수다야말로 김옥금 씨가 가장 기다리는 활력소입니다.,"김옥금 씨는 부평역 인근의 작은 갤러리에서 정형화되지 않은 현대 미술 작품을 멍하니 바라보며 그림 속 세상으로 상상의 나래를 펴는 시간을 소중히 여깁니다. 화려한 색감보다는 낯선 화풍의 추상화에 강하게 끌리며, 작품 앞에 서서 작가의 의도를 나름대로 해석해 보는 정적인 시간을 즐깁니다.","김옥금 씨는 마음 맞는 친구들과 함께 서울 시티투어 버스를 타고 경복궁이나 남산타워 같은 익숙한 명소들을 다시 방문하며 도시의 변화를 관찰합니다. 낯선 오지보다는 교통이 편리하고 구경거리가 많은 도심 여행을 즐기며, 여행지에서 찍은 사진을 정성스럽게 앨범에 정리하는 습관이 있습니다.","김옥금 씨는 일주일에 한 번 가족들과 함께 부평 시장 근처의 돼지갈비 집에서 외식을 하며 일주일의 피로를 풉니다. 입맛이 없을 때는 동네 분식집에서 매콤한 떡볶이와 김밥을 포장해 오며, 보름에 한 번 정도는 남편과 함께 스마트폰 앱으로 치킨을 주문해 먹는 색다른 경험을 합니다.","김옥금 씨는 무뚝뚝한 남편과 함께 부평의 아파트에서 거주하며, 서로 말은 많이 하지 않아도 묵묵히 곁을 지켜주는 관계에서 안정감을 느낍니다. 가끔 찾아오는 자녀들에게 정성스럽게 차린 집밥을 먹이며 잔소리를 늘어놓지만, 마음 한구석에는 늘 자식들의 안녕을 걱정하는 전형적인 어머니의 모습을 하고 있습니다.","김옥금 씨는 부평 공단의 치열한 삶을 지나 자가 아파트를 마련한 성실한 삶의 소유자로, 정돈된 일상과 예술적 상상을 동시에 추구하는 60대 여성입니다.","부평 공단 지역의 치열한 삶의 현장에서 젊은 시절을 보내며 강한 생활력을 길렀고, 어려운 환경 속에서도 성실함 하나로 자가 아파트를 마련하며 성취감을 느껴온 세대입니다.","수십 년간의 현장 경험으로 다져진 공간 관리 능력과 체계적인 정돈 습관을 통해, 어떤 지저분한 장소라도 효율적인 순서에 따라 완벽하게 정돈하는 기술이 있습니다.","['오염도별 맞춤형 세제 활용법', '최단 거리 청소 동선 설계', '체계적인 구역별 관리 리스트 작성', '생활 속 찌든 때 제거 노하우']","단골 사우나에서 친구들과의 수다로 하루의 긴장을 풀고, 가끔은 부평역 근처의 작은 갤러리를 찾아 낯선 화풍의 그림을 보며 조용히 상상에 잠기는 시간을 보냅니다.","['부평구 산책로 걷기', '동네 친구들과의 사우나 정기 모임', 'TV 건강 프로그램 시청 및 식단 기록', '지역 소규모 전시회 관람 및 감상']","규칙적인 일과를 통해 삶의 활력을 찾고 사회적 소속감을 유지하고자, 지역 사회 내에서 정직하게 일할 수 있는 관리직이나 보조 업무를 희망합니다.",여자,68,배우자있음,비현역,배우자와 거주,아파트,중학교,해당없음,"전직 건물 청소원, 현재 구직중",인천-부평구,인천,대한민국
cfafbfb9601e4c8d845e9526df8ef23f,김향미 씨는 현재 직업은 없지만 울산 북구청 문화센터에서 운영하는 원예 자격증 과정에 매달리며 제2의 인생을 준비하고 있습니다. 베란다의 좁은 틈새에서 상추와 방울토마토를 무성하게 키워내는 손재주를 활용해 훗날 동네 주민들과 함께하는 작은 꽃꽂이 소모임을 운영하겠다는 구체적인 계획을 세우고 있습니다.,"김향미 씨는 거실에 요가 매트를 펴고 정교한 동작으로 몸의 균형을 잡는 시간에 가장 큰 평온함을 느낍니다. 유튜브에서 배운 동작을 완벽하게 구현해내려 애쓰며, 가끔은 곁에서 보는 자녀들에게 올바른 자세가 아니라며 깐깐하게 지적을 하기도 합니다.","김향미 씨는 동네의 작은 갤러리를 수시로 드나들며 화려한 색채의 작품을 감상하고, 그 영감을 베란다 정원의 꽃 배치에 옮겨 심습니다. 친구들과 함께 코인 노래방을 찾아가 심수봉의 노래를 목청껏 부르며 가슴 속 응어리를 털어내곤 합니다.",김향미 씨는 마음 맞는 친구들과 함께 전국 각지의 이름난 짬뽕 맛집을 찾아다니는 식도락 여행에 몰입합니다. 낯선 도시의 골목길을 누비며 가장 진한 국물 맛을 내는 식당을 찾아냈을 때의 쾌감을 기록하기 위해 휴대폰 사진첩을 음식 사진으로 가득 채웁니다.,"김향미 씨는 들깨 시래기국처럼 자극적이지 않고 깊은 맛을 내는 나물 요리에 능숙하며, 2주에 한 번 정도는 가족들과 함께 중식당에서 불맛 강한 짬뽕을 즐깁니다. 직접 키운 채소로 정갈한 한식 상차림을 차려내는 것을 즐기며, 가끔은 배달 앱으로 중식을 시켜 먹으며 소소한 일탈을 즐깁니다.","김향미 씨는 별거 중인 남편과의 심리적 거리감에서 오는 공허함을 자녀들과 함께하는 북적이는 일상으로 채우며 살아갑니다. 평소에는 유연하게 가족들을 배려하지만, 집안의 크고 작은 결정이나 자신의 예술적 취향이 걸린 문제에서는 고집스럽게 자신의 입장을 밀어붙이는 강단이 있습니다.","김향미 씨는 울산 북구에서 원예와 요가로 내면의 평화를 가꾸며, 식도락 여행과 예술적 갈증을 통해 삶의 활력을 찾는 60대 여성입니다.","울산 북구의 아파트 단지에서 오래 거주하며 도시의 팽창과 변화를 지켜보았고, 고교 시절부터 간직해온 예술적 감수성을 동네 작은 갤러리 탐방이나 꽃 가꾸기로 풀어냅니다. 별거 중인 남편과의 거리감에서 오는 공허함을 자녀들과의 북적이는 일상과 화려한 색채의 원예 활동으로 메우며 자신만의 내면 세계를 구축해 왔습니다.","베란다의 좁은 틈새에서도 상추와 방울토마토를 무성하게 키워내는 세밀한 손재주가 있으며, 들깨 시래기국처럼 자극적이지 않으면서 깊은 맛을 내는 나물 요리에 능숙합니다. 유튜브에서 배운 요가 동작을 정확하게 따라 하며 몸의 균형을 잡는 법을 익혔고, 이를 가족들에게 조언해 줄 정도로 신체 인지 능력이 좋습니다.","['베란다 텃밭 작물 재배', '전통 나물 및 들깨 요리 조리', '초급 요가 및 스트레칭 지도', '스마트폰 영상 시청 및 정보 검색', '화초 분갈이와 가지치기']","친구들과 동네 코인 노래방에 모여 심수봉의 노래를 열창하며 쌓인 스트레스를 풀고, 가끔은 전국의 이름난 짬뽕 맛집을 찾아다니는 식도락 여행에 몰입합니다. 매일 아침 거실에 요가 매트를 펴고 잔잔한 클래식 음악을 배경 삼아 굳은 몸을 깨우는 루틴을 통해 마음의 안정을 찾습니다.","['심수봉 노래 따라 부르기', '전국 짬뽕 맛집 탐방', '아침 거실 요가 루틴', '가드닝 전문 유튜브 채널 시청', '클래식 음악 감상']","구청 문화센터에서 운영하는 원예 자격증 과정에 도전하여, 훗날 동네 주민들과 함께 작은 꽃꽂이 소모임을 운영하며 자신의 예술적 취향을 나누는 삶을 꿈꿉니다. 거창한 성공보다는 매일 조금씩 성장하는 식물을 보듯, 자신의 일상을 기록한 사진과 짧은 글을 블로그에 꾸준히 남기는 것에 성취감을 느낍니다.",여자,61,배우자있음,비현역,자녀와 거주 (배우자 별거),아파트,고등학교,해당없음,무직,울산-북구,울산,대한민국
424ed22480b64ae0bbf48651076e21ab,최현옥 씨는 냉장고 속 식재료의 유통기한을 꼼꼼히 체크해 낭비 없는 일주일 식단을 짜는 살림 전문가입니다. 모든 물건이 정해진 자리에 있어야만 직성이 풀려 집안 구석구석을 완벽하게 정리하며 하루를 시작합니다.,최현옥 씨는 남한강 자전거길의 흙길을 천천히 밟으며 계절의 변화를 휴대폰 사진으로 남기는 산책을 즐깁니다. 일주일에 한 번은 지역 배드민턴 모임에 나가 셔틀콕을 주고받으며 이마에 땀이 송골송골 맺힐 때까지 운동에 몰입합니다.,최현옥 씨는 거실 소파에 앉아 유튜브로 임영웅의 무대 영상을 반복해서 시청하며 마음의 위안을 얻습니다. 틈틈이 읽는 책의 구절 중 마음에 드는 대목이 있으면 작은 수첩에 정갈한 글씨로 옮겨 적곤 합니다.,최현옥 씨는 친목 모임 회원들과 함께 전국의 유명한 숲길이나 호수 공원을 찾아다니며 풍경을 감상하는 여행을 떠납니다. 화려한 관광지보다는 나무 냄새가 물씬 풍기는 조용한 자연 속에서 정적인 휴식을 취하는 시간을 소중히 여깁니다.,"최현옥 씨는 베란다 텃밭에서 직접 키운 싱싱한 상추와 깻잎을 따서 남편의 쌈밥 상차림을 정성껏 준비합니다. 2주에 한 번 정도는 동네 단골 한식당에서 지글지글 구운 돼지갈비를 먹거나, 가볍게 분식집에서 떡볶이와 김밥을 나눠 먹습니다.",최현옥 씨는 남양주의 조용한 연립주택에서 무뚝뚝하지만 성실한 남편과 함께 단출하면서도 평온한 노후를 보내고 있습니다. 서로 말하지 않아도 통하는 익숙함 속에서 남편의 옷가지를 정갈하게 다려놓는 것으로 애정을 표현합니다.,최현옥 씨는 남양주 다산동에서 꼼꼼한 살림 솜씨와 규칙적인 생활 습관으로 평온한 일상을 가꾸어 나가는 60대 여성입니다.,"남양주 다산동의 조용한 연립주택에서 남편과 단출하게 지내며, 전문대학 시절부터 몸에 밴 꼼꼼함으로 가계부를 한 치의 오차 없이 기록하는 습관이 있습니다. 화려한 유행을 쫓기보다 동네 지인들과 나누는 소박한 정과 평온한 일상의 리듬을 유지하는 것에 안정을 느낍니다.",수십 년간 살림을 도맡아 하며 냉장고 속 식재료의 유통기한을 한눈에 파악해 낭비 없이 일주일 식단을 짜는 능력이 탁월합니다. 집안의 모든 물건이 정해진 자리에 있어야 마음이 편안해지는 성격이라 수납과 정리 정돈에 능숙합니다.,"['냉장고 식재료 효율적 관리', '가계부 세밀하게 작성하기', '제철 식재료를 활용한 나물 무침', '집안 공간 최적화 정리']","남한강 자전거길 주변을 천천히 걸으며 계절마다 바뀌는 풍경을 휴대폰 사진으로 남기고, 베란다 텃밭에서 정성껏 키운 상추와 깻잎을 수확해 식탁에 올립니다. 유튜브로 임영웅의 노래 영상을 찾아보며 시간을 보내고, 가끔은 동네 배드민턴 모임 회원들과 땀을 흘리며 어울립니다.","['남한강 산책로 풍경 사진 찍기', '베란다 텃밭 채소 가꾸기', '유튜브 트로트 영상 시청', '지역 배드민턴 동호회 활동']",거창한 사회적 성취보다는 매일 정해진 시간에 일어나 집안을 정돈하고 건강을 챙기는 규칙적인 생활 양식을 유지하는 것에 가치를 둡니다. 최근에는 늘어난 뱃살을 줄이기 위해 매일 만 보 걷기를 실천하며 스스로 정한 건강 목표를 달성하려 노력합니다.,여자,65,배우자있음,비현역,배우자와 거주,연립주택,2~3년제 전문대학,해당없음,무직,경기-남양주시,경기,대한민국
c88bac735ec54d948d94d400677ceb14,"한가은 씨는 색종이와 재활용품을 활용해 아이들의 호기심을 자극하는 교구를 뚝딱 만들어내며, 학부모의 예민한 기분을 살피면서도 전달해야 할 주의 사항은 명확히 짚어내는 능숙한 보육교사였습니다. 현재는 부평구 인근의 분위기 화목한 어린이집을 찾으며, 성과 압박 없이 동료들과 서로 돕고 배려하며 아이들과 함께 성장하는 소박한 직장 생활을 꿈꾸고 있습니다.",한가은 씨는 땀 흘리는 격렬한 운동보다는 부평역 인근의 익숙한 골목길을 천천히 거닐며 남편과 소소한 이야기를 나누는 가벼운 산책을 즐깁니다. 무언가를 꾸준히 관리하는 것에 서툴러 운동 계획을 세워도 며칠 못 가 흐지부지 끝내버리는 느슨한 습관이 있습니다.,"한가은 씨는 네이버 웹툰의 최신 회차를 몰아보며 캐릭터들의 서사에 깊이 몰입하고, 아기자기한 소품들을 수집해 자신만의 공간을 꾸미는 것에 진심입니다. 평리단길의 작은 가게들을 돌아다니며 자신의 취향에 딱 맞는 귀여운 굿즈를 발견했을 때 가장 큰 심리적 만족감을 느낍니다.","한가은 씨는 남편의 손을 잡고 전국의 유명한 빵집을 찾아다니는 빵지순례 여행을 떠나며, 그 지역에서만 맛볼 수 있는 독특한 빵 리스트를 정복하는 것에 즐거움을 느낍니다. 유명한 맛집 앞에 길게 줄을 서서 기다리는 시간조차 친구나 연인과 끊임없이 수다를 떨며 보낼 수 있는 활기찬 여정을 선호합니다.","한가은 씨는 일주일에 한 번쯤 외식을 하며 매콤한 떡볶이와 바삭한 튀김이 있는 분식집을 찾거나, 고기 대신 정갈한 나물 반찬이 나오는 한식 백반집에서 식사를 합니다. 배달 음식은 한 달에 한 번 정도로 제한하며, 주로 남편과 함께 동네 식당에서 소소하게 외식을 즐기는 일상을 보냅니다.","한가은 씨는 스물셋이라는 이른 나이에 결혼해 남편과 함께 작은 전월세 집에서 서로를 의지하며 안정적인 가정을 꾸려가고 있습니다. 때로는 대학 졸업 후 자유롭게 연애하고 방황하는 또래 친구들의 이야기를 들으며 묘한 동경심을 느끼기도 하지만, 현재의 평온한 신혼 생활이 주는 안락함을 무엇보다 소중히 여깁니다.","한가은 씨는 부평의 활기찬 시장통 분위기 속에서 자라난 사교적인 전직 보육교사로, 이른 결혼 생활의 안정감과 소소한 취향을 쫓는 20대 여성입니다.","부평역 인근의 북적이는 시장통과 상권 속에서 자라나 낯선 이들과 어울리는 분위기에 익숙합니다. 스물셋이라는 이른 나이에 결혼하여 안정적인 가정을 꾸렸으나, 가끔은 또래들이 겪는 대학 졸업 후의 방황이나 자유로운 연애 이야기에 묘한 동경심을 품기도 합니다.","아이들의 갑작스러운 울음이나 돌발 행동에도 당황하지 않고 능숙하게 달래며, 색종이와 재활용품을 활용해 아이들의 호기심을 자극하는 교구를 빠르게 만들어냅니다. 학부모 상담 시 상대의 기분을 세심하게 살피면서도 꼭 전달해야 할 주의 사항은 명확하게 짚어내는 소통 방식을 갖췄습니다.","['영유아 행동 관찰 및 발달 기록', '창의 놀이 활동 계획 및 실행', '학부모 응대 및 신뢰 관계 형성', '교실 환경 구성 및 교구 제작']","주말이면 남편과 함께 전국의 유명한 빵집을 찾아다니는 빵지순례에 몰입하며, 평소에는 침대에 누워 네이버 웹툰의 최신 회차를 몰아보는 시간을 가장 소중하게 여깁니다. 가끔은 부평 평리단길의 아기자기한 소품샵을 구경하며 귀여운 스티커나 액세서리를 구매하는 것으로 기분을 전환합니다.","['전국 유명 디저트 카페 투어', '네이버 웹툰 정주행', '평리단길 소품샵 구경', '동네 공원 가벼운 산책']",출퇴근 거리가 짧고 분위기가 화목한 어린이집에서 오랫동안 뿌리 내리며 아이들과 함께 성장하는 삶을 꿈꿉니다. 성과를 압박받는 치열한 곳보다는 서로 돕고 배려하는 문화가 정착된 곳에서 보육교사로서의 보람을 다시 찾고 싶어 합니다.,여자,23,배우자있음,비현역,배우자와 거주,주택 이외의 거처,4년제 대학교,교육,"전직 보육교사, 현재 구직중",인천-부평구,인천,대한민국
55a90042ec8a41a4a8a75f3dfa86da39,"김종수 씨는 경기 광주의 한 매장에서 음료 서비스업에 종사하며, 오랜 경험으로 손님들의 까다로운 요구를 말없이 빠르게 해결하는 능숙함을 보여줍니다. 교육학 전공자답게 서툰 아르바이트생들에게 업무 요령을 조근조근 가르쳐줄 때 은근한 자부심을 느끼며, 매일 정해진 시간에 출근하는 규칙적인 일상을 유지합니다.","김종수 씨는 주말 저녁 거실 소파에 깊숙이 기대앉아 종합격투기 경기를 시청하며 짜릿한 타격감에 몰입해 소리를 지르곤 합니다. 남한산성 둘레길을 천천히 걸으며 머릿속을 비우는 시간을 즐기지만, 계획적인 등산보다는 발길 닿는 대로 움직이다 길을 헤매는 일이 잦습니다.",김종수 씨는 복잡한 전시회나 공연보다는 유튜브를 통해 옛날 가요 영상이나 자연 풍경 영상을 멍하니 시청하며 마음의 평온을 얻습니다. 세련된 예술 작품보다는 눈에 바로 들어오는 직관적인 영상미나 익숙한 멜로디에 더 크게 반응하는 소박한 취향을 가지고 있습니다.,"김종수 씨는 가족들과 함께 강원도나 전남의 한적한 숲길, 바닷가로 떠나 푸른 자연 풍경을 가만히 감상하는 여행을 선호합니다. 세부적인 일정표를 짜는 것을 몹시 귀찮아해 배우자가 정해준 경로를 묵묵히 따라가며, 그저 가족들이 즐거워하는 모습에 만족합니다.","김종수 씨는 일주일에 대여섯 번은 집 밖에서 식사를 하며, 특히 가족들과 함께 동네 단골 돼지갈비집에서 고기를 구워 먹는 시간을 가장 행복해합니다. 입맛이 단조로운 편이라 가끔 기분 전환이 필요할 때면 햄버거 세트의 자극적인 맛으로 스트레스를 풀기도 합니다.","김종수 씨는 경기 광주의 낡은 다세대 주택에서 배우자, 자녀들과 북적이며 살며 가족의 안녕을 삶의 최우선 가치로 여기는 가장입니다. 무뚝뚝하고 때로는 자신의 기준을 앞세워 차갑게 굴 때도 있지만, 저녁 식탁에서 자녀들의 이야기를 묵묵히 들어주는 든든한 버팀목 역할을 합니다.","김종수 씨는 교육학을 전공하고 음료 서비스업에 종사하며, 가족과 함께하는 소박한 일상과 종합격투기 시청, 남한산성 산책을 즐기는 50대 중반의 가장입니다.","경기 광주의 오래된 다세대 주택가에서 가족들과 어울려 삽니다. 대학에서 교육학을 전공하며 정돈된 삶을 꿈꿨으나, 현재는 생활의 현장에서 몸으로 부딪히며 살아가는 현실적인 중년의 삶을 체득했습니다.",수년 동안 음료 서비스업에 종사하며 손님들의 다양한 요구를 빠르게 파악하고 유연하게 대처하는 능숙함이 몸에 배어 있습니다. 전공을 살려 함께 일하는 아르바이트생들에게 업무 요령을 차근차근 설명해 주는 역할을 맡곤 합니다.,"['빠르고 정확한 포스기 결제 처리', '효율적인 음료 제조 및 서빙 동선 최적화', '신입 직원 업무 교육 및 매뉴얼 안내', '다양한 고객 취향에 맞춘 음료 추천']","주말이면 남한산성 둘레길을 천천히 걸으며 머릿속을 비우고, 집에서는 TV로 UFC 경기를 시청하며 짜릿한 타격감에 몰입합니다. 평소에는 가족들과 함께 동네 돼지갈비집을 찾아가 외식을 즐기거나, 가끔은 자극적인 햄버거 세트로 기분을 전환합니다.","['남한산성 숲길 산책 및 등산', 'UFC 및 격투기 경기 시청', '소액 로또 및 스포츠 토토', '동네 단골 돼지갈비집 외식', '유튜브 자연 풍경 영상 감상']","더 높은 직급이나 큰 돈을 쫓기보다는 지금처럼 큰 풍파 없이 매일 같은 시간에 출근하는 안정적인 일상을 유지하고 싶어 합니다. 가끔 복권을 사며 소소한 횡재를 꿈꾸지만, 결국은 가족들과 함께하는 평범한 저녁 식사 시간을 지키는 것에 안주합니다.",남자,55,배우자있음,비현역,배우자·자녀와 거주,다세대주택,4년제 대학교,교육,음료 서비스 종사원,경기-광주시,경기,대한민국
9f859097361243c3bba5e23ac9e510e4,"이예빈 씨는 안산 지역 문화재단이나 작은 갤러리의 운영 지원직을 목표로 하며, 매일 정해진 시간에 자격증 공부를 하며 규칙적인 일상을 준비합니다. 이예빈 씨는 복잡한 텍스트를 요약해 표로 정리하는 재능이 있어, 구직 활동 중에도 자신만의 체계적인 학습 기록장을 만들어 관리합니다.",이예빈 씨는 격렬한 운동을 멀리하며 오후의 나른한 낮잠이나 가벼운 동네 산책으로 하루의 에너지를 충전합니다. 이예빈 씨는 헬스장 등록 같은 거창한 계획을 세우지 않고 집 근처 상록수역 주변을 천천히 걷는 정도로 움직임을 유지합니다.,이예빈 씨는 잔나비의 빈티지한 음악을 배경 삼아 오래된 소설책의 밑줄 친 문장들을 다시 읽으며 마음의 안정을 찾습니다. 이예빈 씨는 최신 유행하는 인테리어 소품을 사지 않고 세월의 흔적이 느껴지는 낡은 찻잔이나 빛바랜 엽서를 수집해 방 한구석을 자신의 취향으로 채웁니다.,"이예빈 씨는 친구들과 여행을 떠나기 전, 방문할 식당의 대기 시간과 시그니처 메뉴를 엑셀 표로 완벽하게 정리해 공유하는 계획적인 면모를 보입니다. 이예빈 씨는 유명 관광지 방문을 뒤로하고 현지인들이 찾는 숨은 고기 맛집을 찾아다니며 그 지역의 진짜 맛을 경험하는 일에 집중합니다.","이예빈 씨는 유튜브에서 전국 맛집 영상을 섭렵한 뒤, 안산 시내의 단골 돼지갈비집에 가서 늘 먹던 양념 갈비와 냉면 세트를 주문합니다. 이예빈 씨는 출출한 오후면 집 근처 분식집에서 떡볶이와 김밥을 포장해 오며, 일주일에 한 번은 배달 앱으로 좋아하는 야식을 주문해 즐깁니다.","이예빈 씨는 안산 상록구의 조용한 다세대 주택에서 혼자 지내며, 독립적인 생활을 유지하면서도 부모님이 제공해주신 주거 공간 덕분에 심리적인 안전망을 가지고 있습니다. 이예빈 씨는 가족들과 적당한 거리를 유지하며 자신의 내면 세계를 가꾸는 시간을 소중히 여깁니다.","이예빈 씨는 안산의 조용한 동네에서 인문학적 소양과 세밀한 정리 능력을 바탕으로 안정적인 미래를 준비하는, 정적인 취향의 20대 여성입니다.","경기 안산 상록구의 조용한 다세대 주택가에서 자라며 정적인 동네 분위기에 익숙해졌습니다. 인문학 전공자답게 좋아하는 소설을 여러 번 반복해서 읽으며 그 안에서 심리적 안정감을 찾고, 최신 유행보다는 손때 묻은 오래된 소품들을 곁에 두는 습관이 있습니다.","예술적 감각과 인문학적 소양을 바탕으로 방대한 텍스트의 핵심을 빠르게 파악해 일목요연하게 정리하는 능력이 있습니다. 특히 여행지의 음식점 리스트를 위치와 주력 메뉴, 대기 시간별로 꼼꼼하게 엑셀 표로 만드는 세밀함을 갖췄습니다.","['텍스트 분석 및 요약', '전시 기획 기초 지식', '상세 여행 루트 설계', '디지털 이미지 큐레이션']","유튜브에서 전국 팔도의 숨은 고기 맛집 영상을 찾아본 뒤, 친한 친구들과 함께 안산 시내의 단골 돼지갈비집을 방문해 항상 먹던 고정 메뉴로 식사합니다. 집에서는 잔나비의 음악을 틀어놓고 낮잠을 자거나 밀린 드라마 시리즈를 정주행하며 시간을 보냅니다.","['유튜브 맛집 탐방 영상 시청', '인디 밴드 음악 감상', '단골 식당 메뉴 정복', '넷플릭스 시리즈 정주행']",갑작스러운 변동이 적은 지역 문화재단이나 작은 갤러리의 운영 지원직으로 취업해 예측 가능한 규칙적인 일상을 꾸리고 싶어 합니다. 현재는 조급하게 구직 활동에 뛰어들기보다 직무 관련 자격증을 하나씩 취득하며 차분하게 기반을 다지고 있습니다.,여자,28,미혼,비현역,혼자 거주,다세대주택,4년제 대학교,예술·인문,무직,경기-안산시 상록구,경기,대한민국
a1a0e464747b441e87fef39e3cb7dbb7,"백현준 씨는 창원 시내의 가정집을 돌며 엉킨 랜선 뭉치 속에서 단 하나의 단선 지점을 찾아내 해결하는 일에 능숙하며, 작업 중 일이 잘 풀리지 않으면 입술을 깨무는 습관이 있습니다. 최신 무선 공유기 설정부터 구형 모뎀 교체까지 꼼꼼하게 처리하지만, 가끔은 지나치게 정교함에 집착해 예정된 작업 시간을 넘기기도 합니다.","백현준 씨는 땀 흘리는 격렬한 운동보다는 주말이면 남해안의 조용한 숲길을 천천히 걸으며 머릿속의 복잡한 배선도를 정리하는 시간을 가집니다. 평일의 피로는 동네 목욕탕 사우나에서 몸을 지지는 것으로 풀며, 느릿한 걸음걸이로 자연 풍경을 눈에 담는 정적인 활동에서 안식을 찾습니다.","백현준 씨는 퇴근 후 거실 소파에 기대어 유튜브로 최신 전자기기 리뷰 영상을 보거나 좋아하는 가수의 음악을 크게 틀어놓고 멍하게 시간을 보내는 것을 즐깁니다. 화려한 전시회보다는 집에서 편하게 즐기는 디지털 콘텐츠에 익숙하며, 가끔 취향에 맞는 노래를 발견하면 리스트에 저장해 무한 반복해서 듣습니다.",백현준 씨는 친한 친구들과 함께 경남 인근의 한적한 바닷가나 산책로를 찾아 떠나 탁 트인 풍경을 바라보며 소박한 여행을 즐깁니다. 유명 관광지의 북적임보다는 이름 모를 작은 숲길이나 해안 도로를 따라 드라이브하며 풍경을 감상하는 차분한 일정 속에서 편안함을 느낍니다.,"백현준 씨는 상남동의 시끌벅적한 고깃집에서 지글지글 익어가는 삼겹살에 소주 한 잔을 곁들이며 하루의 고단함을 털어내는 시간을 가장 좋아합니다. 주말에는 가끔 분위기 좋은 레스토랑을 찾아 파스타나 스테이크 같은 양식을 즐기기도 하지만, 대부분의 끼니는 집 근처 단골 한식당에서 해결하며 익숙한 맛을 추구합니다.","백현준 씨는 미혼이지만 동생들의 생계와 주거를 책임지는 가구주로서, 낡은 아파트 전셋집의 보증금을 올려 더 쾌적한 환경으로 이사 가겠다는 목표 하나로 묵묵히 일합니다. 무뚝뚝한 경상도 형이지만 동생들이 좋아하는 간식을 슬쩍 사다 놓는 츤데레 같은 면모를 지니고 있습니다.","백현준 씨는 창원에서 네트워크 수리공으로 일하며 가족을 부양하는 성실한 가장이자, 소박한 자연과 소주 한 잔의 여유를 아는 30대 남성입니다.","창원 국가산업단지의 분위기 속에서 자라며 기계적인 원리와 정교한 조립에 익숙해졌고, 가족의 생계를 책임지는 가구주로서 성실함을 삶의 기본 값으로 여기며 살아왔습니다.","최신형 무선 공유기 설정부터 구형 모뎀 교체까지 가정 내 네트워크 망을 최적화하는 데 능숙하며, 꼬인 배선 사이에서 문제 지점을 빠르게 찾아내는 감각이 좋습니다.","['홈 네트워크 최적화', '통신 단말기 하드웨어 수리', '케이블 배선 및 포트 설정', '구형 기기 부품 호환성 진단']","퇴근 후 상남동 고깃집에서 친구들과 소주잔을 기울이며 스트레스를 풀거나, 주말이면 남해안의 한적한 숲길을 걸으며 복잡한 생각을 정리합니다.","['상남동 일대 고기 맛집 탐방', '남해안 해안도로 드라이브', '동네 사우나에서 식혜 마시기', '유튜브 최신 가전 리뷰 시청', '동네 유기견 보호소 봉사활동']","갑작스러운 변화보다는 지금의 숙련도를 유지하며 꾸준히 일하고, 차곡차곡 모은 돈으로 동생들과 함께 사는 집의 보증금을 올려 더 넓은 곳으로 이사하고 싶어 합니다.",남자,37,미혼,비현역,형제자매와 동거 (가구주),아파트,2~3년제 전문대학,해당없음,그 외 정보 통신기기 설치 및 수리원,경상남-창원시 의창구,경상남,대한민국
dea3f2fa0a664eefb1f1dba3a80d14ec,"문지안 씨는 폐기물관리법 기준에 따라 현장 샘플을 채취하고 오염도를 측정하는 환경 검사원으로, 보건복지 전공 지식을 활용해 작업자들의 안전 수칙 준수를 세심하게 살피며 원만한 협조를 이끌어냅니다. 무리한 승진 경쟁에 뛰어들기보다 실무 숙련도를 높여 정년까지 안정적으로 근무하며 대체 불가능한 전문가가 되기를 바랍니다.","문지안 씨는 퇴근 후 반려견과 함께 한강 시민공원의 산책로를 천천히 걸으며 마음을 정리하고, 주말이면 지인들과 볼링장이나 탁구장에서 땀을 흘리며 활동적인 시간을 보냅니다. 평소 차분한 성격이지만 스포츠를 통해 적절한 신체적 활력을 얻습니다.","문지안 씨는 방 안의 조명을 바꾸거나 작은 인테리어 소품을 배치하며 자신만의 아늑한 은신처를 가꾸는 일에 몰입하고, 때때로 영화관이나 공연장을 찾아 예술적 감성을 충전합니다. 정적인 분위기 속에서 마음을 차분하게 만들어주는 작품들을 감상하며 휴식을 취합니다.",문지안 씨는 타인과 일정을 맞추는 피로감 없이 홀로 충북 수안보의 온천 호텔을 찾아 따뜻한 물에 몸을 녹이며 일주일의 피로를 씻어냅니다. 화려한 관광 명소 대신 조용한 휴식처에서 온전히 자신에게 집중하는 시간을 통해 에너지를 회복합니다.,"문지안 씨는 고기 요리 대신 나물이나 찌개 중심의 소박한 한식을 즐기며, 끼니를 간단히 해결하고 싶을 때는 집 근처 분식집에서 김밥을 구매해 먹습니다. 배달 음식은 일주일에 한 번 정도만 이용하여 식단을 단순하고 경제적으로 운영합니다.","문지안 씨는 서울 광진구 구의동의 오래된 골목길 분위기에 익숙하며, 부모님과 함께 지내는 다세대주택에서 깊은 정서적 유대감과 안정감을 얻습니다. 독립에 대한 욕심보다는 가족과 함께하는 일상에서 오는 편안함을 소중하게 여깁니다.","문지안 씨는 서울 광진구에서 부모님과 거주하며 환경 검사원으로 성실하게 근무하는 31세 여성으로, 안정적인 일상과 소소한 취향을 통해 삶의 균형을 찾는 사람입니다.","광진구 구의동의 오래된 골목길 분위기에 익숙하며, 부모님과 함께 지내는 다세대 주택에서 정서적 안정을 찾습니다. 자극적인 유행보다는 어린 시절부터 다녔던 집 근처 전통시장 단골 가게나 어린이대공원 산책로처럼 변하지 않는 풍경에서 편안함을 느낍니다.",폐기물관리법에 따른 배출 기준을 정확히 파악하여 현장 샘플을 채취하고 오염도를 측정하는 분석 능력이 뛰어납니다. 보건 복지 전공 지식을 활용해 현장 작업자들의 안전 수칙 준수 여부를 세심하게 살피며 갈등 없이 협조를 끌어냅니다.,"['폐기물 성상 분석 및 샘플링', '환경 관련 법규 준수 여부 검토', '사업장 안전 보건 가이드라인 적용', '현장 점검 및 분석 보고서 작성']","퇴근 후 반려견과 함께 한강 시민공원을 천천히 걷거나, 주말이면 방 안의 조명과 작은 소품들을 조금씩 바꾸며 자신만의 아늑한 공간을 가꿉니다. 가끔은 혼자서 충북 수안보의 온천 호텔을 찾아 조용히 몸을 녹이며 한 주 동안 쌓인 피로를 씻어냅니다.","['반려견 산책', '방 인테리어 소품 수집', '수안보 온천 여행', '동네 볼링장에서의 가벼운 경기', '독립영화 관람']","현재 직무에서 숙련도를 높여 환경 분야의 국가 기술 자격증을 취득하고, 대체 불가능한 실무 전문가로 인정받아 정년까지 안정적으로 근무하는 것을 목표로 합니다. 무리한 승진보다는 업무 효율을 높여 일과 삶의 균형을 유지하는 삶을 지향합니다.",여자,31,미혼,비현역,부모와 동거,다세대주택,4년제 대학교,보건·복지,환경 검사원,서울-광진구,서울,대한민국
01c6db49223e4823af380459f3e5cfcb,민금자 씨는 서대문구 시장통에서 평생을 보내며 몸으로 익힌 상술과 눈썰미로 제철 식재료를 단번에 가려내는 시장의 산증인입니다. 민금자 씨는 동네 친구들이 다투면 슬쩍 끼어들어 마음을 어루만지는 능숙한 중재자 역할을 도맡아 합니다.,"민금자 씨는 무릎 관절을 보호하기 위해 천천히 걷기를 실천하며, 매주 안산 자락길을 끝까지 완주하겠다는 목표를 세웠습니다. 민금자 씨는 친구들과 함께 보폭을 맞춰 걸으며 하체 근력을 키우는 것에 집중하고 있습니다.","민금자 씨는 스마트폰 유튜브 앱으로 임영웅의 노래를 반복해서 듣고, 길가에 핀 민들레나 제비꽃 사진을 찍어 갤러리에 차곡차곡 저장합니다. 민금자 씨는 글자를 배우지 못했지만 음성 입력 기능을 이용해 블로그에 오늘의 기분을 서툴게 기록하며 세상과 소통합니다.",민금자 씨는 마음 맞는 친구들과 함께 가끔 근교로 떠나 가벼운 트레킹이나 레포츠 활동을 즐기며 일상의 활력을 찾습니다. 민금자 씨는 여행지에서 화려한 관광지보다는 함께 걷고 수다 떨 수 있는 호젓한 숲길을 찾아다닙니다.,"민금자 씨는 적은 비용으로도 식탁을 풍성하게 만드는 나물 무침의 달인이며, 일주일에 두세 번은 단골 일식집에서 정갈한 초밥 정식을 먹습니다. 민금자 씨는 배달 음식보다는 직접 시장에서 고른 신선한 재료로 만든 집밥이나 믿고 가는 식당의 한식을 즐깁니다.","민금자 씨는 평생을 함께한 배우자와 연립주택에서 서로를 의지하며 살아가고, 블로그에 올린 사진에 손주들이 남긴 댓글을 보며 하루의 기쁨을 느낍니다. 민금자 씨는 무뚝뚝한 남편을 대신해 자녀들에게 다정한 안부 인사를 건네며 가족의 구심점 역할을 합니다.","민금자 씨는 서대문구 시장통의 지혜를 품고 트로트와 걷기를 사랑하며, 가족과 이웃을 살뜰히 챙기는 84세의 억척스럽지만 다정한 할머니입니다.","1940년대 전란의 혼란 속에 태어나 서대문구 시장통에서 억척스럽게 삶을 일궈냈으며, 학교 교육 대신 삶의 현장에서 세상 돌아가는 이치를 몸으로 깨우친 세월을 보냈습니다. 실용적인 생존 지혜를 중요하게 여기며, 이웃 간의 정과 도리를 지키는 것을 삶의 최우선 가치로 삼고 살아왔습니다.","식재료의 상태만 보고도 제철인지 단번에 알아맞히며, 적은 비용으로도 푸짐하고 맛깔스러운 나물 반찬을 뚝딱 만들어냅니다. 오랜 세월 동네 사람들의 고민을 들어주며 다져진 중재 능력으로, 갈등이 생긴 친구들 사이를 부드럽게 이어주는 능력이 탁월합니다.","['제철 나물 무침과 전통 한식 조리', '동네 커뮤니티 갈등 중재 및 상담', '효율적인 가계 운영 및 살림살이 관리', '스마트폰 음성 입력 기반의 기록 작성']","유튜브에서 트로트 가수의 노래를 찾아 듣거나 TV 프로그램의 요리법을 유심히 살펴본 뒤, 동네 친구들과 함께 단골 일식집에서 정갈한 초밥 정식을 나누어 먹습니다. 날씨가 좋은 날에는 서대문구 골목길을 천천히 산책하며 길가에 핀 이름 모를 들꽃 사진을 찍어 저장하는 시간을 즐깁니다.","['유튜브 트로트 영상 시청', '서대문구 안산 자락길 산책', '동네 친구들과의 일식 외식', '음성 인식 기능을 활용한 블로그 일기 쓰기', '스마트폰 사진 촬영']",매주 안산 자락길을 무리 없이 완주할 수 있을 만큼 하체 근력을 유지하여 건강한 노후를 보내는 것에 집중하고 있습니다. 서툰 솜씨지만 음성 입력 기능을 활용해 블로그에 자신의 소소한 일상을 기록하며 자녀 및 손주들과 소통하는 즐거움을 이어가고자 합니다.,여자,84,배우자있음,비현역,배우자와 거주,연립주택,무학,해당없음,무직,서울-서대문구,서울,대한민국
65ac13469cff46be875d4fd4dc1fb412,유희숙 씨는 성주읍 작은 가게에서 손님의 표정만 보고도 그날의 기분을 읽어내 딱 맞는 안주를 내놓는 노련한 바텐더입니다. 유튜브에서 배운 최신 칵테일 레시피를 슬그머니 메뉴에 추가해 보며 단골들의 반응을 살피는 소소한 장난기를 즐깁니다.,"유희숙 씨는 거창한 운동 대신 주말마다 성주 지역의 고즈넉한 문화유적지를 천천히 거닐며 복잡한 마음을 정리하곤 합니다. 평소에는 특별한 활동 없이 집에서 휴식을 취하는 것을 좋아하지만, 걷기만큼은 일상의 활력을 주는 유일한 신체 활동으로 꼽습니다.",유희숙 씨는 유튜브 화면 속 임영웅이나 이찬원 같은 트로트 가수들의 무대 영상을 반복해서 보며 스트레스를 풀고 에너지를 얻습니다. 지역 축제 날이면 화려한 옷차림으로 나서서 무대 앞줄을 차지하고 열정적으로 박수를 치는 것을 좋아합니다.,유희숙 씨는 남편의 투박한 손을 꼭 잡고 대구 시티투어 버스에 올라타 현대적인 도심의 빌딩 숲과 활기찬 거리 풍경을 구경하는 시간을 가장 좋아합니다. 먼 곳으로의 여행보다는 익숙한 가족과 함께 짧게 다녀올 수 있는 근교 나들이에서 편안함을 느낍니다.,"유희숙 씨는 고기류보다는 나물 무침이나 찌개 같은 담백한 한식을 즐기며, 가끔은 정갈한 초밥이나 회덮밥 같은 일식집을 찾아 외식을 합니다. 일주일에 서너 번은 편리한 배달 앱으로 음식을 시켜 먹으며 주방 일에서 벗어나 여유를 부리는 시간을 갖습니다.","유희숙 씨는 성주군 단독주택에서 오랜 세월 함께한 남편과 서로 투닥거리면서도 깊은 신뢰를 나누며 오순도순 살아가고 있습니다. 가족의 화목을 최우선으로 여기며, 남편이 좋아하는 반찬을 정성껏 준비하면서도 잔소리를 멈추지 않는 전형적인 경북 어르신의 모습을 보입니다.","유희숙 씨는 성주읍의 소식통이자 정 많은 바텐더로, 술은 마시지 않지만 사람 사이의 온기를 섞어 내놓는 넉살 좋은 60대 여성입니다.","성주읍내에서 오래 거주하며 지역 주민들의 대소사를 훤히 꿰고 있고, 정이 많은 경북 특유의 공동체 문화 속에서 사람들과 어울리며 살아왔습니다. 고등학교 졸업 후 빠르게 사회생활을 시작하며 겪은 격동의 세월 덕분에 넉살이 좋고 어떤 사람과도 금방 말을 틔우는 유연함을 갖췄습니다.","손님들의 표정만 보고도 오늘 기분을 알아채서 딱 맞는 안주를 내어주거나, 서먹한 분위기를 단숨에 띄우는 능숙한 말솜씨를 가졌습니다. 술은 마시지 않지만 다양한 주류의 특성을 정확히 파악해 손님의 취향에 맞는 잔을 추천하는 감각이 탁월합니다.","['맞춤형 주류 및 칵테일 제조', '분위기를 주도하는 고객 응대', '지역 사회 인적 네트워크 관리', '간단한 일식 안주 조리']","유튜브에서 최신 트로트 가수의 무대 영상을 찾아보거나, 남편의 손을 잡고 대구 시티투어 버스를 타며 도심의 활기를 느끼는 시간을 소중히 여깁니다. 주말이면 성주 지역의 문화유적지를 천천히 거닐며 마음을 정리하곤 합니다.","['유튜브 트로트 영상 시청', '대구 시티투어 및 도심 맛집 탐방', '성주 지역 문화유적지 산책', '일식당 메뉴 체험']","단골손님들이 언제든 편하게 들러 속마음을 털어놓을 수 있는 동네 사랑방 같은 가게를 유지하며, 남편과 함께 안정적인 노후를 보내는 것에 만족합니다. 가끔 유튜브에서 본 새로운 칵테일 레시피를 메뉴판에 슬쩍 추가해 손님들의 반응을 살피는 소소한 재미를 즐깁니다.",여자,67,배우자있음,비현역,배우자와 거주,단독주택,고등학교,해당없음,바텐더,경상북-성주군,경상북,대한민국
52e17175593a4a46bcf5fc3a645e7dbb,"임정숙 씨는 남양주 다산동 아파트에서 시부모님과 성인 자녀까지 포함된 3세대 대가족의 살림을 총괄하며, 예산 집행부터 건강 맞춤형 식단 짜기까지 빈틈없이 처리하는 베테랑 가계 운영자입니다.","임정숙 씨는 다산생태공원 산책로를 천천히 걸으며 무거워진 몸을 관리하려 노력하지만, 조금만 숨이 차면 금세 근처 벤치에 앉아 쉬어가는 버릇이 있습니다.","임정숙 씨는 거실 소파에 앉아 유튜브의 살림 꿀팁 영상을 정주행하거나, 임영웅의 노래를 크게 틀어놓고 집안일을 하며 소소한 정서적 위안을 얻습니다.",임정숙 씨는 고등학교 동창들과 함께 에버랜드의 화려한 꽃밭에서 인증 사진을 찍거나 서울대공원의 동물들을 구경하며 일상의 답답함을 해소하는 나들이를 즐깁니다.,"임정숙 씨는 시부모님을 위한 저염식 나물 반찬과 자녀들이 좋아하는 초밥을 조화롭게 식단에 구성하며, 일주일에 한 번은 가족들과 함께 짬뽕이나 짜장면을 배달시켜 먹는 시간을 기다립니다.","임정숙 씨는 3세대가 모여 사는 집의 질서를 유지하기 위해 헌신하지만, 시어머니의 간섭과 성인 자녀들의 무심함 사이에서 마음 고생을 하며 남몰래 깊은 한숨을 내쉬곤 합니다.","임정숙 씨는 남양주에서 대가족을 보살피는 헌신적인 살림꾼이자, 건강 회복과 평온한 노후를 꿈꾸는 60대 여성입니다.","남양주 다산동 아파트에서 시부모님과 성인 자녀를 모두 함께 모시고 사는 '샌드위치 세대'로서, 가족의 화목과 질서를 유지하는 것을 삶의 가장 큰 가치로 여기며 살아왔습니다.","연령대가 다른 3세대가 함께 사는 집안에서 각자의 입맛과 건강 상태를 고려해 일주일 치 식단을 세밀하게 짜고, 한정된 예산으로 알뜰하게 살림을 꾸려나가는 가계 운영 능력이 뛰어납니다.","['세대별 맞춤형 건강 식단 구성', '가계부 기반의 전략적 지출 관리', '다세대 가족 간의 갈등 중재 및 소통', '효율적인 주거 공간 정리 정돈']","유튜브에서 일상에 바로 써먹을 수 있는 살림 꿀팁이나 건강 정보를 찾아보는 것을 즐기며, 가끔은 친구들과 함께 에버랜드나 서울대공원 같은 곳으로 나들이를 떠나 기분 전환을 합니다.","['유튜브 생활 밀착형 팁 시청', '남양주 한강변 산책로 걷기', '친구들과의 테마파크 나들이', '정갈한 일식 전문점 탐방']","당장 거창한 사회적 성취보다는 공복혈당과 혈압 수치를 정상 범위로 되돌려 건강한 몸을 만드는 것에 집중하고 있으며, 자녀들이 독립한 후 배우자와 오붓하게 보낼 평온한 노후를 준비하고 있습니다.",여자,62,배우자있음,비현역,배우자·자녀·부모와 거주,아파트,고등학교,해당없음,무직,경기-남양주시,경기,대한민국
9ba99886033941b1b26e939310ad11bf,"배경식 씨는 군산항 시장통에서 몸으로 익힌 눈치와 몽키스패너 하나면 집안 웬만한 고장은 다 고쳐내는 손재주를 가졌으며, 경로당에서는 어르신들 사이의 사소한 다툼을 조용히 중재하는 해결사 역할을 맡고 있습니다.","배경식 씨는 주말마다 친구들과 함께 군산 앞바다로 나가 우럭을 낚아 올리는 낚시로 시간을 보내며, 평소에는 동네 골목골목을 누비며 수산물 시세를 살피는 것으로 체력을 유지합니다.",배경식 씨는 거실 소파에 기대어 텔레비전에서 흘러나오는 트로트 가수의 가락에 맞춰 나지막이 노래를 흥얼거리며 하루의 피로를 씻어냅니다.,"배경식 씨는 마음의 평안을 찾기 위해 오래된 친구들과 함께 전국의 성지를 찾아다니는 성지순례 여행을 다니며, 그 과정에서 삶의 고단함을 내려놓는 시간을 갖습니다.","배경식 씨는 아내와 함께 단골집에서 칼칼한 아구찜이나 시원한 동태탕을 즐겨 먹고, 손주들이 놀러 오는 날에는 바삭한 치킨을 배달시켜 온 가족이 둘러앉아 먹는 시간을 가장 좋아합니다.","배경식 씨는 아내와 소소한 일상을 공유하며 자식들에게 짐이 되지 않으려 애쓰는 책임감 강한 남편이자, 손주들에게는 맛있는 것을 사주는 인자한 할아버지의 모습을 보여줍니다.","배경식 씨는 군산의 짠내 나는 삶의 현장에서 단단해진 현실 감각과 따뜻한 배려심을 동시에 지닌, 아내와 손주를 끔찍이 아끼는 78세 어르신입니다.",군산항 근처의 짠내 나는 시장통에서 어린 시절을 보내며 책보다는 삶의 현장에서 빠르게 눈치껏 배우는 법을 익혔습니다. 초등학교 졸업 후 곧바로 생업에 뛰어들어 겪은 고단한 세월이 지금의 현실적이고 단단한 성격을 만들었습니다.,"집안의 고장 난 문손잡이나 헐거워진 수도꼭지는 몽키스패너 하나로 뚝딱 고쳐내며, 군산 시내 어느 골목에 가장 저렴하고 질 좋은 수산물이 들어오는지 훤히 꿰고 있습니다.","['간단한 가정 내 설비 보수', '제철 수산물 감별 및 구매', '어르신들 사이의 갈등 중재', '효율적인 짐 쌓기 및 정리']","주말이면 친구들과 군산 앞바다로 낚시를 나가 우럭을 낚아 올리고, 저녁에는 아내와 함께 단골집에서 칼칼한 아구찜이나 시원한 동태탕을 즐깁니다. 가끔은 손주들이 좋아하는 바삭한 치킨을 배달시켜 먹으며 텔레비전 속 트로트 가수의 노래를 흥얼거립니다.","['군산 앞바다 바다낚시', '지역 한식당의 아구찜과 동태탕 맛집 탐방', '트로트 음악 감상 및 따라 부르기', '종교 시설 성지순례', '경로당 사교 모임']","자식들에게 짐이 되지 않고 아내와 함께 소소하게 웃으며 지내는 일상을 유지하며, 성지순례를 통해 마음의 평안을 찾는 것에 가장 큰 가치를 둡니다. 동네 경로당에서 갈등이 생겼을 때 이를 조용히 중재하며 덕망 있는 어른으로 기억되고 싶어 합니다.",남자,78,배우자있음,비현역,배우자와 거주,아파트,초등학교,해당없음,무직,전북-군산시,전북,대한민국
633d9b82004d493d8a36f756441129f4,"이재석 씨는 충남 예산의 농산물 집하장에서 수십 년간 몸으로 익힌 감각으로 포대 짐을 빈틈없이 쌓아 올리는 베테랑 상하차 작업자입니다. 이재석 씨는 작업 도중 동료들이 투덜대면 허허 웃으며 상황을 유연하게 넘기지만, 적재함의 각도와 효율적인 동선만큼은 절대 양보하지 않는 고집이 있습니다.",이재석 씨는 낡은 소파에 깊숙이 몸을 묻고 유튜브로 한화 이글스의 경기 하이라이트를 돌려보며 소리 없이 응원합니다. 이재석 씨는 직접 경기장에 가는 수고로움보다는 거실에서 편안하게 중계 영상을 시청하며 휴식을 취하는 시간을 만끽합니다.,이재석 씨는 정규 교육의 배움은 짧지만 예당호의 물안개나 계절마다 변하는 들판의 색깔을 보며 나름의 미학을 느낍니다. 이재석 씨는 어려운 예술 전시회보다는 스마트폰 화면 속의 짧은 자연 풍경 영상에서 마음의 평온을 얻습니다.,이재석 씨는 주말이면 아내의 손을 잡고 예산의 숨은 명소나 조용한 숲길을 찾아다니며 자연의 풍경을 감상합니다. 이재석 씨는 화려한 관광지보다는 가족과 함께 조용히 거닐 수 있는 한적한 오솔길을 찾아다니는 소박한 여행을 즐깁니다.,"이재석 씨는 평소에는 담백한 나물 반찬 위주의 한식을 먹지만, 가끔 기분 전환이 필요할 때면 동네 일식집에서 두툼한 돈카츠나 초밥 세트를 주문합니다. 이재석 씨는 배달 음식의 번거로움보다는 직접 식당에 가서 갓 나온 따뜻한 튀김 옷의 식감을 느끼는 것을 즐깁니다.",이재석 씨는 무뚝뚝한 충청도 남자지만 아내와 함께 예당호 주변을 산책하며 나누는 소소한 대화에서 삶의 가장 큰 행복을 느낍니다. 이재석 씨는 거창한 애정 표현은 없어도 아내가 좋아하는 간식을 챙겨오는 세심한 배려로 마음을 전합니다.,이재석 씨는 예산의 흙내음 속에서 실용적인 삶의 지혜를 터득하고 아내와 함께하는 평온한 일상을 소중히 여기는 60대 농업 노동자입니다.,"이재석 님은 충남 예산의 흙내음 속에 평생을 보내며 몸으로 익힌 삶의 지혜를 신뢰합니다. 정규 교육 과정의 배움보다 현장에서 부딪히며 터득한 요령을 더 가치 있게 여기며, 이웃과 넉넉하게 정을 나누면서도 자신의 주관을 조용히 관철하는 충청도 특유의 여유와 단단함을 가지고 있습니다.","수십 년간 농산물 상하차 현장에서 구른 덕분에 어떤 크기의 포대라도 트럭 적재함에 빈틈없이 쌓아 올리는 최적의 각도를 알고 있습니다. 무거운 짐을 효율적으로 옮기는 동선을 빠르게 파악하며, 현장 작업자들 사이에서 갈등이 생기면 특유의 유연함으로 상황을 조용히 정리합니다.","['농산물 적재 최적화 배치', '화물차 상하차 효율적 동선 설계', '지역 농작물 수확 및 출하 주기 판단', '현장 작업 인력 간 갈등 중재']","거실 소파에 깊숙이 몸을 묻고 유튜브로 야구 하이라이트 영상을 보거나, 해 질 녘 아내와 함께 예당호 주변을 천천히 거니는 시간을 아낍니다. 가끔은 동네 일식집에서 두툼한 돈카츠나 초밥 세트를 먹으며 소소한 기분 전환을 즐깁니다.","['유튜브 스포츠 하이라이트 시청', '예당호 수변 산책로 걷기', '동네 일식당 메뉴 탐방', '정오의 짧은 낮잠']","새로운 성취나 높은 지위보다는 현재의 건강 상태를 유지하며 아내와 함께 평온한 일상을 지켜내는 것에 만족합니다. 무리하게 일정을 잡기보다 그날그날 몸 상태에 맞춰 적당히 움직이며, 퇴직 후에도 소일거리 삼아 지금처럼 가벼운 노동을 이어가길 원합니다.",남자,67,배우자있음,비현역,배우자와 거주,다세대주택,초등학교,해당없음,그 외 하역 및 적재 단순 종사원,충청남-예산군,충청남,대한민국
a9ca89ab91e143e8a06d568483c1b660,"신태관 씨는 건설 현장의 복잡한 공정 관리 프로세스를 소프트웨어 로직으로 구현해 본 경험을 살려, 현장 실무자의 요구를 기술 명세서로 정확히 옮기는 능력이 탁월한 개발자입니다. 신태관 씨는 현재 전주 인근 중견기업의 시스템 운영 및 유지보수 직무로 복귀해 매달 정해진 월급을 받는 평범한 일상을 되찾기 위해 구직 활동에 매진하고 있습니다.",신태관 씨는 주말이면 전주 월드컵 경기장을 찾아 전북 현대 모터스의 경기를 관람하며 목청껏 응원하는 것으로 일주일의 스트레스를 한꺼번에 털어냅니다. 신태관 씨는 경기장의 뜨거운 열기 속에 섞여 팀의 승리를 염원하며 동네 친구들과 함께 소리를 지릅니다.,신태관 씨는 낡은 연립주택의 거실 분위기를 바꾸고 싶어 '오늘의집' 앱을 수시로 확인하며 가성비 좋은 조명이나 소형 가구를 고르는 일에 몰두합니다. 신태관 씨는 집안의 작은 소품 하나를 바꿈으로써 얻는 시각적 만족감을 통해 현재의 정체된 상황을 위로받습니다.,신태관 씨는 친구나 연인과 함께 복잡한 일정 없이 온전히 쉴 수 있는 휴양지로 떠나 아무런 생각 없이 누워 있는 시간을 가장 소중하게 여깁니다. 신태관 씨는 유명 관광지를 바쁘게 훑고 다니기보다 조용한 숙소에서 낮잠을 자거나 창밖 풍경을 보며 멍하게 시간을 보냅니다.,"신태관 씨는 일주일에 한 번 가족들과 함께 동네 고깃집에서 지글지글 익는 삼겹살에 소주 한 잔을 곁들이며 하루의 피로를 풉니다. 신태관 씨는 가끔 치킨을 시켜 먹으며 소소한 행복을 느끼지만, 배달 음식의 자극적인 맛보다는 정갈한 한식당의 밥상을 더 자주 찾습니다.","신태관 씨는 연립주택에서 배우자, 자녀와 함께 살며 가장으로서의 책임감을 무겁게 느끼지만, 아이들의 웃음소리를 들으며 다시 일어설 동력을 얻습니다. 신태관 씨는 무뚝뚝한 편이지만 주말이면 가족들과 함께 거실에 모여 앉아 소소한 대화를 나누며 유대감을 유지합니다.","신태관 씨는 전주에서 가족을 부양하며 재취업을 준비하는, 현실적이고 책임감 강한 30대 후반의 전직 소프트웨어 개발자입니다.","전주 덕진구의 조용한 주택가에서 나고 자라 전주천변의 계절 변화를 지켜보며 성장했습니다. 법과 경영을 전공했지만 결국 논리적인 코드의 세계에 매료되어 전향했던 이력이 있으며, 전라도 특유의 넉넉한 인심과 실용적인 사고방식이 조화를 이룬 삶을 살아왔습니다.","건설 및 엔지니어링 현장의 복잡한 공정 관리 프로세스를 소프트웨어 로직으로 구현해 본 경험이 있어, 현장 실무자의 요구사항을 기술적 명세서로 정확하게 옮기는 능력이 탁월합니다. 특히 데이터베이스의 효율적인 구조 설계와 비즈니스 로직 최적화에 강점이 있습니다.","['Java 기반 백엔드 시스템 개발', '건설 공정 관리 소프트웨어 설계', '관계형 데이터베이스 최적화', '경영 및 법률 지식을 접목한 업무 자동화 로직 설계']","주말이면 전주 월드컵 경기장을 찾아 전북 현대 모터스의 경기를 관람하며 스트레스를 풀고, 집에서는 '오늘의집' 앱을 통해 낡은 연립주택의 거실 분위기를 바꿀 수 있는 가성비 좋은 조명이나 소형 가구를 고르는 일에 시간을 보냅니다. 고혈압 주의 판정을 받은 후로는 무리한 운동보다는 덕진공원의 완만한 산책로를 천천히 걷는 습관을 들이려 노력 중입니다.","['전북 현대 모터스 경기 직관', '오늘의집 인테리어 소품 쇼핑', '덕진공원 야간 산책', '지역 지인들과의 소주 한잔', '유튜브 IT 기술 트렌드 영상 시청']","가족의 생계를 책임져야 하는 가장으로서, 전주 인근의 안정적인 중견기업에서 시스템 운영 및 유지보수 직무로 복귀해 매달 정해진 월급을 받는 평범한 일상을 되찾으려 합니다. 자신의 다각적인 전공 배경을 활용해 조직 내에서 없어서는 안 될 실무 해결사로 인정받는 것이 현재의 가장 구체적인 목표입니다.",남자,38,배우자있음,비현역,배우자·자녀와 거주,연립주택,4년제 대학교,경영·행정·법,"전직 범용 소프트웨어 프로그래머, 현재 구직중",전북-전주시 덕진구,전북,대한민국
e1382610854d4be598f3f24f5d0d879e,이영자 씨는 중학교 졸업 후 곧바로 생업에 뛰어들어 몸소 익힌 현실적인 생존 감각으로 집안 살림을 빈틈없이 꾸려온 생활 관리 전문가입니다. 동네 친구들 사이에서는 특유의 유연한 태도로 갈등을 중재하며 말 못 할 고민을 해결해 주는 정신적 지주 역할을 수행합니다.,"이영자 씨는 땀 흘리는 격렬한 운동보다는 여의도 공원의 산책로를 천천히 거니는 걷기 운동을 통해 체력을 유지합니다. 걷는 도중 마음에 드는 풍경을 발견하면 잠시 멈춰 서서 감상하는 여유를 부리며 신체적, 정신적 건강을 동시에 챙깁니다.","이영자 씨는 임영웅의 노래를 반복해서 들으며 마음의 위안을 얻고, 아침마다 텔레비전 정보 프로그램에 나오는 생활 팁을 꼼꼼하게 메모하며 하루를 시작합니다. 화려한 전시회보다는 일상의 소소한 즐거움을 주는 대중가요와 실용적인 정보 콘텐츠에서 만족감을 느낍니다.",이영자 씨는 화려한 관광지보다는 자식들이나 친지들이 머무는 곳을 방문해 얼굴을 맞대고 정을 나누는 가족 중심의 여정을 가장 소중히 여깁니다. 마음 맞는 친구들과 함께 기차를 타고 가까운 지역으로 나들이를 떠나 맛있는 음식을 먹고 수다를 떠는 소박한 여행을 즐깁니다.,"이영자 씨는 제철 나물 무침과 겉절이를 기가 막히게 버무려내는 손맛의 소유자이며, 한 달에 한 번 남편과 함께 정갈한 초밥집을 찾아 일식을 즐기며 기분 전환을 합니다. 2주에 한 번 정도는 배달 음식을 시켜 먹으며 반복되는 주방 일에서 벗어나 짧은 휴식을 취합니다.","이영자 씨는 평생 자식 뒷바라지를 최우선으로 여기며 헌신해 온 전형적인 어머니이며, 이제는 집에 놀러 오는 손주들에게 먹일 새로운 간식 레시피를 익히는 일에서 큰 성취감을 느낍니다. 무뚝뚝한 남편과 함께 아파트에서 생활하며 서로의 일상을 묵묵히 지탱해 주는 관계를 이어가고 있습니다.","이영자 씨는 영등포 시장통의 생동감 속에서 성장해 강인한 생활력을 갖추었으며, 현재는 가족에 대한 사랑과 소박한 취미를 통해 평온한 노후를 가꾸어가는 따뜻한 성품의 소유자입니다.","영등포 시장통의 북적임 속에서 성장해 지금은 깔끔한 아파트 단지에 자리 잡았으며, 자식들 뒷바라지를 최우선으로 여기며 살아온 전형적인 어머니 세대의 삶을 통과했습니다. 중학교 졸업 후 빠르게 생활 전선에 뛰어들어 익힌 현실적인 생존 감각이 몸에 배어 있고, 정이 많으면서도 체면을 중시하는 동네 이웃들과의 끈끈한 관계망을 소중히 여깁니다.","수십 년간 가족의 식탁을 책임지며 다져진 손맛으로 제철 나물 무침이나 겉절이를 기가 막히게 만들어내고, 한정된 예산으로 집안 살림을 빈틈없이 꾸려나가는 능력이 탁월합니다. 주변 사람들의 기분을 빠르게 살펴 갈등을 중재하는 감각이 좋아, 동네 친구들 사이에서는 말 못 할 고민을 털어놓는 해결사 역할을 도맡아 합니다.","['제철 식재료를 활용한 한식 밑반찬 조리', '가계부 기반의 효율적인 생활비 지출 관리', '지역 커뮤니티 내 갈등 중재 및 관계 유지', '가족 건강 상태에 맞춘 식단 구성']","텔레비전의 아침 정보 프로그램과 임영웅의 노래를 즐겨 들으며, 오후에는 영등포구청 인근의 단골 미용실에서 친구들과 수다를 떨며 일상의 스트레스를 풉니다. 한 달에 한 번쯤은 남편과 함께 정갈한 초밥집을 찾아 일식을 즐기며 평소의 단조로운 식단에 작은 변화를 주는 시간을 가집니다.","['임영웅 노래 감상 및 팬 활동', '여의도 한강공원 및 공원 산책', '단골 일식집 방문 및 외식', '동네 지인들과의 안부 전화 및 정보 공유']","이제는 거창한 사회적 성취보다 손주들이 집에 왔을 때 든든하게 먹일 수 있는 새로운 간식 레시피를 하나씩 익히는 소소한 성취감을 찾습니다. 혈압 관리를 위해 매일 정해진 시간에 여의도 공원을 걷는 루틴을 지키며, 자식들에게 짐이 되지 않고 품위 있게 나이 드는 것을 가장 큰 목표로 삼고 있습니다.",여자,65,배우자있음,비현역,배우자와 거주,아파트,중학교,해당없음,무직,서울-영등포구,서울,대한민국
b127a9c88ec245828a2469f3ef81e99d,"최대용 씨는 고성 거진항의 갯내음을 맡으며 평생을 일구어온 손끝의 감각으로 집안의 삐걱거리는 문설주나 낡은 수도꼭지를 뚝딱 고쳐 쓰는 동네의 맥가이버입니다. 날씨와 흙의 상태를 읽는 눈이 정확해, 텃밭 작물을 언제 심어야 할지 묻는 마을 어르신들에게 정답을 알려주는 무보수 자문위원 역할을 자처합니다.",최대용 씨는 거진항 근처의 해안선을 따라 천천히 발걸음을 옮기며 바닷바람을 맞는 산책으로 하루의 활력을 찾습니다. 격렬한 운동 대신 뜨거운 사우나 열기 속에서 땀을 뻘뻘 흘리며 근육의 뻐근함을 씻어내는 시간을 가장 소중하게 여깁니다.,"최대용 씨는 거실 소파에 앉아 TV 속 세상 돌아가는 이야기에 귀를 기울이며, 그 속에서 발견한 흥미로운 소재를 손주들에게 들려줄 옛날이야기 보따리에 차곡차곡 쌓아둡니다. 정식 교육은 초등학교에서 멈췄지만, 평생 바다와 산을 누비며 익힌 삶의 지혜를 구수한 사투리에 섞어 전하는 입담만큼은 일품입니다.","최대용 씨는 자식들이 운전하는 차 뒷좌석에 앉아 창밖으로 지나가는 풍경을 구경하며, 가끔씩 들르는 휴게소에서 파는 알감자의 맛에 어린 시절의 향수를 느낍니다. 낯선 곳을 찾아다니는 모험보다는 가족들이 다 함께 모여 북적거리는 여행지에서 배우자의 손을 잡고 걷는 시간을 즐깁니다.","최대용 씨는 2주에 한 번쯤 아내와 함께 동네 고깃집에서 지글지글 익어가는 돼지갈비를 구워 먹으며 소소한 외식을 즐깁니다. 일주일에 한 번, 손주들이 오면 도미노피자의 치즈가 듬뿍 들어간 피자를 배달시켜 먹으며 요즘 애들이 쓰는 신조어를 하나씩 배워 기록하는 엉뚱한 면모가 있습니다.","최대용 씨는 무뚝뚝한 성격임에도 불구하고 손주들이 재잘거리는 소리에 금세 얼굴 가득 웃음꽃을 피우며, 아이들의 눈높이에 맞춰 장난을 치는 다정한 할아버지입니다. 평생을 함께한 배우자와는 말하지 않아도 통하는 사이지만, 가끔은 서로의 고집 때문에 투덜거리면서도 밥상 위에 놓인 생선 가시를 발라주는 깊은 정을 나눕니다.","최대용 씨는 강원도 고성에서 평생을 보낸 82세 어르신으로, 투박한 손재주와 따뜻한 정을 가진 현실적인 생활인입니다.","고성 거진항 근처에서 나고 자라며 갯내음 섞인 바람과 함께 평생을 보냈습니다. 전쟁 직후의 가난했던 시절을 몸소 겪으며 배움보다는 생존과 노동의 가치를 먼저 익혔고, 이웃과 밥 한 끼 나눠 먹는 정을 최고의 덕목으로 여기며 살아왔습니다.",손재주가 좋아 집안의 삐걱거리는 문짝이나 고장 난 수도꼭지를 직접 고쳐 씁니다. 평생 흙과 바다를 만지며 터득한 계절별 작물 심는 시기와 날씨를 읽는 눈이 정확해 마을 어르신들이 조언을 구하러 오곤 합니다.,"['낡은 가구 수리 및 보수', '지역 기상 변화 예측', '텃밭 작물 재배', '마을 갈등 중재']",매일 아침 동네 목욕탕에서 지인들과 뜨거운 물에 몸을 담그며 마을 소식을 주고받습니다. 주말이면 손주들이 좋아하는 도미노피자를 시켜 함께 나눠 먹으며 요즘 아이들의 말투를 배우는 시간을 즐깁니다.,"['동네 사우나 단골 모임', 'TV 트로트 경연 프로그램 시청', '해안가 산책로 걷기', '배달 앱으로 피자 주문하기']",지금 살고 있는 전세집을 깨끗하게 유지하며 배우자와 함께 큰 탈 없이 노후를 보내는 것이 가장 큰 바람입니다. 가끔 찾아오는 손주들에게 옛날이야기를 들려주며 기억 속에 남는 할아버지가 되고 싶어 합니다.,남자,82,배우자있음,비현역,배우자와 거주,단독주택,초등학교,해당없음,무직,강원-고성군,강원,대한민국
eb112618736347a99e50c71d36da981f,"배미림 씨는 전문대학에서 익힌 한글과 엑셀 실무 능력을 활용해 서류 정리를 빠르게 처리하며, 순천 시내에서 적당한 거리감을 유지하며 일할 수 있는 안정적인 사무직 자리를 찾고 있습니다. 다만 꼼꼼하게 세부 계획을 세우는 일에는 쉽게 지루함을 느껴 가끔 서류의 작은 오타를 놓치는 실수를 하기도 합니다.","배미림 씨는 주말마다 동네 체육관에서 배드민턴 셔틀콕을 주고받으며 땀을 흘리고, 가끔 기분 전환을 위해 줄넘기를 하며 몸을 움직입니다. 운동 자체의 기록을 경신하기보다 친구들과 왁자지껄하게 떠들며 움직이는 그 분위기 자체를 즐깁니다.","배미림 씨는 낮잠에 들기 전 뉴진스의 노래를 틀어놓고 멍하게 시간을 보내는 것을 좋아하며, 순천만 국가정원의 계절마다 바뀌는 꽃과 나무의 색감을 지켜보는 데서 정서적 위안을 얻습니다. 화려한 전시회보다는 동네 작은 카페의 소박한 인테리어와 잔잔한 음악이 흐르는 공간을 더 자주 찾습니다.",배미림 씨는 친구나 연인의 손을 잡고 탁 트인 자연 풍경이 펼쳐지는 곳으로 여행을 떠나 멍하니 풍경을 감상하는 시간을 갖습니다. 세밀한 여행 일정표를 짜기보다 그날의 기분에 따라 발길 닿는 대로 움직이는 즉흥적인 여행 방식을 고수합니다.,"배미림 씨는 순천 시내의 분식집에서 매콤한 떡볶이와 김밥을 나눠 먹으며 친구들과 수다를 떠는 소소한 식사를 즐깁니다. 가끔 가족과 함께 한식당에서 고기를 구워 먹으며 외식의 즐거움을 느끼지만, 평소에는 집밥 위주의 실용적인 식생활을 유지합니다.","배미림 씨는 전남 순천의 아파트에서 부모님과 함께 살며 정서적인 안정감을 얻고 있지만, 가끔은 부모님의 지나친 관심이 부담스러워 방 안으로 숨어버리는 습관이 있습니다. 부모님과의 갈등보다는 조용히 자신의 의견을 내비치며 원만한 관계를 유지하려 노력합니다.","배미림 씨는 전남 순천에 거주하며 안정적인 사무직 취업을 준비하는 24세 여성으로, 배드민턴과 음악 감상을 즐기며 실용적이고 유연한 삶을 지향합니다.","순천만 국가정원의 계절 변화를 지켜보며 자랐고, 동네 작은 카페에서 친구들과 수다를 떠는 일상의 소소한 안정을 중요하게 생각합니다. 실용적인 성격이라 화려한 유행보다는 내일 바로 입고 나갈 수 있는 편안한 옷차림을 즐깁니다.",전문대학에서 배운 행정 실무 능력을 바탕으로 한글이나 엑셀을 이용해 필요한 서류를 빠르게 정리합니다. 친구들과의 번개 모임 장소를 섭외하고 효율적인 동선을 짜는 데 능숙합니다.,"['한글 문서 편집', '엑셀 데이터 입력', '효율적인 단기 일정 조율', '스마트폰 앱 활용 정보 검색']","주말이면 동네 체육관에서 배드민턴 셔틀콕을 주고받으며 땀을 흘리고, 낮잠 자기 전 뉴진스의 노래를 틀어놓고 멍하게 시간을 보냅니다. 가끔은 친구와 함께 순천 시내의 김밥집에서 떡볶이와 김밥을 나눠 먹으며 최근 고민을 나눕니다.","['동네 체육관 배드민턴', '뉴진스 음악 감상', '순천만 습지 산책', '집 근처 분식집 투어']",집에서 출퇴근이 가능한 순천 시내의 안정적인 사무직 일자리를 찾고 있습니다. 너무 빡빡한 성과 중심의 환경보다는 자신의 몫을 다하며 적당한 거리감을 유지할 수 있는 직장을 희망합니다.,여자,24,미혼,비현역,부모와 동거,아파트,2~3년제 전문대학,해당없음,무직,전라남-순천시,전라남,대한민국
fe9e6f73650040d6b30f6d2ae5016aca,"손동철 씨는 수십 년간 건설 현장을 누빈 경험으로 도면의 작은 오차도 단번에 잡아내며, 낡은 공구 상자를 챙겨 지역 복지관의 집수리 봉사 현장에서 여전히 현역 같은 면모를 보입니다. 정교하게 맞물린 구조물을 볼 때면 가슴이 뛰지만, 가끔은 젊은 기술자들의 최신 공법을 고집스럽게 부정하며 옛 방식을 강요하는 버릇이 있습니다.","손동철 씨는 해운대 바닷바람을 맞으며 천천히 걷는 산책의 시간을 통해 마음의 평온을 찾고, 몸에 무리가 가지 않는 선에서 가벼운 스트레칭으로 하루를 시작합니다. 격한 운동보다는 정적인 움직임을 즐기며, 산책길에 만난 이웃들과 짧은 안부를 나누는 것으로 하루의 활동량을 채웁니다.","손동철 씨는 텔레비전 앞에서 가요 무대를 시청하며 흥얼거리거나, 가끔은 시내 공연장을 찾아 옛 향수를 자극하는 연극 한 편을 관람하며 적적함을 달랩니다. 공학도로서의 이성적인 삶을 살았음에도, 무대 위 배우들의 열연을 볼 때면 눈시울이 붉어질 정도로 감수성이 예민해지는 모순적인 면이 있습니다.",손동철 씨는 짐 가방 하나만 달랑 메고 조용한 지방 소도시의 낡은 여관이나 휴양림을 찾아가 오롯이 혼자만의 시간을 보내는 여행을 즐깁니다. 화려한 관광지보다는 이름 모를 작은 간이역이나 고즈넉한 숲길을 정처 없이 거닐며 사별한 아내와의 추억을 반추하곤 합니다.,"손동철 씨는 일주일에 한 번, 해운대 시장 골목의 단골 식당에서 뜨끈한 된장찌개와 나물 반찬이 차려진 소박한 한 상을 즐깁니다. 가끔은 옛 동료들과 함께 주점에서 소주잔을 부딪치며 맵싸한 오돌뼈나 닭발 같은 안주에 회포를 풀고, 한 달에 한 번 정도는 스마트폰 앱으로 주문한 짜장면 한 그릇으로 특별한 기분을 냅니다.","손동철 씨는 사별 후 적막한 아파트에서 혼자 지내지만, 가끔 찾아오는 자녀들과 손주들의 재잘거림에 집안 전체가 환해지는 경험을 합니다. 무뚝뚝한 부산 아버지의 모습으로 툭툭 말을 내뱉으면서도, 아이들이 돌아갈 때는 몰래 손에 쥐여줄 쌈짓돈을 미리 준비하는 다정한 구석이 있습니다.","손동철 씨는 해운대의 변화를 지켜본 은퇴한 건설 엔지니어로, 외로움을 산책과 봉사로 달래며 실용적인 삶을 살아가는 고집 센 부산 할아버지입니다.","부산 해운대의 도시 개발 과정을 몸소 겪으며 성장했고, 공학도로서 무언가를 설계하고 완성하는 성취감을 중요하게 여기며 살아왔습니다. 사별 후 홀로 지내며 적적함도 느끼지만, 매일 아침 해운대 바닷가를 산책하며 스스로 마음을 다스리는 일상을 유지합니다.","수십 년간 건설 현장을 누볐기에 도면만 보고도 건물의 문제점을 빠르게 파악하며, 실생활에 필요한 간단한 보수 작업은 낡은 도구 상자 하나로 척척 해결합니다.","['건설 현장 공정 관리', '설계 도면 해석 및 검토', '건물 유지보수 및 간단한 수리', '자재 수량 산출 및 비용 추산', '기술 인력 팀 매니지먼트']","동아일보 신문을 꼼꼼히 읽으며 세상 돌아가는 형편을 살피고, 가끔은 해운대 시장 근처 단골 주점에서 옛 동료들과 소주 한 잔을 기울이며 옛 기억을 반추합니다.","['해운대 해수욕장 아침 산책', 'TV 트로트 경연 프로그램 시청', '종이 신문 구독 및 스크랩', '지역 소규모 클래식 공연 관람', '단골 주점에서 나누는 옛 동료와의 담소']",더 이상 경제적 이득을 쫓기보다 자신이 가진 기술적 노하우를 지역 사회 복지관의 집수리 봉사 활동을 통해 나누며 쓸모 있는 존재로 남기를 바랍니다.,남자,76,사별,비현역,혼자 거주,아파트,4년제 대학교,공학·제조·건설,무직,부산-해운대구,부산,대한민국
a5f1b1400cde4333a8ee6af7363ec269,황수지 씨는 시흥시 문화센터에서 소규모 인문학 강좌를 열기 위해 매일 도서관의 최신 서적들을 살피며 강의 계획안을 다듬습니다. 꼼꼼한 성격을 살려 복잡한 정보를 표와 목록으로 일목요연하게 정리해 이웃들이 쉽게 따라올 수 있는 안내서를 직접 만드는 일에 능숙합니다.,"황수지 씨는 시흥 배드민턴 동호회에서 회원들과 셔틀콕을 주고받으며 일상의 스트레스를 털어내고, 집 앞 공원에서 리듬감 있게 줄넘기를 하며 체력을 관리합니다. 경기 도중 실수하면 자책하며 입술을 깨무는 버릇이 있지만, 함께 운동하는 사람들의 기분을 세심히 살피며 분위기를 부드럽게 만듭니다.","황수지 씨는 대학 시절 전공한 인문학적 지식을 바탕으로 좋아하는 작가의 산문집을 읽으며 문장 사이의 숨은 의미를 곱씹는 시간을 갖습니다. 글의 흐름이 매끄럽지 않은 부분을 찾아내어 스스로 다시 다듬어 쓰는 습관이 있으며, 음악을 들을 때도 가사의 서사와 감정선에 깊이 몰입합니다.",황수지 씨는 친한 친구들과 함께 전주 한옥마을의 좁은 골목 끝에 숨어 있는 노포를 찾아가 제철 나물 비빔밥의 진한 풍미를 즐깁니다. 강릉으로 떠난 여행에서는 시장 구석의 장칼국수 집에서 김이 모락모락 나는 국수를 먹으며 여행의 소소한 기쁨을 기록합니다.,황수지 씨는 이주일에 한 번 정도 가족들과 외식을 하며 담백한 나물 반찬이 가득한 한식당이나 가끔은 느끼한 치즈가 듬뿍 들어간 피자와 버거를 선택합니다. 배달 음식을 시킬 때도 리뷰를 하나하나 꼼꼼히 읽어보고 가장 실패 없는 메뉴를 고르는 데 많은 시간을 할애합니다.,"황수지 씨는 배우자와 미혼 형제자매가 함께 사는 아파트에서 가족들의 모든 기념일과 병원 예약 일정을 달력에 빈틈없이 기록해 관리합니다. 갈등이 생길 것 같으면 자신의 의견을 꾹 참고 양보하는 편이라, 가끔은 가족들조차 그녀의 진짜 속마음을 몰라 서운해할 때가 있습니다.","황수지 씨는 시흥 배곧신도시에서 거주하며 인문학적 소양과 꼼꼼한 성격으로 가족의 일상을 지탱하고, 배드민턴과 음식 여행으로 삶의 활력을 찾는 30대 후반의 여성입니다.","시흥 배곧신도시의 정돈된 거리 풍경 속에서 생활하며, 대학 시절 인문학을 전공하며 익힌 깊은 사유의 습관이 일상에 배어 있습니다. 타인의 감정을 세심히 살피는 성격 탓에 주변 사람들의 고민 상담사 역할을 자처하며 조용히 관계를 유지합니다.","꼼꼼한 기록 습관을 활용해 가계부 정리나 가족들의 일정 관리를 빈틈없이 수행하며, 인문학적 소양을 바탕으로 글의 흐름을 읽고 다듬는 능력이 뛰어납니다. 복잡한 정보를 체계적으로 정리해 누구나 보기 쉽게 매뉴얼화하는 일에 능숙합니다.","['가계부 및 가족 일정의 체계적 관리', '텍스트 교정 및 윤문', '효율적인 집안 살림 동선 설계', '인문학적 관점의 콘텐츠 분석']","시흥시 배드민턴 동호회에서 셔틀콕을 주고받으며 땀을 흘리고, 주말에는 친구들과 함께 전주나 강릉의 숨은 노포를 찾아다니며 제철 나물 비빔밥이나 장칼국수를 맛봅니다. 긴장이 고조된 날에는 동네 사우나에서 뜨거운 물에 몸을 담그며 복잡한 생각을 비워냅니다.","['시흥시 지역 배드민턴 클럽 활동', '전국 노포 맛집 탐방', '유튜브 클래식 음악 플레이리스트 감상', '동네 사우나 반신욕']",당장의 거창한 성공보다는 집 근처 도서관이나 문화센터에서 소규모 강좌를 운영하며 사회적 연결감을 유지하고 싶어 합니다. 자신의 예민함을 세심함으로 승화시켜 누군가에게 실질적인 도움을 줄 수 있는 소박한 일자리를 찾고 있습니다.,여자,38,배우자있음,비현역,배우자·미혼 형제자매와 거주,아파트,4년제 대학교,예술·인문,무직,경기-시흥시,경기,대한민국
56115f22a83e4e169c4abb20fbcedd3f,"박보윤 씨는 사회복지시설에서 1원 한 장의 오차도 허용하지 않는 꼼꼼함으로 보조금 정산을 처리하며, 후임자가 당황하지 않고 적응할 수 있도록 자신만의 실무 비법이 담긴 세밀한 업무 매뉴얼을 만드는 데 공을 들입니다.","박보윤 씨는 주중에는 광교 호수공원 근처 필라테스 센터에서 뻣뻣하게 굳은 몸을 펴며 땀을 흘리고, 날씨가 좋은 주말이면 가벼운 등산복 차림으로 산을 오르며 일주일 동안 쌓인 업무 스트레스를 털어냅니다.","박보윤 씨는 거실 소파에 편하게 기대어 임영웅의 감성적인 노래를 배경음악 삼아 최신 드라마를 정주행하며 하루의 피로를 풀고, 스마트폰으로 좋아하는 가수의 영상을 찾아보며 소소한 기쁨을 누립니다.","박보윤 씨는 멀리 떠나는 고된 여행보다는 가족들과 함께 잘 정돈된 도시의 매력을 느끼는 시티투어를 즐기며, 유명한 랜드마크 앞에서 가족사진을 찍어 남기는 기록의 시간을 소중히 여깁니다.","박보윤 씨는 일주일에 네 번 이상 외식을 하며, 특히 영통역 근처 단골 일식집에서 신선한 카이센동을 먹거나 고기류를 제외한 정갈한 나물 중심의 한식 차림을 즐기는 식도락 시간을 기다립니다.","박보윤 씨는 수원 영통의 아파트에서 가족들을 살뜰히 챙기며 살아가고, 최신 스마트폰 기능은 빠르게 배우면서도 정작 중요한 가족 기념일은 낡은 가죽 다이어리에 손글씨로 꾹꾹 눌러 적어두는 습관이 있습니다.","박보윤 씨는 꼼꼼한 회계 업무 능력과 원만한 대인 관계를 갖춘, 실속과 안정을 중시하는 수원 영통의 중년 여성입니다.","수원 영통의 정돈된 아파트 단지 사이에서 자녀들을 키우며 실속 있게 살림을 꾸려왔습니다. 최신 스마트폰 기능은 금방 배우지만, 정작 중요한 가족 행사 날짜는 낡은 가죽 다이어리에 꾹꾹 눌러 적어두는 습관이 있습니다.","사회복지시설의 복잡한 보조금 정산과 회계 장부를 한 치의 오차 없이 관리하며, 까다로운 정부 지침을 현장 상황에 맞게 적용하는 노하우가 뛰어납니다. 증빙 서류 하나라도 빠지면 절대 그냥 넘어가지 않는 철저함을 보입니다.","['사회복지시설 보조금 정산', '더존 회계 프로그램 운용', '정부 지원금 신청 서류 검토', '시설 운영 예산 편성 및 집행']","광교 호수공원 근처 필라테스 센터에서 뻣뻣한 몸을 풀며 땀을 흘리고, 주말이면 가족들과 함께 영통역 근처 일식집에서 카이센동을 즐깁니다. 집에서는 임영웅의 노래를 틀어놓고 밀린 드라마를 보며 하루의 긴장을 풉니다.","['광교 호수공원 산책 및 필라테스', '임영웅 노래 감상', '영통구 일식 맛집 탐방', '가족과 함께하는 서울 시티투어 버스 여행', '유튜브 건강 정보 영상 시청']",정년까지 현재의 업무 체계를 더 효율적으로 다듬어 후임자가 당황하지 않고 적응할 수 있는 실무 매뉴얼을 완성하고 싶어 합니다. 사회적 성공보다는 매달 들어오는 안정적인 급여와 동료들과의 원만한 관계를 유지하는 것에 가치를 둡니다.,여자,56,배우자있음,비현역,배우자·자녀와 거주,아파트,고등학교,해당없음,회계 사무원,경기-수원시 영통구,경기,대한민국
20b1313e1b9a44a49b9239cad7184f34,"김가은 씨는 관악구립 도서관의 정해진 좌석에서 매일 아침 전공 서적과 채용 공고를 번갈아 보며, 인터뷰 대상자의 숨은 의도를 파악하던 정성적 분석 능력을 자기소개서의 문장 하나하나를 다듬는 데 쏟아붓고 있습니다.","김가은 씨는 머릿속이 복잡해질 때면 무작정 관악산 둘레길을 걷기 시작하며, 땀이 맺힐 때까지 빠르게 걷는 행위로 내면의 불안을 물리적으로 털어내곤 합니다.","김가은 씨는 성수동의 팝업 스토어에서 전시된 제품의 배치와 색감을 분석하는 습관이 있으며, 주말 오후에는 김영하 작가의 산문집을 읽으며 문장 사이의 논리를 따져보는 지적인 휴식을 즐깁니다.","김가은 씨는 친구들과 함께 전국의 유명한 빵집이나 노포를 찾아다니는 식도락 여행을 즐기며, 방문하는 곳마다 음식의 맛과 공간의 분위기를 세밀하게 기록한 나름의 데이터베이스를 구축하고 있습니다.","김가은 씨는 일주일에 한 번, 동네 단골 분식집에서 떡볶이와 튀김을 주문해 먹으며 그날의 양념 농도와 떡의 식감을 메모장에 기록하는 소소한 수집욕을 가지고 있습니다.","김가은 씨는 실용성을 강조하는 부모님의 가치관을 이어받아 독립 후에도 불필요한 가구 구매를 지양하며, 가끔 부모님과 통화할 때면 취업 진척 상황에 대한 질문을 교묘하게 피해 대화를 마무리 짓곤 합니다.","김가은 씨는 사회과학적 통찰력과 현실적인 감각을 동시에 갖춘 취업 준비생으로, 정돈된 일상 속에서 내면의 불안과 싸우며 성장을 꿈꾸는 20대 여성입니다.","김가은은 서울 관악구의 작은 아파트에서 홀로 지내며, 대학원 시절의 학문적 치열함과 취업 준비생의 막막함이 교차하는 일상을 보냅니다. 효율성을 강조하는 부모님의 영향으로 실용적인 사고방식이 몸에 배어 있으며, 학위 과정 동안 익힌 비판적 시각을 일상의 작은 선택들에도 적용하곤 합니다.","사회과학 연구 방법론을 통해 복잡한 사회 현상 속에서 핵심 데이터를 추출하고, 이를 논리적인 보고서 형태로 엮어내는 능력이 탁월합니다. 특히 인터뷰 대상자의 미묘한 반응을 포착해 정교한 추가 질문을 던지는 정성적 조사에 능숙합니다.","['질적 연구 인터뷰 설계', 'SPSS 통계 데이터 분석', '사회 트렌드 분석 보고서 작성', '학술 논문 투고 및 교정', '보도자료 및 기획 기사 작성']","주말이면 친구와 함께 성수동의 작은 팝업 스토어를 구경하거나, 관악산 자락의 조용한 카페에서 김영하 작가의 산문집을 읽으며 생각을 정리합니다. 가끔 기분 전환이 필요할 때는 동네 숨은 분식집의 떡볶이 맛을 세밀하게 기록하는 메모장을 작성하며 소소한 성취감을 느낍니다.","['성수동 팝업 스토어 탐방', '김영하 산문집 읽기', '동네 숨은 분식집 지도 만들기', '반신욕 하며 팟캐스트 듣기', '친구와 함께하는 제주도 식도락 여행']","자신의 연구 성과가 단순히 학위 논문으로 남지 않고, 실제 공공 정책이나 기업의 서비스 개선에 즉각 반영되는 실무자가 되기를 바랍니다. 현재는 불확실한 미래에 대한 불안감을 덜기 위해 매일 아침 정해진 시간에 집 근처 도서관으로 향하는 규칙적인 생활을 유지하며 스스로를 다잡고 있습니다.",여자,26,미혼,비현역,혼자 거주,아파트,대학원,사회과학·언론,무직,서울-관악구,서울,대한민국
8450f4445dfd4903a2733c6674068e99,"엄명숙 씨는 영도구의 작은 의원에서 수년째 근무하며 퉁명스러운 환자의 기분을 단숨에 풀어주는 말재주와 빠른 손놀림으로 병원의 살림꾼 역할을 톡톡히 해냅니다. 후배들에게는 일 잘하는 선배로 통하지만, 가끔은 너무 즉흥적으로 업무 지시를 내려 동료들을 당황하게 만드는 버릇이 있습니다.","엄명숙 씨는 거창한 운동보다는 동네 미용실까지 걷거나 시장 바구니를 들고 가파른 골목길을 오르내리는 일상적인 움직임으로 몸을 유지합니다. 정기적인 운동 계획을 세워보려 하지만 늘 삼일천하로 끝나기 일쑤라, 그저 남편과 함께 천천히 걷는 산책 정도로 만족합니다.",엄명숙 씨는 동네 미용실 원장님과 함께 최신 드라마 전개를 토론하며 파마 롤을 말고 있는 시간을 가장 아늑하게 느낍니다. 잡지에서 본 화려한 인테리어 사진을 스크랩하며 자신의 아파트를 조금씩 꾸미는 소소한 심미적 즐거움을 누립니다.,"엄명숙 씨는 남편의 손을 잡고 전국의 유명한 곰탕집이나 보리밥집을 찾아다니며 국물 맛의 깊이를 평가하는 식도락 여행에 진심입니다. 유명 맛집의 긴 줄을 기다리는 것은 힘들어하지만, 한 입 먹는 순간의 만족감을 위해 기꺼이 인내하며 여행지를 정합니다.","엄명숙 씨는 나물 비빔밥이나 된장찌개 같은 정갈한 한식을 즐겨 먹으며, 가끔은 동네 분식집에서 떡볶이와 김밥을 사다 남편과 나눠 먹습니다. 새로 배운 레시피로 지인들을 초대해 상다리가 휘어지게 밥상을 차려내며 자신의 솜씨를 인정받을 때 큰 행복을 느낍니다.","엄명숙 씨는 무뚝뚝한 남편과 함께 영도의 아파트에서 서로의 빈틈을 채워주며 60대의 안정적인 삶을 꾸려가고 있습니다. 자녀들에 대한 걱정으로 밤잠을 설치기도 하지만, 남편과 함께 맛있는 것을 먹으러 다니는 시간이 그녀에게는 가장 큰 위안이 됩니다.","엄명숙 씨는 영도에서 간호조무사로 일하며 정 많은 성격과 손맛 좋은 요리로 주변 사람들을 챙기는, 현실적이고 활기찬 60대 여성입니다.","영도 흰여울문화마을 근처의 가파른 골목길에서 나고 자라, 억척스러우면서도 정이 많은 부산 여자의 기질이 몸에 배어 있습니다. 60대 특유의 성실함으로 가정을 일궈왔으며, 동네 이웃들과 숟가락 개수까지 다 알 정도로 끈끈한 관계를 유지하는 공동체 문화 속에서 살아왔습니다.","동네 의원에서 수년간 근무하며 환자들의 안색만 봐도 어디가 불편한지 금방 알아채고, 까다로운 환자의 마음을 능숙하게 달래는 소통 능력이 탁월합니다. 혈압 측정이나 드레싱 보조 같은 기초 간호 처치뿐 아니라, 병원 내의 복잡한 행정 절차를 빠르게 처리하는 손놀림이 빠릅니다.","['환자 심리 케어 및 라포 형성', '기초 간호 처치 보조', '병원 행정 서류 정리', '원내 갈등 중재 및 분위기 주도']","주말이면 남편과 함께 전국의 유명한 곰탕집이나 보리밥집을 찾아다니는 식도락 여행을 즐기며, 새로 배운 요리법으로 지인들을 초대해 밥상을 차려냅니다. 가끔은 동네 미용실에서 파마를 하며 최신 소식을 주고받거나, 오후의 나른한 시간엔 TV 프로그램을 보며 짧은 낮잠으로 피로를 풉니다.","['전국 노포 맛집 탐방', '제철 식재료를 활용한 한식 상차림', '동네 미용실 수다 모임', '주간지 읽으며 건강 정보 수집']","지금 다니는 의원에서 동료들과 얼굴 붉히는 일 없이 무사히 근무하며, 후배 조무사들에게 일 잘하고 성격 좋은 선배로 기억되고 싶어 합니다. 거창한 성취보다는 매달 꼬박꼬박 들어오는 월급으로 남편과 소소하게 외식하며 안정적인 노후를 준비하는 것이 현실적인 목표입니다.",여자,60,배우자있음,비현역,배우자와 거주,아파트,고등학교,해당없음,간호조무사,부산-영도구,부산,대한민국
9b697933a02e4c419be30c9d1459472e,"서소자 씨는 매일 새벽 6시면 어김없이 마당의 낙엽을 쓸어내며 하루를 시작하고, 돋보기를 쓴 채 손주의 해진 양말 뒤꿈치를 꼼꼼하게 꿰매는 가사 노동에서 삶의 보람을 찾습니다.","서소자 씨는 일요일마다 교회까지 이어지는 흙길을 천천히 걸으며 동네 사람들과 안부를 나누고, 집 주변 텃밭에서 무와 배추를 갈무리하며 몸을 움직입니다.","서소자 씨는 오후가 되면 라디오 다이얼을 맞춰 나훈아나 이미자의 애절한 노래를 들으며, 남은 헝겊 조각들을 이어 붙여 알록달록한 누비이불을 만듭니다.","서소자 씨는 오랜 친구들과 함께 해남 땅끝마을의 탁 트인 바다 풍경을 보러 가서, 밀려오는 파도 소리를 들으며 옛 시절의 고생담을 도란도란 나눕니다.","서소자 씨는 맵싸한 해남 갓김치를 항아리에 가득 담가 집안 가득 알싸한 향을 채우고, 보름에 한 번 외식을 나갈 때면 짜장면의 달콤한 맛에 어린 시절의 향수를 느낍니다.","서소자 씨는 함께 사는 친인척들의 눈치를 살피며 갈등이 생길 때면 먼저 굽히고 들어가지만, 명절에 내려온 손주들에게 갓 지은 솥밥과 고기반찬을 산처럼 쌓아줄 때 가장 환하게 웃습니다.","서소자 씨는 땅끝마을의 바람과 흙을 닮아 강인하면서도, 가족을 향한 내리사랑과 정갈한 손맛으로 평온한 노년을 가꾸어가는 해남의 어머니입니다.","해남 땅끝마을 인근에서 나고 자라 갯벌과 논밭이 일상인 환경에서 유년기를 보냈습니다. 초등학교 시절의 기억과 전쟁 이후의 궁핍함을 딛고 일어선 세대로서, 성실함과 인내를 삶의 가장 큰 가치로 여기며 살아왔습니다.","텃밭에서 직접 기른 채소로 삭힌 갓김치와 묵은지를 담그는 솜씨가 일품이며, 제사상에 올릴 정갈한 나물 무침을 빠르게 준비합니다. 낡은 옷가지의 터진 솔기를 꼼꼼하게 꿰매거나 헝겊 조각으로 요를 만드는 손재주가 뛰어납니다.","['삭힌 갓김치 담그기', '제사 음식 준비', '헝겊 바느질과 수선', '텃밭 작물 재배']",일요일이면 정성껏 다린 옷을 입고 마을 교회 예배에 참석해 교우들과 안부를 나눕니다. 오후에는 돋보기를 쓰고 라디오에서 흘러나오는 옛 가요나 트로트 가수의 사연에 귀를 기울이며 조용히 시간을 보냅니다.,"['마을 교회 예배 참석', '라디오 트로트 청취', '해남 대흥사 주변 산책', '동네 친구들과의 전화 통화']","함께 사는 친인척들과 다툼 없이 화목하게 지내며, 매일 아침 정갈하게 마당을 쓰는 소소한 일상을 평온하게 유지하고 싶어 합니다. 손주들이 가끔 내려왔을 때 기억에 남을 만한 손맛 가득한 집밥을 한 끼라도 더 해 먹이는 것이 요즘의 가장 큰 보람입니다.",여자,88,사별,비현역,친인척과 거주,단독주택,초등학교,해당없음,무직,전라남-해남군,전라남,대한민국
8f9fb427674948748b8b7bd43179f4d1,"신주희 씨는 강원도 홍천의 한 전문대학에서 법학과 경영학을 가르치며, 교과서 속 이론보다는 실제 판례나 기업 사례를 엮어 학생들이 현장에서 즉시 활용할 수 있는 강의안을 직접 짭니다. 학과 행정실에서도 엑셀 표 하나까지 빈틈없이 정리하는 완벽주의 성향 탓에 동료들 사이에서 '걸어 다니는 매뉴얼'로 통하며, 학내 갈등이 생기면 감정을 배제하고 법적 근거와 현실적인 절충안을 제시해 빠르게 상황을 매듭짓습니다.","신주희 씨는 땀 흘리며 뛰는 격렬한 운동보다는 거실 테이블에 앉아 1,000피스짜리 풍경 퍼즐 조각을 하나하나 맞추며 머릿속을 비우는 정적인 시간을 보냅니다. 주말에 가족들과 전국 노포를 찾아다니며 걷는 것이 사실상 유일한 신체 활동이며, 평소에는 운동화보다는 집안에서 신는 편안한 슬리퍼 차림으로 시간을 보내는 일이 더 많습니다.",신주희 씨는 퇴근 후 거실 소파에 기대어 '나 혼자 산다'나 '유 퀴즈 온 더 블럭' 같은 예능 프로그램을 시청하며 하루의 긴장을 풉니다. 복잡한 행정 업무나 학생 상담으로 머리가 지칠 때면 말없이 퍼즐 판 앞에 앉아 색깔별로 조각을 분류하는 단순 작업에 몰입하며 심리적 안정을 찾습니다.,"신주희 씨는 주말마다 남편과 자녀들의 손을 잡고 전국의 오래된 맛집을 찾아 떠나며, 전주 비빔밥 거리의 숨은 노포나 강릉 중앙시장의 제철 먹거리를 기록하는 일에 진심입니다. 유명 관광지의 랜드마크를 방문하기보다는 그 지역에서만 맛볼 수 있는 투박한 제철 음식의 맛을 느끼며 가족들과 도란도란 이야기를 나누는 여정을 즐깁니다.","신주희 씨는 평일 저녁이면 배달 앱을 켜서 연어 덮밥이나 가츠동 같은 일식 메뉴를 주문해 간편하게 끼니를 해결하며 소소한 행복을 느낍니다. 한 달에 한 번 정도는 가족들과 함께 동네 소고기 전문점에 가서 육즙 가득한 등심을 구워 먹거나, 정갈한 일식집에서 초밥 세트를 즐기며 외식을 합니다.","신주희 씨는 홍천의 다세대주택에서 고령의 어머니와 남편, 자녀들과 함께 살며, 어머니의 식사와 건강을 챙기는 한국적인 며느리이자 딸의 역할을 묵묵히 수행합니다. 직장에서는 냉철한 교수이지만 집에서는 가족들의 고민을 들어주고 함께 잡담을 나누는 다정한 중심축이 되어주며, 가끔은 자녀들과 보드게임을 하며 웃음꽃을 피웁니다.",신주희 씨는 강원도 홍천에서 가족을 부양하며 실무 중심의 교육을 실천하는 현실적이고 단단한 내면의 소유자입니다.,"홍천의 한적한 풍경 속에 뿌리를 내리고 살며, 고령의 어머니를 모시는 한국적 가족 가치관과 전문직 여성의 정체성 사이에서 중심을 잡고 있습니다. 90년대 대학 시절 겪은 사회적 격변기를 거치며 실용적인 생존 전략을 익혔고, 그것이 지금의 단단하고 현실적인 생활 태도로 이어졌습니다.","법학과 경영학의 이론을 현장에 바로 적용할 수 있도록 사례 중심으로 재구성하여 강의하며, 학과 행정 업무에서도 빈틈없는 일정 관리와 문서 작성 능력을 발휘합니다. 복잡한 갈등 상황에서도 감정에 휘둘리지 않고 법적 근거와 현실적인 절충안을 제시해 빠르게 결론을 도출합니다.","['사례 중심의 경영법무 강의 설계', '학과 행정 및 예산 집행 관리', '현실적 갈등 조정 및 중재', '실무 중심의 커리큘럼 개발']","주말이면 가족들과 함께 전국의 숨은 노포를 찾아다니며 제철 식재료의 맛을 기록하고, 평일 저녁에는 배달 앱으로 주문한 일식 덮밥을 먹으며 밀린 예능 프로그램을 시청하는 소소한 휴식을 즐깁니다. 머리를 식히고 싶을 때는 거실 테이블에 퍼즐을 펼쳐 놓고 조각을 하나하나 맞추며 잡념을 없앱니다.","['전국 노포 맛집 지도 만들기', '가족과 함께하는 보드게임', '제철 식재료를 활용한 집밥 요리', 'OTT 플랫폼 다큐멘터리 시청', '정교한 조각 퍼즐 맞추기']",학생들이 졸업 후 즉시 현장에서 활용할 수 있는 실무 지침서를 출간하여 교육의 실효성을 높이고자 합니다. 화려한 학문적 명성보다는 지역 사회 내에서 실무 능력을 인정받는 신뢰감 있는 교육자로 남는 것에 가치를 둡니다.,여자,49,배우자있음,비현역,배우자·자녀·어머니와 거주,다세대주택,2~3년제 전문대학,해당없음,사회과학·경영 및 법학 교수,강원-홍천군,강원,대한민국
32108121b2f3416e80df37e95f88d0b2,"심옥인 씨는 광주 북구의 한 입시 학원에서 수강료 정산과 지출 증빙을 단 1원도 틀리지 않게 처리하며 원장의 전폭적인 신뢰를 받는 경리 사무원입니다. 까다로운 학부모들의 불만 섞인 전화를 능숙하게 받아넘기며 원내 분위기를 조율하지만, 정작 본인의 책상 위 서류 뭉치는 가끔 순서가 뒤섞여 허둥대는 인간적인 면모가 있습니다.","심옥인 씨는 동네 배드민턴 클럽에서 셔틀콕을 힘차게 때리며 일주일의 스트레스를 날려버리고, 경기 후 회원들과 나누는 수다에서 삶의 활력을 얻습니다. 집 거실 한구석에 줄넘기를 두고 수시로 뛰지만, 10분만 지나도 숨이 차올라 소파에 털썩 주저앉아 낮잠을 청하곤 합니다.","심옥인 씨는 밤마다 침대에 누워 MBC 표준FM 라디오의 사연들에 귀를 기울이며, 이름 모를 청취자의 고민에 깊이 공감하며 하루를 마무리합니다. 가끔은 스마트폰 팟캐스트로 인문학 강의를 듣지만, 내용이 조금만 어려워지면 어느새 깊은 잠에 빠져드는 버릇이 있습니다.","심옥인 씨는 마음 맞는 고향 친구들과 함께 담양 죽녹원이나 순천만 국가정원을 찾아 푸른 풍경 속에 파묻혀 조용히 시간을 보냅니다. 화려한 관광지보다는 이름 없는 숲길을 걷는 것을 즐기며, 길가에 핀 야생화 사진을 찍어 친구들과의 단체 채팅방에 공유하며 소소한 기쁨을 나눕니다.","심옥인 씨는 2주에 한 번 정도 가족과 함께 북구청 인근의 돼지갈비집을 찾아 달짝지근한 고기를 구워 먹으며 외식을 즐깁니다. 일주일에 한 번은 유명 제과점의 소금빵이나 크림빵을 배달시켜 먹으며, 혈당 걱정에 한 입 베어 물고는 한참을 망설이는 모순된 모습을 보입니다.","심옥인 씨는 홀로 아이를 키우며 겪은 고단함을 훈장처럼 여기며, 자녀가 무사히 대학을 졸업하고 제 몫을 다하는 성인이 되는 날만을 손꼽아 기다립니다. 아이에게는 엄격한 어머니가 되려 노력하지만, 가끔은 아이의 응석에 마음이 약해져 슬그머니 간식을 챙겨주는 다정한 엄마의 모습을 보입니다.","심옥인 씨는 광주 북구에서 자녀를 홀로 키우며 학원 경리로 성실하게 살아가는, 강인한 생활력과 따뜻한 정을 가진 47세 여성입니다.",광주 북구의 정겨운 이웃 문화 속에서 자녀를 홀로 키워내며 강인한 생활력을 길러왔습니다. 무등산 자락의 풍경과 지역 사회의 끈끈한 유대감 속에서 심리적 안정을 찾으며 살아갑니다.,"학원 경리로서 수강료 정산과 복잡한 지출 증빙을 오차 없이 처리하며, 다양한 성향의 학부모들을 부드럽게 응대하는 능력이 탁월합니다. 실무 중심의 행정 처리 능력이 뛰어나 원내 살림을 실질적으로 책임지는 역할을 수행합니다.","['수강료 미납금 및 수납 관리', '지출 결의서 및 증빙 서류 작성', '학부모 민원 조율 및 응대', '기초 회계 장부 기록 및 관리']","지역 배드민턴 클럽에서 활발하게 활동하며 사람들과 어울리고, 지친 저녁에는 라디오 사연을 들으며 혼자만의 휴식을 취합니다. 혈당 관리를 위해 주말마다 무등산 둘레길을 천천히 거닐며 계절의 변화를 살핍니다.","['동네 배드민턴 동호회 활동', '심야 라디오 및 팟캐스트 청취', '무등산 둘레길 산책', '지역 유명 빵집 투어']",현재의 안정적인 수입을 유지하며 자녀를 무사히 졸업시키고 자립시키는 것에 모든 에너지를 쏟습니다. 직장에서 대체 불가능한 든든한 실무자로 인정받으며 평온한 일상을 유지하는 것에 만족합니다.,여자,47,이혼,비현역,자녀와 거주 (한부모),아파트,고등학교,해당없음,경리 사무원,광주-북구,광주,대한민국
72e21260d474419090c310ea0719457e,"문민하 씨는 전공 지식을 활용해 보험 약관이나 부동산 계약서의 독소 조항을 빠르게 찾아내 실익을 계산하는 분석적 능력을 갖추고 있습니다. 현재는 수완지구 인근의 정년이 보장되는 지역 공기업이나 안정적인 사무직 입사를 목표로 하면서도, 무직 상태가 주는 나태함에 젖어 취업 준비의 끈을 느슨하게 쥐고 있습니다.","문민하 씨는 격렬한 운동보다는 집 안에서 보드게임을 하거나 넷플릭스 시리즈를 몰아보는 정적인 휴식을 일상의 중심에 둡니다. 가끔 친구들을 만날 때만 가볍게 움직일 뿐, 대부분의 시간을 소파나 침대에서 보내며 신체 활동량을 최소화하는 생활 패턴을 유지합니다.","문민하 씨는 밤늦게까지 웹툰을 정주행하거나 취향에 맞는 영상 콘텐츠를 소비하며 혼자만의 시간을 보내는 것을 즐깁니다. 대중적인 유행을 빠르게 따라잡으면서도, 자신이 좋아하는 작가의 화풍이나 스토리 전개 방식에 대해서는 꽤나 비판적이고 뚜렷한 주관을 가지고 있습니다.",문민하 씨는 친구나 연인과 함께 쾌적한 풀빌라나 리조트로 떠나 아무것도 하지 않고 쉬는 휴양형 여행을 즐깁니다. 빡빡한 일정의 관광지 순회보다는 숙소에서 맛있는 음식을 배달시켜 먹으며 시시콜콜한 대화를 나누는 여유로운 일정에 만족감을 느낍니다.,"문민하 씨는 수완지구의 단골 이자카야에서 하이볼을 마시며 지인들과 수다를 떠는 저녁 시간을 좋아하며, 주말에는 배달 앱 리뷰를 샅샅이 분석해 실패 없는 낙지볶음 집을 찾아 주문합니다. 고기 위주의 식단보다는 깔끔한 한식 메뉴를 선호하며, 주 4회 이상의 외식과 잦은 배달 음식 이용이 일상화되어 있습니다.","문민하 씨는 부모님이 마련해주신 아파트에서 홀로 거주하며 누구의 간섭도 받지 않는 독립적인 생활을 누리고 있습니다. 가족과의 정서적 유대는 유지하고 있으나, 주거 불안이 없는 환경이 주는 안락함 때문에 사회로 진출해야 한다는 치열한 책임감보다는 개인의 편의를 우선시하는 경향이 있습니다.",문민하 씨는 광주 수완지구의 안락한 자가 아파트에서 실용적인 계산 능력과 나태한 일상 사이의 균형을 잡으며 안정적인 미래를 모색하는 20대 청년입니다.,"광산구 수완지구의 계획된 도시 환경 속에서 자라며 적당한 풍요로움과 정돈된 삶에 익숙해졌습니다. 자가 아파트라는 안정적인 환경 덕분에 주거 불안은 없지만, 그로 인해 치열한 생존 경쟁에 뛰어들어야 할 절박함이 부족해진 묘한 나태함이 일상에 스며 있습니다.",전공 지식을 활용해 보험 약관이나 부동산 계약서의 독소 조항을 빠르게 찾아내 실익을 계산하는 능력이 탁월합니다. 엑셀을 이용해 자신의 배달 음식 지출 내역과 고정비를 꼼꼼하게 기록하고 관리하는 실용적인 데이터 정리 습관을 갖추고 있습니다.,"['법률 및 행정 서류 분석', '엑셀 기반 가계부 작성', '효율적인 일정 조율', '실무 행정 처리']","낮 시간에는 침대에 누워 유튜브 쇼츠와 넷플릭스 시리즈를 몰아보며 시간을 보내고, 저녁에는 수완지구의 이자카야에서 친구들과 하이볼을 마시며 시시콜콜한 이야기를 나눕니다. 주말에는 배달 앱의 리뷰를 샅샅이 분석해 실패 없는 낙지볶음 집을 찾아 주문한 뒤, 좋아하는 웹툰을 정주행하며 하루를 마무리합니다.","['수완지구 이자카야 탐방', '웹툰 및 OTT 시리즈 정주행', '배달 음식 맛집 큐레이팅', '전략 보드게임 모임']","거창한 사회적 성공보다는 적당한 업무 강도와 정년이 보장되는 지역 기반 공기업이나 안정적인 사무직 입사를 목표로 합니다. 현재는 무직 상태가 주는 막연한 불안감을 느끼면서도, 자신의 생활 수준을 유지할 수 있는 현실적인 타협점을 찾는 과정에 있습니다.",남자,26,미혼,비현역,혼자 거주,아파트,4년제 대학교,경영·행정·법,무직,광주-광산구,광주,대한민국
07a027b20d954b539cc58e3952af6e2c,김병완 씨는 수십 년간 현장에서 몸으로 익힌 재고 관리 능력을 바탕으로 집안의 가전 배치부터 고장 난 문고리 수리까지 완벽하게 처리합니다. 김병완 씨는 요즘 경산 시내의 협동조합이나 작은 상가에서 자신의 꼼꼼한 손끝을 활용해 소소하게 도울 수 있는 소일거리를 알아보고 있습니다.,"김병완 씨는 주말마다 인근 골프장으로 나가 지인들과의 내기 골프에서 이기기 위해 승부욕을 강하게 불태웁니다. 김병완 씨는 가끔 동네 친구들과 땀 흘리며 농구를 하기도 하지만, 경기 중 규칙에 어긋나는 행동을 보면 참지 못하고 지적하는 버릇이 있습니다.","김병완 씨는 거실 소파에 누워 유튜브로 최신형 건조기나 로봇 청소기의 세부 성능 리뷰 영상을 보는 시간에서 큰 만족감을 느낍니다. 김병완 씨는 가끔씩 조용한 방에서 책을 읽으며 생각을 정리하지만, 내용이 너무 추상적이면 금방 흥미를 잃고 TV 채널을 돌립니다.","김병완 씨는 휴일이면 배우자와 자녀들을 데리고 경북 인근의 조용한 숲이나 바닷가로 떠나 풍경을 감상하며 휴식을 취합니다. 김병완 씨는 여행지에서도 미리 짠 시간표대로 움직이는 것을 선호하며, 계획에서 조금만 벗어나도 불안해하는 기색을 보입니다.","김병완 씨는 일주일에 대여섯 번은 밖에서 식사를 하며, 주로 나물 비빔밥이나 청국장 같은 고기 없는 한식 메뉴를 선택합니다. 김병완 씨는 늦은 저녁 동네 분식집에서 갓 튀긴 오징어 튀김과 떡볶이를 안주 삼아 친구들과 소주잔을 기울이며 세상 돌아가는 이야기를 나눕니다.","김병완 씨는 경산의 단독주택에서 배우자, 자녀들과 함께 살며 집안의 든든한 버팀목이 되어야 한다는 책임감을 무겁게 느낍니다. 김병완 씨는 가족들과 함께하는 시간을 소중히 여기지만, 때로는 자신의 기준에 맞지 않는 가족들의 생활 습관을 꼼꼼하게 지적해 잔소리가 많다는 소리를 듣습니다.","김병완 씨는 경산에서 나고 자란 50세 남성으로, 현장 경험의 꼼꼼함을 지녔으나 현재는 고혈압 관리와 소일거리를 찾는 무직 상태입니다.","경산에서 나고 자라 지역 사회의 끈끈한 유대감을 중요하게 생각하며, 고등학교 졸업 후 빠르게 사회생활을 시작해 실용적인 삶의 태도를 익혔습니다. 집안 어른들의 가르침에 따라 책임감을 최우선으로 여기며, 가족이 함께 머무는 단독주택의 안락함을 삶의 큰 기반으로 삼습니다.","수십 년간 현장에서 익힌 꼼꼼한 재고 관리와 공정 체크 능력이 있어, 집안의 크고 작은 수리나 가전제품 배치를 효율적으로 계획하고 실행합니다. 계획표를 짜듯 하루 일과를 세밀하게 나누어 관리하며, 주변 사람들이 놓치는 작은 결함을 빠르게 찾아내어 바로잡는 능력이 탁월합니다.","['창고 재고 관리 및 효율적 배치', '간단한 가정용 전기 및 수도 수리', '일일 계획표 작성 및 일정 관리', '지역 사회 모임의 회계 및 총무 역할']","주말이면 인근 골프장에서 지인들과 라운딩을 하며 승부욕을 불태우고, 저녁에는 유튜브에서 건강 상식이나 최신 가전 리뷰 영상을 챙겨봅니다. 가끔은 집 근처 분식집에서 떡볶이와 튀김을 곁들여 동네 친구들과 소주잔을 기울이며 시시콜콜한 세상 돌아가는 이야기를 나누는 시간을 즐깁니다.","['인근 골프장 라운딩', '유튜브 건강 및 가전 리뷰 시청', '동네 분식집에서의 술자리', '가족과 함께하는 팔공산 풍경 감상']","이제는 치열한 경쟁보다는 건강을 회복하는 것에 집중하며, 경산 시내의 작은 상가나 협동조합에서 자신의 꼼꼼함을 활용해 소소하게 도움을 줄 수 있는 소일거리를 찾고 있습니다. 특히 고혈압 관리를 위해 매일 정해진 시간에 산책하고 식단을 조절하며 신체적 균형을 되찾는 것을 최우선 과제로 둡니다.",남자,50,배우자있음,비현역,배우자·자녀와 거주,단독주택,고등학교,해당없음,무직,경상북-경산시,경상북,대한민국
6ce4c87dda1b466b8b47333cdd7a92eb,"백윤철 씨는 광주 광산구의 인쇄소에서 수십 년간 필름 출력기를 다루며, 0.1밀리미터의 선 굵기 차이나 미묘한 색감의 어긋남을 본능적으로 잡아내는 베테랑입니다. 기계 기름 냄새가 배어있는 작업복을 입고 핀트가 나간 출력물을 단칼에 찾아내 보정하며, 정년까지 이 숙련도를 유지해 월세를 밀리지 않는 것을 직장 생활의 가장 큰 가치로 여깁니다.","백윤철 씨는 주말이면 무거운 몸을 이끌고 영산강 변을 천천히 걸으며 풍경을 구경하는 시간을 갖습니다. 걷다 지치면 근처 벤치에 앉아 늘어지게 낮잠을 자는 버릇이 있으며, 동네 지인들과 어울려 가볍게 산책하는 시간을 통해 정서적인 활력을 얻습니다.",백윤철 씨는 오래된 디지털카메라를 목에 걸고 영산강의 갈대밭이나 무등산의 능선을 정성스럽게 렌즈에 담으며 소소한 성취감을 느낍니다. 퇴근 후 동네 노래방의 눅눅한 공기 속에서 조용필의 '창밖의 여자'를 목청껏 부르며 일주일간 쌓인 직장 스트레스를 한꺼번에 쏟아냅니다.,"백윤철 씨는 마음 맞는 고향 친구들과 함께 전남 곳곳의 자연 풍경을 찾아다니며, 탁 트인 바다나 푸른 산을 바라보는 시간에서 깊은 휴식을 얻습니다. 이름 없는 숲길이나 조용한 강변 마을을 천천히 둘러보며 친구들과 옛 추억을 나누는 여행 방식을 고수합니다.","백윤철 씨는 2주에 한 번 정도 외식을 하며, 정갈하게 차려진 나물 비빔밥이나 시원한 도토리묵 무침 같은 한식을 즐깁니다. 가끔 기분을 내고 싶을 때는 동네 일식집에서 두툼한 회 한 접시에 사케를 곁들이며, 배달 앱보다는 전화 한 통으로 익숙한 단골집에서 음식을 주문합니다.","백윤철 씨는 평생 미혼으로 지내며 광산구 아파트에서 혼자 생활하지만, 가끔 시간을 내어 친척 집을 방문해 조카들의 성장을 확인하며 외로움을 달랩니다. 가족이 없다는 공허함이 불쑥 찾아올 때면 동네 사교 모임에서 분위기를 주도하며 사람들 사이에 섞여 북적거리는 온기를 채우려 노력합니다.","백윤철 씨는 광주 광산구에서 인쇄 필름 출력원으로 일하며, 정교한 기술력과 사교적인 성격으로 주변 사람들과 어울려 살아가는 60대 독신남입니다.","광주 광산구의 오래된 골목 정서에 익숙하며, 고등학교 졸업 후 곧바로 현장에 뛰어들어 몸으로 익힌 기술을 신뢰하는 삶을 살았습니다. 무등산 자락의 풍경을 좋아하고 지역 기반의 소규모 친목 모임에서 분위기를 주도하며 사람들과 어울리는 것을 즐깁니다.","수십 년간 인쇄 필름 출력기를 다루며 쌓은 감각으로, 아주 미세한 색감 차이나 선의 굵기 오류를 한눈에 잡아냅니다. 출력물의 여백이나 핀트가 조금이라도 어긋난 것을 본능적으로 알아차리고 능숙하게 보정합니다.","['필름 출력 핀트 조정', '인쇄 색상 교정', '출력 장비 유지보수', '레이아웃 오타 검수']","주말이면 낡은 디지털카메라를 메고 영산강 변의 풍경을 담으며, 퇴근 후에는 동네 노래방에서 조용필의 노래를 목청껏 부르며 일주일의 피로를 풉니다.","['풍경 사진 촬영', '코인 노래방 방문', '영산강 둔치 산책', '유튜브로 옛날 가요 감상']","정년까지 큰 기계 고장 없이 현재의 숙련도를 유지하며, 매달 밀린 월세를 제때 내고 소소하게 친구들과 술 한잔 기울일 수 있는 평범한 일상을 유지하는 것에 만족합니다.",남자,63,미혼,비현역,혼자 거주,아파트,고등학교,해당없음,인쇄 필름 출력원,광주-광산구,광주,대한민국
19898126768f45d0821f615ad865afcc,"배해자 씨는 대구의 한 종합병원 복도에서 찌든 때를 말끔히 벗겨내는 최적의 세제 배합법을 꿰고 있으며, 무거운 청소 장비를 능숙하게 다루어 작업 시간을 효율적으로 단축합니다. 배해자 씨는 특유의 싹싹함으로 까다로운 병원 관계자들과 원만하게 지내며, 동료 청소원들 사이의 크고 작은 갈등을 유연하게 중재하는 역할을 자처합니다.","배해자 씨는 주말마다 서구의 단골 목욕탕 뜨거운 탕 속에 몸을 깊숙이 담근 채 동네 지인들과 세상 돌아가는 이야기를 나누며 일주일의 피로를 씻어냅니다. 배해자 씨는 집 근처 작은 공원을 천천히 거닐며 무릎 관절의 상태를 살피고, 느린 호흡으로 생각의 타래를 정리하는 시간을 갖습니다.","배해자 씨는 자녀들의 손을 잡고 대구미술관을 찾아 정적인 공간 속에서 현대 미술 작품들을 가만히 응시하며 마음의 소란함을 잠재웁니다. 배해자 씨는 작품의 심오한 이론보다는 색감이 주는 직관적인 느낌에 집중하며, 가끔은 이해하기 어려운 추상화 앞에서 고개를 갸웃거리기도 합니다.",배해자 씨는 가족들과 함께하는 짧은 여행에서 지역 미술관이나 박물관을 방문해 조용히 관람하는 시간을 가장 소중하게 여깁니다. 배해자 씨는 여행지에서도 빡빡한 관광 코스 대신 푹 쉴 수 있는 깨끗한 숙소와 정갈한 한정식집을 찾아다니는 실용적인 여정을 즐깁니다.,배해자 씨는 일주일에 두세 번 가족들과 함께 동네 단골 돼지갈비집에서 숯불 향 가득한 고기를 구워 먹으며 시끌벅적한 저녁 시간을 보냅니다. 배해자 씨는 가끔 기분을 내고 싶을 때 자녀들이 데려가는 양식당에서 꾸덕한 크림 파스타를 맛보며 입맛의 변화를 경험합니다.,"배해자 씨는 일찍이 남편을 떠나보낸 뒤 홀로 자녀들을 키워낸 강인함을 가졌으며, 지금은 성인이 된 자녀들과 한집에 살며 서로의 든든한 버팀목이 되어줍니다. 배해자 씨는 무뚝뚝한 말투로 잔소리를 늘어놓으면서도 자녀들의 밥그릇에 생선 살을 발라 올려주는 대구 엄마 특유의 정을 보여줍니다.","배해자 씨는 대구 서구에서 병원 청소원으로 일하며 자녀들을 위해 헌신해온, 겉은 딱딱해도 속은 깊은 강인한 어머니입니다.","대구 서구의 오래된 골목에서 나고 자라 서문시장의 활기찬 분위기가 몸에 배어 있으며, 중학교 졸업 후 빠르게 생업에 뛰어들어 자녀들을 홀로 키워낸 끈기가 있습니다. 무뚝뚝한 듯하면서도 챙겨줄 건 다 챙기는 대구 사람 특유의 정서와 사별의 아픔을 일상의 성실함으로 극복해온 강인함이 공존합니다.","병원 복도의 찌든 때를 말끔히 지우는 세제 배합법을 꿰고 있으며, 무거운 청소 장비를 다루는 능숙한 손놀림으로 작업 시간을 효율적으로 단축합니다. 특유의 싹싹함으로 까다로운 병원 관계자들과도 원만하게 소통하며, 동료들 사이의 크고 작은 갈등을 유연하게 중재하는 능력이 탁월합니다.","['병원 바닥 왁싱 및 광택 작업', '오염원별 맞춤형 세제 배합 및 제거', '현장 인력 간의 갈등 중재 및 소통', '효율적인 구역별 청소 동선 설계']",주말이면 서구에 있는 단골 목욕탕에서 뜨거운 탕에 몸을 담근 채 동네 지인들과 세상 돌아가는 이야기를 나누며 스트레스를 풉니다. 자녀들이 시간을 내어주면 대구미술관의 정적인 분위기 속에서 작품을 감상하며 복잡한 마음을 정리하고 조용한 휴식을 취합니다.,"['동네 목욕탕에서 지인들과 수다 떨기', '대구미술관 전시 관람', '거실 소파에 기대어 일일 드라마 시청', '서구 일대 골목길 천천히 산책하기']",지금처럼 건강을 유지하며 성실하게 일해 자녀들의 이름으로 매달 소액 적금을 꾸준히 부어주는 것에 보람을 느낍니다. 가끔은 병원 내에서 성실함을 인정받아 신체적 부담이 조금 더 적은 관리 구역으로 배치받는 것을 소소한 목표로 삼고 있습니다.,여자,60,사별,비현역,자녀와 거주 (한부모),주택 이외의 거처,중학교,해당없음,건물 청소원,대구-서구,대구,대한민국
53a6f3c1a5ce4b4a8097ab9076bc5db6,"서희정 씨는 부산 사하구의 건설 현장에서 도면 속 나사 하나까지 꼼꼼하게 챙기는 자재 관리 사무원으로, 현장 인부들의 거친 말투 속에서도 중심을 잡으며 효율적인 물품 공급을 진두지휘합니다. 실무 능력을 인정받아 현장 소장으로 승진해 업무 절차를 직접 개선하고 불필요한 갈등으로 인한 스트레스를 줄이려는 목표를 가지고 매일 엑셀과 수기 장부를 대조하며 하루를 보냅니다.","서희정 씨는 땀 흘리는 격렬한 운동보다는 퇴근 후 거실 소파에 몸을 파묻고 쉬는 시간을 가장 소중히 여기며, 가끔 생각날 때마다 편한 운동화를 신고 동네 산책길을 천천히 거닙니다. 특별한 스포츠 동호회 활동은 없지만, 가족과 함께 걷는 정적인 움직임을 통해 일주일 동안 쌓인 피로를 씻어냅니다.","서희정 씨는 거창한 예술 전시회보다는 유튜브 알고리즘이 추천해 주는 최신 캠핑 장비 리뷰 영상의 시각적 구성과 상세한 설명에 깊은 흥미를 느낍니다. 평소에는 TV 뉴스나 예능 프로그램을 시청하며 시간을 보내고, 가끔 아내와 함께 다대포의 붉은 노을을 감상하며 정서적인 충족감을 얻습니다.","서희정 씨는 친구들이나 아내와 함께 탁 트인 자연 풍경을 찾아 떠나는 여행을 즐기며, 화려한 관광지보다는 조용한 숲길이나 바닷가를 천천히 둘러보는 일정을 잡습니다. 여행지에서도 무리한 일정보다는 경치를 멍하니 바라보며 생각을 정리하는 시간을 통해 일상의 스트레스를 해소합니다.","서희정 씨는 일주일에 대여섯 번은 밖에서 끼니를 해결하며, 주로 동료들과 함께 삼겹살이나 돼지갈비를 구워 먹는 한식당을 찾거나 가끔 기분 전환 삼아 파스타와 스테이크가 나오는 양식집에 방문합니다. 주말 저녁 한 번 정도는 집에서 편하게 치킨이나 족발을 배달시켜 먹으며 시원한 맥주 한 잔과 함께 일주일을 마무리합니다.","서희정 씨는 부산 사하구의 자가 아파트에서 아내와 아이들을 위해 묵묵히 헌신하는 가장으로, 투박한 경상도 사투리로 표현은 서툴지만 가족의 안정을 위해 자신의 욕심을 뒤로 미루는 편입니다. 주말이면 아이들의 재잘거림을 배경 삼아 아내와 다대포 해변 산책로를 걸으며 가족 간의 유대감을 쌓아갑니다.",서희정 씨는 부산 사하구에서 성실하게 자재 관리를 하며 가족의 안정을 최우선으로 여기는 책임감 강한 40대 가장입니다.,"부산 사하구에서 나고 자라 투박한 경상도 사투리가 몸에 배어 있으며, 고등학교 졸업 후 곧바로 현장 실무에 뛰어들어 땀 흘려 일하는 가치를 중요하게 여기며 성장했습니다. 어린 시절부터 다대포 해수욕장의 풍경 변화를 지켜보며 자랐고, 가족을 부양해야 한다는 책임감이 삶의 가장 큰 동력이 된 40대 가장입니다.","건설 자재의 품목별 특성과 규격을 정확히 꿰고 있어 도면만 보고도 필요한 자재 양을 빠르게 산출하며, 수기 장부와 엑셀을 병행해 단 하나의 나사못 오차도 허용하지 않는 꼼꼼한 재고 관리를 수행합니다. 거친 현장 작업자들 사이에서도 중심을 잡고 필요한 물품을 적재적소에 공급하는 능력이 탁월합니다.","['건설 자재 수량 산출 및 발주', '재고 관리 시스템 운용', '현장 입출고 내역 검수', '자재 협력 업체 납기 조율']","퇴근 후 거실 소파에 누워 유튜브로 최신 캠핑 장비 리뷰 영상을 보며 마음의 안정을 찾고, 주말에는 아내와 함께 다대포 해변 산책로를 천천히 걸으며 한 주 동안 쌓인 걱정과 잡념을 털어냅니다.","['유튜브 캠핑 장비 리뷰 시청', '다대포 해변 산책', '동네 삼겹살집 외식', '주말 드라마 정주행']","현재의 안정적인 소득과 자가 아파트를 유지하는 것을 최우선으로 하며, 실무 능력을 더욱 인정받아 현장 소장으로 승진함으로써 업무 프로세스를 효율적으로 개선하고 불필요한 마찰에서 오는 스트레스를 줄이고자 합니다.",남자,40,배우자있음,비현역,배우자·자녀와 거주,아파트,고등학교,해당없음,자재 관리 사무원,부산-사하구,부산,대한민국
c5c9dcc6a1e44c22a598656903e15702,"김경희 씨는 부평 공단의 좁고 복잡한 전자부품 창고 사이를 지게차로 매끄럽게 누비며, 무거운 화물의 무게 중심을 본능적으로 잡아 선반 꼭대기에 정확히 밀어 넣는 베테랑입니다. 무리한 승진이나 직책 변화보다는 정년까지 사고 없이 버텨 짭짤한 퇴직금을 챙기는 실속 있는 마무리를 유일한 목표로 삼고 일합니다.","김경희 씨는 퇴근 후 부평구 배드민턴 클럽에서 셔틀콕을 강하게 때리며 하루의 울분을 털어내고, 가끔은 아파트 단지 내에서 줄넘기를 하며 땀을 흘립니다. 몸을 움직일 때는 즉흥적이고 활기차게 움직이지만, 경기 규칙을 꼼꼼히 따지거나 세부 전략을 짜는 일에는 금방 흥미를 잃고 맙니다.","김경희 씨는 거실 소파에 기대어 임영웅의 노래 영상을 반복해서 보며 마음의 위안을 얻고, 화려한 예술 작품보다는 가사가 가슴에 박히는 트로트 선율에 깊이 몰입합니다. 복잡한 전시회보다는 스마트폰 화면 속 가수와 눈을 맞추며 소소한 행복을 누리는 시간을 가장 아낍니다.",김경희 씨는 남편과 함께 한적한 리조트나 온천으로 떠나 아무것도 하지 않고 푹 쉬는 휴양 여행을 통해 삶의 에너지를 충전합니다. 빽빽한 여행 일정표를 짜는 것보다 발길 닿는 대로 걷다가 마음에 드는 벤치에 앉아 멍하니 풍경을 바라보는 시간을 즐깁니다.,"김경희 씨는 2주에 한 번쯤 부평역 근처 파스타 가게에서 친구들과 크림 파스타를 먹으며 수다를 떨고, 일주일에 한 번은 집에서 편하게 배달 음식을 시켜 먹습니다. 고기구이보다는 정갈한 나물 반찬이 나오는 한식당을 찾아다니며 소박한 끼니를 챙기는 편입니다.","김경희 씨는 전세 아파트라는 울타리 안에서 남편과 서로의 묵묵한 성실함을 인정하며 투박하게 정을 나누는 삶을 삽니다. 책임감이 강해 집안일을 도맡아 하면서도, 가끔은 모든 짐을 내려놓고 혼자만의 시간을 갖고 싶어 하는 내면의 갈등을 겪습니다.","김경희 씨는 부평 공단에서 지게차를 운전하며 성실하게 살아온 50대 여성으로, 가족에 대한 책임감과 소박한 일상의 즐거움 사이에서 균형을 잡으려 노력하는 사람입니다.","부평구의 오래된 공단 지역과 주거지가 섞인 환경에서 성장하며 생활의 실용성과 성실함을 최우선으로 여기게 되었습니다. 고등학교 졸업 후 일찍이 현장 일에 뛰어들어 가정을 꾸려온 책임감이 강하며, 전세 아파트라는 울타리를 지키기 위해 묵묵히 노동의 가치를 실천해 온 세대입니다.",좁고 복잡한 전자부품 창고 사이를 오가며 정밀하게 화물을 적재하는 지게차 운전 숙련도가 매우 높습니다. 부품의 무게 중심을 빠르게 파악해 파손 없이 선반 가장 높은 곳까지 정확하게 밀어 넣는 감각이 탁월합니다.,"['정밀 지게차 조작', '창고 재고 배치 최적화', '산업 안전 수칙 준수', '화물 하중 중심 계산']","부평구 내 배드민턴 클럽에서 땀 흘리며 스트레스를 풀고, 집에서는 유튜브로 건강 정보나 임영웅의 노래 영상을 봅니다. 가끔 친구들과 함께 부평역 인근의 파스타 가게에서 식사를 하거나 시원한 맥주를 곁들이며 수다를 떱니다.","['부평 지역 배드민턴 동호회', '유튜브 건강 및 트로트 영상 시청', '부평역 인근 이탈리아 식당 외식', '동네 친구들과의 소주 모임']",무리한 승진이나 변화보다는 사고 없이 정년까지 무사히 근무하여 안정적인 퇴직금을 확보하는 것을 최우선 목표로 삼습니다. 가끔은 업무 강도가 조금 더 낮은 소규모 물류 센터로 옮겨 마음 편히 일하고 싶다는 생각을 합니다.,여자,55,배우자있음,비현역,배우자와 거주,아파트,고등학교,해당없음,지게차 운전원,인천-부평구,인천,대한민국
c4e545dce05e40209e60e8e6be940ce3,"강희철 씨는 부산 사하구의 낡은 아파트 옥상 위에서 전동 드릴과 케이블 타이 하나로 어떤 태풍에도 끄떡없는 안테나를 고정하며, 신호가 가장 잘 잡히는 지점을 본능적으로 찾아내는 베테랑 설치원입니다.","강희철 씨는 주말이면 다대포 해수욕장 방파제에 자리를 잡고 찌가 움직이기만을 기다리며, 일을 마치면 동네 목욕탕 뜨거운 탕 속에 몸을 담그고 이웃들과 시시콜콜한 이야기를 나눕니다.",강희철 씨는 거실 소파에 누워 유튜브로 최신 낚시 포인트 영상을 챙겨보거나 TV 프로그램의 소란스러운 웃음소리에 함께 낄낄거리며 하루의 피로를 풉니다.,"강희철 씨는 친목 모임 회원들과 함께 전국의 이름난 산과 바다를 찾아다니며 풍경을 감상하고, 함께 찍은 사진을 단체 채팅방에 공유하며 소박한 즐거움을 누립니다.","강희철 씨는 일주일에 한 번 치킨이나 짜장면 같은 배달 음식을 시켜 먹고, 한 달에 한 번은 동료들과 함께 순대국밥집이나 동네 포장마차에서 소주잔을 기울입니다.","강희철 씨는 초등학교 졸업 후 현장에서 몸으로 부딪치며 가족을 부양해 온 가장으로, 투박한 부산 사투리 속에 배우자와 자녀를 향한 깊은 애정을 숨긴 채 묵묵히 책임을 다하고 있습니다.","강희철 씨는 부산 사하구의 거친 현장에서 몸으로 삶을 일궈온, 의리와 가족 사랑이 지극한 50대 안테나 설치 전문가입니다.","부산 사하구의 공단 지역과 바닷가 마을이 어우러진 환경에서 성장했으며, 어린 나이에 학교를 떠나 현장에서 몸으로 부딪치며 삶을 배웠습니다. 투박한 부산 사투리에 정이 묻어 있으며, 이웃과 함께 땀 흘려 일하고 나누는 공동체 문화 속에서 신뢰와 의리를 가장 중요한 가치로 여깁니다.","낡은 아파트 옥상의 복잡한 배선 사이에서도 신호가 가장 잘 잡히는 최적의 지점을 단번에 찾아내 안테나를 고정합니다. 전동 드릴과 케이블 타이 하나로 어떤 악천후에도 견딜 수 있게 마감 처리하는 솜씨가 정교하며, 기계적 결함을 직관적으로 파악해 빠르게 해결합니다.","['위성 신호 수신 최적 지점 포착', '옥상 및 외벽 고소 작업 안전 확보', '케이블 배선 및 방수 마감 처리', '셋톱박스 및 수신 장비 설정', '안테나 부식 방지 및 유지보수']","주말이면 다대포 해수욕장 방파제에서 찌를 바라보며 세월을 낚거나, 동네 목욕탕 뜨거운 탕에 몸을 담그고 이웃들과 시시콜콜한 이야기를 나누며 피로를 풉니다. 유튜브로 최신 낚시 포인트 영상을 찾아보며 소주 한 잔 곁들이는 시간에서 큰 행복을 느낍니다.","['다대포 갯바위 낚시', '동네 사우나 단골 모임', '유튜브 낚시 채널 시청', '포장마차에서의 술자리', '친목 단체와 함께하는 자연 풍경 여행']","무리하게 사업을 확장하기보다 지금처럼 성실하게 일하며 큰 부상 없이 현역으로 오래 활동하는 것에 만족합니다. 차곡차곡 모은 돈으로 현재 살고 있는 전셋집을 벗어나, 가족들이 편히 쉴 수 있는 작은 내 집 하나를 마련하는 것이 소박하지만 확실한 목표입니다.",남자,55,배우자있음,비현역,배우자·자녀와 거주,아파트,초등학교,해당없음,위성방송 안테나 설치 및 수리원,부산-사하구,부산,대한민국
e5f0831d0dfb4bf791f74d19b1d4a3fa,"신경태 씨는 공사 현장의 좁고 험한 진입로에서도 단 한 번의 수정 없이 차를 돌려세우는 정교한 핸들링 능력을 갖춘 베테랑 운전원입니다. 신경태 씨는 적재물의 무게 중심을 본능적으로 계산해 단단히 고정하는 숙련된 솜씨로 현장 안전사고를 미연에 방지하며, 자신의 운전 원칙에 어긋나는 무리한 요구에는 단호하게 선을 긋는 고집이 있습니다.","신경태 씨는 주말이면 아내의 손을 잡고 수락산 둘레길의 흙냄새를 맡으며 천천히 발걸음을 옮기는 산책으로 몸과 마음을 정화합니다. 신경태 씨는 거창한 운동 기구보다는 편안한 운동화 한 켤레에 의지해 숲길을 걷는 시간을 가장 소중히 여기며, 걷는 도중 마주치는 이름 모를 들꽃 앞에서 잠시 멈춰 서는 여유를 즐깁니다.","신경태 씨는 퇴근 후 거실 소파에 깊숙이 몸을 파묻고 유튜브에서 나훈아나 심수봉의 옛 가요 무대 영상을 찾아보며 추억에 젖는 시간을 보냅니다. 신경태 씨는 화려한 최신 음악보다는 가슴을 울리는 구슬픈 가락과 정통 트로트의 꺾기 창법에서 깊은 정서적 위안을 얻으며, 가끔은 가사 한 구절에 깊이 몰입해 눈시울을 붉히기도 합니다.","신경태 씨는 가족들과 함께 전국의 성지를 찾아 기도하며 마음의 짐을 내려놓는 성지순례 여행을 통해 삶의 중심을 잡습니다. 신경태 씨는 유명 관광지의 북적임보다는 고요한 성당의 분위기와 경건한 미사 시간에 집중하며, 여행지에서도 미리 계획한 경로를 조금만 벗어나면 불안해하는 성격이 드러납니다.","신경태 씨는 2주에 한 번 외식을 나갈 때면 동네 보리밥집에서 나물 가득한 비빔밥을 쓱쓱 비벼 먹으며 소박한 입맛을 충족합니다. 신경태 씨는 가끔 기분 전환이 필요할 때 피자헛의 클래식 피자를 주문해 아내와 나누어 먹지만, 배달 음식 특유의 자극적인 맛과 쓰레기 처리의 번거로움 때문에 집으로 음식을 시키는 일은 거의 없습니다.","신경태 씨는 아내와 함께 도봉구 아파트에서 서로의 일상을 공유하며, 말하지 않아도 통하는 오랜 세월의 편안함 속에서 심리적 안정을 찾습니다. 신경태 씨는 겉으로는 무뚝뚝하고 자기 주관이 강해 보이지만, 아내가 좋아하는 간식을 기억해 퇴근길에 몰래 챙겨오는 섬세한 애정 표현을 하곤 합니다.","신경태 씨는 숙련된 화물차 운전 기술로 가정을 일군 성실한 가장이며, 신앙심과 가족애를 바탕으로 건강한 은퇴를 꿈꾸는 신중하고 예민한 성격의 소유자입니다.","도봉구 수락산 인근에서 오랫동안 터를 잡고 살며, 조용한 성당의 미사 시간을 통해 삶의 중심을 잡는 세대적 가치관을 가지고 있습니다.",공사 현장의 비좁고 험한 진입로에서도 한 번에 차를 돌려 세우는 정교한 핸들링 능력을 갖췄습니다. 적재물의 무게 중심을 정확히 계산해 고정하는 숙련된 솜씨로 현장에서의 안전사고를 미연에 방지합니다.,"['좁은 골목길 정밀 운전', '건설 자재 결속 및 적재 노하우', '화물차 기본 정비 및 소모품 관리', '현장 진입 최적 경로 파악']","주말이면 아내와 수락산 둘레길을 천천히 걸으며 숲의 정취를 느끼고, 평일 밤에는 거실 소파에서 유튜브로 옛 가요 무대 영상을 찾아봅니다. 2주에 한 번 정도 외식을 나갈 때는 동네 보리밥집에서 나물 비빔밥을 먹거나 가끔 피자헛의 클래식 피자를 즐깁니다.","['수락산 둘레길 산책', '유튜브 옛 가요 감상', '가족과 함께하는 성지순례', '동네 보리밥 정식 맛집 탐방']","무리한 확장보다는 현재의 안정적인 수입을 지키며, 고혈압과 혈당 수치를 낮춰 건강하게 은퇴하는 것을 최우선으로 둡니다.",남자,53,배우자있음,비현역,배우자와 거주,아파트,고등학교,해당없음,경·소형 화물차 운전원,서울-도봉구,서울,대한민국
e3dbc79b50064f9893305dd853ea26de,"김광석 씨는 구미 공단 시절의 엄격한 위계질서 속에서 기업 관리직으로 뼈가 굵었으며, 지금도 관공서 서류를 오타 하나 없이 처리하는 치밀한 행정 능력을 갖추고 있습니다. 김광석 씨는 은퇴 후 특별한 직함은 없지만, 동네 주민들의 복잡한 민원 서류 작성을 조용히 도와주며 소소한 인정과 보람을 찾습니다.",김광석 씨는 매일 오후 금오산 올레길의 완만한 곡선을 따라 천천히 걸으며 계절의 변화를 살피는 정적인 운동을 즐깁니다. 김광석 씨는 무리한 등산보다는 나무 그늘 아래서 잠시 숨을 고르는 느릿한 보행을 통해 일상의 스트레스를 덜어냅니다.,김광석 씨는 적막한 거실에서 라디오 진행자의 차분한 목소리를 들으며 하루의 갈무리를 하는 시간에서 깊은 정서적 위안을 얻습니다. 김광석 씨는 거창한 예술 작품보다는 산책길에 마주치는 이름 모를 들꽃이나 붉게 물든 단풍 같은 자연의 색채를 감상하는 것을 좋아합니다.,"김광석 씨는 옛 직장 동료들과 함께 강원도 정선이나 평창의 울창한 숲길을 찾아 조용히 풍경을 감상하는 여행을 떠납니다. 김광석 씨는 화려한 관광지보다는 인적 드문 숲속의 정적을 선호하며, 동행한 친구들과 낮은 목소리로 옛 추억을 나누는 시간을 소중히 여깁니다.","김광석 씨는 일주일에 한 번 구미 시내의 단골 일식집을 방문해 정갈하게 차려진 모듬 초밥 세트를 천천히 음미하며 식사합니다. 김광석 씨는 고기류보다는 담백한 나물 반찬 위주의 한식을 즐기며, 보름에 한 번 정도는 집에서 편하게 배달 앱으로 간단한 식사를 해결합니다.","김광석 씨는 상모동 아파트에서 홀로 지내며 별거 중인 배우자와의 서먹한 관계를 회복하고 다시 함께 식탁에 마주 앉기를 조용히 염원합니다. 김광석 씨는 가끔 자녀들의 집을 방문해 무뚝뚝하게 안부를 묻지만, 돌아오는 길에는 늘 못다 한 말이 남아 쓸쓸함을 느낍니다.","김광석 씨는 구미 공단의 성실함을 몸에 새긴 전직 관리직으로, 꼼꼼한 성격과 고독한 일상을 지닌 60대 가장입니다.","구미의 공단 성장기와 궤를 같이하며 엄격한 위계질서와 성실함을 최우선으로 배우고 자랐습니다. 현재는 상모동 아파트에서 홀로 지내며, 별거 중인 배우자의 빈자리를 라디오에서 흘러나오는 익숙한 진행자의 목소리로 채우곤 합니다.","기업 관리직으로 오래 근무하며 다져진 행정 처리 능력과 법률적 검토 능력이 몸에 배어 있습니다. 매달 가계부의 지출 내역을 원 단위까지 꼼꼼하게 기록하고, 복잡한 관공서 서류도 한 번에 오타 없이 작성해내는 치밀함을 가지고 있습니다.","['기업 행정 문서 작성', '부동산 계약서 법률 검토', '가계 지출 비용 최적화 분석', '효율적인 일정 계획 수립', '지역 커뮤니티 갈등 조정']","금오산 올레길을 천천히 걸으며 나무 사이로 보이는 풍경을 감상하고, 벤치에 앉아 담배 한 대를 태우며 잡념을 털어냅니다. 일주일에 한 번은 시내 단골 일식집을 찾아 정갈하게 놓인 초밥 세트를 천천히 음미하며 옛 동료들과의 안부를 묻습니다.","['금오산 자락 산책', '라디오 고전 팝송 청취', '지역 식물원 풍경 사진 찍기', '시원한 막국수 맛집 탐방', '오래된 앨범 정리하기']",당장 거창한 재취업보다는 지역 사회에서 자신의 행정적 식견을 나누며 소소하게 인정받는 삶을 꿈꿉니다. 가끔은 갈등의 실타래를 풀고 배우자와 함께 식탁에 앉아 담담하게 대화를 나누는 일상을 조용히 염원하고 있습니다.,남자,63,배우자있음,비현역,혼자 거주 (배우자 별거),아파트,4년제 대학교,경영·행정·법,무직,경상북-구미시,경상북,대한민국
f2af9d906e824b03b03ab3a05ca64532,"이서인 씨는 물류관리사 자격증 교재를 펼쳐놓고 있지만, 정작 집중력이 떨어지면 책상 위에 굴러다니는 무선 이어폰의 페어링 설정을 다시 만지작거리며 시간을 보냅니다. 화려한 성공보다는 매달 꼬박꼬박 들어오는 월급의 안정감을 꿈꾸며, 남들이 기피하는 묵묵한 시설 관리 업무에서 자신의 적성을 찾으려 합니다.","이서인 씨는 주말이면 아버지와 함께 충청북도 제천의 조용한 저수지로 향해 찌가 움직이기를 기다리며 잡념을 비워내고, 평일 저녁에는 중랑천 산책길을 따라 느릿하게 조깅하며 하루의 스트레스를 덜어냅니다. 격렬한 구기 종목보다는 혼자서 호흡을 조절할 수 있는 정적인 움직임에서 편안함을 느낍니다.",이서인 씨는 최신 전자기기의 하드웨어 성능표를 꼼꼼히 살펴보고 자신의 컴퓨터 환경을 최적화하는 과정에서 일종의 미적 만족감을 얻습니다. 넷플릭스에서 잔잔한 일상 브이로그나 정교하게 짜인 세계관의 게임 시네마틱 영상을 보며 시간을 보내는 것이 일상의 큰 즐거움입니다.,"이서인 씨는 가족들과 함께 강원도 양양의 한적한 펜션으로 떠나 파도 소리를 들으며 낮잠을 자거나, 아무 계획 없이 발길 닿는 대로 동네 골목을 거니는 휴양형 여행을 즐깁니다. 유명 관광지를 바쁘게 돌아다니기보다 익숙한 사람들과 함께 정적인 공간에서 머무르는 시간을 소중히 여깁니다.","이서인 씨는 2주에 한 번 정도 상계동 근처의 일식집에서 정갈한 돈카츠 정식을 먹거나, 집에서 간편하게 비빔밥이나 된장찌개 같은 자극적이지 않은 한식을 차려 먹습니다. 배달 앱의 화려한 광고보다는 늘 먹던 단골 식당의 익숙한 맛을 신뢰하며 천천히 식사하는 습관이 있습니다.","이서인 씨는 노원구 아파트에서 홀로 거주하며 독립적인 생활을 하지만, 주말마다 아버지와 낚시 장비를 챙겨 떠나며 말없이 서로의 존재를 확인하는 끈끈한 유대감을 유지합니다. 갈등을 만들기보다 상대의 기분에 맞춰 적당히 져주는 부드러운 성격 덕분에 가족들 사이에서 믿음직한 아들로 통합니다.","이서인 씨는 노원구에 거주하며 안정적인 미래를 위해 시설 관리 자격증을 준비하는, 정적이고 유연한 성격의 24세 청년입니다.","노원구 상계동의 조용한 주택가에서 자라며 정해진 틀보다는 주어진 상황에 유연하게 적응하는 환경에서 성장했습니다. 고등학교 졸업 후 취업 준비와 휴식을 병행하며, 집 근처 중랑천 산책길에서 혼자 생각을 정리하는 시간을 통해 심리적 안정을 찾습니다.",온라인 커뮤니티와 게임 내 경제 시스템을 분석해 최소한의 비용으로 최대 효율을 내는 최적의 경로를 찾아내는 데 능숙합니다. 복잡한 설명서 없이도 새로운 전자기기나 소프트웨어의 기능을 빠르게 익혀 주변 친구들에게 설정 방법을 알려주곤 합니다.,"['게임 내 효율적 자원 관리 및 최적화', '전자기기 초기 설정 및 소프트웨어 활용', '노원구 인근 가성비 식당 및 경로 탐색']",주말이면 아버지와 함께 충청도 인근의 저수지로 낚시를 떠나 아무 생각 없이 찌를 바라보며 시간을 보냅니다. 집 근처 헬스장에서 러닝머신 위를 천천히 걸으며 평소 즐겨보는 건강 관련 유튜브 채널을 시청하는 것으로 하루를 마무리합니다.,"['저수지 민물 낚시', '유튜브 운동 영상 시청', '동네 헬스장 가벼운 유산소 운동', '일식당 맛집 탐방']",너무 많은 사람을 상대하기보다 정해진 매뉴얼에 따라 묵묵히 수행할 수 있는 물류 관리나 시설 관리 분야의 자격증 취득을 준비하고 있습니다. 화려한 성공보다는 매달 일정한 수입이 보장되는 안정적인 생활 기반을 마련하는 것을 현실적인 목표로 삼습니다.,남자,24,미혼,비현역,혼자 거주,아파트,고등학교,해당없음,무직,서울-노원구,서울,대한민국
6a49ac82e0d04f96b6c287f7fef8c992,"주미선 씨는 진해 세관에서 통관 서류의 미세한 오타 하나까지 잡아내는 베테랑 사무원으로, 복잡한 관세 절차를 민원인들이 이해하기 쉽게 설명해 주는 능숙함을 보여줍니다. 갑작스러운 승진이나 직책의 변화보다는 지금처럼 안정적인 흐름을 유지하며, 후배들에게 실질적인 업무 노하우를 묵묵히 전수하며 정년까지 평온하게 마무리하는 것을 지향합니다.","주미선 씨는 주말마다 진해 해양공원의 울창한 산책로를 천천히 걸으며 복잡했던 머릿속을 정리하고 마음의 여유를 찾습니다. 집 베란다에 마련한 작은 텃밭에서 상추와 고추를 정성껏 키우며, 흙을 만지는 시간 동안 직장에서 쌓인 긴장을 내려놓고 소소한 성취감을 얻습니다.",주미선 씨는 퇴근 후 거실 소파에 누워 유튜브의 최신 트로트 메들리 영상을 보거나 스마트폰으로 단순한 퍼즐 게임을 하며 하루의 피로를 풉니다. 가끔 동네 지인들과 소규모 사교 모임에 나가 시시콜콜한 수다를 떨며 웃고 떠드는 시간에서 삶의 활력을 얻습니다.,주미선 씨는 휴가철이면 남편과 함께 남해의 조용한 펜션을 찾아 아무런 계획 없이 온종일 낮잠을 자거나 바다를 바라보며 온전한 휴식을 취합니다. 유명 관광지를 바쁘게 돌아다니기보다 익숙한 가족과 함께 머물며 몸과 마음을 재충전하는 정적인 여행 방식을 고수합니다.,"주미선 씨는 2주에 한 번 정도 남편과 함께 동네 일식집에서 정갈한 초밥 세트를 먹으며 외식의 즐거움을 만끽합니다. 평소에는 나물 비빔밥이나 청국장 같은 담백한 한식을 즐겨 먹으며, 일주일에 한 번은 배달 앱으로 매콤한 떡볶이와 튀김을 시켜 먹으며 소소한 일탈을 즐깁니다.","주미선 씨는 남편과 단둘이 아파트에서 지내며 서로의 생활 방식을 존중하는 담백하고 안정적인 관계를 유지하고 있습니다. 가끔 친정 식구들을 방문해 밀린 이야기를 나누며 가족의 소중함을 느끼지만, 자신의 개인적인 판단과 기준을 더 중요하게 생각하여 타인의 지나친 간섭에는 단호하게 선을 긋습니다.",주미선 씨는 진해에서 성실하게 관세 행정직으로 근무하며 안정적인 삶과 소소한 일상의 행복을 가꾸어 나가는 40대 여성입니다.,"창원과 진해의 공업 도시 분위기 속에서 성장하며 성실함과 실리를 중요하게 여겼고, 화려한 학위보다는 현장에서 쌓은 숙련도를 통해 자신의 입지를 다져왔습니다.","통관 서류의 미세한 오류를 빠르게 잡아내는 꼼꼼함을 갖췄으며, 복잡한 관세 행정 절차를 민원인들이 이해하기 쉽게 정리해 안내하는 능숙함이 있습니다.","['통관 서류 검토 및 오류 수정', '관세 행정 절차 안내', '공공기관 문서 작성 및 관리', '민원인 응대 및 갈등 조절']","주말이면 진해 해양공원 산책로를 따라 천천히 걸으며 생각을 정리하고, 집 베란다에서 작은 상추와 고추를 키우는 소소한 성취감을 즐깁니다.","['진해 해양공원 산책', '베란다 텃밭 가꾸기', '동네 단골 사우나 방문', '일식 초밥 맛집 탐방', '지인들과의 가벼운 반주']","갑작스러운 승진이나 변화보다는 현재의 안정적인 흐름을 유지하며, 후배들에게 업무 노하우를 자연스럽게 전수하고 정년까지 평온하게 마무리하는 것을 지향합니다.",여자,47,배우자있음,비현역,배우자와 거주,아파트,고등학교,해당없음,관세행정 사무원,경상남-창원시 진해구,경상남,대한민국
8073d464c268457aa1daaa02cd16f874,"박기홍 씨는 원주 산업 현장에서 수 톤의 자재를 밀리미터 단위로 정확하게 안착시키는 베테랑 크레인 운전원으로, 철저한 안전 수칙 준수로 동료들 사이에서 신뢰가 두텁습니다. 은퇴 전까지 현장의 안전 노하우를 후배들에게 전수하는 기술 고문이 되고 싶어 하지만, 매일 아침 혈압계를 확인하며 건강 문제로 갑자기 일을 그만두게 될까 봐 내심 불안해하는 강박적인 면이 있습니다.","박기홍 씨는 주말마다 친목회 회원들과 함께 치악산 둘레길의 흙길을 밟으며 계절마다 변하는 풍경을 감상하는 시간을 갖습니다. 정해진 경로를 꾸준히 걷는 성취감을 즐기며, 모임 속에서 사람들과 어울려 대화를 나누며 정신적인 활력을 얻습니다.",박기홍 씨는 네이버 블로그에 원주 무실동의 변화된 풍경과 소소한 동네 소식을 사진과 함께 기록하며 디지털 세상에서의 소통을 즐깁니다. 저녁 시간에는 거실 소파에 기대어 좋아하는 옛 가요를 듣거나 TV 프로그램을 시청하며 정서적인 휴식을 취합니다.,박기홍 씨는 친목 단체 회원들과 떼를 지어 전국의 산과 바다를 찾아다니며 탁 트인 자연경관을 눈에 담는 여행을 즐깁니다. 낯선 곳으로의 모험보다는 이미 검증된 유명 명소를 방문해 사람들과 함께 웃고 떠드는 시간을 통해 삶의 만족감을 느낍니다.,"박기홍 씨는 퇴근 후 단골집에서 노릇하게 구운 삼겹살에 소주 한 잔을 곁들이는 시간을 하루 중 가장 기다리는 애주가입니다. 가끔은 가족들과 함께 바삭한 치킨을 시켜 먹으며 여유를 부리기도 하지만, 대부분의 끼니는 집 근처 한식당에서 해결하는 외식 중심의 식생활을 유지하고 있습니다.","박기홍 씨는 무실동 아파트에서 아내와 함께 오붓하게 생활하며 수십 년간 쌓아온 신뢰를 바탕으로 평온한 노후를 준비하고 있습니다. 때로는 자신의 기준을 앞세워 아내와 짧은 실랑이를 벌이기도 하지만, 결국은 가족의 안정을 최우선으로 생각하는 책임감 강한 가장입니다.","박기홍 씨는 정밀한 크레인 조작 실력을 갖춘 성실한 기술자이자, 원주의 일상을 블로그에 기록하며 치악산의 자연과 동료들과의 술자리를 즐기는 60대 가장입니다.","원주 무실동 아파트에 정착해 수십 년을 살며 도시가 팽창하는 과정을 지켜봤습니다. 고등학교 졸업 후 곧바로 산업 현장에 뛰어들어 성실함을 무기로 살아왔으며, 최근에는 스마트폰으로 동네 소식을 기록하는 소소한 재미에 빠졌습니다.",거대한 크레인을 조작해 수 톤의 자재를 밀리미터 단위로 정확하게 안착시키는 숙련도를 갖췄습니다. 안전 수칙을 철저히 지키는 꼼꼼함 덕분에 현장에서 사고 없는 베테랑으로 통하며 동료들의 두터운 신뢰를 받습니다.,"['타워크레인 정밀 조작', '현장 안전 점검 및 리스크 관리', '중량물 인양 계획 수립', '건설 현장 신호 체계 운용']","주말이면 친목회 회원들과 치악산 둘레길을 걸으며 풍경을 감상하고, 저녁에는 단골 고깃집에서 삼겹살에 소주 한 잔을 곁들입니다. 일상의 기록을 네이버 블로그에 올리고, 동네 사우나에서 뜨거운 물에 몸을 담그며 하루의 피로를 풉니다.","['네이버 블로그 일상 기록', '치악산 둘레길 산책', '동네 사우나 이용', '원주 중앙시장 맛집 탐방', '치킨과 함께하는 소규모 모임']",완전한 은퇴 전까지 현장의 안전 노하우를 후배들에게 전수하는 기술 고문 역할을 꿈꿉니다. 다만 고혈압과 혈당 수치가 불안정해 갑작스럽게 일을 그만두게 될까 봐 매일 아침 혈압계를 체크하며 무사히 현장을 마무리하는 것에 집중하고 있습니다.,남자,66,배우자있음,비현역,기타1세대,아파트,고등학교,해당없음,크레인 운전원,강원-원주시,강원,대한민국
02876e601b344a3b9b0c6a96acbd5bf4,"김은정 씨는 영등포 타임스퀘어 인근의 잡화 매장을 관리하며 손님의 눈썹 끝이 미세하게 떨리는 것만 보고도 원하는 물건을 정확히 짚어내는 눈썰미를 가졌습니다. 매장 직원들이 사소한 오해로 다툴 때면 능숙하게 커피 한 잔을 건네며 분위기를 풀지만, 정작 본인의 업무 스케줄을 꼼꼼하게 짜는 일에는 금방 실증을 느끼고 마는 구석이 있습니다.","김은정 씨는 주말 오후 여의도 한강 공원의 흙길을 정처 없이 걸으며 복잡한 머릿속을 정리하고, 가끔은 발바닥이 화끈거릴 정도로 뜨거운 동네 사우나에서 몸을 지지며 일주일의 피로를 씻어냅니다. 격렬한 운동보다는 느릿하게 걷는 시간을 좋아하며, 걷다가 예쁜 카페가 보이면 계획에 없던 휴식을 취하는 즉흥성을 보입니다.","김은정 씨는 대학 시절 배운 인문학적 감수성을 살려 서점의 시집 코너를 서성거리거나, 정갈한 문체로 쓰인 수필집을 읽으며 마음의 위안을 얻습니다. 예술적인 안목이 있어 매장의 진열 방식을 감각적으로 바꾸는 데 재능이 있지만, 정작 본인의 내면에서 일어나는 불안과 걱정은 글로 정리하지 못해 끙끙 앓기도 합니다.","김은정 씨는 고등학교 동창들과 함께 대전 성심당이나 군산의 오래된 빵집을 찾아다니는 식도락 여행을 떠나며, 지도 앱보다는 현지인의 추천을 믿고 골목길을 헤매는 모험을 즐깁니다. 숙소를 예약할 때 세부 일정을 짜는 것은 귀찮아하지만, 우연히 발견한 노포에서 인생 음식을 만났을 때의 희열로 여행의 모든 피로를 잊습니다.","김은정 씨는 주말이면 정갈한 나물 반찬이 나오는 한정식집이나 분위기 좋은 이탈리안 레스토랑에서 친구들과 수다를 떨며 스트레스를 풉니다. 배달 음식의 자극적인 맛보다는 직접 가서 먹는 식당의 온기를 좋아하며, 가끔은 생소한 서양 식재료가 들어간 파스타 메뉴에 도전하며 미각의 즐거움을 찾습니다.","김은정 씨는 아파트가 아닌 다세대 주택의 좁은 계단을 오르내리며 아이들의 웃음소리로 집안을 채우고, 퇴근 후 남편과 함께 아이들의 내일을 고민하며 소박한 저녁 시간을 보냅니다. 가족을 아끼는 마음은 지극하지만, 가끔은 육아와 살림에서 벗어나 오로지 자신만 생각할 수 있는 정막한 시간이 간절해질 때가 있습니다.","김은정 씨는 인문학적 감수성과 현실적인 영업 감각을 동시에 갖춘 영등포의 소매업 관리자로, 식도락과 휴식을 통해 삶의 에너지를 얻는 사교적이고 정 많은 서른아홉 살 여성입니다.","영등포구의 활기찬 시장 골목과 현대적인 오피스 상권이 공존하는 환경에서 생활하며, 대학 시절 인문학을 공부하며 쌓은 정서적 감수성과 소매업 현장에서 체득한 현실적인 감각이 함께 어우러져 있습니다.","고객의 미묘한 표정 변화만으로도 원하는 바를 빠르게 캐치하여 적절한 제품을 제안하고, 매장 직원들 사이의 미묘한 갈등을 부드럽게 중재하며 활기찬 근무 분위기를 조성하는 데 능숙합니다.","['고객 심리 파악 및 맞춤형 응대', '매장 인력 효율적 배치 및 스케줄 관리', '대인 관계 갈등 중재 및 팀 분위기 관리', '판매 데이터 기반의 재고 흐름 분석']","주말이면 친구들과 함께 전국의 유명한 빵집이나 숨은 노포 맛집을 찾아다니는 식도락 여행을 떠나며, 평소에는 동네 목욕탕에서 뜨거운 탕에 몸을 담그거나 여의도 한강 공원을 정처 없이 걷는 것으로 일주일의 피로를 풉니다.","['전국 노포 맛집 및 디저트 카페 탐방', '동네 목욕탕과 찜질방에서의 휴식', '여의도 한강 공원 야간 산책', '최신 유행하는 연예인 토크쇼 시청']","현재 맡고 있는 매장의 매출을 안정적으로 유지하면서, 직원들이 큰 스트레스 없이 즐겁게 일할 수 있는 유연한 매장 문화를 정착시키는 것에 보람을 느낍니다.",여자,39,배우자있음,비현역,배우자·자녀와 거주,주택 이외의 거처,4년제 대학교,예술·인문,판매 관련 관리자,서울-영등포구,서울,대한민국
89f46dcb783c49d8ac01933639fb30ec,"조윤식 씨는 거제 바다 위에서 기상 변수와 연료 효율을 소수점 단위까지 계산해 최적의 항로를 짜내는 베테랑 항해사로, 이제는 그동안 쌓은 현장 데이터를 거제항만공사의 행정 시스템에 녹여내려는 육상 관리직 전환을 준비하고 있습니다.","조윤식 씨는 격렬한 운동보다는 집 근처 산책로나 남해안의 완만한 숲길을 천천히 걸으며 무거운 몸을 움직이고, 그 과정에서 마주치는 계절의 변화를 관찰하는 것에 만족합니다.","조윤식 씨는 퇴근길에 들르는 코인 노래방에서 신승훈이나 조성모의 90년대 발라드를 부르며 가슴 속 응어리를 털어내고, 음악의 리듬보다는 가사가 주는 서정적인 분위기에 젖어드는 시간을 즐깁니다.","조윤식 씨는 직장 동료들과 함께 남해안의 잘 알려지지 않은 숲길을 찾아다니며 고성능 카메라로 정교한 풍경 사진을 남기고, 여행지의 이동 경로를 분 단위로 계산해 짜는 치밀함을 보입니다.","조윤식 씨는 주 5일 이상 고깃집이나 한식당에서 든든하게 배를 채우며, 술을 마시지 않음에도 분위기를 위해 주점을 찾아 안주 요리를 즐기는 식습관 때문에 늘어나는 허리둘레를 걱정합니다.","조윤식 씨는 거제시의 아파트에서 홀로 거주하며 독립적인 생활을 유지하고 있지만, 가끔은 북적였던 고현동 시장통의 어린 시절 추억을 떠올리며 적막한 집안 공기를 환기하곤 합니다.","조윤식 씨는 숫자와 논리로 세상을 읽는 꼼꼼한 항해사이며, 거제 바다의 정밀함과 90년대 발라드의 서정성을 동시에 품고 살아가는 중년 남성입니다.","거제 고현동의 북적이는 시장통과 조선소의 거대한 기계음 사이에서 성장했으며, 자연과학 전공자 특유의 논리적 사고방식으로 일상의 모든 일을 수치와 확률로 계산해 보려는 습관이 있습니다.","복잡한 해도 위에서 최적의 항로를 산출하고, 기상 변수를 실시간으로 계산하여 선박의 연료 효율을 극대화하는 정밀한 항해 계획을 수립합니다.","['최신 전자해도(ECDIS) 정밀 운용', '기상 데이터 기반 항로 최적화 설계', '선원 안전 관리 및 갈등 조정', '수학적 연산을 활용한 화물 적재량 및 평형 계산']","휴가 때면 동료들과 함께 남해안의 숨은 숲길을 찾아다니며 풍경을 사진으로 남기고, 퇴근 후에는 집 근처 코인 노래방에서 90년대 발라드를 부르며 하루의 긴장을 풉니다.","['거제 면온동 주변의 완만한 산책로 걷기', '유튜브를 통한 최신 경제 트렌드 및 재테크 강의 시청', '90년대 가요 중심의 코인 노래방 방문', '남해안 해안선 출사 여행']","수십 년간의 승선 경력을 바탕으로 거제항만공사와 같은 육상 관리직으로 전환하여, 현장의 실무 노하우를 행정 시스템에 효율적으로 안착시키는 역할을 수행하고 싶어 합니다.",남자,49,미혼,비현역,혼자 거주,아파트,4년제 대학교,자연과학·수학,항해사,경상남-거제시,경상남,대한민국
947c6c72cfa44347ab5e6b43dc42c42a,"양천용 씨는 돋보기를 코끝에 걸치고 빽빽한 배차 명부를 정리하며, 성격 급한 운송 기사들의 거친 요구사항을 허허실실 웃음으로 달래는 노련한 접수원입니다. 매일 정해진 시간에 출근해 동료들과 나누는 짧은 담소와 능숙한 업무 처리 능력이 그의 하루를 지탱하는 가장 큰 자부심입니다.",양천용 씨는 무거운 디지털 카메라를 목에 걸고 보현산 천문대 산책로를 천천히 걸으며 계절의 변화를 담는 것으로 일상의 활력을 찾습니다. 거창한 운동보다는 아내의 손을 잡고 동네 공원을 한 바퀴 도는 느릿한 걸음걸이에서 마음의 평온함을 느낍니다.,양천용 씨는 보현산의 능선과 영천 포도밭의 색감을 디지털 카메라로 포착해 친구들이 모인 단체 채팅방에 올리고 칭찬받는 일에 소소한 쾌감을 느낍니다. 화려한 전시회보다는 고향의 소박한 풍경을 기록하고 공유하며 타인과 교감하는 시간을 소중히 여깁니다.,양천용 씨는 오랜 친구들과 함께 전국의 이름 없는 숲길이나 탁 트인 바닷가를 찾아다니며 자연의 정취를 감상하는 여행을 즐깁니다. 복잡한 관광지보다는 사람이 적고 공기가 맑은 곳에서 멍하니 풍경을 바라보며 옛 추억을 회상하는 시간을 보냅니다.,"양천용 씨는 일주일에 한 번 아내와 함께 시내의 오래된 중식당을 찾아가 춘장 냄새 진한 간짜장을 시켜 먹으며 일주일의 피로를 풉니다. 평소에는 고기가 들어가지 않은 정갈한 나물 반찬이나 된장찌개 같은 소박한 한식을 즐기며, 2주에 한 번 정도는 집에서 편하게 배달 음식을 시켜 먹기도 합니다.","양천용 씨는 전세 아파트에서 아내와 단둘이 오순도순 살아가며, 말하지 않아도 서로의 마음을 읽어내는 깊은 신뢰 관계를 맺고 있습니다. 무뚝뚝한 경상도 남자지만 아내가 좋아하는 간식을 슬쩍 사다 놓는 다정함과, 가끔은 사소한 일로 고집을 부려 아내와 가벼운 말다툼을 벌이는 인간적인 면모가 있습니다.","양천용 씨는 영천의 풍경을 사랑하고 사람 사이의 온기를 소중히 여기며, 성실한 노동과 소박한 일상에서 행복을 찾는 낙천적인 어르신입니다.","영천의 포도밭 너머로 지는 노을을 보며 자랐고, 중학교 졸업 후 빠르게 사회에 뛰어들어 겪은 고생을 특유의 낙천적인 성격과 이웃에 대한 배려로 승화시키며 살아왔습니다.","수십 년간 운송 예약 업무를 맡으며 까다로운 운송 기사들의 요구사항을 유연하게 조율하고, 돋보기를 쓰고도 오차 없이 배차 명부를 정리하는 꼼꼼함을 갖췄습니다.","['배차 일정 최적화', '민원 응대 및 갈등 조율', '수기 장부 및 기초 전산 관리', '효율적인 운송 경로 안내']","보현산 천문대 주변의 풍경을 디지털 카메라로 담아 단체 채팅방에 공유하고, 가끔 아내와 함께 시내의 오래된 중식당에서 간짜장을 시켜 먹으며 시간을 보냅니다.","['보현산 풍경 사진 촬영', 'TV 역사 다큐멘터리 시청', '동네 친구들과의 정기적인 외식', '지역 문화제 구경']","큰 욕심 없이 지금처럼 매일 정해진 시간에 출근해 사람들과 인사 나누는 일상을 유지하며, 퇴직 후에도 지역 커뮤니티에서 도움을 줄 수 있는 어른으로 남고 싶어 합니다.",남자,74,배우자있음,비현역,배우자와 거주,아파트,중학교,해당없음,예약 및 접수 사무원,경상북-영천시,경상북,대한민국
b66dcb52455a439e9da4f96ad909dab1,"고순배 씨는 부천 원미구의 낡은 아파트 단지를 누비며 천장 속 좁은 틈새에서 정밀하게 파이프를 잇는 상하수도 배관 전문가입니다. 오랜 경험으로 누수 지점을 귀신같이 찾아내지만, 작업 후에는 항상 손톱 밑에 낀 검은 기름때를 지우지 못해 쩔쩔매는 버릇이 있습니다.","고순배 씨는 주말 오후면 원미구 근처 스크린 골프장에 모인 고향 친구들과 왁자지껄하게 라운딩을 즐기며 스트레스를 풉니다. 경기가 풀리지 않을 때는 골프채를 바닥에 툭 내려놓는 습관이 있지만, 평소에는 동네 산책로를 천천히 걸으며 생각에 잠기는 시간을 소중히 여깁니다.","고순배 씨는 스마트폰 유튜브 앱을 켜고 임영웅의 노래 영상을 무한 반복해서 들으며 고된 현장 일의 피로를 씻어냅니다. 화려한 공연장보다는 지역 축제의 시끌벅적한 무대 앞에 서서 박수를 치는 것을 좋아하며, 가끔 멜로디가 좋은 트로트를 흥얼거리며 배관 설비를 점검합니다.",고순배 씨는 매년 가을이면 가족들의 손을 잡고 전국의 지역 특산물 축제나 꽃 축제 현장을 찾아다니며 사진을 찍습니다. 유명 관광지의 세련된 호텔보다는 사람이 북적이는 축제 장터에서 갓 구운 파전을 사 먹으며 가족들과 함께 웃고 떠드는 소박한 여행을 즐깁니다.,"고순배 씨는 한 달에 한 번 겨우 갖는 외식 날이면 아내와 함께 정갈한 초밥집을 찾아 일식의 깔끔함을 즐깁니다. 평소에는 집에서 된장찌개나 고등어구이 같은 소박한 한식을 먹으며, 2주에 한 번 배달시켜 먹는 치킨은 그에게 일주일의 고단함을 잊게 하는 유일한 별미입니다.","고순배 씨는 초등학교 졸업 후 곧바로 현장에 뛰어들어 오직 가족만을 위해 헌신하며 부천에 보금자리를 마련한 책임감 강한 아버지입니다. 무뚝뚝한 성격 탓에 다정한 말 한마디 건네는 것은 서툴지만, 자녀들이 독립하는 그날까지 든든한 버팀목이 되어주겠다는 일념으로 매일 아침 무거운 연장 가방을 챙깁니다.","고순배 씨는 부천의 노후 아파트 배관을 책임지는 숙련공이자, 투박한 손마디에 가족에 대한 사랑과 성실함을 담아 살아온 50대 가장입니다.","고순배 님은 초등학교 졸업 후 곧바로 현장 일에 뛰어들어 몸으로 부딪히며 삶을 일궈왔으며, 부천 원미구의 도시 변화를 직접 겪으며 성실함 하나로 자가 아파트를 마련한 세대입니다.","노후된 아파트의 복잡한 배관 구조를 한눈에 파악해 누수 지점을 정확히 찾아내며, 좁은 천장 속에서도 오차 없이 파이프를 연결하는 꼼꼼한 손끝 기술을 보유하고 있습니다.","['노후 배관 누수 탐지 및 보수', '상하수도 파이프 정밀 시공', '현장 맞춤형 배관 경로 설계', '수압 조절 및 밸브 교체 작업']","주말이면 가족들과 함께 지역 축제 현장을 찾아다니며, 평소에는 동네 친구들과 스크린 골프를 치거나 유튜브로 최신 트로트 영상을 찾아보며 시간을 보냅니다.","['가족과 함께하는 지역 문화 축제 나들이', '동네 지인들과의 스크린 골프', '유튜브 음악 및 영상 시청', '부천 원미구 인근 산책로 걷기', '일식집에서 즐기는 모둠회 식사']","무리한 사업 확장이나 변화보다는 현재의 숙련도를 유지하며 큰 사고 없이 정년까지 현장을 지키고, 자녀들이 독립할 때까지 든든한 경제적 울타리가 되어주는 것에 만족합니다.",남자,52,배우자있음,비현역,배우자·자녀와 거주,아파트,초등학교,해당없음,상·하수 배관공,경기-부천시 원미구,경기,대한민국
1e8392d0d26948c69049a62de6f3c48b,"박유겸 씨는 치과위생사로서 정교한 스케일링 기술로 환자들의 치석을 세밀하게 제거하며, 진료 의자에서 잔뜩 긴장한 환자에게 나긋나긋한 말투로 안심을 주는 응대법에 능숙합니다. 무리하게 관리직으로 올라가기보다 매일 주어진 업무를 빠르게 처리해 동료들의 신뢰를 얻고, 정시 퇴근 후의 개인 시간을 확보하는 효율적인 직장 생활을 지향합니다.","박유겸 씨는 격렬한 운동보다는 정적인 휴식을 선호하며, 가끔 친구를 따라 연남동의 좁은 골목길을 한참 걷는 것으로 활동량을 채웁니다. 평소 몸이 무겁다고 느끼면서도 체계적인 운동 계획을 세워 실천하기보다는 그날의 기분과 컨디션에 따라 가벼운 산책을 선택합니다.","박유겸 씨는 인스타그램 릴스와 유튜브 숏츠를 통해 한남동의 전시회나 독특한 인테리어의 디저트 카페 정보를 빠르게 수집하며 시각적인 트렌드를 따라갑니다. 예쁜 공간에서 사진을 찍어 기록하는 행위 자체를 즐기며, 예술 작품의 깊은 의미보다는 그 순간의 분위기와 색감이 주는 만족감에 더 집중합니다.","박유겸 씨는 친구나 연인과 함께 오직 맛있는 음식을 찾아 떠나는 식도락 여행을 즐기며, 방문 전 SNS에서 화제가 된 현지 맛집 리스트를 꼼꼼히 저장해둡니다. 정해진 일정표대로 움직이기보다 현장에서 발길 닿는 대로 식당을 선택하는 의외성을 즐기며 여행의 모든 과정을 사진으로 남깁니다.","박유겸 씨는 정갈한 일본식 가정식이나 고기가 들어가지 않은 깔끔한 한식을 선호하며, 2주에 한 번 정도는 연남동의 작은 일식당에서 정성스럽게 차려진 한 끼를 즐깁니다. 집에서는 에어프라이어로 냉동 치킨이나 감자튀김을 간단히 구워 시원한 맥주와 함께 넷플릭스 시리즈를 몰아보는 시간을 가장 좋아합니다.","박유겸 씨는 노원구 상계동 아파트에서 홀로 지내며 독립적인 생활을 구가하지만, 주거 공간을 제공해준 부모님에 대한 의존심이 마음 한구석에 자리 잡고 있습니다. 부모님과는 적당한 거리를 유지하며 원만한 관계를 이어가려 노력하지만, 가끔은 자신의 생활 방식에 간섭받지 않으려는 고집을 부리기도 합니다.",박유겸 씨는 노원구에 거주하며 안정적인 직장 생활과 트렌디한 취향 사이에서 균형을 찾는 20대 초반의 치과위생사입니다.,"서울 노원구 상계동 아파트에서 혼자 지내며, 부모님의 지원으로 마련된 집이라는 안정감 속에서 갓 사회생활을 시작한 20대의 독립심과 의존심이 공존하는 시기를 보내고 있습니다. 유튜브 숏츠와 인스타그램 릴스로 최신 유행하는 성수동 팝업 스토어나 디저트 카페 정보를 빠르게 습득하며 트렌드에 뒤처지지 않으려 노력합니다.","치과위생사로서 정교한 스케일링 기술을 갖췄으며, 진료 의자에 앉아 극도로 긴장한 환자의 마음을 진정시키는 능숙한 응대법을 익혔습니다. 복잡한 구강 관리법을 환자가 이해하기 쉽게 설명하는 소통 능력이 뛰어납니다.","['정밀 스케일링 및 치주 관리', '환자 심리 케어 및 진료 응대', '구강 보건 교육 자료 제작', '치과 진료 보조 및 의료 기구 멸균 관리']",주말이면 친구와 함께 연남동이나 한남동의 숨은 일식당을 찾아다니며 정갈한 한 끼를 즐기고 사진으로 기록합니다. 퇴근 후에는 에어프라이어로 간단한 안주를 만들어 시원한 맥주 한 캔과 함께 넷플릭스 시리즈를 몰아보며 긴장을 풉니다. 가끔 몸이 무겁게 느껴질 때면 집 근처 대형 사우나에서 반신욕을 하며 혼자만의 시간을 갖습니다.,"['일본 가정식 및 퓨전 일식 맛집 탐방', '넷플릭스 및 유튜브 영상 시청', '에어프라이어 활용 간단 안주 요리', '동네 사우나 반신욕 및 휴식']",현재 근무하는 치과에서 업무 실수를 줄이고 손이 빠른 숙련된 위생사로 인정받아 동료들의 신뢰를 얻는 것이 우선입니다. 과도한 책임감이 따르는 관리직보다는 자신의 전문 영역에서 능숙하게 업무를 처리하며 저녁이 있는 삶을 유지하는 안정적인 직장 생활을 꿈꿉니다.,여자,20,미혼,비현역,혼자 거주,아파트,2~3년제 전문대학,해당없음,치과위생사,서울-노원구,서울,대한민국
f8047356c9724595956d30e62975a1d0,"이순자 씨는 수십 년간 교단에서 학생들을 가르치며 다져온 꼼꼼한 성격 탓에, 은퇴 후에도 매일의 일과표를 분 단위로 기록하며 삶의 질서를 유지합니다. 동료들과의 모임에서도 대화의 핵심을 정확히 짚어 상황을 정리하는 특유의 지도자적 면모가 여전히 남아 있습니다.",이순자 씨는 주말이면 지리산 인근 캠핑장으로 떠나 숲길을 산책하며 맑은 공기를 마시는 시간에서 가장 큰 활력을 얻습니다. 격렬한 운동보다는 완산공원의 완만한 산책로를 따라 걷는 루틴을 통해 체중 관리와 마음의 평온을 동시에 챙깁니다.,"이순자 씨는 거실에 놓인 바둑판 앞에 앉아 정적 속에서 수 읽기에 몰두하거나, 스마트폰으로 임영웅의 애절한 노래를 반복 재생하며 오후의 여유를 만끽합니다. 지역 축제에 방문해 전통 공연을 관람하며 전주 사람으로서의 문화적 자부심을 느끼는 것을 즐깁니다.","이순자 씨는 퇴직 후 마음이 맞는 전직 동료들과 함께 전국의 명산을 찾아다니며 계절마다 변하는 자연 풍경을 사진으로 남기는 여행을 즐깁니다. 유명 관광지의 북적임보다는 고요한 숲속의 정취를 선호하며, 여행지에서도 교사 시절의 습관대로 꼼꼼하게 일정표를 짜서 일행을 이끕니다.","이순자 씨는 전주 사람 특유의 까다로운 입맛을 가지고 있어, 외식을 할 때는 자극적이지 않은 나물 정식이나 깔끔한 중식당의 짬뽕 국물 맛을 세밀하게 평가합니다. 일주일에 한 번은 가족과 함께 정갈한 한식당을 찾고, 가끔은 귀찮음을 이기지 못해 짜장면을 배달시켜 먹으며 소소한 일탈을 즐깁니다.","이순자 씨는 오랜 시간 함께한 배우자와 전주 완산구의 연립주택에서 서로의 습관을 존중하며 조용히 노후를 보내고 있습니다. 남편에게는 때로는 단호한 교사처럼 굴어 서운함을 사기도 하지만, 결국은 투박한 손길로 건강식을 챙겨주는 다정한 아내의 모습을 보여줍니다.","이순자 씨는 전직 교육자로서의 단정한 품위와 전주 사람의 미식적 취향을 간직한 채, 건강 관리와 소중한 인연들과의 유대를 통해 평온한 은퇴 생활을 꾸려가는 60대 여성입니다.","전주 완산구의 조용한 연립주택가에서 수십 년을 거주하며, 교직 생활을 통해 체득한 정갈한 언어 습관과 전주 사람 특유의 미식에 대한 높은 기준이 몸에 배어 있습니다.","수십 년간 교단에서 학생들을 지도하며 다져진 체계적인 일정 관리 능력과, 상대의 핵심을 빠르게 짚어내어 상황을 정리하는 상담 기술이 탁월합니다.","['학급 운영 및 단체 일정 계획', '효율적인 기록 및 문서 정리', '상대방의 심리를 읽는 상담 기법', '복잡한 정보를 쉽게 전달하는 설명 능력']","주말이면 전직 동료들과 함께 지리산 자락의 캠핑장으로 떠나 숲의 정취를 즐기고, 평일 오후에는 집에서 조용히 바둑판을 마주하거나 임영웅의 노래를 듣습니다.","['지리산 둘레길 풍경 감상', '동네 기원에서의 바둑 대국', '트로트 가수 임영웅 음악 감상', '전주 지역 문화 축제 관람']","이미 사회적 성취를 이룬 퇴직 상태이기에, 이제는 당뇨와 혈압 관리를 위해 매일 완산공원을 걷는 루틴을 지키며 전직 동료들과의 정서적 유대를 유지하는 것에 가치를 둡니다.",여자,67,배우자있음,비현역,배우자와 거주,연립주택,4년제 대학교,교육,무직,전북-전주시 완산구,전북,대한민국
15df65aa7cc844b180d3b5b64451c24b,손창영 씨는 부산진구 물류창고의 좁은 통로 사이로 거대한 팔레트를 한 치의 오차 없이 밀어 넣는 베테랑 지게차 운전원입니다. 매일 아침 작업복을 챙겨 입으며 오늘 하루도 사고 없이 물건을 적재하겠다는 강박에 가까운 책임감으로 레버를 조작합니다.,"손창영 씨는 사직 야구장의 함성 속에서 롯데 자이언츠를 응원하며 일주일의 스트레스를 단번에 날려버리는 열혈 팬입니다. 평일 저녁에는 부산진구의 작은 공원에서 동네 지인들과 셔틀콕을 주고받으며 땀을 흘리고, 경기 결과에 따라 그날 밤 잠자리에 드는 기분이 완전히 달라집니다.","손창영 씨는 잠들기 전 머리맡에 둔 라디오에서 흘러나오는 조용필이나 나훈아의 옛 노래를 들으며 복잡했던 마음을 가라앉힙니다. 가끔은 가사집을 찾아보며 젊은 시절 느꼈던 서툰 감정들을 회상하고, 라디오 프로그램에 짧은 사연을 보내기도 합니다.","손창영 씨는 고등학교 동창 모임 회원들과 함께 남해의 다랭이마을이나 제주의 오름 같은 탁 트인 자연경관을 찾아 떠나는 여행을 즐깁니다. 낯선 곳에서의 돌발 상황에는 예민하게 반응하지만, 푸른 바다와 산을 바라보며 멍하게 시간을 보내는 순간만큼은 깊은 평온함을 느낍니다.","손창영 씨는 퇴근길 집 근처 분식집에서 떡볶이와 김밥을 포장하거나, 정갈한 나물 반찬이 나오는 보리밥집에서 저녁 식사를 해결하는 것이 일상입니다. 배달 음식은 보름에 한 번 정도 자녀들의 성화에 못 이겨 시켜 먹으며, 식당 아주머니가 건네는 덤 하나에 마음이 쉽게 풀리는 소박한 입맛을 가졌습니다.","손창영 씨는 부산진구의 아파트에서 아내와 자녀들과 함께 북적거리며 살아가며, 가장으로서의 무게감을 성실함이라는 단어로 버텨내고 있습니다. 무뚝뚝한 표정으로 거실에 앉아 있지만, 자녀들이 건네는 사소한 칭찬 한마디에 내심 뿌듯해하며 입꼬리를 살짝 올리는 다정한 구석이 있습니다.","손창영 씨는 부산의 물류 현장을 지키는 정밀한 지게차 운전원이자, 롯데 자이언츠와 옛 노래를 사랑하며 내 집 마련의 꿈을 꾸는 예민하고 성실한 아버지입니다.","부산진구 서면 일대의 급격한 도시 변화를 몸소 겪으며 성장했고, 성실함이 곧 미덕이라 믿는 세대적 가치관을 가지고 있습니다. 예민한 성격 탓에 집 주변 골목의 작은 변화나 이웃들의 사소한 말 한마디에 깊게 신경을 쓰는 편입니다.",수십 년간 지게차 레버를 조작하며 좁은 창고 사이로 팔레트를 오차 없이 밀어 넣는 정밀한 감각을 익혔습니다. 적재물의 무게중심을 빠르게 파악해 단 한 번의 실수 없이 물류 흐름을 유지하는 능력이 탁월합니다.,"['지게차 정밀 조작 및 운행', '창고 적재 공간 효율 최적화', '물류 입출고 일정 관리', '작업장 안전 수칙 점검 및 준수']","주말이면 사직 야구장을 찾아 롯데 자이언츠의 경기를 보며 소리를 지르고, 평일 저녁에는 동네 공원에서 셔틀콕을 주고받으며 땀을 흘립니다. 잠들기 전 라디오에서 흘러나오는 옛 노래를 들으며 하루 동안 쌓인 긴장을 풉니다.","['롯데 자이언츠 경기 직관', '동네 공원 배드민턴 모임', 'MBC 표준FM 라디오 청취', '온천천 시민공원 저녁 산책']","지금처럼 큰 사고 없이 매달 정해진 급여를 받아 가족들의 생계를 지탱하며, 몸에 무리가 가지 않는 선에서 최대한 오래 현역으로 남고자 합니다. 언젠가는 전세 집을 벗어나 온전한 내 이름으로 된 집을 마련하는 것을 조용히 꿈꿉니다.",남자,66,배우자있음,비현역,배우자·자녀와 거주,아파트,고등학교,해당없음,지게차 운전원,부산-부산진구,부산,대한민국
4f00685c9c9140de886f0ec3995a5f91,김상환 씨는 아파트 관리 위원회나 지역 봉사직을 맡아 단지 내 낡은 시설 보수나 주차 분쟁 같은 까다로운 민원들을 서류 한 장까지 꼼꼼하게 챙겨 해결하며 이웃들에게 여전히 유능한 사람으로 인정받길 원합니다.,"김상환 씨는 주말이면 서울숲의 울창한 나무 사이를 천천히 거닐며 복잡한 머릿속을 비우고, 가끔 가족들과 함께 가벼운 등산이나 레포츠 활동을 즐기며 굳은 몸을 폅니다.","김상환 씨는 거실 소파에 기대어 나훈아의 노래를 듣거나 TV 프로그램을 멍하니 시청하며 시간을 보내고, 때로는 아무것도 하지 않는 고요함 속에서 세월의 흐름을 가만히 느낍니다.","김상환 씨는 자녀들과 함께 강원도나 제주도의 숲길을 찾아 여행하는 것을 즐기며, 여행지에서도 자신이 직접 꼼꼼하게 짠 일정표대로 움직여야 마음이 놓이는 성격입니다.",김상환 씨는 동네 단골 선술집에서 쫄깃한 도토리묵 무침과 노릇한 해물파전을 곁들여 소주를 마시며 오랜 친구들과 사람 사는 이야기를 나누는 시간을 가장 소중하게 생각합니다.,"김상환 씨는 아내와 자녀들이 모두 함께 사는 아파트에서 가장으로서의 책임감을 느끼며, 가끔은 사소한 일로 잔소리를 늘어놓지만 속으로는 가족들의 건강과 일상을 세심히 살핍니다.","김상환 씨는 성동구의 변화를 지켜본 꼼꼼한 성격의 은퇴자로, 가족과 이웃 사이에서 인정받으며 안정적인 노후를 보내고자 하는 60대 남성입니다.","성동구의 낡은 주택가들이 성수동의 세련된 거리로 바뀌는 과정을 몸소 겪으며, 젊은 시절 성실하게 직장 생활을 하여 마련한 아파트 한 채에서 오는 안정감과 세대 간의 변화를 동시에 체감하며 삽니다.","맡은 일은 끝까지 완벽하게 마무리해야 직성이 풀리는 성격이라, 집안의 모든 가전제품 보증서와 매뉴얼을 종류별로 분류해 바인더에 정리해 두었을 정도로 세밀한 기록과 정리 정돈에 능숙합니다.","['가전제품 매뉴얼 체계적 분류 및 관리', '가계 지출 내역의 꼼꼼한 기록', '효율적인 가족 여행 동선 설계', '지역 커뮤니티 내 갈등 중재 및 조율']","서울숲의 울창한 나무 사이를 천천히 걸으며 복잡한 마음을 달래고, 저녁에는 단골 선술집에서 친구들과 함께 도토리묵과 전을 곁들여 소주잔을 기울이며 사람 사는 이야기를 나누는 시간을 가장 아낍니다.","['스마트폰 바둑 및 장기 게임', '서울숲 산책로 삼림욕', '나훈아의 최신 곡 감상', '주말 가족 동반 등산', '저녁 시간 마스크팩으로 피부 관리하기']","이제는 경제적 이득보다 아파트 관리 위원회나 지역 봉사직 같은 곳에서 자신의 꼼꼼함을 발휘해 단지 내 불편함을 해결하며, 주변 이웃들에게 여전히 필요한 사람이라는 인정을 받고 싶어 합니다.",남자,67,배우자있음,비현역,배우자·자녀와 거주,아파트,고등학교,해당없음,무직,서울-성동구,서울,대한민국
b61c498a6b2d4ee087406fc2f3e956ca,"이예진 씨는 창원 공단 내 금속 세척 공정에서 세척액의 미묘한 온도 변화만으로도 부품의 오염 상태를 읽어내는 숙련된 감각을 가졌습니다. 작업 도중 발생하는 기계 소음의 작은 변화를 놓치지 않고 고장 징후를 찾아내려 애쓰며, 정시 퇴근 후 아이의 웃음소리를 듣는 일상을 지키기 위해 현장에서 묵묵히 자신의 자리를 지킵니다.","이예진 씨는 주말이면 무학산의 흙길을 천천히 밟으며 일주일 동안 쌓인 작업장의 소음을 머릿속에서 지워냅니다. 가끔 집에서 TV로 스포츠 경기를 관람하며 크게 환호하기도 하며, 정적인 자연 풍경 속에서 몸을 움직이는 시간을 통해 마음의 평온을 찾습니다.","이예진 씨는 퇴근 후 집에서 좋아하는 가수의 노래를 틀어놓거나 유튜브 영상 속에 빠져들어 짧은 휴식을 취합니다. 때로는 라디오 팟캐스트를 들으며 타인의 사는 이야기를 귀 기울여 듣고, 그 속에서 자신의 삶을 투영해보며 잔잔한 위로를 얻습니다.",이예진 씨는 남해의 푸른 바다나 지리산의 능선처럼 가슴이 뻥 뚫리는 자연경관을 찾아 배우자나 친구들과 함께 짧은 여행을 떠납니다. 빽빽한 일정표를 짜기보다는 발길 닿는 대로 걷다가 예쁜 풍경이 보이면 한참을 멍하게 바라보는 시간을 즐깁니다.,"이예진 씨는 금요일 밤이면 상남동의 단골 주점에서 매콤한 낙지볶음이나 도토리묵 같은 한식 안주에 소주 한 잔을 곁들이며 친구들과 수다를 떱니다. 일주일에 대여섯 번은 밖에서 식사를 해결하며, 배달 음식은 일주일에 딱 한 번 치킨을 시켜 먹는 것으로 만족합니다.","이예진 씨는 어린 자녀와 배우자가 함께 사는 아파트 공간에서 가장 큰 행복을 느끼며, 아이의 성장을 지켜보는 것을 삶의 가장 큰 보람으로 생각합니다. 때로는 집안 정리가 밀려 거실이 엉망이 되기도 하지만, 아이와 함께 뒹굴며 장난치는 시간만큼은 세상 무엇보다 소중하게 여깁니다.","이예진 씨는 창원 공단에서 세척공으로 일하며 내 집 마련의 꿈을 이룬 20대 엄마로, 성실한 노동의 가치와 가족과의 소박한 일상을 사랑하는 인물입니다.","창원 공단 지역의 활기를 느끼며 일찍 사회생활을 시작해, 화려한 스펙보다 손끝에서 나오는 숙련도와 내 집 마련 같은 실질적인 안정감을 삶의 중심에 두고 살아갑니다.","금속 부품의 미세한 기름때나 불순물을 제거하는 세척 공정을 관리하며, 세척액의 농도와 온도 변화에 따른 표면 상태의 미묘한 차이를 빠르게 잡아내는 눈썰미를 갖췄습니다.","['초음파 세척기 운용 및 설정', '금속 표면 잔여물 결함 검수', '산업용 세정제 희석 및 화학물질 관리', '공정 안전 수칙 및 보호구 관리']","금요일 밤이면 상남동의 단골 주점에서 친구들과 시시콜콜한 이야기를 나누며 스트레스를 풀고, 주말에는 무학산 자락을 천천히 걸으며 복잡한 머릿속을 비워냅니다.","['상남동 주변 주점 탐방', '무학산 등산 및 풍경 사진 찍기', '유튜브 쇼츠와 릴스 시청', '프로야구 경기 관람', '일상 관련 팟캐스트 청취']","작업장 내에서 기계 고장을 빠르게 진단하고 해결하는 숙련공으로 인정받아, 정시 퇴근 후 아이와 보내는 시간을 온전히 보장받는 평온한 일상을 유지하고자 합니다.",여자,26,배우자있음,비현역,배우자·자녀와 거주,아파트,중학교,해당없음,금속 세척기 조작원,경상남-창원시 의창구,경상남,대한민국
b4847faf69a5457a9a33c64b50f42bcd,"김창원 씨는 군산 월명동 골목 어귀에 작은 국수집이나 분식점을 차려 매일 정해진 시간에 셔터를 올리는 소박한 일상을 꿈꿉니다. 현재 무직 상태이며, 오랜 시간 가계부를 쓰며 익힌 꼼꼼함으로 창업 자금 계획을 세우며 때를 기다리고 있습니다.",김창원 씨는 격한 운동 대신 가족들과 함께 은파호수공원을 천천히 거닐며 가벼운 산책으로 몸을 풉니다. 풍경을 감상하며 천천히 걷는 시간을 통해 일상의 긴장을 해소하고 심리적 안정을 찾습니다.,김창원 씨는 낡은 DVD 플레이어로 고전 명작 영화를 다시 돌려보는 시간을 소중히 여깁니다. 거실 소파에 깊숙이 파묻혀 옛 가요나 클래식 음악을 들으며 생각에 잠기는 정적인 휴식을 취합니다.,김창원 씨는 주말이면 형제들을 데리고 고군산군도의 선유도나 장자도로 떠나 푸른 바다를 멍하니 바라봅니다. 파도 소리가 들리는 한적한 해안가에서 가족들과 함께 자연의 정취를 느끼며 시간을 보냅니다.,"김창원 씨는 군산 시내의 숨은 노포 맛집들을 꿰고 있어 주 5일 이상 외식을 하며, 주로 지글거리는 삼겹살집이나 정갈한 한정식집을 찾습니다. 가끔은 가벼운 마음으로 동네 분식집에서 떡볶이와 김밥을 주문해 먹으며 소소한 식욕을 채웁니다.","김창원 씨는 미혼이지만 형제들의 생계를 책임지는 가구주로서 무거운 책임감을 짊어지고 묵묵히 집안의 중심 역할을 수행합니다. 투박한 말투 속에 가족에 대한 깊은 애정을 숨기고 있으며, 집안의 대소사를 결정할 때 가장 신중하게 움직입니다.","김창원 씨는 군산의 정취 속에 살며 가족을 부양하는 책임감 강한 가장이자, 소규모 창업을 꿈꾸며 고전 영화와 바다 산책으로 마음을 달래는 40대 남성입니다.","군산의 근대 역사 거리와 항구 특유의 정취 속에서 성장했으며, 형제들을 부양하는 가구주로서 묵묵히 책임을 다하며 살아온 지역 사회의 구성원입니다.",오랜 시간 가계 운영을 도맡으며 다져진 꼼꼼한 지출 관리 능력과 군산 시내 곳곳의 숨은 식당과 지리를 꿰뚫고 있는 정보 수집력이 좋습니다.,"['효율적인 가계 지출 계획 수립', '군산 지역 로컬 맛집 리스트업', '간단한 집안 시설 유지 보수', '가족 맞춤형 여행 일정 짜기']","가족들과 함께 고군산군도의 푸른 바다를 보며 멍하니 시간을 보내거나, 집에서 최신 영화보다는 오래된 고전 명작들을 다시 찾아보는 시간을 즐깁니다.","['고군산군도 해안 풍경 감상', '고전 영화 다시 보기', '유튜브 자연 다큐멘터리 시청', '동네 단골 삼겹살집 방문']",큰 욕심보다는 집 근처에서 적당한 노동 강도로 운영할 수 있는 소규모 외식업 창업을 통해 규칙적인 생활 패턴을 만드는 것을 목표로 합니다.,남자,47,미혼,비현역,형제자매와 동거 (가구주),아파트,고등학교,해당없음,무직,전북-군산시,전북,대한민국
dfd5a2a4e96e4d7a90c92f1054e47c51,"김유철 씨는 대학원에서 전공한 공학적 지식을 활용해 순천 지역 제조 공장과 건설 현장의 실질적 가치를 정밀하게 분석하는 자산 운용가로, 작은 수치 오류에도 밤잠을 설칠 만큼 예민하지만 그 덕분에 업계에서 오차 없는 보고서로 정평이 나 있습니다.","김유철 씨는 주말이면 순천 시내의 단골 당구장에서 지인들과 큐대를 잡고 소란스럽게 웃고 떠들며 사회적 활력을 얻고, 가끔은 조계산의 맑은 공기를 마시며 땀을 흘리는 등산으로 몸과 마음을 정돈합니다.","김유철 씨는 퇴근 후 베란다 텃밭에서 고추와 깻잎의 잎사귀를 하나하나 살피며 업무 중 쌓인 긴장을 덜어내고, 잠들기 전에는 종이 신문의 경제면을 꼼꼼히 읽으며 세상의 흐름을 분석하는 정적인 시간을 즐깁니다.","김유철 씨는 휴가철이면 아내와 아이들을 데리고 순천만 습지의 갈대밭을 천천히 걷거나 보성 녹차밭의 초록빛 풍경을 감상하며, 가족들이 평온하게 쉬는 모습을 사진으로 남기는 것에 깊은 만족감을 느낍니다.","김유철 씨는 보름에 한 번 정도 가족들과 함께 외식으로 돼지갈비나 삼겹살을 구워 먹는 시간을 가장 기다리며, 가끔은 동네 유명 빵집에서 갓 구운 단팥빵이나 소보로빵을 사다 식탁에 올립니다.","김유철 씨는 순천의 자가 아파트에서 아내와 자녀들을 위해 든든한 울타리가 되어주려 노력하며, 무뚝뚝한 성격 탓에 애정 표현은 서툴지만 가족의 안락한 미래를 설계하는 일에 모든 정성을 쏟습니다.","김유철 씨는 공학적 정밀함과 남도의 여유를 동시에 지닌, 가족의 안정을 최우선으로 여기는 꼼꼼하고 책임감 강한 자산 운용가입니다.","순천만 국가정원의 정갈함과 남도 특유의 여유로운 정서가 몸에 배어 있으며, 대학원에서 공학을 전공하며 다져진 논리적 사고 체계와 지역 사회의 끈끈한 유대 관계를 동시에 유지하며 살아갑니다.","공학적 지식을 바탕으로 제조 공정이나 건설 현장의 실질적인 가치를 판단하여 자산 운용 전략에 반영하는 정밀한 분석 능력을 갖추고 있으며, 오차 없는 보고서 작성으로 업계의 신뢰를 받습니다.","['산업 시설 기술 가치 평가', '포트폴리오 리스크 관리', '공학 기반 투자 분석', '기업 재무 구조 진단']","주말이면 동네 당구장에서 지인들과 함께하며 소란스러운 활기를 즐기고, 평일 저녁에는 베란다 텃밭의 고추와 깻잎을 가꾸며 업무 중에 쌓인 예민함과 긴장을 천천히 덜어냅니다.","['동네 당구장 모임', '베란다 텃밭 가꾸기', '종이 신문 탐독', '순천만 습지 산책']","전남 지역 중소기업들의 자산 효율을 높여주는 믿음직한 자산 관리 고문으로 자리 잡으며, 가족의 안락한 노후를 위해 변동성을 최소화한 안정적인 수익 구조를 완성하는 데 집중합니다.",남자,49,배우자있음,비현역,배우자·자녀와 거주,아파트,대학원,공학·제조·건설,그 외 자산 운용가,전라남-순천시,전라남,대한민국
2b1886c2639646f8832f6d088a484088,이은혜 씨는 전문대학에서 사무행정을 전공하여 엑셀의 복잡한 수식을 정확하게 설계하고 방대한 데이터를 빈틈없이 분류하는 능력을 갖추고 있습니다. 이은혜 씨는 자신의 완벽주의적 성향을 살려 업무 프로세스를 효율적으로 개선하는 안정적인 사무직으로 복귀해 조직의 대체 불가능한 살림꾼이 되기를 희망합니다.,"이은혜 씨는 매주 주말 부모님과 함께 수락산의 흙길을 밟으며 복잡한 머릿속을 정리하는 시간을 가집니다. 이은혜 씨는 숨이 턱 끝까지 차오르는 격렬한 운동 대신, 숲의 공기를 마시며 일정하게 발을 내딛는 산책을 통해 심리적 안정감을 얻습니다.","이은혜 씨는 스마트폰 게임에 접속해 주어진 퀘스트를 순차적으로, 그리고 완벽하게 완수했을 때 짜릿한 성취감을 느낍니다. 이은혜 씨는 유튜브에서 공간 정리 전문가의 영상을 찾아보며 자신의 주변 환경을 어떻게 더 체계적으로 배치할지 고민하는 시간을 즐깁니다.",이은혜 씨는 가족들과 함께 강원도 평창의 전나무 숲길이나 제주도의 오름처럼 고요한 자연경관을 찾아 떠나는 여행을 즐깁니다. 이은혜 씨는 유명 관광지를 바쁘게 돌아다니기보다 탁 트인 풍경 앞에 가만히 서서 바람 소리를 듣는 정적인 시간을 소중히 여깁니다.,"이은혜 씨는 2주에 한 번 정도 가족과 함께 동네의 한우 전문점을 찾아 육즙이 풍부한 갈비살을 구워 먹으며 스트레스를 풉니다. 이은혜 씨는 가끔 롯데리아의 햄버거나 도미노피자의 치즈 피자로 입맛을 바꾸기도 하지만, 배달 음식을 시켜 먹는 일은 몇 달에 한 번 있을까 말까 할 정도로 드뭅니다.","이은혜 씨는 서울 노원구에서 혼자 살고 있지만 상계동 아파트 단지에서 함께 자란 부모님과 매우 밀접한 관계를 유지하고 있습니다. 이은혜 씨는 고등학교 시절부터 알고 지낸 소수의 친구들과 깊은 유대를 맺으며, 가족의 규칙적인 생활 양식을 그대로 이어받아 자신의 일상을 설계합니다.","이은혜 씨는 노원구에 거주하며 엑셀 실력을 갖춘 완벽주의 성향의 30세 여성으로, 가족과의 유대를 중시하며 안정적인 사무직으로의 복귀를 준비하는 취준생입니다.","상계동 아파트 단지의 정돈된 풍경 속에서 자라며 규칙적인 삶의 궤적을 익혔고, 신중한 성격 탓에 고등학교 시절부터 알고 지낸 소수의 친구들과만 깊은 유대감을 유지합니다.",전문대학에서 사무행정을 전공하여 엑셀의 복잡한 수식을 정확하게 설계하고 방대한 양의 데이터를 기준에 맞춰 빈틈없이 분류하는 능력을 갖추고 있습니다.,"['엑셀 데이터 시트 구조화', '문서 분류 체계 수립', '세부 일정 관리', '정확한 전산 입력']","주말이면 부모님과 수락산 자락을 천천히 걸으며 복잡한 생각을 정리하고, 혼자 있는 시간에는 모바일 게임의 퀘스트를 순차적으로 완벽하게 완수하며 성취감을 얻습니다.","['수락산 등산로 산책', '모바일 시뮬레이션 게임', '가족과 함께하는 한우 구이 외식', '유튜브 인테리어 정리 영상 시청']",자신의 완벽주의적 성향을 발휘해 업무 프로세스를 효율적으로 개선할 수 있는 안정적인 사무직으로 복귀하여 조직 내에서 대체 불가능한 살림꾼으로 인정받기를 바랍니다.,여자,30,미혼,비현역,혼자 거주,아파트,2~3년제 전문대학,해당없음,무직,서울-노원구,서울,대한민국
8c595fe5e0aa4c6fa6908b64095e873f,"박재선 씨는 군위의 식품 제조 현장에서 전통 발효 식품의 표준 공정을 설계하며, 분석적인 성격 탓에 원료의 미세한 변화를 귀신같이 잡아내지만 정작 자신의 서재는 오래된 논문 뭉치로 엉망인 모순을 가졌습니다. 박재선 씨는 후배 연구원들이 자신의 고집스러운 분석 방식을 답답해할 때면 가슴 한구석이 서늘해지는 불안감을 느끼며 자신의 전문성을 조용히 증명하는 데 몰두합니다.","박재선 씨는 주말이면 가족들의 손을 잡고 팔공산의 완만한 숲길을 걸으며 계절의 변화를 살피고, 평일 저녁에는 동네 단골 사우나의 뜨거운 탕 속에 몸을 깊숙이 담가 일주일의 피로를 씻어냅니다. 박재선 씨는 격렬한 운동보다는 정해진 경로를 묵묵히 걷는 산책과 반신욕 같은 정적인 활동으로 몸을 돌봅니다.","박재선 씨는 거실 소파에 앉아 텔레비전 뉴스를 시청하며 세상 돌아가는 형편을 살피고, 가끔은 서재의 무질서한 책더미 속에서 빛바랜 전공 서적을 뒤적이며 과거의 지식들을 곱씹습니다. 박재선 씨는 화려한 예술 작품보다는 오래된 지인들과 나누는 소소한 잡담과 전화 통화 속에서 정서적인 교감을 나눕니다.","박재선 씨는 복잡한 해외여행 대신 가족들과 함께 대구 시내 구석구석을 누비는 시티투어 버스에 몸을 싣고 도시의 변화를 관찰하는 시간을 즐깁니다. 박재선 씨는 낯선 곳으로의 모험보다는 사랑하는 자녀, 배우자와 함께 익숙한 풍경 속에서 새로운 기억을 쌓는 여행 방식을 고수합니다.","박재선 씨는 일주일에 네 번 이상 외식을 하며, 특히 대구 시내의 오래된 한우 갈비집에서 숯불 향 가득한 고기를 구워 먹는 시간을 가장 기다립니다. 박재선 씨는 전문 연구원답게 음식의 성분을 분석하는 습관이 있지만, 가끔 배달시킨 바삭한 치킨 한 마리를 가족과 나누어 먹을 때면 분석보다는 본능적인 맛의 즐거움에 빠져듭니다.","박재선 씨는 군위의 조용한 단독주택에서 배우자, 자녀들과 함께 북적이는 일상을 보내며, 가끔은 무뚝뚝하지만 필요할 때는 자신의 의견을 분명히 말하는 가장의 모습을 보입니다. 박재선 씨는 가족들과 함께하는 식사 시간과 방문 일정을 통해 정서적 안정감을 얻으며, 집안의 중심을 잡으려 노력합니다.","박재선 씨는 대구 군위에서 가족과 함께 살며 전통 발효 식품을 연구하는 71세 공학 박사로, 분석적인 전문성과 소박한 지역민의 정서를 동시에 지닌 인물입니다.","대구 군위의 조용한 단독주택에서 거주하며, 대학원에서 공학을 전공한 지식인으로서의 정체성과 지역 사회의 소박한 정서가 공존합니다. 연구원 특유의 분석적인 면모가 있지만, 집안 서재에는 정리되지 않은 오래된 전공 서적과 논문 뭉치들이 무질서하게 쌓여 있는 의외의 모습을 보입니다.","식품 제조 공정의 효율을 높이는 공학적 설계와 성분 분석에 능숙하며, 특히 전통 발효 식품의 표준화 공정을 구축하는 데 정통합니다. 원료의 미세한 상태 변화를 빠르게 알아채는 예민한 감각을 활용해 제품의 품질 편차를 정밀하게 잡아내는 역량이 탁월합니다.","['식품 성분 정밀 분석', 'HACCP 기반 공정 설계', '전통 발효 식품 표준화', '제조 원가 최적화 공학']","주말이면 가족들과 함께 팔공산 자락을 천천히 걷거나, 동네 단골 사우나에서 뜨거운 탕에 몸을 담그며 일주일의 긴장을 풀어냅니다. 공복혈당 관리를 위해 식후에는 반드시 운동화를 신고 군위읍내를 한 바퀴 돌며, 가끔 아내와 함께 대구 시내의 오래된 한우 갈비집에서 저녁 식사를 즐깁니다.","['팔공산 둘레길 산책', '지역 사우나 단골 방문', '가족 동반 대구 시티투어', '읍내 시장 구경 및 잡담']","거창한 성취보다는 자신이 평생 연구해 온 식품 배합비가 현장에서 안정적으로 구현되어 소비자들의 식탁에 오르는 소소한 기쁨을 유지하려 합니다. 가끔 후배 연구원들이 자신의 고집스러운 분석 방식을 답답해할 때면 묘한 불안감을 느끼지만, 결국 자신의 전문성이 현장에서 증명되는 순간에 가장 큰 보람을 느낍니다.",남자,71,배우자있음,비현역,배우자·자녀와 거주,단독주택,대학원,공학·제조·건설,식품학 연구원,대구-군위군,대구,대한민국
fba9332fd27b4c14bf32acad4e95d1d7,"정혜숙 씨는 대구 북구의 자동차 부품 매장에서 수천 가지의 복잡한 품번과 규격을 머릿속에 꿰고 있는 베테랑 사무 보조원으로, 고집 센 거래처 사장들이 전화로 윽박질러도 능숙하게 말을 맞추며 재고 목록을 정리합니다. 돋보기를 쓰고 서류의 오타 하나까지 잡아내려는 꼼꼼함이 있지만, 가끔은 너무 신중한 나머지 결재 서류를 앞에 두고 한참을 망설이는 버릇이 있습니다.","정혜숙 씨는 거실 소파에 깊숙이 앉아 TV로 중계되는 스포츠 경기를 관람하며 소리를 지르거나 아쉬워하는 것으로 일주일의 스트레스를 풀며, 화면 속의 역동적인 움직임을 지켜보며 짜릿함을 느낍니다.","정혜숙 씨는 미용실에서 머리 모양을 바꾸거나 소소한 자기계발 서적을 읽으며 삶의 활력을 찾고, 손끝으로 무언가를 만드는 소품 제작에 관심을 가지며 퇴직 후의 소박한 꿈을 구체화합니다.","정혜숙 씨는 가족들의 시끌벅적한 요구에서 벗어나 혼자 차를 몰고 팔공산의 구불구불한 숲길을 달리며, 창문을 열고 들어오는 산 공기를 마시고 이름 모를 산책로의 풍경을 가만히 응시하는 혼자만의 여행에서 진정한 해방감을 느낍니다.","정혜숙 씨는 자극적인 고기 요리보다는 담백한 나물 반찬이나 청국장 같은 한식을 주로 찾고, 일주일에 한 번 배달 앱으로 음식을 시키거나 주말이면 동네 빵집에서 고소한 소금빵을 사서 커피와 함께 천천히 씹어 먹습니다.","정혜숙 씨는 대구 북구의 아파트에서 배우자와 자녀들을 위해 묵묵히 살림과 경제활동을 병행하며 헌신해 왔지만, 때로는 집안의 모든 소음이 사라진 고요한 상태를 갈망하며 방 안에서 혼자만의 생각에 잠기곤 합니다.","정혜숙 씨는 부족한 학력을 성실함과 생활력으로 극복하고 자동차 부품 업계의 살림꾼으로 자리 잡았으며, 가족에 대한 헌신과 개인적인 독립심 사이에서 균형을 찾는 대구의 50대 여성입니다.","대구 북구의 오래된 주거지에서 생활하며 부족한 학력의 빈자리를 성실함과 생활력으로 채워온 삶을 살았습니다. 가족을 위해 묵묵히 헌신하면서도, 내면에는 조용히 자신만의 시간을 갖고 싶어 하는 독립적인 성향이 공존합니다.","자동차 부품의 복잡한 품번과 규격을 정확히 분류해 재고를 관리하며, 오랜 경험으로 다져진 유연한 소통 방식으로 까다로운 거래처 관계자들의 요구를 조율합니다. 사무실의 전반적인 서류 정리와 일정 관리를 빈틈없이 수행합니다.","['자동차 부품 품번 및 재고 분류', '거래처 미수금 정산 및 관리', '사무용 소프트웨어 기본 활용', '비즈니스 전화 응대 및 접수', '사업장 비품 및 행정 지원']","혼자 차를 몰아 팔공산의 한적한 숲길을 드라이브하며 복잡한 생각을 정리하고, 주말 오후에는 동네 단골 빵집에서 갓 구운 소금빵을 삽니다. 가끔은 집 근처 목욕탕에서 뜨거운 탕에 몸을 담그며 한 주 동안 쌓인 긴장을 풀어냅니다.","['팔공산 드라이브 및 풍경 감상', '동네 찜질방 및 사우나 이용', '베이커리 카페 투어', 'TV 스포츠 중계 시청', '나홀로 숲길 산책']",지금까지 해온 사무 보조 업무를 큰 실수 없이 마무리하며 안정적으로 정년을 맞이하는 것을 최우선으로 생각합니다. 퇴직 후에는 누군가의 간섭 없이 작은 소품을 만들거나 가꾸는 소박한 소일거리를 찾고 싶어 합니다.,여자,58,배우자있음,비현역,배우자·자녀와 거주,아파트,초등학교,해당없음,사무 보조원,대구-북구,대구,대한민국
ac32d731bbb04cf0867e6dc24c86c46d,"김현욱 씨는 수성구 학원가의 대형 냉난방 시스템을 책임지며, 실외기 소음만으로 베어링 마모 상태를 잡아내는 예리한 현장 감각을 발휘합니다. 단순 조작원을 넘어 에너지관리기사 자격증을 취득해 건물 전체의 에너지 효율을 설계하는 관리직으로 도약하려는 꼼꼼한 계획을 실행 중입니다.","김현욱 씨는 땀 흘리는 운동보다는 집에서 리그 오브 레전드 랭크 게임을 돌리며 승리를 쟁취하는 과정에서 강한 승부욕을 발산합니다. 정적인 휴식과 디지털 환경에서의 경쟁에 더 익숙하며, 신체 활동보다는 전략적인 수 싸움에서 오는 쾌감을 즐깁니다.",김현욱 씨는 주말마다 동성로 코인 노래방을 찾아 좋아하는 발라드 곡들을 부르며 일주일 동안 쌓인 스트레스를 시원하게 털어냅니다. 평소에는 인터넷 영상이나 음악을 틀어놓고 멍하게 시간을 보내며 정서적인 환기를 하는 소박한 취향을 가졌습니다.,김현욱 씨는 부모님을 모시고 전국의 이름난 맛집을 찾아다니는 음식 관광을 가장 큰 즐거움으로 꼽습니다. 화려한 관광지 순례보다는 현지인들이 추천하는 숨은 고기집이나 횟집을 찾아가 푸짐하게 식사하는 일정에 깊은 만족감을 느낍니다.,김현욱 씨는 일주일에 두세 번은 꼭 밖에서 고기를 구워 먹거나 바삭한 치킨을 주문해 먹으며 하루의 보상을 받는 편입니다. 특히 부모님을 모시고 들안길의 유명 한우 전문점을 방문해 질 좋은 고기를 굽는 시간을 가장 소중하게 생각합니다.,"김현욱 씨는 수성구 아파트에서 부모님과 함께 살며 대구 특유의 끈끈하고 보수적인 가족 분위기 속에서 효심 깊은 아들로 지냅니다. 부모님의 기대와 자신의 적성 사이에서 고민하던 시기를 지나, 이제는 가족의 지지를 바탕으로 안정적인 삶의 궤도를 그려갑니다.","김현욱 씨는 수성구의 냉난방 설비 전문가로서 책임감 있게 일하며, 가족과의 외식과 게임을 통해 소소한 행복을 찾는 30대 남성입니다.",수성구의 뜨거운 교육 열기 속에서 자랐지만 책상 앞 공부보다는 기계의 작동 원리를 깨우치는 손맛에 더 빨리 눈을 떴습니다. 부모님이 마련해주신 아파트에서 함께 살며 대구 특유의 보수적이면서도 끈끈한 가족 중심의 생활 양식에 자연스럽게 스며들어 있습니다.,"대형 학원가의 복잡한 냉난방 배관도를 빠르게 읽어내며, 한여름 폭염 속에서도 실내 온도를 일정하게 유지하는 정밀한 밸브 조절 능력을 갖췄습니다. 노후된 실외기의 소음만 듣고도 베어링 마모 상태를 짐작해낼 정도로 현장 감각이 예리합니다.","['냉동공조 설비 유지보수 및 점검', '시스템 에어컨 냉매 충전 및 누설 점검', '건물 에너지 관리 시스템 조작', '설비 도면 해석 및 배선 최적화']","주말이면 친구들과 함께 동성로의 시끌벅적한 코인 노래방에서 소리를 지르며 스트레스를 풀거나, 집에서 '리그 오브 레전드' 랭크 게임을 돌리며 승부욕을 불태웁니다. 가끔은 부모님을 모시고 들안길의 유명한 한우 전문점에서 식사하며 가족들과의 시간을 보냅니다.","['리그 오브 레전드 게임', '들안길 한우 및 맛집 탐방', '동네 사우나에서 반신욕 하며 휴식하기', '가족과 함께하는 근교 음식 여행']","현장에서 쌓은 실무 경험에 이론을 더해 에너지관리기사 자격증을 취득하고, 단순 조작원을 넘어 건물 전체의 에너지 효율을 설계하는 관리직으로 올라서려 합니다. 자신이 관리하는 시설에서 단 한 건의 냉난방 사고도 발생하지 않게 만드는 완벽한 유지보수 매뉴얼을 구축하고 싶어 합니다.",남자,32,미혼,비현역,부모와 동거,아파트,고등학교,해당없음,냉난방기 관련 설비 조작원,대구-수성구,대구,대한민국
984fa45d0be14413b31fca109286b2d7,"박단경 씨는 자신의 심미안을 활용해 타인의 취향을 정교하게 다듬어주는 큐레이션 업무를 꿈꾸지만, 막상 채용 공고를 분석하고 이력서를 수정하는 꼼꼼한 과정에 진입하면 금세 에너지가 소진되어 침대에 눕곤 합니다.",박단경 씨는 땀 흘리는 격렬한 운동보다는 동네의 오래된 골목길을 느릿하게 거니는 산책이나 사우나에서의 반신욕을 통해 몸의 순환을 돕는 정적인 휴식을 취합니다.,"박단경 씨는 인천아트플랫폼의 전시를 관람하며 작품의 구도와 색채가 주는 심리적 영향을 수첩에 감각적으로 기록하고, 밤에는 유튜브에서 미술사 분석 영상을 멍하게 시청하며 시간을 보냅니다.","박단경 씨는 가족들과 함께 전국의 제철 식재료를 찾아 떠나는 식도락 여행을 즐기며, 현지의 숨겨진 노포나 분위기 좋은 식당을 직접 찾아내어 가족들을 안내하는 역할을 맡습니다.","박단경 씨는 일주일에 두세 번 가족들과 함께 지글지글한 삼겹살집이나 정갈한 일식집을 방문하며, 배달 음식보다는 식당의 공간이 주는 분위기와 정성스러운 상차림을 직접 마주하는 것을 즐깁니다.","박단경 씨는 동생들과 함께 살며 집안의 크고 작은 의사결정을 도맡는 든든한 보호자 역할을 하지만, 가끔은 가장이라는 책임감에 짓눌려 혼자만의 동굴 속으로 숨어버리는 예민한 구석이 있습니다.","박단경 씨는 인천 미추홀구에서 동생들을 부양하는 28세 인문학 전공자로, 뛰어난 예술적 심미안과 느긋한 삶의 태도를 가진 무직 상태의 가장입니다.",인천 미추홀구의 아파트에서 동생들과 함께 지내며 실질적인 집안 살림과 의사결정을 도맡아 하는 가장 역할을 하고 있습니다. 인문학 전공자로서 동네의 오래된 골목이나 작은 독립 서점이 주는 특유의 정취를 살피며 여유를 찾는 생활 방식이 몸에 배어 있습니다.,미술관에서 작품의 구도와 색채가 주는 심리적 영향을 분석해 짧고 감각적인 감상평을 기록하는 능력이 있습니다. 가족들과 맛집 여행을 갈 때 메뉴의 구성과 식당의 분위기를 고려해 최적의 장소를 선정하는 안목이 뛰어납니다.,"['전시 작품 분석 및 비평', '감성적인 짧은 글쓰기', '지역별 미식 장소 큐레이션', '공간 분위기 분석']","주말이면 인천아트플랫폼의 전시를 둘러보거나, 피로가 쌓인 날에는 집 근처 단골 사우나의 뜨거운 탕에 몸을 담그며 잡념을 비워냅니다. 가족들과 함께 전국의 제철 식재료를 찾아 떠나는 식도락 여행을 즐기며, 평소에는 침대에 누워 예술 분석 유튜브 영상을 멍하게 시청합니다.","['인천아트플랫폼 전시 관람', '동네 사우나에서 휴식하기', '전국 제철 음식 탐방', '예술 분석 유튜브 시청', '일식 오마카세 투어']","딱딱한 조직 문화보다는 자신의 심미안을 활용해 타인의 취향을 다듬어줄 수 있는 유연한 형태의 일을 꿈꿉니다. 다만 세부적인 취업 계획을 꼼꼼히 세우는 과정에서 금방 에너지가 소진되곤 하여, 현재는 마음의 속도를 조절하며 적절한 접점을 찾고 있습니다.",여자,28,미혼,비현역,형제자매와 동거 (가구주),아파트,4년제 대학교,예술·인문,무직,인천-미추홀구,인천,대한민국
7fe664b9b05249a59b470ff33678f58e,"홍황사 씨는 강남의 사업시설 관리 업체에서 엑셀 시트의 숫자 하나하나를 대조하며 하루를 보냅니다. 복잡한 ERP 시스템 속에서 예산의 오차를 찾아낼 때 가장 큰 안도감을 느끼며, 무리한 승진보다는 팀원들이 믿고 맡기는 빈틈없는 살림꾼으로 남는 것에 만족합니다.",홍황사 씨는 주말이면 거실 소파에 깊숙이 파묻혀 스포츠 중계 영상을 시청하며 일주일의 스트레스를 해소합니다. 가끔은 무거운 낚시 장비를 챙겨 충주호의 고요한 물가에서 찌가 움직이기만을 기다리며 머릿속의 복잡한 생각들을 비워내는 시간을 갖습니다.,홍황사 씨는 집에서 조용히 클래식 음악이나 잔잔한 연주곡을 틀어놓고 책상을 정리하며 마음의 평화를 찾습니다. 화려한 미술 전시회보다는 가평의 울창한 숲길에서 마주하는 초록빛 풍경과 바람 소리 같은 자연의 소박한 미학에 더 깊이 반응합니다.,"홍황사 씨는 어머니의 손을 잡고 양평의 조용한 숲길이나 한적한 시골 마을을 천천히 걷는 여행을 즐깁니다. 유명 관광지의 북적임과는 거리를 두고, 이름 모를 들꽃이 핀 오솔길을 찾아다니며 풍경 사진을 찍는 조용한 일정에 만족합니다.","홍황사 씨는 일주일에 한 번, 어머니와 함께 동네의 단골 일식집에서 정갈한 초밥 세트를 먹거나 나물 위주의 한정식 식당을 찾습니다. 배달 음식은 한 달에 한 번 정도 별미로 시켜 먹으며, 자극적인 맛보다는 재료 본연의 맛이 살아있는 담백한 음식을 선호하는 입맛을 가졌습니다.","홍황사 씨는 도곡동 아파트에서 어머니와 단둘이 오순도순 살아가며, 어머니가 끓여주신 된장찌개 냄새가 나는 집안 분위기 속에서 정서적 안정감을 얻습니다. 미혼의 상태지만 어머니를 세심하게 챙기는 효심 깊은 아들이며, 주말마다 어머니의 건강 상태를 살피며 함께 외출하는 것을 삶의 가장 큰 기쁨으로 여깁니다.",홍황사 씨는 강남구 도곡동에서 어머니와 함께 살며 숫자의 정돈됨과 자연의 고요함 속에서 안정을 찾는 40대 회계 사무원입니다.,"강남구 도곡동의 오래된 아파트에서 어머니를 모시고 살며, 공학 전공자임에도 현장의 소음보다 숫자가 주는 정돈된 안락함을 택해 조용한 일상을 유지합니다.",사업시설 관리 비용을 정산하며 엑셀의 복잡한 수식과 ERP 시스템을 활용해 한 치의 오차 없이 예산을 집행하고 결산 보고서를 작성합니다.,"['엑셀 VLOOKUP 및 피벗 테이블 활용', '시설 관리 예산 집행 및 정산', '더존 ERP 회계 처리', '사업장 운영 비용 분석']","주말이면 어머니와 함께 가평이나 양평의 조용한 숲길을 걷거나, 가끔은 충주호 근처에서 찌가 움직이기를 기다리며 복잡한 생각을 비워냅니다.","['충주호 민물낚시', 'KBO 리그 야구 경기 시청', '집 근처 양재천 산책', '일식집에서 즐기는 시원한 생맥주 한 잔']",갑작스러운 승진이나 이직보다는 현재의 직무에서 숙련도를 높여 팀 내에서 대체 불가능한 살림꾼으로 인정받으며 평온한 직장 생활을 이어가길 바랍니다.,남자,43,미혼,비현역,어머니와 동거,아파트,4년제 대학교,공학·제조·건설,회계 사무원,서울-강남구,서울,대한민국
b5e1c5cd7e3f4ab694522e85f3539c85,"박주용 씨는 제천의 한 사업장 보안팀에서 근무하며, 갑작스럽게 화를 내는 민원인을 나긋나긋한 말투로 진정시켜 상황을 정리하는 데 탁월한 능력을 보입니다. 퇴근 후에는 소방안전관리자 교재를 펼쳐놓고 자격증 공부에 매진하며, 팀원들을 효율적으로 이끄는 현장 책임자가 되겠다는 목표를 가지고 있습니다.","박주용 씨는 동네 기원에서 바둑판을 사이에 두고 어르신들과 수 읽기에 몰입하며 은근한 승부욕을 불태웁니다. 주말 저녁에는 거실 소파에 깊숙이 파묻혀 손흥민의 경기를 시청하며 환호하지만, 정작 본인은 땀 흘리는 격렬한 운동보다는 정적인 움직임을 선호합니다.","박주용 씨는 집안일을 돕거나 쉴 때 임영웅의 노래를 틀어놓고 나지막이 흥얼거리는 습관이 있습니다. 유튜브로 최신 전자기기 리뷰 영상을 챙겨보는 것이 유일한 디지털 취미이며, 가끔은 옛날 영화의 명장면을 다시 찾아보며 추억에 잠기곤 합니다.",박주용 씨는 복잡한 도심보다는 제천의 의림지나 청풍호처럼 물과 산이 어우러진 고요한 풍경을 감상하며 마음을 비웁니다. 가끔 고등학교 동창들과 함께 충북 인근의 한적한 숲길을 찾아가 맑은 공기를 마시며 일상의 스트레스를 털어냅니다.,"박주용 씨는 나물 비빔밥이나 청국장 같은 담백한 한식을 즐기며, 스트레스가 쌓인 날에는 기름진 짜장면과 짬뽕을 주문해 먹습니다. 주 4회 이상의 외식과 주 2~3회의 배달 음식 이용으로 인해 식단 관리가 쉽지 않은 환경에 놓여 있습니다.","박주용 씨는 아파트 단지 내 놀이터에서 아이들의 손을 잡고 반려견과 함께 산책하며 다정한 아빠의 면모를 보입니다. 아내와는 가끔 집안일 분담 문제로 티격태격하지만, 특유의 유연함으로 적당한 타협점을 찾아내어 원만한 가정 분위기를 유지합니다.","박주용 씨는 제천에서 보안 요원으로 일하며 가족과 반려견을 아끼고, 바둑과 산책으로 여가를 즐기는 성실하고 현실적인 30대 가장입니다.","제천 의림지 근처의 조용한 동네 분위기에 익숙하며, 지역 내 아파트 단지에서 가정을 꾸리고 이웃들과 적당한 거리를 유지하며 원만한 관계를 맺고 삽니다.","돌발 상황에서 상대방을 자극하지 않고 침착하게 상황을 정리하는 능력이 탁월하며, 시설 내 보안 취약 지점을 빠르게 파악해 효율적인 감시 동선을 배치합니다.","['현장 갈등 중재 및 상황 관리', 'CCTV 통합 관제 및 이상 징후 포착', '시설 출입 통제 및 보안 프로토콜 운용', '위기 상황 시 신속한 초동 조치']","동네 기원에서 바둑판을 사이에 두고 수 읽기에 몰입하며, 주말이면 자녀와 반려견을 데리고 청풍호반 산책길을 따라 천천히 걷습니다.","['동네 기원에서의 바둑 대국', '반려견과 함께하는 동네 산책', 'TV로 시청하는 프로야구 경기', '청풍호 주변 자연 풍경 감상']","현장 경험에 전문성을 더하기 위해 소방안전관리자 자격증을 준비하고 있으며, 팀원들의 근무 효율을 높이는 현장 책임자로 성장하려 합니다.",남자,36,배우자있음,비현역,배우자·자녀와 거주,아파트,2~3년제 전문대학,해당없음,그 외 경호 및 보안 관련 종사원,충청북-제천시,충청북,대한민국
62cb4388ac764b0188b5d7393a48456d,"남금숙 씨는 의왕시 부동산 중개 사무소에서 등기부등본과 건축물대장을 날짜별, 용도별로 칼같이 분류해 사장님이 찾는 서류를 3초 만에 내놓는 일 처리 능력을 갖췄습니다. 다만, 가끔은 너무 꼼꼼한 나머지 서류의 오타 하나에 집착해 퇴근 시간이 늦어지는 고집을 부리기도 합니다.",남금숙 씨는 아파트 베란다에 상추와 방울토마토를 심어 정성껏 가꾸며 흙을 만지는 시간에서 마음의 평온을 찾습니다. 주말이면 가끔 친구들과 함께 가평이나 양평의 한적한 캠핑장으로 떠나 텐트 아래에서 숲 공기를 마시며 낮잠을 청하는 시간을 즐깁니다.,"남금숙 씨는 거실 소파에 기대어 유튜브로 건강 상식 영상을 보거나 TV 프로그램 속 연예인들의 삶을 관찰하며 시간을 보냅니다. 가끔은 읽다 만 소설책을 머리맡에 두고 잠들며, 활자 속에 담긴 타인의 인생을 통해 자신의 삶을 되돌아보는 조용한 명상의 시간을 갖습니다.","남금숙 씨는 친구들과 함께 강원도 양양의 조용한 펜션을 예약해 파도 소리를 들으며 아무것도 하지 않고 쉬는 휴양 여행을 즐깁니다. 화려한 관광지보다는 이름 모를 작은 마을의 골목길을 천천히 걷거나, 숲속 산책로를 따라 걷는 정적인 일정을 꼼꼼하게 계획해 움직입니다.","남금숙 씨는 2주에 한 번 정도 외식을 하며, 고기구이보다는 나물 반찬이 정갈하게 나오는 보리밥 정식이나 시원한 메밀국수 같은 일식당을 찾습니다. 일주일에 한 번 배달시키는 떡볶이나 튀김 같은 분식 메뉴를 먹을 때는 평소의 절약 정신을 잠시 내려놓고 마음껏 즐깁니다.","남금숙 씨는 다 키워 독립시킨 자녀들이 가끔 집에 들러 시끌벅적하게 구는 것을 흐뭇하게 바라보며 집안의 중심을 잡는 안주인 역할을 수행합니다. 무뚝뚝한 남편과도 오랜 세월 합을 맞춘 덕분에 말하지 않아도 서로의 필요를 알지만, 가끔은 남편의 고집스러운 말투에 몰래 한숨을 내쉬기도 합니다.","남금숙 씨는 의왕시 부동산 사무소의 꼼꼼한 살림꾼이자, 베란다 텃밭과 소박한 캠핑에서 행복을 찾는 안정적인 삶을 지향하는 50대 여성입니다.","의왕 백운호수 근처의 한적한 동네 분위기에 익숙하며, 자녀들을 모두 성장시켜 독립시킨 후 집안의 중심을 잡는 안정적인 생활 방식을 유지하고 있습니다.","부동산 중개 사무소에서 매물 대장을 오차 없이 정리하고, 복잡한 등기부등본과 건축물대장 서류를 용도별로 분류해 사장님이 필요할 때 즉시 찾을 수 있도록 관리합니다.","['매물 리스트 전산 입력 및 최신화', '부동산 관련 공적 장부 발급 및 분류', '방문 고객 예약 일정 조정', '사무실 운영 소모품 재고 관리']","아파트 베란다에 상추와 방울토마토를 심어 정성껏 가꾸고, 가끔은 마음 맞는 친구들과 경기도 외곽 캠핑장으로 떠나 조용히 숲속 공기를 마시며 시간을 보냅니다.","['베란다 텃밭 채소 가꾸기', '백운호수 주변 산책로 걷기', '유튜브 건강 식단 및 요리 영상 시청', '친구들과의 정기적인 전화 수다', '숲속 캠핑장에서의 휴식']","현재 맡은 사무 보조 업무에서 빈틈없는 일 처리로 주변의 두터운 신뢰를 유지하며, 퇴직 때까지 큰 풍파 없이 무탈하게 직장 생활을 이어가는 것을 최우선으로 합니다.",여자,58,배우자있음,비현역,배우자·자녀와 거주,아파트,고등학교,해당없음,사무 보조원,경기-의왕시,경기,대한민국
d17508818bcf487fb6ad0ff154448617,"고민형 씨는 서초구 강남역 인근 보험 대리점에서 복잡한 연금 상품을 '동네 시장 장보기'처럼 쉽게 풀어 설명하며 고객의 도장을 받아내는 영업의 귀재입니다. 세세한 서류 정리나 행정 업무에는 금방 지루함을 느껴 마감 기한을 아슬아슬하게 맞추곤 하지만, 처음 만난 사람의 경계심을 순식간에 무너뜨리는 유연한 대화 기술로 실적을 쌓아 올립니다.","고민형 씨는 주말이면 아내의 손을 잡고 양평 세미원이나 가평 아침고요수목원의 흙길을 천천히 걸으며 일주일간 쌓인 영업 스트레스를 털어냅니다. 땀 흘리는 격렬한 운동은 금세 싫증을 내지만, 숲속의 맑은 공기를 마시며 아무 생각 없이 느릿하게 걷는 시간만큼은 온전히 누립니다.",고민형 씨는 퇴근 후 눅눅한 침대 속에 파묻혀 네이버 웹툰 '화산귀환' 같은 인기작을 정주행하며 현실의 피로를 잊습니다. 거창한 미술 전시회보다는 유튜브의 짧은 예능 클립이나 TV 프로그램의 자극적인 전개를 보며 낄낄거리는 소박한 재미를 추구합니다.,"고민형 씨는 복잡한 도심을 벗어나 강원도 인제나 평창의 울창한 전나무 숲길을 찾아가 멍하니 풍경을 감상하는 여행을 즐깁니다. 꼼꼼한 여행 계획표 대신 발길 닿는 대로 움직이는 즉흥적인 여정을 선호하며, 함께 간 친구들과 이름 모를 길가 식당에서 막걸리 한 잔을 곁들이는 순간에 가장 큰 만족을 느낍니다.",고민형 씨는 서초동 단골 이탈리안 레스토랑에서 꾸덕한 까르보나라 파스타에 시원한 생맥주를 곁들이며 동료들과의 유대를 다집니다. 평소에는 배달 앱을 거의 쓰지 않고 직접 밖으로 나가 정갈한 나물 비빔밥이나 구수한 청국장이 나오는 한식당에서 든든하게 한 끼를 해결합니다.,"고민형 씨는 주말마다 아내와 함께 본가를 방문해 부모님께 애교 섞인 농담을 던지며 집안 분위기를 화기애애하게 만드는 분위기 메이커입니다. 아내와는 소소한 생활 습관 차이로 투닥거리기도 하지만, 특유의 넉살 좋은 성격으로 금방 화해하며 다세대 주택의 좁은 거실에서 함께 TV를 보는 시간을 소중히 여깁니다.","고민형 씨는 서초구에서 활동하는 실전 경험 중심의 금융 영업인으로, 사람을 끄는 유연함과 건강 관리의 소홀함이 공존하는 31세 남성입니다.","고등학교 졸업 후 바로 사회 전선에 뛰어들어 현장에서 몸으로 부딪히며 살아왔습니다. 서초구의 화려한 고층 빌딩 숲 사이 다세대 주택에 거주하며, 학벌보다는 실전 경험과 사람 사이의 신뢰가 더 강력한 자산임을 체득한 실속형 삶을 지향합니다.",처음 만난 상대의 경계심을 빠르게 허물고 공감대를 형성하는 능숙한 대화 기술을 갖추고 있습니다. 복잡한 금융 상품의 구조를 고객이 이해하기 쉬운 일상 언어로 풀어서 설명해 계약을 끌어내는 순발력이 뛰어납니다.,"['고객 심리 파악 및 라포 형성', '금융 상품의 쉬운 구어체 설명', '거절 상황에서의 유연한 대처', '인적 네트워크 확장 및 관리']","주말이면 아내와 함께 양평이나 가평의 한적한 숲길을 걸으며 업무로 쌓인 긴장을 내려놓습니다. 퇴근 후에는 침대에 누워 네이버 웹툰을 몰아보거나, 서초동 단골 식당에서 친구들과 파스타에 맥주를 곁들이며 소소한 잡담을 나눕니다.","['양평 숲길 산책', '네이버 웹툰 정주행', '서초동 동네 파스타 맛집 탐방', '지인들과의 즉흥적인 번개 모임']","특정 조직의 직함에 얽매이기보다, 누구든 믿고 찾는 업계의 베테랑 영업인이 되어 시간과 장소의 제약 없이 일할 수 있는 독립적인 환경을 구축하고자 합니다.",남자,31,배우자있음,비현역,배우자와 거주,다세대주택,고등학교,해당없음,그 외 일반 영업원,서울-서초구,서울,대한민국
8bf6094e1c284f1d870587dfd309f218,"이승환 씨는 경기 시흥시 정왕동 골목에서 소규모 잡화점을 운영하며 단골손님이 평소 구매하던 생필품 브랜드나 선호하는 위치를 정확히 기억해 먼저 건네는 세심한 장사 수완을 발휘합니다. 유통 경로를 꿰뚫고 있어 효율적으로 물량을 확보하는 능력이 탁월하지만, 간혹 재고 수량을 지나치게 꼼꼼하게 확인하느라 계산대 앞에서 손님을 잠시 기다리게 만드는 버릇이 있습니다.",이승환 씨는 동네 기원에 나가는 대신 집에서 태블릿 PC로 신진서나 박정환 같은 프로 기사들의 대국 영상을 분석하며 머릿속으로 수 읽기를 하는 정적인 시간을 가장 아낍니다. 가끔 가족들과 장기판 앞에 앉으면 승부욕이 발동해 헛기침을 크게 하며 상대의 심리를 흔드는 소소한 허세를 부리기도 합니다.,"이승환 씨는 화려한 전시회보다는 유튜브 알고리즘이 추천하는 오래된 가요 무대 영상이나 역사 다큐멘터리를 시청하며 조용히 에너지를 회복합니다. 아내가 권하는 최신 유행 드라마를 함께 보다가 도중에 잠들곤 하지만, 가족들이 좋아하는 노래 가사를 몰래 외워 노래방에서 불러주며 분위기를 띄우려 노력합니다.","이승환 씨는 전주 한옥마을의 비빔밥집이나 대구의 막창 골목처럼 이름난 노포 맛집을 찾아가는 식도락 여행을 직접 계획하고 운전대를 잡습니다. 유명 식당 앞에 길게 늘어선 줄을 보면 내심 한숨을 쉬면서도, 정작 음식이 나왔을 때 가족들이 맛있게 먹는 모습에 뿌듯해하며 정성스럽게 사진을 찍어 기록합니다.","이승환 씨는 퇴근길에 배달 앱을 켜서 굽네치킨이나 BBQ 같은 브랜드 치킨의 신메뉴를 주문해 가족들과 나눠 먹는 소소한 즐거움으로 하루의 피로를 풉니다. 2주에 한 번 정도 외식을 할 때는 정왕동 근처의 갈비집에서 두툼한 돼지갈비를 구우며, 연로하신 어머니의 식사 속도에 맞춰 천천히 대화를 나누며 식사합니다.","이승환 씨는 연로하신 어머니를 정성껏 모시는 효심 깊은 아들이자, 집안의 크고 작은 결정권을 쥐고 있지만 아내의 의견에는 대부분 고개를 끄덕이는 유연한 가장입니다. 주말이면 자녀들의 고민을 묵묵히 들어주며, 직접적인 조언보다는 함께 맛있는 음식을 먹으러 가는 것으로 자신의 사랑과 지지를 표현합니다.","이승환 씨는 시흥에서 성실하게 상점을 운영하며 가족의 안녕과 노후 준비에 매진하는, 배달 치킨과 바둑 분석을 즐기는 다정한 가장입니다.","시흥시 정왕동 일대의 급격한 도시화 과정을 지켜보며 자랐고, 연로하신 어머니를 모시며 가족의 화목과 안정을 최우선으로 여기는 전형적인 책임감 있는 가장의 삶을 살아왔습니다.","동네 단골손님들의 세세한 구매 습관을 기억해 적절한 상품을 권하며, 복잡한 유통 과정 속에서도 효율적으로 물량을 확보하는 능숙한 상점 운영 감각을 갖췄습니다.","['단골 고객 맞춤형 상품 추천', '소규모 매장 재고 최적화', '지역 도매상과의 신뢰 관계 구축', '기초 매출 장부 관리']","유튜브로 프로 바둑 기사들의 대국 영상을 분석하며 시간을 보내고, 퇴근 후 배달 앱으로 다양한 치킨을 주문해 먹거나 가족들과 전국 노포 맛집을 찾아다니는 식도락 여행을 즐깁니다.","['유튜브 바둑 기보 분석', '전국 노포 돼지갈비 맛집 탐방', '배달 앱을 통한 신메뉴 치킨 시식', '모바일 장기 앱 대국']","무리한 사업 확장보다는 현재의 안정적인 수익 구조를 유지하며, 가족들과 평온한 일상을 보낼 수 있는 탄탄한 노후 자금을 차근차근 확보하는 것에 집중하고 있습니다.",남자,54,배우자있음,비현역,배우자·자녀·어머니와 거주,아파트,2~3년제 전문대학,해당없음,소규모 상점 경영자,경기-시흥시,경기,대한민국
6e4387be8aec438ca63bbe63355f1659,김소영 씨는 울산 동구의 거친 공업 현장에서 복잡한 전기 도면을 훑으며 제어반의 미세한 오결선을 단번에 찾아내는 베테랑 설치원입니다. 김소영 씨는 후배들이 쩔쩔매는 배선 오류를 툭툭 짚어주며 공정 지연을 막아내는 현장의 해결사로 통합니다.,김소영 씨는 주말이면 지역 배드민턴 클럽 회원들과 셔틀콕을 주고받으며 일주일간 쌓인 업무 스트레스를 땀으로 씻어냅니다. 김소영 씨는 퇴근 후 대왕암공원의 솔향 가득한 산책로를 천천히 걸으며 복잡한 머릿속을 정리합니다.,김소영 씨는 잠들기 전 스마트폰으로 네이버 웹툰을 몰아보며 현실의 고단함을 잊고 상상 속 세상에 빠져듭니다. 김소영 씨는 조용한 거실에서 좋아하는 가수의 노래를 크게 틀어놓고 멍하니 창밖을 보는 시간으로 하루를 마무리합니다.,김소영 씨는 휴가철이면 가족들의 손을 잡고 탁 트인 바다나 푸른 숲이 있는 자연 경관을 찾아 떠납니다. 김소영 씨는 유명 관광지의 북적임 대신 한적한 숲길을 걸으며 가족들과 도란도란 이야기를 나누는 시간을 소중히 여깁니다.,"김소영 씨는 한 달에 한 번, 가족들과 함께 동네 일식집에서 정갈하게 담긴 초밥 세트를 즐기는 시간을 최고의 사치로 꼽습니다. 김소영 씨는 고기 요리를 제외한 나물 반찬이 듬뿍 차려진 한정식을 즐기며 정갈한 집밥의 맛을 고집합니다.",김소영 씨는 울산 동구의 다세대 주택에서 남편과 자녀들을 위해 정성스러운 식사를 준비하며 가족의 화목을 최우선으로 생각합니다. 김소영 씨는 자녀들이 대학을 졸업해 사회로 나갈 때까지 든든한 버팀목이 되어주겠다는 책임감으로 살아갑니다.,"김소영 씨는 울산의 산업 현장을 누비는 숙련된 전기 설치원이자, 가족의 미래를 위해 성실하게 저축하며 소박한 일상의 행복을 가꾸는 40대 어머니입니다.","울산 동구 방어동의 소란스러운 공업 단지 소음과 조용한 주택가 골목이 공존하는 환경에서 생활하며, 거친 현장 분위기에 익숙하면서도 다세대 주택 특유의 이웃 간 정서를 동시에 체득했습니다.","복잡한 산업용 전기 도면을 해석해 실제 배선으로 구현하는 능력이 탁월하며, 특히 제어반 내의 미세한 오결선을 빠르게 찾아내어 공정 지연을 막는 현장 감각이 좋습니다.","['산업 전기 배선 및 설치', '전기 제어반 트러블슈팅', '산업 안전 규정 준수 및 관리', '전기 설비 유지보수']",퇴근 후 대왕암공원 산책로를 천천히 걷거나 집에서 네이버 웹툰을 몰아보며 하루의 긴장을 풉니다. 주말에는 가족과 함께 근처 일식집에서 초밥을 먹거나 지역 배드민턴 클럽에서 땀을 흘립니다.,"['네이버 웹툰 감상', '대왕암공원 산책', '지역 배드민턴 동호회 활동', '가족과 함께하는 일식 외식']","현재의 숙련도를 바탕으로 현장에서 후배들에게 기술적 신뢰를 받는 선임으로 남고자 하며, 자녀들이 대학을 졸업할 때까지 지금의 안정적인 소득 수준을 유지하는 것에 가치를 둡니다.",여자,46,배우자있음,비현역,배우자·자녀와 거주,다세대주택,고등학교,해당없음,그 외 산업 전기 설치원,울산-동구,울산,대한민국
fdc99ead5b084420b256d02f47221d2b,"장대수 씨는 수십 년간 통영 강구안 수산물 시장에서 생선의 눈깔만 봐도 신선도를 단숨에 맞히는 베테랑이었으며, 십 원 단위까지 꼼꼼하게 기록한 낡은 장부들을 지금도 보물처럼 간직하고 있습니다. 평생을 거친 바닷바람을 맞으며 몸으로 부딪쳐 일해온 탓에 말투는 투박하지만, 거래처와의 약속만큼은 칼같이 지켜 시장 상인들 사이에서 신망이 두터웠습니다.","장대수 씨는 거실 소파에 깊숙이 파묻혀 NC 다이노스의 경기를 시청하며, 결정적인 실책이 나오면 텔레비전 화면을 향해 호통을 치거나 환호성을 지르는 열혈 응원단장입니다. 직접 야구장까지 가는 수고로움보다는 집에서 편하게 낮잠을 자다 깨어 중계 방송을 챙겨보는 시간을 하루 중 가장 기다립니다.","장대수 씨는 이순신 공원의 울창한 소나무 숲을 거닐며 나라를 지킨 장군의 기개를 되새기고, 제승당의 정막한 분위기 속에서 옛 역사의 숨결을 느끼는 시간을 소중히 여깁니다. 화려한 현대 미술보다는 통영의 옛 골목길에 남은 정취와 이웃들이 나누는 투박한 이야기 속에서 진짜 삶의 멋을 발견합니다.","장대수 씨는 자녀들의 손을 잡고 전국의 역사 유적지를 천천히 둘러보며, 교과서에서 보던 이야기들을 걸직한 경상도 사투리로 설명해 주는 것을 즐깁니다. 여행지에서는 무조건 유명한 맛집을 찾아가기보다, 가족들이 모두 편안하게 쉴 수 있는 조용한 한옥 숙소나 정갈한 한정식집을 고집하며 느긋하게 여정을 보냅니다.","장대수 씨는 일주일에 두세 번 아내와 함께 통영 다찌집을 찾아 제철 해산물을 맛보며 식사하고, 가끔은 깔끔한 일식집에서 정갈한 초밥을 즐기는 미식가입니다. 이주일에 한 번 정도는 자녀들이 주문해 주는 치킨이나 피자 같은 배달 음식을 신기한 듯 바라보며 조금씩 맛보는 소소한 일탈을 즐깁니다.","장대수 씨는 무뚝뚝한 말투 속에 아내를 향한 깊은 애정을 숨기고 있으며, 손주들이 놀러 왔을 때 보여줄 작은 텃밭에 상추와 고추를 심으며 흐뭇한 미소를 짓습니다. 집안의 대소사를 결정할 때는 여전히 엄격한 가장의 모습을 보이지만, 손주들의 어리광 앞에서는 무장해제되어 무엇이든 다 들어주는 다정한 할아버지입니다.","장대수 씨는 통영의 갯내음과 함께 살아온 수산물 유통의 베테랑으로, 철저한 가계 관리와 가족에 대한 깊은 사랑을 가진 고집 센 경상도 할아버지입니다.","통영 강구안 근처의 좁은 골목에서 나고 자라며 갯내음과 시장통의 시끌벅적함 속에 청춘을 보냈습니다. 초등학교 졸업 후 바로 생업에 뛰어들어 거친 경상도 사투리가 몸에 배어 있으며, 이웃 간의 정과 체면을 중요하게 여기는 통영 특유의 공동체 문화 속에서 삶의 기준을 세웠습니다.","수십 년간 수산물 유통 현장에서 몸으로 익힌 감각으로 생선의 신선도를 한눈에 파악하며, 장부를 꼼꼼하게 기록해 단 10원 한 장의 오차도 허용하지 않는 철저한 가계 관리 능력을 갖추고 있습니다.","['제철 생선 신선도 판별', '소규모 유통 장부 작성 및 정산', '낡은 가구 및 집기 수리', '지역 어르신 모임 진행 및 중재']","주말이면 아내와 함께 통영 다찌집에서 신선한 해산물에 소주 한 잔 없이 식사하는 시간을 즐기고, 평일 오후에는 동네 목욕탕에서 이웃들과 세상 돌아가는 이야기를 나누며 시간을 보냅니다. TV로 NC 다이노스의 경기를 챙겨보며 소리를 지르기도 하고, 가끔 자녀들과 함께 이순신 공원이나 제승당 같은 유적지를 천천히 거닙니다.","['NC 다이노스 야구 경기 시청', '동네 대중목욕탕 방문 및 담소', '강구안 포구 산책', '이순신 유적지 답사', '낮잠으로 기력 보충하기']","이제는 큰 욕심 없이 손주들이 놀러 왔을 때 보여줄 수 있는 정갈한 마당과 작은 텃밭을 가꾸는 일에 몰두하며, 가족들에게 믿음직하고 든든한 버팀목으로 기억되기를 바랍니다.",남자,76,배우자있음,비현역,배우자와 거주,단독주택,초등학교,해당없음,무직,경상남-통영시,경상남,대한민국
3265d36cda684981a983159f13daf76a,"김소영 씨는 순창의 한 공공건물에서 찌든 때를 단번에 없애는 전용 세제 배합 비율을 자신만의 비법으로 관리하며, 복도와 계단 청소 동선을 톱니바퀴처럼 효율적으로 짜서 남들보다 한 시간 일찍 업무를 끝내고 동료들과 커피 한 잔의 여유를 즐깁니다.","김소영 씨는 본격적인 운동보다는 동네 공원을 천천히 거닐며 이웃들과의 수다로 땀을 내고, 주말이면 순창 읍내 사우나의 뜨거운 탕 속에 몸을 푹 담가 굳은 근육을 풀며 일주일의 피로를 씻어냅니다.","김소영 씨는 스마트폰으로 임영웅의 노래 영상을 찾아보며 흥얼거리는 것으로 예술적 감성을 충족하고, 가끔은 유튜브에서 배운 간단한 손뜨개질에 도전하지만 금세 실타래가 엉키면 나중에 하겠다며 미뤄두는 소탈한 면이 있습니다.","김소영 씨는 친한 언니들과 함께 전주 비빔밥이나 광주 송정 떡갈비 같은 전라도의 이름난 맛집을 찾아다니는 식도락 여행에 진심이며, 여행지에서는 유명 관광지보다는 현지인들이 추천하는 숨은 노포 식당을 찾아가 푸짐한 상차림을 즐깁니다.","김소영 씨는 2주에 한 번쯤 동네 친구들과 함께 나물 반찬이 정갈하게 나오는 한정식집에서 식사를 하고, 일주일에 한 번은 가족들과 함께 김밥천국에서 주문한 쫄면과 김밥을 배달시켜 먹으며 소소한 행복을 느낍니다.","김소영 씨는 무뚝뚝하지만 성실한 남편과 함께 오래된 단독주택에서 서로의 생활 방식을 존중하며 살아가고, 집안일은 대충 하는 듯하면서도 남편이 좋아하는 된장찌개만큼은 순창 고추장을 듬뿍 넣어 진하게 끓여내는 내조의 기술을 가졌습니다.","김소영 씨는 순창 지역 공동체 속에서 끈끈한 인맥과 성실한 청소 노동으로 안정적인 삶을 꾸려가며, 맛있는 음식과 뜨끈한 사우나를 사랑하는 넉넉한 성격의 50대 여성입니다.","전북 순창의 넉넉한 인심 속에서 나고 자라 지역 공동체 문화에 익숙하며, 마을 회관과 부녀회 활동을 통해 이웃들과 끈끈한 유대감을 쌓으며 살아왔습니다.","대형 건물 바닥의 찌든 때를 말끔히 없애는 세제 배합법을 꿰고 있으며, 넓은 구역의 청소 동선을 효율적으로 짜서 정해진 시간 안에 빠르게 마무리하는 손놀림이 능숙합니다.","['상업용 바닥 광택기 운용', '오염원별 맞춤 세정제 선택', '효율적인 구역별 청소 동선 설계', '현장 동료 간의 갈등 중재']","친한 언니들과 함께 전라도 곳곳의 숨은 맛집을 찾아다니는 식도락 여행을 즐기며, 동네 사우나에서 뜨끈하게 몸을 지진 뒤 나누는 수다로 일주일의 스트레스를 풉니다.","['지역 숨은 맛집 탐방', '동네 사우나에서 휴식', '유튜브 건강 관리 영상 시청', '순창강변 산책로 걷기', '부녀회 정기 모임 참석']","큰 욕심 없이 현재의 안정적인 수입을 유지하면서, 함께 일하는 동료들에게 신뢰받는 성실한 사람으로 남으며 건강하게 정년을 맞이하고 싶어 합니다.",여자,58,배우자있음,비현역,배우자와 거주,단독주택,고등학교,해당없음,건물 청소원,전북-순창군,전북,대한민국
306b5f06af6543d88fb60d4784d4b23f,"한성국 씨는 제품의 미세한 마감 오차까지 잡아내는 꼼꼼한 성격 탓에 후배들에게는 다소 까다로운 선배로 통하지만, 완성도 높은 결과물을 만들어내며 업계에서 인정받는 베테랑 디자이너입니다. 한성국 씨는 유행에 휩쓸리지 않는 지속 가능한 디자인 철학을 정립하여 자신의 실무 노하우를 체계적으로 전수하는 멘토로서 영향력을 넓히는 삶을 지향합니다.","한성국 씨는 매일 아침 운정호수공원의 찬 공기를 마시며 빠르게 걷는 것으로 하루를 시작하고, 틈틈이 헬스장을 찾아 근력을 키우며 체력을 보강합니다. 한성국 씨는 거창한 운동보다는 일상 속에서 가볍게 즐길 수 있는 산책과 조깅을 통해 복잡한 머릿속을 정리하고 육체적 활력을 얻습니다.","한성국 씨는 주말이면 헤이리 예술마을의 작은 갤러리나 독립 서점을 천천히 둘러보며 사물 속에 숨겨진 서사에 귀를 기울이는 시간을 갖습니다. 한성국 씨는 최신 디자인 서적을 탐독하며 창작의 영감을 얻고, 영화 관람이나 독서를 통해 인문학적 소양을 넓히며 정서적인 풍요로움을 채웁니다.",한성국 씨는 가족들과 함께 조용한 휴양지에서 아무런 계획 없이 쉬는 휴식형 여행을 즐깁니다. 한성국 씨는 가족들이 편안하게 쉴 수 있는 한적한 리조트를 예약해 함께 시간을 보내며 일상의 스트레스를 해소하는 시간을 소중히 여깁니다.,"한성국 씨는 주 4~6회 외식을 즐기며 나물이나 생선 위주의 정갈한 한식, 혹은 장인의 손길이 느껴지는 일식 오마카세를 즐겨 찾습니다. 한성국 씨는 배달 음식의 자극적인 맛 대신 식당에서 직접 정성스럽게 차려져 나오는 음식을 대접받는 기분으로 식사하는 것을 즐깁니다.","한성국 씨는 미혼이지만 파주 아파트에서 형제들과 함께 거주하며 가구주로서 집안의 중심을 잡고 가족들을 세심하게 챙깁니다. 한성국 씨는 무뚝뚝한 듯하면서도 가족들과의 유대감을 중요하게 생각하며, 주말이면 가족들을 데리고 맛있는 식당을 찾아다니는 다정한 면모를 보입니다.","한성국 씨는 파주에 거주하며 전문적인 제품 디자인 역량과 인문학적 감성을 겸비한 채, 건강 관리와 가족 돌봄에 정성을 쏟는 48세의 사교적인 전문가입니다.","파주 운정신도시의 아파트에서 형제들과 함께 생활하며, 헤이리 예술마을의 작은 갤러리나 독립 서점들을 드나드는 정적인 취향과 사람들과 어울려 북적이는 분위기를 즐기는 외향적인 면모가 공존합니다. 인문학적 소양을 바탕으로 사물에 담긴 서사를 읽어내는 것을 즐기며, 동네 이웃들과의 유대감도 깊은 편입니다.","오랜 실무 경력을 가진 제품 디자이너로서 사용자의 편의성과 시각적 아름다움의 접점을 정확히 찾아내며, 팀 프로젝트를 주도적으로 이끌면서도 세밀한 마감 처리의 부족함을 날카롭게 지적해 제품의 완성도를 극한으로 끌어올립니다.","['인체공학적 제품 설계', '색상 및 소재 선정 전략 수립', '디자인 팀 리딩 및 협업 조율', '시장 트렌드 분석 기반의 제품 기획']","공복혈당과 혈압 관리를 위해 매일 아침 운정호수공원을 빠르게 걷거나 조깅하며, 주말에는 가족들과 함께 정갈한 일식 오마카세를 즐기거나 최신 디자인 서적을 읽으며 창작의 영감을 얻습니다.","['운정호수공원 새벽 러닝', '헤이리 예술마을 전시 관람', '고급 일식당 탐방', '디자인 및 인문학 서적 독서', '가족과 함께하는 제주도 휴양 여행']","유행을 타지 않고 수십 년간 곁에 두고 쓸 수 있는 지속 가능한 디자인 철학을 정립하여 업계에서 독보적인 위치를 굳히고자 하며, 자신의 실무 노하우를 체계화해 후배들에게 전수하는 멘토로서의 영향력을 넓히고 싶어 합니다.",남자,48,미혼,비현역,형제자매와 동거 (가구주),아파트,4년제 대학교,예술·인문,그 외 제품 디자이너,경기-파주시,경기,대한민국
af130d0aadc64819b27811a295ee7d4b,"윤부정 씨는 오산의 한 식료품점에서 십 년 넘게 진열대의 신선도를 책임지며, 단골손님이 찾는 씀바귀나 고구마의 당도를 정확히 기억해 슬쩍 챙겨주는 세심한 판매원입니다. 정산 시간마다 십 원 단위까지 정확히 맞추는 장부 정리 습관이 있지만, 가끔은 숫자가 맞지 않으면 퇴근 시간이 지나도록 집착하듯 붙들고 있는 완벽주의적 면모가 있습니다.","윤부정 씨는 격렬한 운동보다는 마음 맞는 친구들과 덕수궁 돌담길을 한 시간 넘게 천천히 거닐거나 광화문 광장을 구경하며 걷는 정적인 활동에서 에너지를 얻습니다. 체중 관리를 위해 동네 산책로를 걷지만, 다리가 조금만 아프면 금세 벤치에 앉아 휴대폰으로 영상을 보며 쉬어가는 여유를 부리곤 합니다.","윤부정 씨는 일요일마다 지역 성당 성가대에서 나지막한 목소리로 노래하며 마음의 평안을 찾고, 평일 저녁에는 거실 소파에 기대어 TV 프로그램이나 유튜브 영상을 시청하며 하루의 피로를 풉니다. 예술적인 성취보다는 일상 속의 소소한 조화로움을 선호하며, 성가대 연습 도중 박자를 놓치면 쑥스러운 듯 허허 웃으며 넘기는 소탈함이 있습니다.","윤부정 씨는 낯선 해외여행보다는 익숙한 서울 도심의 명소를 구석구석 살펴보는 시티투어를 즐기며, 친구들과 함께 버스 투어를 하며 창밖 풍경을 감상하는 시간을 소중히 여깁니다. 여행 계획을 세울 때는 꼼꼼하게 경로를 짜지만, 막상 현장에서 예쁜 소품샵을 발견하면 계획을 잊고 한참을 머무는 의외의 면모가 있습니다.","윤부정 씨는 집에서는 백종원 유튜브를 보며 제철 나물 무침과 찌개를 정성껏 차려내고, 일주일에 한 번은 아웃백 스테이크하우스에서 아이들과 함께 두툼한 고기를 썰며 학교생활 이야기를 듣는 시간을 가장 기다립니다. 평소에는 한식당에서 삼겹살을 굽는 소박한 외식을 즐기지만, 가끔 배달 앱으로 시킨 떡볶이가 생각보다 맵지 않을 때면 은근히 실망하는 고집스러운 미식가적 면이 있습니다.","윤부정 씨는 오산의 아파트에서 남편과 아이들을 위해 묵묵히 내조하며, 가족들의 요구사항을 우선시하느라 정작 자신이 원하는 것은 마음속 깊이 넣어두는 배려 깊은 어머니입니다. 아이들이 대학 졸업 후 자립하기를 바라는 간절한 마음으로 매달 적금을 붓지만, 사춘기 자녀와의 대화에서 가끔 자신의 고집을 꺾지 못해 냉전 상태가 되기도 합니다.","윤부정 씨는 오산에서 정직하게 식료품을 판매하며 가족의 안정과 자녀의 미래를 위해 성실하게 저축하고 헌신하는, 책임감 강하고 따뜻한 성품의 40대 여성입니다.","오산 궐동의 오래된 주거 단지에서 청춘을 보냈으며, 학위보다는 현장의 부지런함이 정답이라 믿고 고등학교 졸업 후 곧바로 사회생활에 뛰어들었습니다. 매주 일요일이면 지역 성당의 작은 성가대원으로 활동하며 이웃들의 고민을 묵묵히 들어주는 역할에 익숙합니다.","식재료의 신선도를 한눈에 파악해 진열대를 배치하고, 단골손님이 좋아하는 나물 종류나 과일 당도를 기억해 슬쩍 챙겨주는 세심함을 발휘합니다. 매일 작성하는 정산 장부에는 단 10원 한 장의 오차 없이 숫자가 딱딱 맞아떨어집니다.","['신선 식품 진열 최적화', '단골 고객 취향 기억 및 맞춤 추천', '오차 없는 매장 정산 및 재고 관리', '갈등 상황에서의 유연한 고객 응대']","유튜브에서 백종원의 레시피 영상을 보며 저녁 식탁에 올릴 새로운 반찬을 고민하고, 가끔은 마음 맞는 친구들과 광화문 광장이나 덕수궁 돌담길을 천천히 걷는 나들이를 떠납니다. 일주일에 한 번은 집 근처 아웃백에서 아이들이 좋아하는 스테이크를 함께 먹으며 학교생활 이야기를 듣습니다.","['유튜브 요리 레시피 수집', '서울 도심 걷기 여행', '성당 공동체 봉사활동', '주말 가족 외식 메뉴 선정']","동네 사람들이 믿고 찾는 정직한 판매원으로 남으며, 아이들이 대학 졸업 후 제 자리를 잡을 때까지 매달 일정 금액을 꾸준히 적금하는 것에 집중합니다. 무리한 사업 확장보다는 현재의 일터에서 오는 안정감과 신뢰를 유지하는 것을 최우선으로 삼습니다.",여자,47,배우자있음,비현역,배우자·자녀와 거주,아파트,고등학교,해당없음,음식료품 판매원,경기-오산시,경기,대한민국
eca23949e859423fada6c0e337631f06,"김혜린 씨는 부산의 한 병원에서 구석진 모서리의 먼지 한 톨 허용하지 않는 완벽주의적 청소원입니다. 오염도에 맞춰 세정제 배합 비율을 정확히 맞추는 숙련된 솜씨를 가졌지만, 스스로 세운 기준이 너무 높아 퇴근 후면 온몸이 뻐근할 정도로 자신을 몰아세우는 경향이 있습니다.",김혜린 씨는 이기대 해안산책로를 천천히 걸으며 계절마다 바뀌는 바다 풍경을 감상하는 것으로 체력을 관리합니다. 매일 정해진 구역을 부지런히 움직이는 직업적 습관 덕분에 허리 건강과 체형이 곧게 유지되고 있습니다.,김혜린 씨는 스마트폰으로 임영웅의 노래를 크게 틀어놓고 가사 하나하나에 집중하며 위로를 받는 시간을 가장 아낍니다. 익숙한 거실 소파에 앉아 음악에 깊이 빠져들며 마음의 평온을 찾는 정적인 취미를 가지고 있습니다.,김혜린 씨는 배우자와 함께 부산 인근의 자연 경관이 뛰어난 곳을 찾아다니는 소소한 나들이를 즐깁니다. 나무가 많고 공기가 맑은 숲길이나 해안선을 따라 걷는 일정으로 가족과 함께 조용히 시간을 보냅니다.,"김혜린 씨는 나물이나 생선 위주의 담백한 한식을 주로 챙겨 먹으며, 일주일에 한 번은 배달 앱으로 페퍼로니 피자를 주문해 식탁에 차려놓습니다. 가끔 즐기는 기름진 패스트푸드의 자극적인 맛에서 묘한 해방감을 느낍니다.","김혜린 씨는 중학교 졸업 후 바로 생업에 뛰어들어야 했던 고단한 시절을 보냈기에, 지금 배우자와 함께 누리는 화목한 가정생활을 가장 큰 성취로 여깁니다. 무뚝뚝한 듯 보여도 남편이 좋아하는 간식을 슬며시 챙겨주는 세심함으로 집안의 평화를 유지합니다.",김혜린 씨는 부산 남구에서 성실하게 병원 청소원으로 일하며 임영웅의 노래와 이기대 산책으로 소박한 행복을 찾는 60대 여성입니다.,부산 남구에서 오랫동안 터를 잡고 살며 이기대 해안산책로의 계절 변화를 지켜보는 것이 일상인 삶을 살아왔습니다. 중학교 졸업 후 곧바로 생업에 뛰어들어야 했던 시대적 상황 속에서도 가족의 화목을 최우선으로 여기며 묵묵히 자리를 지켜온 성실함이 몸에 배어 있습니다.,병원 내 구석진 모서리의 먼지 한 톨까지 찾아내는 꼼꼼함과 가장 효율적으로 구역을 나누어 움직이는 체계적인 작업 능력을 갖추고 있습니다. 오염도에 따라 세정제의 배합 비율을 정확히 조절해 자재 손상 없이 깨끗하게 관리하는 숙련된 솜씨를 자랑합니다.,"['병원 내 위생 관리 및 살균 소독', '효율적인 청소 동선 설계', '표면 재질별 맞춤 세정제 활용', '작업장 안전 및 보건 수칙 준수']","주말이면 남편과 함께 남구의 한적한 테마 카페에서 조각 케이크를 곁들인 커피를 마시거나, 단골 사우나에서 따뜻한 물에 몸을 녹이며 일주일의 피로를 풉니다. 일주일에 한 번 스마트폰 앱으로 주문한 페퍼로니 피자를 식탁에 차려놓고 임영웅의 노래를 감상하는 시간을 가장 아낍니다.","['이기대 해안산책로 걷기', '동네 사우나 정기 방문', '신상 테마 카페 탐방', '임영웅 노래 감상', '배달 앱으로 피자와 버거 주문하기']","자신이 맡은 구역만큼은 누구에게도 지적받지 않을 만큼 완벽하게 유지한다는 자부심을 가지고, 정년까지 동료들과 얼굴 붉히는 일 없이 원만하게 직장 생활을 마무리하고자 합니다. 스스로 세운 기준이 너무 높아 가끔은 몸이 고단할 때도 있지만, 그것을 책임감이라 믿으며 하루를 보냅니다.",여자,65,배우자있음,비현역,배우자와 거주,아파트,중학교,해당없음,건물 청소원,부산-남구,부산,대한민국
c6673c022c7c49ed875db9cf327cef41,"형수근 씨는 십수 년간 고속도로를 누비며 전국 주요 터미널의 구석구석과 주변 편의시설을 훤히 꿰고 있는 베테랑 운전원으로, 폭우나 폭설 속에서도 승객들을 안심시키는 능숙한 운전 실력을 자랑합니다. 무사고 경력을 이어가며 훗날 신입 기사들을 가르치는 관리직으로 옮겨가겠다는 목표를 가지고 틈틈이 운송 관련 자격증 서적을 뒤적입니다.","형수근 씨는 주말이면 동료들과 함께 스크린 골프장에 모여 가벼운 내기를 하며 운전하며 쌓인 스트레스를 날려 보내고, 평일 저녁에는 동네 산책로를 천천히 걸으며 하루의 피로를 씻어냅니다. 헬스장에서 근력 운동을 하는 시간만큼은 누구보다 진지하게 임하며 자신의 체력 한계를 시험하곤 합니다.",형수근 씨는 고된 운행을 마치고 돌아와 거실 소파에 깊숙이 몸을 묻은 채 텔레비전 채널을 돌리며 세상 돌아가는 이야기를 듣는 시간을 가장 평온하게 여깁니다. 화려한 전시회나 공연보다는 집에서 편하게 즐기는 예능 프로그램이나 뉴스 속의 소소한 이야기에 더 깊이 공감하며 휴식을 취합니다.,형수근 씨는 가족들의 손을 잡고 아산 파라다이스 스파 도고나 속초의 온천으로 여행을 떠나 뜨끈한 물에 몸을 담그며 장시간 운전으로 굳은 근육을 푸는 시간을 소중히 여깁니다. 유명 관광지를 바쁘게 돌아다니기보다 온천 마을의 한적한 분위기 속에서 가족들과 도란도란 이야기를 나누는 정적인 여행을 즐깁니다.,"형수근 씨는 일주일에 두세 번 정도 가족들과 함께 동네 고깃집에서 지글지글 익어가는 돼지갈비를 굽거나, 가끔은 깔끔한 초밥집에서 일식을 즐기며 입맛을 돋웁니다. 일주일에 한 번 정도는 집에서 편하게 치킨이나 짜장면을 배달시켜 먹으며 느긋하게 저녁 시간을 보내는 소소한 행복을 누립니다.","형수근 씨는 신림동의 좁은 골목길을 지나 집으로 들어서는 순간, 자신을 반겨주는 아내와 아이들의 모습에서 가장 큰 정서적 안정을 찾고 가장으로서의 책임감을 다시금 되새깁니다. 평소에는 무뚝뚝한 편이지만 주말이면 아이들의 요구사항을 다 들어주려 노력하며 가족 중심의 삶을 꾸려나갑니다.","형수근 씨는 관악구에서 가족을 부양하며 성실하게 고속버스를 운행하는 베테랑 운전원으로, 건강 관리와 식탐 사이에서 갈등하면서도 가족과의 온천 여행에서 행복을 찾는 40대 가장입니다.","신림동 다세대주택 밀집 지역의 골목 정서에 익숙하며, 일찍이 사회생활을 시작해 현장에서 몸으로 부딪히며 배운 생활 지혜를 소중히 여깁니다. 자녀 교육과 내 집 마련이라는 가장의 책임감을 최우선으로 여기며, 주말이면 가족들과 함께 보낸 시간을 통해 정서적 안정을 찾습니다.","수십 년간 고속도로를 누비며 쌓은 감각으로 기상 악화나 정체 구간에서도 대형 버스를 안정적으로 운행하며, 승객들의 다양한 요구사항을 유연하게 처리하는 능숙한 응대 기술을 갖췄습니다. 전국 주요 터미널의 동선과 주변 편의시설을 꿰고 있어 효율적인 운행 경로를 즉각적으로 판단합니다.","['대형 고속버스 정밀 운전', '장거리 노선 최적화 경로 분석', '민원 승객 심리 대응 및 중재', '차량 기본 정비 및 안전 점검']","평일의 운전 피로를 풀기 위해 주말이면 아산이나 속초의 온천으로 가족 여행을 떠나 몸을 녹입니다. 동료들과 함께 스크린 골프장에서 가벼운 내기를 즐기며 스트레스를 해소하고, 혈압 관리를 위해 집 근처 헬스장에서 무거운 덤벨을 들지만 운동 후 먹는 삼겹살의 유혹을 떨치지 못해 늘 체중계 앞에서 고민합니다.","['동료들과의 스크린 골프', '가족 동반 온천 여행', '헬스장 웨이트 트레이닝', '거실 소파에서 즐기는 야구 중계 시청']","무사고 경력을 계속 이어가며 회사 내에서 신뢰받는 베테랑 운전원으로 남고 싶어 하며, 틈틈이 운송 관련 자격증을 추가로 취득해 추후에는 신입 운전원들을 교육하는 관리직으로 전환하는 것을 생각하고 있습니다.",남자,45,배우자있음,비현역,배우자·자녀와 거주,다세대주택,고등학교,해당없음,시외 및 고속 버스 운전원,서울-관악구,서울,대한민국
bf09b3eb9a3e4a0cadbcab3ea4dd60d2,"강수산 씨는 전문 서비스 기업의 임원으로 재직하며 복잡한 공정 설계를 최적화하는 일을 하지만, 회의 시간에는 팀원들의 표정을 살피며 갈등을 무마하는 완충재 역할을 자처합니다. 업무상 결함을 잡아내는 집요함이 있으면서도, 부하 직원에게는 무안함을 주지 않으려고 단어 하나하나를 신중하게 골라 피드백을 전달하는 유연한 소통 방식을 고수합니다.",강수산 씨는 마음이 어지러울 때면 관악산 둘레길의 흙길을 천천히 밟으며 복잡한 머릿속을 비워내는 시간을 가집니다. 격렬한 운동보다는 반려견과 함께 동네 공원을 느릿하게 산책하며 숨을 고르는 정적인 활동에서 깊은 안정을 찾습니다.,강수산 씨는 퇴근 후 방 안의 조명을 낮추고 닌텐도 스위치로 '모여봐요 동물의 숲' 같은 게임을 하며 자신만의 작은 마을을 정성껏 가꾸는 일에 몰입합니다. 유튜브에서 잔잔한 플레이리스트나 정갈한 인테리어 영상을 시청하며 현실의 소음에서 벗어나 정서적인 휴식을 취합니다.,"강수산 씨는 휴일이면 서울을 떠나 부모님이 계신 고향 집으로 향하며, 익숙한 풍경과 가족들의 온기 속에서 일주일간 쌓인 긴장감을 내려놓습니다. 낯선 여행지를 개척하기보다 부모님이 차려주신 따뜻한 밥상을 마주하며 정서적인 허기를 채우는 단순한 여정을 반복합니다.",강수산 씨는 일주일에 한 번 외식을 할 때면 고기구이 대신 나물이 듬뿍 들어간 보리밥 정식이나 깔끔한 순두부찌개를 찾습니다. 스트레스가 극에 달하는 날에는 도미노 피자나 맘스터치 버거 같은 기름진 음식으로 허기를 채우며 짧은 쾌락을 누립니다.,"강수산 씨는 미혼으로 홀로 지내고 있지만, 부모님에 대한 의존도와 애착이 강해 주말마다 고향 집을 방문해 어른들의 잔소리를 묵묵히 듣고 옵니다. 내면의 불안함을 가족이라는 울타리 안에서 해소하려 하며, 부모님의 인정과 따뜻한 격려 한마디에 큰 힘을 얻습니다.","강수산 씨는 영등포구 오피스텔에 거주하며 전문직 임원으로 일하는 30대 남성으로, 논리적인 업무 능력과 섬세한 감수성 사이에서 균형을 잡으며 가족과 반려동물을 통해 안식을 찾는 인물입니다.","영등포구의 오래된 오피스텔에서 홀로 지내며, 주말이면 부모님이 계신 고향 집을 찾아가 정갈한 집밥을 먹으며 정서적 허기를 채웁니다. 공학 전공자 특유의 논리적인 사고방식을 가졌지만, 내면에는 타인의 시선과 분위기에 민감하게 반응하는 섬세함이 공존합니다.","복잡한 공정 설계와 전문 서비스 운영 체계를 효율적으로 최적화하는 능력이 뛰어나며, 특히 팀원들의 갈등을 조율해 프로젝트를 완수하는 완충재 역할을 자처합니다. 기술적 결함을 찾아내는 집요함과 동시에 상대방이 무안하지 않게 피드백을 전달하는 유연한 소통 방식을 구사합니다.","['공정 최적화 및 시스템 설계', '리스크 관리 및 일정 조율', '다자간 이해관계 조정 및 중재', '기술 문서 표준화 작업']","불안한 마음을 가라앉히기 위해 관악산 둘레길을 천천히 걷거나, 집에서 반려견의 보드라운 털을 만지며 복잡한 생각을 비워냅니다. 퇴근 후에는 닌텐도 스위치로 조용한 마을을 가꾸는 게임을 하며 현실의 긴장감에서 벗어나 온전한 휴식을 취합니다.","['관악산 둘레길 산책', '반려견과 함께하는 동네 산책', '모여봐요 동물의 숲 같은 힐링 게임', '유튜브의 잔잔한 ASMR 영상 시청']","단순한 직급 상승보다는 구성원 모두가 심리적 안정감을 느끼며 일할 수 있는 지속 가능한 조직 문화를 구축하는 데 가치를 둡니다. 업무적 성취와 개인의 평온함이 충돌하지 않는 지점을 찾아, 신뢰할 수 있는 소수의 전문가와 함께 내실 있는 성장을 이루고 싶어 합니다.",남자,34,미혼,비현역,혼자 거주,주택 이외의 거처,4년제 대학교,공학·제조·건설,기업 고위 임원,서울-영등포구,서울,대한민국
82c19785bf5345b38268262754ec97a0,"강인애 씨는 동네 부녀회 총무를 맡아 십 원 단위까지 정확하게 맞추는 꼼꼼한 가계부 정리 능력을 갖추고 있으며, 주변 이웃들의 생일과 제사 날짜를 수첩에 빼곡히 기록해 챙기는 섬세한 관리자입니다.","강인애 씨는 매일 정해진 시간에 원주천을 걷는 것을 삶의 철칙으로 삼고 있으며, 운동 후에는 단골 사우나의 뜨거운 탕에 몸을 담그고 이웃들과 수다를 떨며 하루의 피로를 푸는 정적인 활동을 즐깁니다.","강인애 씨는 자녀들의 도움을 받아 서울 시내 미술관의 대형 전시를 관람하는 시티투어를 통해 새로운 자극을 얻으며, 직접 가꾼 마당의 꽃들이 피고 지는 모습을 보며 계절의 변화를 느끼는 소박한 예술성을 즐깁니다.","강인애 씨는 직접 운전대를 잡고 치악산 자락의 조용한 카페를 찾아가 여유를 즐기며, 지역 축제 전단지가 나오면 방문 경로와 시간을 꼼꼼하게 짜서 나들이 계획을 실행하는 치밀한 여행가입니다.","강인애 씨는 제철 나물을 무쳐 정갈한 한식 상차림을 차려내는 솜씨가 좋지만, 일주일에 한 번은 편하게 배달 음식을 시켜 먹으며 소소한 일탈을 즐기고 가끔은 지인들과 주점에서 가벼운 안주를 곁들입니다.","강인애 씨는 남편과는 별거 중이라 홀로 집을 지키고 있지만, 가끔 방문하는 자녀들에게 건강하고 활기찬 어머니의 모습을 보여주기 위해 외모와 체중 관리에 남몰래 신경을 쓰는 다정한 어머니입니다.","강인애 씨는 원주에서 단독주택을 가꾸며 사는 꼼꼼하고 외향적인 성격의 소유자로, 건강 회복을 통해 자녀들과 더 행복한 시간을 보내길 꿈꾸는 60대 여성입니다.","강원도 원주에서 오랜 세월 터를 잡고 살며 지역 사회의 정서에 익숙하며, 고등학교 졸업 후 빠르게 변화하는 한국 사회의 격변기를 가족과 함께 겪어낸 세대입니다. 현재는 남편과 떨어져 지내며 단독주택의 정원을 가꾸고 스스로 일상을 통제하는 독립적인 생활 방식에 익숙해져 있습니다.","동네 부녀회나 소규모 모임에서 총무 역할을 도맡아 할 만큼 가계부 정리와 일정 관리가 매우 꼼꼼하며, 주변 사람들의 생일이나 기념일을 세밀하게 챙기는 능력이 탁월합니다. 제철 식재료를 활용해 정갈한 나물 반찬을 무쳐내거나 손님상에 올릴 소박한 한식 상차림을 준비하는 데 능숙합니다.","['동네 모임 회계 및 일정 관리', '강원도 지역 제철 나물 요리', '단독주택 화초 및 텃밭 가꾸기', '갈등 중재 및 관계 조율']","주말이면 차를 몰아 치악산 인근의 한적한 카페를 찾거나, 지역 축제 일정을 미리 파악해 꼼꼼하게 나들이 계획을 세워 실행합니다. 평소에는 동네 단골 사우나에서 이웃들과 밀린 이야기를 나누며 활력을 얻고, 가끔은 자녀들의 도움을 받아 서울 도심의 새로운 전시를 관람하는 시티투어를 즐깁니다.","['원주천 산책로 걷기', '동네 단골 사우나에서의 친목 도모', '지역 특산물 축제 및 장터 탐방', '서울 도심 미술관 및 갤러리 투어', '청국장이나 보리밥 같은 정갈한 한식 맛집 찾기']",당뇨 전단계와 고혈압을 관리하기 위해 매일 정해진 시간에 원주천 산책로를 걷는 건강 루틴을 단 하루도 빠짐없이 지켜내는 것을 현재 가장 큰 목표로 삼고 있습니다. 나중에 자녀들이 집에 놀러 왔을 때 건강하고 활기찬 모습으로 맞이하고 싶어 적정 체중을 회복하는 것에 집중하고 있습니다.,여자,65,배우자있음,비현역,혼자 거주 (배우자 별거),단독주택,고등학교,해당없음,무직,강원-원주시,강원,대한민국
711be94c70774f0d852b5729f502f0d4,"김용대 씨는 부산 북구 식료품 공장에서 수십 년째 월급 계산과 세금 신고를 도맡으며, 툭하면 욱하는 현장 작업자들의 하소연을 넉살 좋게 들어주며 공장 분위기를 다독이는 살림꾼 역할을 합니다.","김용대 씨는 주말이면 금강공원의 울창한 나무 사이를 천천히 거닐며 생각을 정리하고, 가끔 지역 동호회 사람들과 배드민턴 라켓을 휘두르며 땀을 흘립니다.","김용대 씨는 전포동 카페거리에 앉아 젊은이들이 마시는 화려한 음료와 인테리어를 구경하는 것을 즐기며, 잠들기 전 라디오의 나직한 사연을 들으며 하루의 외로움을 달랩니다.","김용대 씨는 가끔 시간을 내어 가족들과 함께 탁 트인 산이나 바다로 떠나 풍경을 멍하니 바라보며, 복잡한 도심에서 벗어난 정적인 휴식을 취합니다.",김용대 씨는 유튜브에서 본 레시피대로 닭볶음탕을 야심 차게 만들다가도 쌓인 설거지거리를 보면 한숨을 쉬며 롯데리아 버거 세트로 저녁을 해결하곤 합니다.,"김용대 씨는 이혼 후 적막한 연립주택에서 홀로 지내고 있지만, 명절이나 휴가 때는 가족들을 먼저 챙기고 함께 시간을 보내는 것에서 삶의 온기를 느낍니다.","김용대 씨는 부산 북구의 투박한 공단 정서와 전포동의 세련된 감성을 동시에 품은 채, 정년퇴직 후 반찬 가게 사장님을 꿈꾸는 정 많은 50대 경리 사무원입니다.","부산 북구의 오래된 골목에서 나고 자라며 공단 지역의 투박한 정서에 익숙하지만, 요즘은 전포동 카페거리를 찾아다니며 젊은 세대의 감각을 접하는 것을 즐깁니다.","식료품 공장에서 수십 년간 경리 업무를 수행하며 복잡한 급여 계산과 세금 신고를 처리하고, 까다로운 현장 직원들의 불만을 유연하게 들어주며 갈등을 잠재우는 중재 능력이 뛰어납니다.","['엑셀 기반의 급여 및 근태 관리', '식료품 원가 계산 및 결산', '현장 근로자 노무 갈등 중재', '부가가치세 및 원천세 신고']","퇴근 후 유튜브에서 요리 영상을 보며 닭볶음탕을 직접 만들어보기도 하지만, 뒷정리가 귀찮아 결국 롯데리아 버거로 끼니를 때우곤 하며 주말에는 금강공원을 천천히 산책합니다.","['유튜브 요리 채널 시청 및 실습', '금강공원 산책 및 풍경 사진 찍기', '모바일 전략 게임', '지역 배드민턴 동호회 활동', '라디오 사연 듣기']","이제는 직급 상승보다는 정년까지 큰 탈 없이 자리를 지키는 것에 만족하며, 퇴직 후에는 작은 반찬 가게를 운영하거나 소소한 소일거리를 하며 생활비를 충당하고 싶어 합니다.",남자,58,이혼,비현역,혼자 거주,연립주택,고등학교,해당없음,경리 사무원,부산-북구,부산,대한민국
56733843c33544b18376aa34b767d570,"고순봉 씨는 부천 원미구 공단 구석구석의 지름길을 꿰뚫고 있으며, 적재함에 짐을 쌓을 때 무게 중심을 기가 막히게 맞추는 손맛으로 업계에서 인정받습니다. 낡은 디젤 엔진의 덜컹거리는 소리만 들어도 벨트가 헐거워졌는지 바로 알아채지만, 가끔 너무 넉살 좋게 굴다가 거래처 사장님과 사소한 말다툼 끝에 헛웃음을 터뜨리는 버릇이 있습니다.","고순봉 씨는 주말이면 가족들을 데리고 인근 성주산이나 부천 중앙공원을 천천히 거닐며 숲 내음을 맡는 삼림욕으로 일주일의 피로를 씻어냅니다. 격렬한 운동은 하지 않지만, 사우나에서 냉탕과 온탕을 빠르게 오가는 반신욕을 통해 굳은 근육을 풀고 몸의 긴장을 완화하는 시간을 가장 소중히 여깁니다.","고순봉 씨는 퇴근 후 거실 소파에 누워 유튜브로 최신 트로트 가수들의 무대 영상을 찾아보거나, 가끔은 옛날 코미디 프로그램의 재방송을 보며 낄낄거립니다. 주말 저녁엔 가족들과 동네 노래방을 찾아가 나훈아의 노래를 열창하며, 가사 한 구절에 인생의 회한을 담아 부르는 시간을 즐깁니다.","고순봉 씨는 주말마다 낡은 SUV에 가족들을 태우고 전국의 이름 없는 노포를 찾아 떠나는 미식 여행에 진심이며, 특히 충청도나 전라도의 깊은 골목에 숨은 묵은지 닭볶음탕 집을 찾아내는 것에 희열을 느낍니다. 유명 관광지보다는 현지인들이 줄 서서 먹는 허름한 식당의 분위기를 좋아하며, 그곳의 주인 할머니와 금세 말을 트는 넉살을 발휘합니다.","고순봉 씨는 주 1회 외식을 할 때 주로 칼칼한 청국장이나 시원한 동태찌개 같은 고기 없는 한식 메뉴를 고르며, 가끔은 시장 골목의 떡볶이와 꼬마김밥으로 간단히 끼니를 때웁니다. 배달 음식은 한 달에 한 번 정도만 시켜 먹을 정도로 집밥이나 식당 밥을 선호하며, 젓가락질 한 번에도 음식의 간이 맞는지 예민하게 살피는 미식가적 면모가 있습니다.","고순봉 씨는 이혼 후 자녀들과 함께 사는 2세대 가구의 가장으로서, 효율적인 운전 동선을 짜서 단 30분이라도 더 일찍 귀가해 아이들과 함께 저녁 밥상을 마주하려 노력합니다. 무뚝뚝한 듯 보이지만 아이들이 좋아하는 반찬을 기억했다가 외식 메뉴로 정하는 세심함을 가졌으며, 가끔은 서툰 표현으로 인해 아이들과 사소한 말다툼을 벌이기도 합니다.","고순봉 씨는 부천 공단을 누비는 베테랑 화물차 운전원으로, 마른 체격과 건강 불안 요소를 안고 살아가지만 가족과 함께하는 노포 미식 여행과 사우나에서 행복을 찾는 넉살 좋은 가장입니다.","부천 공단 지역의 복잡한 골목과 물류 거점을 꿰뚫고 있으며, 정규 교육의 빈자리를 현장에서 부딪히며 배운 눈치와 특유의 넉살로 채워온 삶을 살았습니다.","적재함의 무게 중심을 맞추는 정교한 짐 싣기 노하우가 탁월하며, 엔진 소리만 듣고도 소모품 교체 시기를 짐작하는 감각을 갖췄습니다.","['1톤 화물차 최적 경로 설계', '화물 고정 및 안전 적재 기술', '경유지 효율적 배차 관리', '차량 기본 정비 및 소모품 관리']","주말이면 가족을 태우고 전국의 숨은 노포 맛집을 찾아다니는 미식 여행을 즐기며, 평일의 피로는 동네 단골 사우나에서 뜨거운 물에 몸을 담그는 것으로 풉니다.","['전국 노포 맛집 탐방', '차박 캠핑 장비 수집', '최신 트로트 곡 마스터하기', '부천 상동 호수공원 산책']","지금의 수입을 안정적으로 유지하면서, 무리한 운행보다는 효율적인 동선 짜기를 통해 가족과 함께하는 저녁 식사 시간을 조금이라도 더 확보하려 합니다.",남자,47,이혼,비현역,기타2세대,아파트,중학교,해당없음,경·소형 화물차 운전원,경기-부천시 원미구,경기,대한민국
1e1cd3a70044407e8a9a4a3ec90ccfd8,"김태영 씨는 집안의 낡은 전등 스위치를 교체하거나 고장 난 가전제품을 뜯어 고친 뒤, 수리 날짜와 부품 명칭을 엑셀 파일에 꼼꼼하게 기록해 둡니다. 사람들과 부대끼는 일보다 기계의 결함을 찾아내는 정밀한 작업에 능숙하며, 조만간 시설 관리직으로 복귀해 자신의 쓸모를 증명하고 싶어 합니다.","김태영 씨는 격렬한 운동은 피하며, 주말이면 친구의 느린 걸음에 맞춰 충주호 은행나무길을 천천히 거니는 것으로 활동량을 채웁니다. 평소에는 낮잠을 자거나 소파에 누워 시간을 보내는 일이 많아 근력이 많이 약해진 상태입니다.",김태영 씨는 방 안에서 잔잔한 인디 음악을 틀어놓고 체형 보정 코디법 영상을 시청하며 자신의 외모를 가꿀 방법을 연구합니다. 화려한 예술 작품보다는 실용적인 뷰티 팁이나 영상 속의 세련된 스타일링에 깊은 관심을 보이며 이를 하나씩 따라 해 봅니다.,김태영 씨는 멀리 떠나기보다 충주호의 고요한 풍경이 잘 보이는 곳을 찾아 친구와 함께 조용히 시간을 보냅니다. 화려한 관광지보다는 나무와 물이 어우러진 자연 경관을 멍하니 바라보며 복잡한 마음을 정리하는 시간을 소중히 여깁니다.,"김태영 씨는 고기가 들어가지 않은 나물 비빔밥이나 청국장 같은 담백한 한식을 즐기며, 가끔은 짜장면과 탕수육을 배달시켜 먹으며 스트레스를 풉니다. 주 2~3회는 집 근처 중식당에서 식사를 해결하며, 음식의 맛만큼이나 배달 앱의 리뷰와 별점을 꼼꼼하게 확인하는 버릇이 있습니다.","김태영 씨는 이른 나이에 이혼한 뒤 충주의 단독주택에서 친척들과 함께 지내며 상실감을 무던하게 견뎌내고 있습니다. 가족들과는 적당한 거리를 유지하며 신중하게 관계를 맺지만, 집안의 전기 시설을 책임지고 수리하며 은근한 존재감을 드러냅니다.","김태영 씨는 전기공학 전공의 꼼꼼함을 가진 무직자로, 이혼의 아픔을 충주의 고요한 자연과 뷰티 취미로 달래며 시설 관리직으로의 재기를 꿈꾸는 고도비만 남성입니다.","충주호 근처의 조용한 단독주택에서 친척들과 함께 지내며, 이른 나이에 겪은 이혼의 상실감을 지역 특유의 느긋한 분위기와 집안의 정적 속에서 천천히 갈무리하고 있습니다.","전문대학에서 전기공학을 전공하여 집안의 낡은 배선을 직접 수리하거나 가전제품의 고장 원인을 정확히 찾아내며, 모든 집 유지 보수 이력을 엑셀 파일로 상세히 기록해 둡니다.","['가정용 전기 설비 유지보수', '엑셀을 활용한 체계적인 일정 관리', '전기 도면 해석 및 기본 설계']","유튜브에서 체형 보정 코디법이나 피부 관리 영상을 찾아보며 집에서 팩을 붙이는 시간을 즐기고, 주말에는 친구와 함께 충주호 은행나무길을 아주 천천히 거닐며 풍경을 감상합니다.","['유튜브 스킨케어 및 홈케어 영상 시청', '충주호 주변 자연 풍경 감상', '동네 중식당의 간짜장 맛집 탐방', '오후의 긴 낮잠']","대인 관계의 소모가 적으면서도 자신의 꼼꼼함을 발휘할 수 있는 시설 관리직이나 품질 검수 분야에서 다시 시작해, 누군가에게 꼭 필요한 사람이라는 신뢰를 회복하고 싶어 합니다.",남자,29,이혼,비현역,가구주+기타친인척,단독주택,2~3년제 전문대학,해당없음,무직,충청북-충주시,충청북,대한민국
eb3fb47c7c504abab1677487996f9ab3,"박경근 씨는 대전의 한 제조 공장에서 톱니바퀴가 어긋나는 미세한 금속음만 듣고도 베어링 마모를 잡아내는 베테랑 조립라인 조작원입니다. 정년까지 무탈하게 버티는 것이 최우선이지만, 가끔은 매뉴얼에만 매달려 현장 감각을 놓치는 젊은 직원들의 모습에 혀를 차며 투박하게 자신의 노하우를 전수하곤 합니다.",박경근 씨는 주말이면 대청호 주변의 흙길을 느릿느릿 걸으며 복잡한 머릿속을 비우는 시간을 즐깁니다. 거창한 운동 계획을 세우기보다 발길 닿는 대로 걷다가 적당한 나무 그늘을 발견하면 그대로 누워 짧은 낮잠을 청하며 에너지를 보충합니다.,"박경근 씨는 거실 소파에 누워 유튜브로 최신 정치 이슈나 신기한 기계 작동 원리 영상을 보며 세상의 변화를 읽어냅니다. 세련된 현대 미술은 어렵게 느끼지만, 우연히 접한 거리 공연의 투박한 가락에 마음이 움직여 한참을 멍하니 서서 구경하는 순수한 면모가 있습니다.","박경근 씨는 고등학교 동창들이 모인 친목회 회원들과 함께 이름 모를 지방의 작은 숲길이나 호수변을 찾아 드라이브를 떠납니다. 촘촘한 일정표보다는 내비게이션이 안내하는 길목에서 우연히 마주친 풍경에 매료되어, 계획에 없던 시골 마을 구석구석을 정처 없이 누비는 여행을 좋아합니다.","박경근 씨는 일주일에 한 번 가족들과 함께 동네 보리밥집에서 나물 비빔밥을 먹거나, 가끔은 자녀들의 성화에 못 이겨 롯데리아에서 햄버거 세트를 주문해 먹습니다. 2주에 한 번쯤 배달 앱으로 시켜 먹는 피자의 느끼함에 고개를 젓으면서도, 콜라 한 잔에 곁들이는 치즈 크러스트의 맛에는 금세 매료됩니다.","박경근 씨는 대전 서구의 오래된 아파트에서 무뚝뚝하지만 다정한 가장으로 살아가며, 아내가 차려준 따뜻한 집밥을 인생의 가장 큰 행복으로 여깁니다. 평소에는 표현이 서툴러 툭툭 내뱉는 말투 때문에 오해를 사기도 하지만, 자녀의 고민 상담에는 누구보다 진지하게 귀를 기울이는 든든한 버팀목입니다.","박경근 씨는 숙련된 현장 감각과 유연한 사고를 지닌 대전의 50대 가장으로, 성실한 직장 생활과 소소한 자연 속 휴식을 통해 삶의 균형을 찾는 인물입니다.","대전 서구의 오래된 아파트 단지에서 가족들과 뿌리를 내리고 살며, 성실함이 최고의 미덕이라 믿어온 세대지만 최근에는 유튜브로 세상 돌아가는 새로운 소식을 접하며 생각의 폭을 넓히고 있습니다.","기계가 내는 미세한 소음만 듣고도 어느 부품에 마모가 생겼는지 단번에 알아차리며, 복잡한 자동화 공정의 흐름을 최적화해 불량률을 낮추는 숙련된 현장 감각을 가지고 있습니다.","['자동 조립 라인 오작동 진단', '공정 흐름 최적화 및 효율 개선', '산업용 기계 유지보수 및 정비', '현장 신입 작업자 실무 교육']","주말이면 마음 맞는 동호회 사람들과 대청호반 드라이브를 즐기거나, 계획 없이 떠난 길에서 우연히 발견한 이름 모를 산책로를 천천히 걷는 시간을 소중히 여깁니다.","['대청호 주변 풍경 드라이브', '유튜브 자연 다큐멘터리 시청', '동네 친구들과의 막걸리 모임', '맘스터치나 롯데리아 신메뉴 도전하기']","정년까지 큰 사고 없이 무사히 완주하는 것을 우선으로 하되, 그동안 몸으로 익힌 현장 노하우를 체계적으로 정리해 후배들이 시행착오를 덜 겪게 돕고 싶어 합니다.",남자,56,배우자있음,비현역,배우자·자녀와 거주,아파트,고등학교,해당없음,자동 조립라인 조작원,대전-서구,대전,대한민국
ff56a1d542e34cbb9364e19ad6670040,"오한선 씨는 바닥 재질마다 락스와 세제 비율을 다르게 섞어 찌든 때를 완벽하게 벗겨내는 손맛을 가진 청소 전문가이며, 입주민들의 뾰족한 말투를 유연하게 받아내어 건물 내 소소한 다툼을 잠재우는 중재자 역할을 합니다.","오한선 씨는 주말마다 남편의 손을 잡고 백양산 등산로를 느릿하게 오르며 땀을 낸 뒤, 하산 길에 들르는 동네 목욕탕의 뜨거운 탕 속에 몸을 푹 담그며 근육의 피로를 풉니다.","오한선 씨는 잠들기 전 침대에서 스마트폰으로 임영웅의 노래 영상을 반복해서 재생하며 마음의 위안을 얻고, 댓글창에 서툰 글씨로 정성스러운 응원 메시지를 남기는 일에 몰입합니다.","오한선 씨는 명절이나 가족 모임 때 자녀들과 함께 전국의 이름난 수목원이나 바닷가를 찾아가, 탁 트인 풍경을 배경으로 가족사진을 남기며 정서적인 충만함을 느낍니다.","오한선 씨는 한 달에 딱 한 번, 남편과 함께 외식을 하며 평소 좋아하는 달짝지근한 돼지갈비나 정갈하게 담긴 초밥 세트를 주문해 천천히 음미하는 시간을 가집니다.","오한선 씨는 부산 산복도로의 험한 세월을 함께 버텨온 남편을 세상에서 가장 의지하며, 서로의 건강 상태를 꼼꼼히 챙겨주는 담백하고 단단한 부부 관계를 유지하고 있습니다.","오한선 씨는 부산 서구에서 건물 청소원으로 일하며 당뇨를 관리하고, 임영웅의 노래와 백양산 산행으로 삶의 활력을 찾는 71세 여성입니다.","부산 서구의 가파른 산복도로 마을에서 나고 자라며 척박한 환경에서도 꿋꿋하게 살아남는 법을 몸소 익혔습니다. 고등학교 졸업 후 빠르게 생업에 뛰어들었지만, 최근에는 스마트폰으로 전 세계의 낯선 풍경과 새로운 지식을 접하며 세상을 보는 시야를 넓히는 즐거움을 느끼고 있습니다.",건물 바닥의 재질에 따라 적절한 세제 배합비를 조절해 찌든 때를 말끔히 지워내는 숙련된 기술을 가지고 있습니다. 입주민들의 사소한 표정 변화나 말투에서 불편함을 읽어내어 갈등이 커지기 전에 부드럽게 중재하는 능력이 탁월합니다.,"['바닥 재질별 전용 세제 배합 및 사용법', '건물 내 효율적인 청소 동선 설계', '입주민 요구사항 파악 및 유연한 응대', '노후 시설물의 미세한 파손 징후 포착']","주말이면 남편의 손을 잡고 백양산 등산로를 천천히 오르며 숲 공기를 마시고, 내려오는 길에 동네 목욕탕에서 뜨거운 물에 몸을 녹이며 피로를 풉니다. 잠들기 전에는 유튜브에서 임영웅의 노래 영상을 찾아보며 마음의 위안을 얻고 정서적인 안정을 찾습니다.","['백양산 숲길 산책 및 자연 감상', '동네 대중사우나 이용 및 휴식', '유튜브 트로트 공연 영상 시청', '가족과 함께하는 남해안 드라이브 여행']",거창한 성공보다는 지금의 일터에서 성실함을 인정받으며 남편과 함께 보낼 노후 전세 자금을 조금씩 더 보태는 것에 만족합니다. 당뇨 수치를 안정적으로 관리하여 기운이 떨어지지 않고 오랫동안 건강하게 일할 수 있는 상태를 유지하고자 합니다.,여자,71,배우자있음,비현역,배우자와 거주,아파트,고등학교,해당없음,건물 청소원,부산-서구,부산,대한민국
a0a9d0bae6fb4893a172614b73eedfbb,"이찬규 씨는 서귀포의 한 중학교 시설 경비원으로 근무하며 교내 안전 점검과 외부인 출입 통제를 철저하게 수행합니다. 갑작스럽게 찾아온 학부모의 까다로운 요구에도 능숙하게 웃으며 대응하지만, 학생들의 안전과 직결된 원칙 앞에서는 단호하게 소리를 높여 질서를 잡는 강단이 있습니다.","이찬규 씨는 주민센터 배드민턴 동호회원들과 땀 흘리며 셔틀콕을 주고받는 시간에서 삶의 활력을 얻습니다. 가끔 헬스장에서 무거운 기구들과 씨름하며 근력을 키우려 애쓰지만, 금세 지쳐 벤치에 앉아 멍하니 천장을 바라보는 버릇이 있습니다.",이찬규 씨는 거실 소파에 기대어 신문을 정독하거나 지역 소식지가 담긴 잡지를 훑어보며 세상 돌아가는 이야기에 귀를 기울입니다. 주말이면 서귀포 매일 올레시장에서 열리는 지역 축제에 참여해 북적이는 인파 속에서 사람 구경하는 것을 즐깁니다.,이찬규 씨는 아내와 함께 산방산의 웅장한 능선을 따라 드라이브를 하며 복잡한 머릿속을 정리하는 휴양형 여행을 즐깁니다. 가끔 마음 맞는 고향 친구들과 함께 한적한 숲길을 걷거나 조용한 카페에서 시간을 보내며 진정한 쉼을 찾습니다.,"이찬규 씨는 일주일에 두세 번 아내와 외식을 하며, 특히 산방산 근처 식당에서 매콤한 갈치조림이나 정갈한 초밥 정식을 즐겨 먹습니다. 보름에 한 번 정도는 별미로 배달 음식을 시켜 먹으며, 평소에는 고기보다는 나물이나 생선 중심의 한식을 주로 찾습니다.","이찬규 씨는 서귀포의 조용한 단독주택에서 아내와 오붓하게 지내며, 마당의 잡초를 뽑거나 함께 꽃을 가꾸며 소소한 일상을 공유합니다. 겉으로는 무뚝뚝해 보여도 아내가 좋아하는 제철 생선을 올레시장에서 몰래 사 오는 다정한 면모가 있습니다.","이찬규 씨는 서귀포에서 성실하게 근무하는 학교 경비원이자, 건강한 노후를 꿈꾸며 운동과 지역 사회 활동에 적극적인 50대 후반의 가장입니다.","서귀포시의 조용한 단독주택에 거주하며 주말이면 서귀포 매일 올레시장에서 제철 생선을 고르고 이웃들과 소소한 지역 소식을 나누는 삶에 익숙합니다. 마을 자치회 활동에 참여해 동네 발전에 목소리를 내면서도, 가끔은 혼자만의 시간을 갖기 위해 집 앞마당에서 멍하게 풍경을 바라보며 마음을 가다듬습니다.","지역 중학교 시설 경비원으로 근무하며 외부인 출입 통제와 교내 시설물 안전 점검을 꼼꼼하게 수행하고 있습니다. 갑작스럽게 방문한 학부모나 학생들의 민원을 유연하게 대처하면서도, 원칙이 필요한 상황에서는 단호하게 행동하여 질서를 유지하는 능력이 탁월합니다.","['CCTV 통합 관제 및 모니터링', '교내 소방 및 전기 시설 안전 점검', '방문객 명부 관리 및 안내', '갈등 상황 중재 및 민원 응대']","이른 아침 서귀포 해안선을 따라 가볍게 조깅을 하고, 오후에는 주민센터에서 친구들과 땀 흘리며 배드민턴 경기를 즐깁니다. 가끔 아내와 함께 산방산 인근으로 드라이브를 나가 갈치조림이나 신선한 초밥 정식을 먹으며 일주일의 스트레스를 해소합니다.","['서귀포 해안도로 조깅', '주민센터 배드민턴 동호회 활동', '산방산 인근 드라이브', '지역 문화 축제 관람', '조간신문 탐독']",정년 퇴직 때까지 건강하게 직장 생활을 유지하며 노후 자금을 안정적으로 확보하는 것을 최우선으로 생각합니다. 퇴직 후에는 그동안 쌓은 관리 경험을 살려 지역 사회의 시니어 일자리 코디네이터로 활동하며 보람을 찾고 싶어 합니다.,남자,59,배우자있음,비현역,배우자와 거주,단독주택,고등학교,해당없음,시설 경비원,제주-서귀포시,제주,대한민국
3671c2812679403b8713ee745191535d,신희경 씨는 포천의 한 식당 주방에서 수십 년간 칼을 잡으며 밀리그램 단위까지 맞추는 정밀한 계량법을 고집하는 베테랑 조리사입니다. 주방 동선이 조금이라도 꼬이는 꼴을 못 봐서 동료들의 작업 위치까지 세밀하게 조정하며 완벽한 일관성을 유지하려 애씁니다.,신희경 씨는 주말마다 친구들과 산정호수 둘레길을 걸으며 계절마다 바뀌는 나무의 색깔을 관찰하고 천천히 발걸음을 옮깁니다. 동네 문화센터 요가 수업에서는 강사의 동작을 정확하게 따라 하려는 욕심에 몸을 무리하게 꺾다가 다음 날 근육통으로 고생하곤 합니다.,신희경 씨는 거실 소파에 누워 유튜브로 스위스 알프스나 이탈리아 토스카나의 풍경 영상을 보며 소리 없이 미소 짓는 시간을 가장 아낍니다. 영상 속에 나오는 낯선 거리의 건축물이나 색감에 매료되어 스마트폰 메모장에 가보고 싶은 장소들을 꼼꼼하게 리스트로 만들어 저장해 둡니다.,신희경 씨는 친구들과 함께 강원도 평창의 전나무 숲길이나 제주도의 오름을 찾아다니며 탁 트인 자연경관을 배경으로 서로의 사진을 찍어주는 여행을 즐깁니다. 계획 없이 떠나는 여행보다는 방문할 식당과 산책로의 거리까지 미리 계산해 둔 일정을 따라 움직여야 마음이 편안해집니다.,"신희경 씨는 2주에 한 번 정도 남편과 함께 동네 갈비집에서 양념갈비를 구워 먹거나, 가끔은 짜장면과 탕수육이 나오는 중식당에서 외식을 하며 입맛을 돋웁니다. 집에서는 본인만의 비법이 담긴 레시피 노트를 펼쳐 놓고 나중에 차릴 반찬 가게의 메뉴가 될 저염식 나물 무침을 연구하며 간을 맞춥니다.","신희경 씨는 남편과 함께 포천의 작은 아파트에서 단출하게 살며, 집안의 모든 물건이 제자리에 놓여 있어야 직성이 풀리는 깔끔한 성격으로 가정을 이끕니다. 평소에는 조용히 서로를 배려하지만, 가끔 남편이 수건을 대충 접어 놓으면 잔소리가 쏟아지는 엄격한 면모를 보입니다.","신희경 씨는 포천에서 성실하게 살아온 베테랑 조리사로, 철저한 자기관리와 새로운 배움에 대한 열린 마음을 가진 체계적인 성격의 소유자입니다.","포천시 소흘읍 일대에서 오랫동안 거주하며 지역 공동체와 밀접하게 교류해 왔으며, 고등학교 졸업 후 빠르게 사회에 뛰어들어 자립심을 키웠습니다. 정돈된 집안 상태와 규격화된 일상을 유지하는 것을 중요하게 여기며, 나이와 상관없이 최신 유행하는 생활 가전이나 스마트폰 앱 활용법을 익히는 데 거부감이 없습니다.","식당 주방에서 수십 년간 근무하며 재료 손질부터 위생 관리까지 매뉴얼처럼 정확하게 처리하는 숙련된 조리 실력을 갖췄습니다. 특히 대량의 음식을 만들 때도 간이 일정하게 유지되도록 철저하게 계량법을 고수하며, 주방 동선을 효율적으로 배치해 작업 시간을 단축하는 능력이 탁월합니다.","['정확한 식재료 계량 및 전처리', '대용량 한식 조리 공정 관리', '주방 위생 및 안전 수칙 준수', '효율적인 주방 동선 설계 및 관리']","주말이면 친구들과 산정호수 둘레길을 천천히 걸으며 계절의 변화를 살피고, 집에서는 유튜브로 해외 여행지의 풍경 영상을 보며 휴식을 취합니다. 동네 문화센터의 요가 강습에 참여해 사람들과 어울리며 일상의 스트레스를 해소하고 활력을 얻습니다.","['산정호수 둘레길 산책', '유튜브 여행 브이로그 시청', '문화센터 요가 강습', '친구들과의 자연 풍경 출사']","현재 일하는 식당에서 손님들이 맛의 일관성을 인정해 주는 신뢰받는 조리사로 남으며 안정적인 생활을 이어가고자 합니다. 틈틈이 기록해 온 본인만의 체계적인 레시피 노트를 완성해, 나중에 뜻이 맞는 사람들과 작은 규모의 반찬 가게를 운영해보는 소박한 꿈을 가지고 있습니다.",여자,61,배우자있음,비현역,배우자와 거주,아파트,고등학교,해당없음,그 외 조리사,경기-포천시,경기,대한민국
b471319f75dc4083991defe0f8f45e2e,"최선희 씨는 과거 설계 도면을 분석하던 공학도의 습관이 남아 있어, 은퇴 후에도 동네의 낡은 주거 시설을 보면 효율적인 보수 방안이 머릿속에 자동으로 그려지곤 합니다. 최근에는 지역 사회의 작은 주거 환경 개선 활동에 자문 역할을 하며 자신의 전문 지식이 누군가에게 실질적인 도움이 되는 순간에 깊은 보람을 느낍니다.","최선희 씨는 남편의 보폭에 맞춰 전주천의 계절 변화를 살피며 느릿하게 산책하는 시간을 하루 중 가장 소중하게 여깁니다. 격렬한 운동보다는 관절에 무리가 가지 않는 완만한 걷기를 유지하며, 스마트폰의 만보기 숫자가 목표치에 도달했을 때 조용히 미소 짓는 소박한 성취감을 즐깁니다.",최선희 씨는 유튜브를 통해 전국 각지의 정갈한 나물 정식집과 일식집의 공간 구성을 살피며 시각적인 깔끔함과 정돈된 미학에서 심리적 안정감을 얻습니다. 전주의 정적인 분위기를 닮아 화려한 예술 작품보다는 단정한 선과 색감이 돋보이는 소품이나 정돈된 인테리어에 더 마음이 끌리는 편입니다.,최선희 씨는 가족 여행을 계획할 때 이동 경로와 식당 예약 시간을 분 단위로 쪼개어 최적의 동선을 짠 일람표를 만들어 공유하는 철저함을 보입니다. 단순히 유명한 관광지를 둘러보는 것보다 전국의 숨은 일식 전문점이나 나물 정식집을 찾아다니며 미각의 즐거움을 탐구하는 음식 관광에 모든 에너지를 쏟습니다.,최선희 씨는 2주에 한 번 남편과 함께 자극적이지 않은 나물 반찬이 나오는 한정식집이나 정갈한 초밥집을 방문해 조용한 식사 시간을 갖습니다. 한 달에 한 번 이용하는 배달 음식조차 앱의 리뷰 사진과 식재료 구성을 꼼꼼히 대조해본 뒤에야 주문 버튼을 누르는 신중한 식습관을 가지고 있습니다.,최선희 씨는 오랜 시간 함께한 남편과 전주에서 서로의 습관을 모두 꿰고 있는 편안한 동반자 관계를 유지하며 아파트에서 오붓하게 지냅니다. 무뚝뚝한 듯 보이지만 가족 여행 시에는 모든 일정을 완벽하게 설계해 남편이 아무런 걱정 없이 따라오기만 하면 되도록 세심하게 배려하는 내조의 면모를 보입니다.,"최선희 씨는 공학도의 논리적인 사고와 전주의 여유로움을 동시에 지닌 60대 여성으로, 건강한 노후 루틴과 정갈한 미식 생활을 가꾸는 데 집중하고 있습니다.","여성 공학도로서 시대적 편견을 깨며 공부했던 자부심이 있으며, 전주 덕진구의 정적인 분위기 속에서 논리적인 사고와 지역적 여유를 동시에 체득하며 살아왔습니다. 신중한 성격 탓에 낯선 이에게는 조심스럽지만, 한번 맺은 인연은 깊게 유지하며 조용히 주변을 챙기는 전형적인 전주 지식인 여성의 면모를 보입니다.","복잡한 설계 도면을 분석하던 습관이 남아 있어 가족 여행 시 이동 경로와 소요 시간을 분 단위로 계산해 최적의 동선을 짜는 데 탁월합니다. 최신 스마트폰 기능을 익히는 것에 거부감이 없어, 새로운 앱을 설치해 식당 예약이나 성분 분석을 능숙하게 처리합니다.","['효율적인 여행 경로 및 일정 설계', '스마트 기기 및 최신 애플리케이션 활용', '논리적 근거를 바탕으로 한 가계 운영', '생활 공간의 효율적 배치 및 정리']","유튜브에서 전국 각지의 깔끔한 일식집과 정갈한 나물 정식집을 찾아 저장해두고, 남편과 함께 전주천 변을 천천히 걸으며 계절의 변화를 살핍니다. 최근에는 화장품 성분 분석 앱을 통해 자신의 피부 타입에 맞는 기초 제품을 꼼꼼히 골라 사용하는 미용 관리에 재미를 느끼고 있습니다.","['전주천 산책 및 주변 풍경 사진 찍기', '유튜브 기반의 전국의 숨은 일식 맛집 탐방', '성분 분석 앱을 활용한 맞춤형 기초 화장품 쇼핑', '저염식 건강 식단 레시피 수집 및 실천']","현직에서 물러난 지금은 거창한 성취보다 복부 비만과 혈압 수치를 낮춰 건강한 몸을 만드는 것에 집중하며, 삶의 질을 높이는 소소한 루틴을 완성하고 싶어 합니다. 가끔은 전공 지식을 살려 지역 사회의 작은 주거 환경 개선 활동에 자문 역할을 하며 보람을 느끼길 바랍니다.",여자,67,배우자있음,비현역,배우자와 거주,아파트,4년제 대학교,공학·제조·건설,무직,전북-전주시 덕진구,전북,대한민국
81dc3c2804df4ae8bf512cbd669d9201,이옥춘 씨는 정식 직함은 없지만 증평군 아파트 단지 내에서 이웃 간의 갈등이 생기면 앞장서서 중재하며 마을의 실질적인 해결사 역할을 합니다. 이옥춘 씨는 초등학교 졸업 후 몸으로 익힌 삶의 지혜를 활용해 친인척과 이웃들의 고민을 들어주고 시원한 해답을 내놓는 일에 보람을 느낍니다.,이옥춘 씨는 매일 아침 증평의 한적한 길을 천천히 걷는 산책으로 건강을 챙기고 몸의 긴장을 풉니다. 이옥춘 씨는 동네 친구들과 함께 단골 목욕탕에서 뜨거운 탕에 몸을 담그고 땀을 빼며 굳은 근육을 이완시키는 시간을 가장 좋아합니다.,이옥춘 씨는 거실 라디오에서 임영웅의 노래가 흘러나오면 가사를 흥얼거리며 그날의 스트레스를 한 번에 날려 보냅니다. 이옥춘 씨는 정교한 예술 작품을 감상하는 일보다 가슴을 울리는 트로트 가락에 깊이 공감하며 노래를 따라 부르는 소박한 즐거움을 누립니다.,이옥춘 씨는 자녀들의 부축을 받아 따뜻한 물이 펑펑 쏟아지는 온천으로 여행을 떠나 묵은 피로를 푸는 시간을 기다립니다. 이옥춘 씨는 낯선 관광지를 찾아다니는 대신 가족들과 함께 온천욕을 즐기며 도란도란 이야기를 나누는 정적인 여행에 만족합니다.,이옥춘 씨는 베란다에서 직접 기른 상추와 고추에 제철 나물을 무쳐 충청도식 소박한 밥상을 차려냅니다. 이옥춘 씨는 2주에 한 번씩 가족들과 함께 짜장면을 배달시켜 먹으며 기름진 음식으로 소소한 외식 분위기를 내는 것을 즐깁니다.,"이옥춘 씨는 친인척들과 함께 북적거리는 아파트에서 살며 집안의 분위기 메이커로서 서운한 점이 있으면 즉시 말해 푸는 성격입니다. 이옥춘 씨는 조카들 사이의 미묘한 다툼이 생기면 특유의 유연함으로 중재하지만, 때로는 작은 말 한마디에 마음이 쉽게 상해 한동안 뾰로통해지기도 합니다.","이옥춘 씨는 증평에서 가족들과 북적이며 살아가며, 임영웅의 노래와 온천 여행, 제철 나물 밥상을 사랑하는 긍정적이고 사교적인 82세 할머니입니다.","증평의 너른 들녘에서 나고 자라며 겪은 격동의 세월을 긍정적인 에너지로 승화시켰으며, 정규 교육의 기회는 적었지만 마을 공동체 속에서 사람을 다루는 법과 삶의 지혜를 몸소 익혔습니다. 집안의 분위기 메이커로서 서운한 점은 그때그때 솔직하게 말해 풀어내며 친인척들과 북적거리게 사는 삶에 익숙합니다.","제철 나물을 활용한 충청도식 밥상을 차려내는 솜씨가 일품이며, 집안 어른들과 조카들 사이의 미묘한 갈등을 유연하게 중재하는 소통 능력이 탁월합니다. 베란다 텃밭의 좁은 공간에서도 상추와 고추를 무성하게 길러내어 이웃과 나누는 재주가 있습니다.","['제철 나물 무침 및 전통 장류 조리', '가족 및 친인척 간의 갈등 중재', '베란다 텃밭 작물 재배', '지역 사회 인맥 관리 및 사교']","동네 친구들과 증평군 내의 단골 목욕탕을 다니며 밀린 이야기를 나누는 시간을 가장 아끼며, 라디오에서 흘러나오는 임영웅의 노래를 따라 부르며 스트레스를 풉니다. 2주에 한 번쯤 가족들과 함께 짜장면을 배달시켜 먹으며 소소한 외식 분위기를 내는 것을 즐깁니다.","['지역 대중목욕탕 사교 모임', '임영웅 노래 감상 및 따라 부르기', '베란다 텃밭 가꾸기', '가족 동반 온천 여행', '동네 공원 산책']",거창한 성취보다는 매일 아침 가벼운 산책을 거르지 않고 혈압과 혈당을 안정적으로 관리해 건강한 노후를 유지하는 것에 집중합니다. 올해는 가족들의 도움을 받아 평소 가고 싶었던 온천 여행을 다녀오며 손주들과 최신 유행하는 이야기를 나누는 소소한 기쁨을 누리고 싶어 합니다.,여자,82,배우자있음,비현역,친인척과 거주,아파트,초등학교,해당없음,무직,충청북-증평군,충청북,대한민국
5b03be652aa14de3bb900be634a2679a,"김준성 씨는 사회복지사 1급 자격증 취득을 위해 매일 아침 7시부터 시간 단위로 쪼갠 학습 계획표를 세우고, 이를 완벽하게 이행하지 못하면 심한 불안감을 느낍니다. 김준성 씨는 실습 시절 엑셀로 사례 관리 기록지를 일목요연하게 정리해 칭찬받았던 기억을 되살리며, 공공기관의 행정 전문가가 되기 위해 자신의 체계적인 관리 능력을 갈고닦고 있습니다.",김준성 씨는 겨울이 되면 평창이나 하이원 리조트로 떠나 가파른 슬로프를 내려오는 스노보드의 속도감에서 해방감을 느낍니다. 김준성 씨는 평소 집 근처 헬스장에서 정해진 루틴에 따라 강박적으로 무게를 올리며 자신의 신체적 한계를 시험하곤 합니다.,"김준성 씨는 성수동의 감각적인 팝업 스토어 전시를 관람하며 최신 트렌드를 수집하고, 이를 통해 자신의 안목을 확인하는 시간을 즐깁니다. 김준성 씨는 잠들기 전 라디오 팟캐스트나 유튜브 영상을 시청하며 복잡한 생각들을 잠재우고 정서적인 안정을 찾습니다.","김준성 씨는 친구들과 함께 전국의 숨은 고기 맛집을 찾아다니는 식도락 여행을 계획하며, 방문할 식당의 리스트와 동선을 엑셀로 꼼꼼하게 정리합니다. 김준성 씨는 관광지 그 자체보다 그 지역에서만 맛볼 수 있는 특별한 제철 음식과 분위기 좋은 주점을 찾아다니는 것에 더 큰 가치를 둡니다.","김준성 씨는 일주일에 5일 이상 외부에서 식사를 해결하며, 특히 과천과 의왕 일대의 육즙 가득한 한우 전문점을 섭렵하는 것에 자부심을 느낍니다. 김준성 씨는 하루의 마무리를 단골 이자카야에서 닭껍질 꼬치구이와 시원한 하이볼 한 잔으로 하며 친구들과 밤늦게까지 수다를 떱니다.","김준성 씨는 백운호수 근처의 조용한 아파트에서 부모님과 함께 지내며, 자식에 대한 기대치가 높은 부모님의 시선을 의식해 늘 완벽한 모습만 보이려 애씁니다. 김준성 씨는 집안에서는 예의 바르고 성실한 아들이지만, 부모님이 정해주신 기준과 자신의 욕구 사이에서 오는 압박감을 밖에서 술로 풀어내곤 합니다.","김준성 씨는 체계적인 성격과 사회적 외향성을 갖췄지만, 높은 자기 기준과 취업 준비의 압박감 속에서 강박적인 생활 패턴과 쾌락적 소비를 반복하는 20대 후반의 청년입니다.","의왕 백운호수 근처의 조용한 동네에서 자라나면서도, 성수동이나 한남동의 최신 팝업 스토어를 찾아다니며 유행의 흐름을 놓치지 않으려 노력합니다. 높은 자기 기준을 가진 부모님의 기대와 자신의 완벽주의적 성향이 충돌하며 느끼는 심리적 압박감을 친구들과의 술자리나 화려한 외식으로 해소하는 경향이 있습니다.","보건복지 전공 지식을 바탕으로 복잡한 사회복지 서비스 체계를 빠르게 파악하고, 대상자에게 필요한 맞춤형 지원 경로를 체계적으로 설계하는 능력이 뛰어납니다. 특히 엑셀을 활용해 데이터를 분류하고 관리하는 능력이 정교하여, 실습 당시 사례 관리 기록지를 가장 깔끔하게 정리한다는 평가를 받았습니다.","['사회복지 사례 관리 체계 설계', '공공 보건 의료 서비스 경로 분석', '데이터 기반의 대상자 분류 및 문서화', '집단 프로그램 기획 및 운영']","겨울이면 평창이나 하이원 리조트로 스노보드를 타러 가며, 평소에는 의왕과 과천 일대의 고기 맛집을 섭렵하며 친구들과 미식 탐방을 즐깁니다. 건강에 대한 강박으로 헬스장에서 무거운 덤벨을 들지만, 정작 스트레스가 심한 날에는 단골 이자카야에서 하이볼과 꼬치구이를 먹으며 밤늦게까지 수다를 떱니다.","['전국 숙성 삼겹살 및 특수부위 맛집 탐방', '겨울 시즌 스노보딩', '웨이트 트레이닝 및 바디 체크', '성수동 테마 카페 투어', '정치 및 사회 이슈 관련 팟캐스트 청취']","사회복지사 1급 자격증 취득 후 공공기관이나 규모 있는 복지 재단에 입사하여, 자신의 체계적인 관리 능력을 발휘할 수 있는 행정 전문가로 성장하길 바랍니다. 현재는 무직 상태라는 불안감에 휩싸여 매일 시간 단위로 학습 계획표를 짜고 이를 강박적으로 지키려 애쓰고 있습니다.",남자,28,미혼,비현역,부모와 동거,아파트,4년제 대학교,보건·복지,무직,경기-의왕시,경기,대한민국
02f62bab6f264510af0da9c74b604718,조호현 씨는 거친 금속 가공 현장의 소음 속에서도 임원진의 일정을 분 단위로 쪼개 관리하는 베테랑 비서입니다. 작업복 차림의 현장 반장님들과 정장 차림의 사장님 사이에서 유연하게 말을 전하며 꼬인 관계를 풀어내는 소통의 달인으로 통합니다.,조호현 씨는 집에서 고사양 PC로 즐기는 '로스트아크'의 화려한 레이드 속에서 승부욕을 불태웁니다. 친구들과 모여 앉아 시시콜콜한 이야기를 나누며 웃고 떠드는 사회적 활동에서 일상의 활력을 얻습니다.,조호현 씨는 행궁동의 낡은 골목길을 거닐며 작은 독립 서점에서 발견한 낯선 작가의 문장에 깊이 빠져드는 인문학적 취향을 가졌습니다. 집 한 켠을 가득 채운 LP판의 지지직거리는 소리를 들으며 대학 시절의 낭만을 추억하고 자신만의 세계를 구축합니다.,조호현 씨는 친구들과 함께 제주도의 한적한 풀빌라에서 아무 생각 없이 늘어지는 휴양을 즐깁니다. 익숙한 사람들과 맛있는 음식을 먹으며 푹 쉬는 시간을 통해 직장에서 쌓인 스트레스를 씻어냅니다.,조호현 씨는 주 5일 이상 외식을 하며 구수한 청국장이나 보리밥 정식 같은 소박한 한식 차림에 깊은 만족감을 느낍니다. 퇴근길 권선구 단골집에서 갓 튀겨 나온 바삭한 치킨에 시원한 맥주 한 잔을 곁들이는 것이 하루의 가장 큰 낙입니다.,"조호현 씨는 어머니를 모시고 살며 주말이면 함께 시장 구경을 다니는 효심 깊은 아들이지만, 밤이 되면 자신의 방에서 게임과 음악이라는 개인적인 세계로 숨어듭니다. 유교적인 가정 교육과 자신의 자유분방한 취향 사이에서 아슬아슬하게 균형을 잡으며 살아갑니다.",조호현 씨는 금속 가공업계의 유능한 비서이자 인문학적 낭만을 쫓으며 어머니와 함께 살아가는 40대 중반의 미혼 남성입니다.,"수원 행궁동의 오래된 골목과 예술적 분위기에 익숙하며, 대학 시절 전공한 인문학적 소양을 바탕으로 LP판 수집과 독립 서점 탐방을 즐깁니다. 어머니를 모시고 살며 유교적인 효심과 개인의 취향 사이에서 적절한 균형을 찾는 40대 중반의 삶을 삽니다.","금속가공 공장의 경영진 일정을 빈틈없이 관리하며, 거친 현장 직원들과 까다로운 임원 사이의 소통을 매끄럽게 조율하는 능력이 탁월합니다. 특히 복잡한 의전 절차를 간결하게 정리해 실행에 옮기는 실무 능력이 뛰어납니다.","['경영진 일정 최적화', '기업 의전 및 프로토콜 관리', '현장-사무직 간 갈등 조율', '인문학적 관점의 문서 작성']","퇴근 후 권선구 단골 치킨집에서 친구들과 맥주잔을 기울이며 시시콜콜한 농담을 나누고, 밤에는 집에서 '로스트아크' 같은 고사양 게임에 몰입하며 스트레스를 풉니다. 식사 때는 구수한 청국장이나 보리밥 정식 같은 한식을 즐겨 찾습니다.","['로스트아크 게임', '권선구 지역 맛집 탐방', 'LP 레코드 수집', '친구들과의 술자리', '행궁동 산책']","현재의 안정적인 소득 수준을 유지하며 신뢰받는 비서로서의 입지를 굳히는 동시에, 은퇴 후에는 수원 시내에 자신이 수집한 책과 음악으로 채운 작은 북카페를 운영하려 합니다.",남자,46,미혼,비현역,어머니와 동거,아파트,4년제 대학교,예술·인문,일반 비서,경기-수원시 권선구,경기,대한민국
137bfe75aaf24de08cf55b6a8c96c682,조송화 씨는 유럽 리빙 소품 수입 업무를 맡아 통관 서류의 쉼표 하나까지 잡아내는 꼼꼼함으로 물류 지연을 막아내는 베테랑 해외 영업원입니다. 단순한 판매를 넘어 유럽 현지에 직접 소싱 거점을 마련해 유통 마진을 줄이겠다는 야심을 품고 매일 엑셀 시트와 씨름하며 치밀한 공급망 계획을 세웁니다.,조송화 씨는 화요일 저녁마다 수지구 체육센터 코트 위에서 셔틀콕을 강하게 내리치며 업무상 겪은 예민한 스트레스를 날려버립니다. 주말에는 가족들과 함께 수지 생태공원을 천천히 산책하며 복잡한 생각을 정리하고 신체적 긴장을 푸는 시간을 가집니다.,조송화 씨는 대학 시절 전공한 예술사 지식을 살려 거실 벽면에 작은 판화 작품들을 배치하고 디자인 서적을 큐레이팅해 집안을 작은 갤러리처럼 가꿉니다. 경기도 미술관의 정적이 흐르는 전시실에서 작품의 질감을 세밀하게 관찰하며 정서적 공허함을 채우는 시간을 가장 소중하게 여깁니다.,조송화 씨는 친구들과 함께 유럽의 소도시를 돌며 현지 공방의 수공예품을 샅샅이 찾아다니는 쇼핑 여행에서 가장 큰 활력을 얻습니다. 낯선 도시의 골목길에서 우연히 발견한 빈티지 숍의 물건들을 꼼꼼히 살펴보고 기록하며 자신의 취향을 확장하는 과정에 몰입합니다.,"조송화 씨는 주 2~3회 정도 외식을 즐기며, 주로 수지구 근처의 육즙 가득한 돼지갈비집이나 정갈한 한정식집에서 식사하며 하루의 피로를 풉니다. 가끔 기분 전환이 필요할 때는 두툼한 패티가 들어간 수제 버거와 진한 치즈 피자를 주문해 먹으며 일상의 단조로움을 깨뜨립니다.","조송화 씨는 용인의 정돈된 아파트 단지에서 배우자, 아이들과 함께 북적이는 일상을 보내며 엄마로서의 책임감과 직장인으로서의 자아 사이에서 균형을 잡으려 애씁니다. 아이들의 교육 문제나 집안일에 대해 배우자와 의견 충돌이 있을 때는 자신의 논리를 세밀하게 펼치며 끝까지 설득하려는 완고한 면모를 보입니다.","조송화 씨는 예술적 취향과 치밀한 업무 능력을 동시에 갖춘 해외 영업직 직장인이자, 건강 관리와 자아실현 사이에서 고민하는 30대 후반의 수지구 주민입니다.","용인 수지구의 정돈된 아파트 단지에서 생활하며, 대학 시절 전공한 예술사 지식을 바탕으로 집안 곳곳에 작은 판화 작품과 디자인 서적을 배치해 자신만의 취향이 담긴 공간을 가꿉니다. 주말이면 판교의 편집숍이나 경기도 미술관을 찾아 조용히 전시를 관람하며 정서적 허기를 채우는 시간을 갖습니다.","유럽 리빙 소품 수입 유통 과정에서 발생할 수 있는 변수를 꼼꼼하게 예측해 물류 스케줄을 설계하며, 바이어와의 협상 시 상대의 논리를 세밀하게 분석해 우리 쪽의 이익을 확보하는 전략을 짭니다. 특히 복잡한 통관 서류의 작은 오차까지 잡아내어 업무의 완결성을 높이는 데 능숙합니다.","['유럽 리빙 소품 수출입 통관 프로세스 설계', '영어권 바이어 대상 B2B 협상 전략', '분기별 물류 최적화 및 재고 관리 계획 수립', '글로벌 인테리어 시장 트렌드 분석 및 보고서 작성']","매주 화요일 저녁에는 수지구 체육센터에서 배드민턴 셔틀콕을 강하게 내리치며 업무로 쌓인 신경질적인 긴장감을 털어냅니다. 쉬는 날에는 태블릿 PC로 밀라노 가구 박람회의 최신 큐레이션을 살피거나, 성복동 카페 거리의 한적한 가게에서 오랜 친구와 낮은 목소리로 밀린 이야기를 나눕니다.","['수지구 체육센터 배드민턴 동호회 활동', '밀라노 가구 박람회 온라인 큐레이션 시청', '유럽 빈티지 가구 및 소품 수집', '성복동 카페 거리 산책과 소규모 모임']",단순한 영업직을 넘어 유럽 현지 소싱 브랜치를 직접 운영하며 중간 유통 단계를 획기적으로 줄이는 효율적인 공급망 체계를 구축하고자 합니다. 업계에서 리스크 관리 능력이 가장 탁월한 전문가로 인정받아 대체 불가능한 핵심 인력으로 자리 잡는 것을 목표로 합니다.,여자,39,배우자있음,비현역,배우자·자녀와 거주,아파트,4년제 대학교,예술·인문,해외 영업원,경기-용인시 수지구,경기,대한민국
f3ce0db47e8744e5b05b621e0cc511a6,임수현 씨는 철원군청에서 행정 사무원으로 근무하며 깐깐한 군 관계자와 투박한 지역 주민 사이의 갈등을 특유의 넉살로 매끄럽게 풀어냅니다. 업무 처리 능력은 뛰어나지만 정작 개인 책상 위는 서류가 여기저기 흩어져 있어 필요한 메모를 찾느라 한참을 뒤적거리는 덜렁거리는 습관이 있습니다.,"임수현 씨는 땀 흘리며 뛰는 격렬한 운동보다는 거실 소파에 길게 누워 아무 생각 없이 휴식을 취하는 시간을 가장 소중하게 여깁니다. 가끔 남편의 권유로 등산을 가기도 하지만, 정상 정복이라는 목표보다는 올라가는 길에 마주치는 이름 모를 야생화 사진을 찍는 것에 더 몰입합니다.",임수현 씨는 퇴근 후 소파에 파묻혀 '나 혼자 산다' 같은 예능 프로그램을 보며 출연자들의 일상에 공감하고 낄낄거리는 시간을 통해 하루의 피로를 씻어냅니다. 주말이면 고석정의 절경을 카메라 렌즈에 담으며 계절마다 변하는 자연의 색감을 기록하는 소소한 취미를 즐깁니다.,임수현 씨는 남편이나 친한 친구와 함께 주상절리길의 깎아지른 듯한 풍경을 감상하며 천천히 걷는 여행에서 큰 행복을 느낍니다. 유명 관광지의 맛집 줄서기 같은 복잡한 일정보다는 발길 닿는 대로 걷다가 우연히 발견한 조용한 숲길에서 멍하게 시간을 보내는 방식을 선호합니다.,"임수현 씨는 일주일에 대여섯 번은 집 밖에서 식사를 해결하며, 특히 지글지글 구운 돼지갈비나 꾸덕한 크림 파스타 같은 고칼로리 음식을 즐깁니다. 배달 음식은 가끔 기분 전환 삼아 떡볶이를 시켜 먹는 정도로 제한하며, 주로 지역 내 단골 식당에서 식사를 마칩니다.","임수현 씨는 철원 아파트에서 남편, 아이와 함께 북적이며 살아가는데, 집안일의 완벽함보다는 가족 간의 웃음이 끊이지 않는 화목한 분위기를 더 중요하게 생각합니다. 성격이 느슨한 탓에 빨래 바구니가 가득 찰 때까지 모아두곤 하지만, 가족과 함께 나누는 저녁 식사 시간만큼은 절대 놓치지 않는 다정한 엄마이자 아내입니다.","임수현 씨는 철원의 지역색과 공직 사회의 특성을 모두 이해하는 유연한 성격의 행정 사무원으로, 가족과 함께하는 평온한 일상 속에서 소소한 행복을 찾는 인물입니다.","철원의 너른 들판과 군부대 문화가 공존하는 환경에서 성장하여, 지역 주민들의 투박한 정서와 공직 사회의 경직된 분위기를 모두 능숙하게 아우르는 유연한 생활 양식을 가지고 있습니다.","복잡한 행정 절차를 처리하는 업무 능력은 물론, 특유의 친화력으로 민원인이나 군 관계자들 사이의 갈등을 부드럽게 중재하여 협조를 이끌어내는 실무적 소통에 능숙합니다.","['민원인 갈등 중재 및 응대', '공공행정 서류 효율화', '유관 부서 협력 네트워크 관리', '지역 사회 행사 운영 지원']","평소에는 거실 소파에 누워 '나 혼자 산다' 같은 예능 프로그램을 보며 멍하게 시간을 보내며 에너지를 충전하고, 주말이면 남편과 함께 고석정이나 주상절리길의 계절 변화를 사진으로 남깁니다.","['최신 유행 예능 프로그램 시청', '강원도 내 신상 카페 투어', '주말 자연 풍경 사진 찍기', '동네 지인들과의 고깃집 모임']","급격한 승진이나 성취보다는 현재의 안정적인 삶을 유지하며, 후배들이 조직의 딱딱함에 매몰되지 않도록 돕는 유연한 분위기의 중간 관리자가 되기를 바랍니다.",여자,34,배우자있음,비현역,배우자·자녀와 거주,아파트,고등학교,해당없음,국가행정 사무원,강원-철원군,강원,대한민국
90665274b8b34a7f8c40af203376f7d5,"조동원 씨는 보험사 지점에서 엑셀 시트의 숫자 하나, 오타 하나 놓치지 않는 꼼꼼함으로 동료들의 신뢰를 받으며, 분위기가 가라앉을 때쯤 적절한 농담으로 긴장을 풀어주는 분위기 메이커입니다. 다만 업무가 몰아치면 갑자기 찾아오는 무기력함에 책상 앞에 멍하니 앉아 있곤 하지만, 지점 운영 전반을 책임지는 관리자로 성장하겠다는 목표를 위해 틈틈이 자격증 서적을 펼쳐 봅니다.",조동원 씨는 따로 정기적인 운동을 하기보다 퇴근 후 침대에 누워 휴식을 취하며 에너지를 충전하는 정적인 시간을 보냅니다. 가끔 친구들과 코인 노래방에서 노래를 열창하며 땀을 흘리는 것이 그가 일상에서 누리는 거의 유일한 육체적 활동에 가깝습니다.,"조동원 씨는 주말이면 스마트폰으로 웹툰 외모지상주의를 정주행하며 시간을 보내고, 유튜브의 추천 알고리즘이 이끄는 대로 다양한 영상을 섭렵하며 새로운 관점을 접하는 것을 즐깁니다. 코인 노래방의 마이크를 잡으면 임창정의 애절한 발라드를 열창하며 가슴 속 답답함을 쏟아냅니다.",조동원 씨는 연인이나 친구와 함께 복잡한 도심을 벗어나 탁 트인 자연 풍경을 바라보며 마음의 여유를 찾는 여행을 떠납니다. 계획적인 일정에 얽매이기보다 발길 닿는 대로 걷다가 마음에 드는 풍경이 나오면 한참을 멍하니 바라보며 계획도시 세종에서 느끼지 못한 해방감을 만끽합니다.,"조동원 씨는 한 달에 한 번 가족이나 친구들과 동네 갈비집에서 육즙 가득한 돼지갈비를 구워 먹으며 입맛을 돋우고, 평일 저녁에는 배달 앱으로 맘스터치 햄버거 세트를 주문해 간편하게 한 끼를 해결합니다. 가끔 편의점에서 산 캔맥주 한 캔을 곁들이며 하루의 피로를 씻어내는 소박한 식습관을 가지고 있습니다.","조동원 씨는 세종시 나성동의 정돈된 아파트에서 부모님과 함께 살며 정서적 안정감을 얻지만, 동시에 일찍 사회생활을 시작한 자신에 대한 부모님의 기대와 현실 사이의 괴리감에 남몰래 압박을 느낍니다. 가족들과 함께하는 시간 외에는 방 안에서 혼자만의 세계에 침잠하며 심리적인 거리두기를 통해 정서적 균형을 맞춥니다.","조동원 씨는 세종시 보험사에서 일하며 꼼꼼한 업무 처리와 유연한 대인 관계 능력을 갖췄지만, 내면에는 무기력함과 미래에 대한 불안을 안고 살아가는 33세 미혼 남성입니다.","세종시 나성동의 정돈된 거리와 계획도시의 고요함 속에서 부모님과 함께 살며, 일찍이 사회에 뛰어들어 실전 감각을 익혔습니다. 집안의 기대와 자신의 현실 사이에서 오는 미묘한 압박감을 느끼며, 방 안에서 혼자 유튜브를 보거나 집 앞 편의점에서 캔맥주를 마시는 시간으로 마음을 다스립니다.","보험사 총무로서 수많은 청구 서류의 오탈자를 잡아내고 복잡한 정산 내역을 엑셀로 빠르게 정리해냅니다. 지점 직원들이 예민해진 상황에서 적절한 농담을 던져 분위기를 환기하고, 까다로운 외부 업체 담당자와도 막힘없이 협상해 필요한 비품을 제때 공수해 옵니다.","['엑셀 VLOOKUP 및 피벗 테이블 활용', '보험 청구 서류 검수 및 전산 입력', '지점 내 갈등 중재 및 분위기 조성', '사무용품 및 비품 재고 관리 효율화']","주말이면 친구들과 함께 코인 노래방에서 임창정의 노래를 열창하거나, 침대에 누워 웹툰 '외모지상주의'를 정주행하며 시간을 보냅니다. 한 달에 한 번 큰맘 먹고 방문하는 동네 갈비집에서 육즙 가득한 돼지갈비를 뜯고, 피곤한 평일 저녁에는 배달 앱으로 맘스터치 햄버거 세트를 시켜 먹으며 하루를 마무리합니다.","['코인 노래방에서 최신 발라드 부르기', '네이버 웹툰 및 유튜브 쇼츠 시청', '세종 호수공원 산책하며 풍경 사진 찍기', '배달 앱으로 수제 버거 맛집 찾아내기', '집에서 조용히 팝송 플레이리스트 듣기']","지금 하는 일에서 인정받아 지점의 운영 전반을 책임지는 관리자로 성장하고 싶어 하며, 틈틈이 자격증 공부를 하며 전문성을 키우려 노력합니다. 동시에 업무 스트레스로 인해 갑자기 찾아오는 무기력함을 극복하고, 일과 삶이 적절히 분리된 안정적인 상태를 유지하는 것에 큰 가치를 둡니다.",남자,33,미혼,비현역,부모와 동거,아파트,고등학교,해당없음,총무 사무원,세종-세종시,세종,대한민국
d38ff40a60c0458e9addf4f852223085,김영자 씨는 정규 교육을 받지 못했지만 경로당의 살림꾼으로서 매달 걷는 회비를 단 일 원의 오차도 없이 꼼꼼하게 장부에 기록하는 총무 역할을 수행합니다. 김영자 씨는 마을 어르신들 사이에 다툼이 생기면 특유의 유연한 말솜씨로 중재하며 모임의 분위기를 주도하는 해결사로 통합니다.,김영자 씨는 매일 오후 경로당 바둑판 앞에 앉아 상대의 수를 읽으며 치열한 수 싸움을 벌이는 시간을 가장 즐깁니다. 김영자 씨는 정해진 시간에 마당의 상추와 고추 밭을 가꾸며 허리를 굽혀 흙을 만지는 노동을 일상의 가장 큰 활력소로 삼습니다.,김영자 씨는 스마트폰으로 임영웅의 공연 영상을 찾아보며 노래 가사를 나지막이 따라 부르는 소소한 즐거움에 빠져 있습니다. 김영자 씨는 명절에 자녀들이 내려올 때면 마당의 수국이 가장 탐스럽게 피어있도록 정성껏 가지를 치고 물을 주는 예술적인 고집을 부립니다.,김영자 씨는 마음 맞는 동네 친구들과 함께 대청호 근처의 유명한 매운탕 집을 찾아다니며 국물 맛을 깐깐하게 평가하는 식도락 여행을 즐깁니다. 김영자 씨는 여행지에서 마음에 드는 소품이나 옷을 발견하면 망설임 없이 구매하는 과감한 소비 습관을 가지고 있습니다.,김영자 씨는 일주일에 두세 번 친구들과 외식을 하며 고기보다는 나물 반찬이 정갈하게 나오는 한식당이나 분식집의 김밥과 떡볶이를 즐겨 찾습니다. 김영자 씨는 일주일에 한 번 정도는 자녀가 알려준 배달 앱으로 간편하게 식사를 해결하며 시대의 변화를 몸소 체험합니다.,"김영자 씨는 사별 후 홀로 단독주택을 지키고 있지만, 명절마다 찾아올 자녀들을 위해 집안 곳곳을 빈틈없이 정리하고 정원을 가꾸는 일에 삶의 의미를 둡니다. 김영자 씨는 자녀들에게 짐이 되지 않으려는 마음과 동시에, 여전히 그들의 세세한 일상을 모두 알고 싶어 하는 강한 애착을 보입니다.","김영자 씨는 청주 상당구에서 텃밭을 가꾸고 경로당 살림을 도맡으며, 트로트와 바둑 그리고 친구들과의 매운탕 나들이를 즐기는 강단 있는 할머니입니다.","청주 성안길 일대의 옛 정취를 기억하며, 정규 교육을 받지 못한 갈증을 삶의 지혜와 눈썰미로 채워온 세월입니다. 상당구의 오래된 단독주택 마당에서 계절마다 상추와 고추를 가꾸며, 이웃들과 넉살 좋게 어울려 사는 전형적인 충북 지역의 어르신입니다.","텃밭의 흙 상태만 보고도 심을 작물을 정하는 안목이 있고, 집안 행사를 빈틈없이 챙기는 솜씨가 탁월합니다. 마을 어르신들 사이에서 갈등이 생기면 특유의 유연함으로 중재하며 모임의 분위기를 주도하는 능숙함이 있습니다.","['텃밭 작물 재배 및 관리', '전통 제사상 차림 및 명절 음식 준비', '마을 공동체 갈등 중재', '효율적인 가계 살림 운영']","동네 친구들과 함께 대청호 근처의 이름난 매운탕 집을 찾아다니며 맛을 평가하고, 매일 오후에는 경로당에서 바둑판을 두고 수 읽기에 집중합니다. 최근에는 자녀가 알려준 대로 스마트폰 앱을 이용해 최신 트로트 가수의 공연 영상을 찾아보는 재미에 빠져 있습니다.","['대청호 주변 맛집 탐방', '경로당 바둑 두기', '동네 친구들과의 수다', '지역 사우나 정기 방문', '유튜브 트로트 영상 시청']",경로당 모임의 회계나 총무 역할을 도맡아 장부를 꼼꼼하게 기록하고 운영하는 것에서 큰 성취감을 느낍니다. 자녀들이 명절에 내려왔을 때 마당에 핀 수국이 가장 탐스럽게 보일 수 있도록 정원을 가꾸는 일에 정성을 쏟습니다.,여자,79,사별,비현역,혼자 거주,단독주택,무학,해당없음,무직,충청북-청주시 상당구,충청북,대한민국
7d210fc119f5476e8c923bb9b7a7636f,"김선희 씨는 세종시의 한 카페에서 음료를 제조할 때 공학 전공 시절의 습관을 살려 밀리리터 단위까지 정확하게 계량하며, 바쁜 점심시간에도 동선을 최단 거리로 설계해 빠르게 주문을 처리합니다. 정년 없는 소일거리에 만족하며 성실히 일하지만, 가끔은 너무 효율만 따지다 동료들의 서툰 일 처리를 보고 나지막이 혀를 차는 버릇이 있습니다.","김선희 씨는 거창한 운동 계획 대신 세종 국립수목원이나 금강변을 따라 느릿하게 걸으며 계절마다 변하는 나무의 색을 관찰하는 시간을 가장 아낍니다. 그날의 기분에 따라 걷는 거리와 속도를 정하며, 때로는 벤치에 앉아 한참 동안 멍하니 풍경을 바라보며 휴식을 취하는 것으로 체력을 유지합니다.","김선희 씨는 베란다에 놓인 제라늄과 스킨답서스의 새잎이 돋아나는 과정을 세밀하게 관찰하고, 틈틈이 뜨개질로 손주나 주변 지인들에게 줄 알록달록한 수세미를 뜹니다. 텔레비전에서 나오는 임영웅의 노래를 들으며 가사를 흥얼거리거나, 복잡한 생각 없이 단순한 공예 작업에 몰두하며 마음의 평온을 찾습니다.","김선희 씨는 남편과 함께 강원도 평창의 전나무 숲길이나 제주도의 오름처럼 탁 트인 자연경관을 찾아 떠나는 여행을 즐깁니다. 빽빽한 일정표를 짜기보다 발길 닿는 대로 걷다가 마음에 드는 나무 아래서 쉬어가는 여유를 즐기며, 가족들과 함께 찍은 풍경 사진을 스마트폰 갤러리에 차곡차곡 모아둡니다.","김선희 씨는 일주일에 한 번 남편과 함께 동네 나물 비빔밥 집을 찾아 정갈한 밑반찬과 함께 식사하고, 한 달에 한 번 정도는 집 근처 분식집에서 야채김밥과 매콤한 떡볶이를 배달시켜 먹으며 소소한 즐거움을 느낍니다. 일터에서는 정확한 비율을 중요하게 여기지만, 정작 집에서는 대충 손대중으로 요리하는 모순적인 모습을 보입니다.","김선희 씨는 세종시 아파트에서 무뚝뚝하지만 성실한 남편과 함께 생활하며, 서로의 사생활을 존중하면서도 적당한 거리를 유지하는 평온한 노후를 보내고 있습니다. 가끔 남편의 고집스러운 면에 짜증이 나기도 하지만, 함께 산책로를 걸으며 나누는 시시콜콜한 대화 속에서 깊은 유대감을 느낍니다.","김선희 씨는 여성 공학도로 치열하게 살았던 과거를 뒤로하고, 현재는 세종시에서 음료 서비스 일을 하며 원예와 산책으로 소박한 일상의 질서를 가꾸는 70대 여성입니다.","여성 공학도가 드물던 시절 대학 교정을 누볐던 기억을 간직하고 있으며, 현재는 세종시의 정돈된 아파트 단지 산책로를 걸으며 그 시절의 치열함 대신 소소한 일상의 질서를 즐깁니다.",음료 서비스 업무 중에도 전공자 특유의 정확한 계량과 효율적인 동선을 활용해 주문이 밀려드는 시간에도 당황하지 않고 빠르게 대처합니다.,"['정확한 용량 계량 및 배합', '효율적인 서비스 동선 설계', '고객 요구사항의 빠른 파악 및 응대', '기본적인 매장 집기 유지 보수']","베란다의 작은 화분들에 물을 주며 잎이 돋아나는 것을 관찰하고, 가끔은 동네 분식집에서 야채김밥과 떡볶이를 곁들이며 느긋하게 오후를 보냅니다.","['베란다 다육이 및 관엽식물 가꾸기', '동네 분식집 투어', '손뜨개 수세미 만들기', '거실 소파에서 낮잠 자기', 'TV 건강 프로그램 시청']","직급 상승 같은 성취보다는 매일 아침 정해진 시간에 출근해 동료들과 인사를 나누는 규칙적인 생활을 유지하며, 건강이 허락하는 한 소일거리를 이어가는 것에 만족합니다.",여자,70,배우자있음,비현역,배우자와 거주,아파트,4년제 대학교,공학·제조·건설,음료 서비스 종사원,세종-세종시,세종,대한민국
08c23407808f484abc59f461632dade6,박미옥 씨는 공식적인 직함은 없지만 성북구 동네 부녀회에서 살림꾼으로 통하며 마을 행사 일정과 갈등 조율을 도맡아 처리하는 실질적인 운영자 역할을 수행합니다. 박미옥 씨는 평생 가족의 뒷바라지를 하며 쌓아온 꼼꼼한 내조 능력을 바탕으로 집안의 모든 대소사를 빈틈없이 관리하는 가정 경영 전문가의 면모를 보입니다.,"박미옥 씨는 주말마다 남편과 인근 스크린 골프장에서 가벼운 내기를 하며 승부욕을 불태우고, 평일에는 정릉천 산책로를 따라 걸으며 몸과 마음을 정돈합니다. 박미옥 씨는 격렬한 운동보다는 적당한 활동량을 유지하며 이웃들과 가벼운 인사를 나누는 스포츠 활동에서 삶의 활력을 얻습니다.","박미옥 씨는 유튜브를 통해 최신 인테리어 소품 활용법을 배워 집안 곳곳을 단장하며, 최근에는 성북구 문화센터에서 디지털 드로잉과 영상 편집을 배워 손주들의 성장 기록을 직접 영상으로 만들겠다는 목표를 세웠습니다. 박미옥 씨는 전통적인 가치관을 지녔으면서도 새로운 디지털 도구를 익히는 것에 두려움이 없는 개방적인 예술적 탐구심을 보여줍니다.","박미옥 씨는 거실 소파에 누워 해외 여행 브이로그를 꼼꼼히 시청한 뒤, 이를 참고해 가족들이 함께 이동할 시티투어 최적의 경로와 방문지를 세밀하게 메모하는 여행 설계자입니다. 박미옥 씨는 낯선 곳으로의 모험보다는 가족과 함께 서울 곳곳의 숨은 명소를 찾아다니며 정겨운 추억을 쌓는 여행 방식을 즐깁니다.",박미옥 씨는 일주일에 두세 번 배달 음식을 시키면서도 그 자극적인 맛을 잡기 위해 직접 무친 시금치나물이나 맑은 된장국을 곁들여 정갈한 상차림을 완성하는 섬세한 손맛의 소유자입니다. 박미옥 씨는 가끔 기분 전환이 필요할 때면 종로의 오래된 초밥집을 찾아 신선한 사시미에 맥주를 곁들이며 일상의 스트레스를 해소합니다.,"박미옥 씨는 배우자와 자녀들이 함께 사는 집안의 중심축으로서, 가족 구성원 각자의 입맛과 건강 상태를 완벽하게 파악해 세심하게 챙기는 헌신적인 어머니이자 아내입니다. 박미옥 씨는 부드러운 말투로 가족 간의 의견 차이를 조율하며, 때로는 깐깐하게 집안 정리를 요구하지만 그 바탕에는 가족에 대한 깊은 애정과 책임감이 깔려 있습니다.","박미옥 씨는 성북구의 정취를 사랑하며 전통적인 내조의 삶과 현대적인 디지털 취미를 조화롭게 누리는, 꼼꼼하고 사교적인 60대 살림꾼입니다.","성북구 한성대입구 근처의 오래된 골목 정취를 좋아하며, 고등학교 졸업 후 빠르게 변한 서울의 모습 속에서 가족을 챙기는 내조의 삶을 살았습니다. 전통적인 가치관을 바탕으로 하지만, 최근에는 유튜브로 최신 유행하는 인테리어 소품이나 생활 꿀팁을 찾아보며 시대의 변화를 자연스럽게 받아들이고 있습니다.","가족들의 건강 상태와 입맛을 꿰뚫고 있어, 배달 음식을 시키더라도 자극적인 맛을 중화시킬 수 있는 정갈한 나물 무침이나 맑은 된장국을 곁들여 상차림을 완성합니다. 동네 부녀회 활동을 통해 여러 사람의 의견을 조율하고 행사 일정을 꼼꼼하게 짜는 살림꾼의 역량을 갖췄습니다.","['제철 나물 무침과 밑반찬 조리', '부녀회 행사 일정 및 명단 조율', '효율적인 가계부 작성 및 지출 관리', '실내 공간 정리 정돈 및 수납']","주말이면 남편과 함께 인근 스크린 골프장에 들러 가벼운 내기를 즐기고, 가끔 기분 전환이 필요할 때는 종로의 오래된 초밥집에서 신선한 사시미와 함께 시원한 맥주 한 잔을 곁들입니다. 평소에는 거실 소파에 기대어 유튜브의 해외 여행 브이로그를 보며 다음 가족 시티투어 코스를 꼼꼼하게 메모하는 시간을 가장 아낍니다.","['스크린 골프 내기', '정릉천 아침 산책', '유튜브 해외 여행 브이로그 시청', '종로 일식집 탐방', '가족 시티투어 경로 계획']",거창한 직업적 성공보다는 성북구 문화센터에서 운영하는 디지털 드로잉이나 스마트폰 영상 편집 과정을 마스터해 손주들에게 멋진 성장 영상을 만들어주고 싶어 합니다. 뱃살을 줄여 건강한 체형을 되찾기 위해 매일 아침 정릉천을 걷는 습관을 완벽하게 유지하는 것이 현재의 작은 목표입니다.,여자,63,배우자있음,비현역,배우자·자녀와 거주,단독주택,고등학교,해당없음,무직,서울-성북구,서울,대한민국
5fccac6849774a91a0a11a0779ed5608,"김상우 씨는 집안의 낡은 셋톱박스나 와이파이 공유기를 뚝딱거리며 설정하는 일에 능숙하며, 유튜브로 배운 지식으로 가족들의 스마트폰 설정을 도맡아 처리합니다. 김상우 씨는 거창한 성공보다는 광주 외곽의 작은 공방에서 단순 반복적인 작업을 하며 정해진 시간에 퇴근해 아이와 놀아주는 삶을 간절히 바랍니다.","김상우 씨는 주말이면 무등산 증심사 등산로를 천천히 오르며 복잡한 머릿속을 비워내고, 숲길의 흙냄새를 맡으며 마음의 안정을 찾습니다. 김상우 씨는 격렬한 운동보다는 가족과 함께 가벼운 레포츠를 즐기며 땀을 흘리는 시간을 소중히 여깁니다.","김상우 씨는 양림동의 펭귄마을 곳곳에 숨은 테마카페를 찾아다니며 아이의 웃는 모습을 최신 스마트폰 카메라로 세밀하게 담아냅니다. 김상우 씨는 가끔 집에서 혼자 조용히 최신 영화를 감상하며 타인의 삶에 몰입하지만, 정작 본인의 감정을 정리하는 데는 서툴러 멍하니 화면만 바라보기도 합니다.","김상우 씨는 가족들과 함께 강원도 평창의 루지 체험장이나 제주도의 숲길 투어처럼 활동적인 체험이 포함된 여행지를 골라 떠납니다. 김상우 씨는 꼼꼼한 일정표보다는 그날의 기분에 따라 발길 닿는 대로 움직이는 여행을 즐기며, 예상치 못한 길을 잃었을 때 오히려 새로운 재미를 느낍니다.","김상우 씨는 일주일에 한 번 외식 날이 되면 가족들과 함께 남구의 유명한 돼지갈비 집을 찾아가 노릇하게 구워진 고기를 배불리 먹습니다. 김상우 씨는 배달 음식을 시킬 때면 고민 없이 늘 치킨을 선택하며, 바삭한 튀김옷과 함께 시원한 탄산음료를 곁들이는 시간을 가장 기다립니다.","김상우 씨는 아이의 손을 잡고 동네 골목을 산책하며 소탈하게 이야기를 나누는 다정한 아버지이자, 아내의 잔소리에는 허허 웃으며 넘기는 유순한 남편입니다. 김상우 씨는 때때로 육아의 피로감에 낮잠으로 도망치고 싶어 하지만, 잠에서 깨어나면 다시 아이의 장난감 조립을 도와주며 행복을 느낍니다.","김상우 씨는 광주 양림동의 정서를 간직한 채, 가족에 대한 사랑과 기계 만지는 손재주로 소소한 일상의 행복을 가꾸는 30대 가장입니다.","광주 남구 양림동의 오래된 골목 정취 속에서 성장하며 격식 없는 소탈한 대화법이 몸에 배어 있고, 학업보다는 동네 친구들과 어울리며 삶의 지혜를 익힌 환경에서 지냈습니다.","유튜브를 통해 독학한 최신 스마트 기기 설정과 홈 네트워크 연동에 능숙하며, 집안의 사소한 전자제품 고장을 직접 찾아내어 해결하는 손재주가 있습니다.","['스마트홈 기기 최적화 설정', '가성비 전자제품 검색 및 비교 분석', '간단한 가정 내 기기 수리', '최신 영상 콘텐츠 트렌드 파악']","무등산 자락의 한적한 등산로를 천천히 걸으며 마음을 가다듬고, 주말이면 아이의 손을 잡고 양림동의 특색 있는 테마카페를 찾아다니며 사진을 찍습니다.","['무등산 둘레길 산책', '양림동 테마카페 탐방', '전자기기 리뷰 유튜브 시청', '가족과 함께하는 코인 노래방 방문']","치열한 경쟁보다는 마음의 부담이 적은 소규모 작업장에서 정해진 일과를 묵묵히 수행하며, 퇴근 후 가족과 함께 시간을 보내는 안정적인 일상을 꿈꿉니다.",남자,37,배우자있음,비현역,배우자·자녀와 거주,아파트,중학교,해당없음,무직,광주-남구,광주,대한민국
97f109dd9f6e42169da72e85b9d31c07,"이민지 씨는 고성군 아파트 거실에서 아이를 돌보며 틈틈이 엑셀 시트를 열어 가계부와 아이의 성장 기록을 수식으로 정교하게 정리하는 습관이 있습니다. 아이가 조금 더 크면 집에서 수행할 수 있는 데이터 분석 보조나 온라인 교육 콘텐츠 제작 일을 시작하고 싶어, 최신 소프트웨어 사용법을 익히며 사회 복귀를 위한 준비를 조용히 이어가고 있습니다.","이민지 씨는 격렬한 운동보다는 아이의 손을 잡고 동네 산책로를 느릿하게 걷거나 거실에서 가벼운 스트레칭을 하는 정도로 활동량을 조절합니다. 운동에 대한 강박을 갖기보다는 현재의 편안한 상태를 유지하는 것에 만족하며, 가끔 방문하는 온천에서의 스파 시간을 유일한 신체 활동의 정점으로 여깁니다.","이민지 씨는 낮 시간에는 아이의 눈높이에 맞춰 아기자기한 애니메이션을 함께 시청하고, 밤에는 남편과 나란히 앉아 최신 유행하는 드라마의 복선과 전개를 예측하며 시간을 보냅니다. 스마트폰으로 최신 패션 트렌드나 인테리어 소품의 시각적 요소를 살피는 것을 즐기며, 논리적인 구조가 돋보이는 이야기 전개에 깊은 흥미를 느낍니다.","이민지 씨는 복잡한 관광지보다는 속초의 조용한 온천이나 스파 시설을 찾아가 따뜻한 물에 몸을 담그고 일상의 긴장을 푸는 여행을 즐깁니다. 주로 남편이나 친한 친구와 동행하며, 방문할 곳의 운영 시간과 동선을 미리 목록화하여 낭비 없이 움직이는 계획적인 면모를 보입니다.","이민지 씨는 2주에 한 번 정도 고성 시장 골목에 있는 단골 분식집에서 매콤한 떡볶이와 김밥을 먹으며 소소한 일탈을 만끽합니다. 고기 요리보다는 나물이나 두부 같은 담백한 한식을 즐기며, 집에서는 가족들을 위해 제철 식재료를 활용한 정갈한 밑반찬을 만들어 내놓는 요리 시간을 갖습니다.","이민지 씨는 시어머니와 남편, 그리고 어린 자녀와 함께 아파트에서 거주하며 세대 간의 의견 차이를 유연하게 중재하는 역할을 수행합니다. 아이의 성장 지표를 표로 만들어 관리할 만큼 세심한 모성애를 보이지만, 때로는 어머니와의 사소한 갈등이 생기면 입을 꾹 닫고 방으로 들어가는 서툰 모습도 보입니다.","이민지 씨는 강원도 고성에서 수학 전공자의 논리함으로 가정을 꾸리고 있는, 재택 데이터 분석가로의 복귀를 꿈꾸는 27세 주부입니다.","이민지는 강원도 고성군의 한적한 풍경 속에서 성장했으며, 4년제 대학에서 수학을 전공한 뒤 고향으로 돌아와 어머니와 남편, 아이와 함께 아파트에서 생활하고 있습니다. 전공 특유의 논리적인 사고방식이 몸에 배어 있어, 시골 생활의 단순함 속에서도 매사 효율적인 규칙을 찾아 적용하며 일상을 꾸려갑니다.","복잡한 수치 계산과 데이터 정리에 능숙하여, 가족들의 건강 검진 기록이나 아이의 월별 성장 지표를 표로 만들어 꼼꼼하게 관리합니다. 가끔은 전공 지식을 살려 주변 지인들의 복잡한 서류 작성이나 계산 업무를 조용히 도와주기도 합니다.","['가족 건강 및 성장 데이터 시각화', '가계 지출 최적화 계산', '기초 통계 분석', '효율적인 가사 스케줄링']","낮에는 거실 소파에 기대어 아이와 함께 애니메이션을 보거나 스마트폰으로 최신 쇼핑 트렌드를 살피고, 밤에는 남편과 시원한 맥주 한 캔을 곁들이며 밀린 드라마를 봅니다. 2주에 한 번 정도는 고성 시장 근처의 분식집에서 떡볶이를 먹으며 기분을 전환하고, 가끔은 속초의 유명한 온천에 들러 뭉친 근육을 풀며 휴식을 취합니다.","['속초 온천 스파 방문', '온라인 쇼핑몰 최신 아이템 탐색', '넷플릭스 시리즈 정주행', '집에서 즐기는 홈맥주']","당장은 육아와 가사에 전념하고 있지만, 아이가 조금 더 크면 재택으로 가능한 데이터 분석 보조나 온라인 교육 콘텐츠 제작 같은 유연한 일자리를 찾고 있습니다. 사회와 완전히 단절되는 것에 대한 막연한 불안감이 있어, 틈틈이 최신 소프트웨어 사용법을 익히며 복귀를 준비합니다.",여자,27,배우자있음,비현역,배우자·자녀·어머니와 거주,아파트,4년제 대학교,자연과학·수학,무직,강원-고성군,강원,대한민국
982b9e0b14ca42e4939b1061db8cbcd0,"임칠순 씨는 정식 직업은 없지만, 장안구 동네 지인들의 경조사 날짜를 모두 꿰고 있으며 모임 장소를 섭외하는 실질적인 총무 역할을 도맡아 합니다. 오랜 세월 다져온 살림 솜씨로 제철 나물 무침을 뚝딱 만들어내며 주변 사람들의 입맛을 책임지는 동네의 숨은 살림꾼입니다.",임칠순 씨는 매일 아침 광교산 자락의 흙길을 천천히 밟으며 숲의 공기를 마시는 삼림욕을 즐깁니다. 땀이 살짝 배어 나올 때쯤 동네 사우나로 향해 뜨끈한 물에 몸을 담그고 뭉친 근육을 푸는 시간을 하루 중 가장 기다립니다.,"임칠순 씨는 화성행궁의 고즈넉한 담벼락을 따라 걷는 것을 좋아하며, 수원의 옛 모습과 현대의 변화가 어우러진 풍경 속에서 마음의 평온을 찾습니다. 화려한 전시회보다는 친구들과 벤치에 앉아 소소한 일상을 나누는 잡담의 즐거움을 더 크게 느낍니다.",임칠순 씨는 친목 모임 회원들과 함께 수원 시티투어 버스 2층에 올라타 시내 곳곳을 구경하는 나들이를 즐깁니다. 낯선 해외 여행보다는 익숙한 내 고장의 숨은 명소를 찾아다니며 사진을 찍고 기록하는 소소한 여행에 만족합니다.,"임칠순 씨는 2주에 한 번 정도 지인들과 함께 단골 한식당에서 지글지글 구운 돼지갈비를 먹으며 밀린 이야기를 나눕니다. 평소에는 제철 식재료로 직접 만든 밑반찬을 즐기지만, 가끔은 입가심으로 부드럽고 달콤한 카스텔라 빵을 곁들이는 작은 사치를 누립니다.","임칠순 씨는 미혼으로 지내며 가족의 실질적인 중심축 역할을 해왔기에, 함께 사는 가족들의 식사와 안살림을 세심하게 챙깁니다. 겉으로는 든든한 버팀목 같지만, 문득 찾아오는 적막함에 가슴 한구석이 시릴 때면 자녀뻘 조카들에게 전화를 걸어 한참 동안 수다를 떱니다.","임칠순 씨는 수원 장안구에서 평생을 보내며 다져온 살림 지혜와 배려심으로 이웃을 살피지만, 내면의 외로움과 건강에 대한 염려를 안고 살아가는 60대 여성입니다.","중학교 졸업 후 집안일을 돕느라 배움의 기회를 놓쳤지만, 수원이 도시로 성장하는 과정을 몸소 겪으며 생활 지혜를 쌓아온 세대입니다. 미혼으로 지내며 가족의 중심축 역할을 해왔기에 타인에 대한 배려가 몸에 배어 있으면서도, 가끔은 마음 한구석에 채워지지 않은 외로움과 작은 변화에도 쉽게 불안해하는 섬세한 면모가 있습니다.","오랜 세월 살림을 도맡아 하며 제철 식재료를 활용해 입맛 돋우는 밑반찬을 만드는 데 능숙하며, 동네 지인들의 경조사를 챙기고 모임을 조율하는 살뜰한 소통 능력을 갖추고 있습니다.","['제철 나물 무침과 장아찌 담그기', '지역 커뮤니티 소모임 일정 조율', '효율적인 가계부 정리와 자산 관리', '주변 지인들의 고민 상담 및 중재']","광교산 자락의 맑은 공기를 마시며 천천히 걷는 것을 즐기고, 친목 모임 회원들과 함께 수원 시티투어 버스를 타고 화성 행궁의 정취를 구경한 뒤 동네 유명 빵집의 부드러운 카스텔라를 나누어 먹는 시간에 행복을 느낍니다.","['광교산 둘레길 삼림욕 산책', '수원 시티투어 버스 여행', '지역 빵집의 신제품 빵 맛보기', '단골 사우나에서 즐기는 반신욕', '오후 시간의 짧고 깊은 낮잠']","직업적인 성취보다는 건강한 노년을 유지하는 것에 집중하며, 특히 공복 혈당 수치를 안정시켜 약 없이도 가뿐한 아침을 맞이하는 것을 일상의 가장 큰 목표로 삼고 있습니다.",여자,68,미혼,비현역,기타2세대,아파트,중학교,해당없음,무직,경기-수원시 장안구,경기,대한민국
2546e5438b83455695bcf7af3f77fb85,"황서희 씨는 일산서구의 좁은 골목부터 대단지 아파트까지 훤히 꿰뚫고 있으며, 모바일 앱으로 매물을 확인하며 까다로운 건물주와 세입자 사이에서 단호하게 중심을 잡는 베테랑 관리인입니다.","황서희 씨는 거창한 운동 대신 베란다 화분들을 옮겨 심고 흙을 만지는 원예 활동으로 몸을 움직이며, 친구들과 함께 백화점 쇼핑몰을 몇 시간씩 걷는 것으로 일일 활동량을 채웁니다.","황서희 씨는 베란다 창가에 제라늄과 호접란을 촘촘하게 배치해 자신만의 작은 정원을 가꾸고, 외출할 때마다 화려한 색감의 액세서리를 매치하는 일에서 큰 즐거움을 느낍니다.",황서희 씨는 멀리 떠나는 여행보다 마음 맞는 친구들과 함께 킨텍스 주변의 상점가를 누비며 최신 유행 아이템을 구경하고 쇼핑하는 도심 속 나들이를 즐깁니다.,"황서희 씨는 주 2~3회 친구들과 함께 정갈한 보리밥 정식이나 초밥집을 찾아 외식을 하며, 가끔 기운이 없는 날에는 스마트폰 앱으로 간단한 분식을 배달시켜 먹습니다.","황서희 씨는 남편과 함께 전세 집에서 오순도순 살아가며, 젊은 시절부터 치열하게 일해온 기억을 공유하며 서로의 노년을 지탱하는 든든한 버팀목이 되어줍니다.","황서희 씨는 일산의 변천사를 몸소 겪으며 다져진 현장 감각과 디지털 도구 활용 능력을 모두 갖춘, 당당하고 활기찬 70대 부동산 실무자입니다.","중학교 졸업 후 빠르게 사회 활동을 시작해 일산 신도시가 개발되고 확장되는 과정을 현장에서 함께 겪었으며, 나이가 들어서도 새로운 유행이나 디지털 기기를 배우는 데 거부감이 없는 유연한 사고방식을 가지고 있습니다.","일산서구 일대의 지리와 건물주들의 성향을 훤히 꿰뚫고 있으며, 특유의 친화력과 단호함을 적절히 섞어 까다로운 임대차 갈등을 빠르게 해결하는 현장 중재 능력이 탁월합니다.","['일산서구 지역 부동산 매물 특성 분석', '임대인 및 임차인 간의 이해관계 중재', '현장 매물 상태 점검 및 유지 관리', '지역 사회 인적 네트워크 관리']","베란다 창가에 제라늄과 호접란을 촘촘히 배치해 가꾸는 일에 정성을 쏟으며, 주말이면 친구들과 함께 현대백화점 킨텍스점을 방문해 화사한 색감의 스카프나 의류를 구경하며 시간을 보냅니다.","['베란다 제라늄 및 호접란 분갈이와 재배', '트로트 경연 프로그램 시청', '교회 구역 예배 및 지역 사회 봉사 활동', '친구들과의 백화점 쇼핑 및 일식당 외식']","현재 맡은 관리 업무를 빈틈없이 처리하는 동시에, 최근 도입된 부동산 관련 모바일 애플리케이션 활용법을 완벽히 익혀 동료들 사이에서 가장 능숙하게 디지털 도구를 다루는 실무자로 남고 싶어 합니다.",여자,77,배우자있음,비현역,배우자와 거주,주택 이외의 거처,중학교,해당없음,그 외 기능 관련 종사원,경기-고양시 일산서구,경기,대한민국
61b13420af2f46de92ffe5f5040b68dc,"김재민 씨는 정식 자격증은 없지만 수십 년간 현장에서 몸으로 익힌 손재주로 중계동 아파트 단지 내 낡은 문손잡이나 전등갓을 뚝딱 고쳐내며 소소한 성취감을 느낍니다. 정밀한 설계도 없이도 대략적인 치수만 보고 나무 선반이나 수납함을 만들어내는 감각이 있어, 집안의 잔고장들을 직접 해결하는 해결사 역할을 자처합니다.","김재민 씨는 매일 아침 중계천 산책로의 흙냄새를 맡으며 천천히 발걸음을 옮기고, 단골 사우나의 뜨거운 탕 속에 몸을 푹 담그며 근육의 긴장을 풉니다. 격렬한 운동보다는 느릿한 산책과 찜질을 통해 몸을 관리하며, 손주들의 보조개 섞인 웃음을 보며 더 오래 걷겠다는 의지를 다집니다.","김재민 씨는 임영웅의 최신 트로트 곡조에 맞춰 노래방 마이크를 잡고 흥겹게 노래하며 스트레스를 날리고, 동네 문화센터에서 스마트폰 활용 강좌를 들으며 새로운 앱을 익히는 시간을 즐깁니다. 어린 시절 가판대 앞에서 신문을 읽던 습관이 이어져, 지금도 잉크 냄새 나는 종이 신문의 행간을 꼼꼼히 읽어내는 시간을 가장 아낍니다.","김재민 씨는 언젠가 사랑하는 아내와 자녀, 손주들까지 모두 데리고 성지순례 여행을 떠나 경건한 시간을 보내는 것을 인생의 마지막 큰 숙제로 여기고 있습니다. 화려한 관광지나 해외여행보다는 가족의 손을 잡고 함께 걷는 믿음의 여정에 더 큰 가치를 둡니다.",김재민 씨는 주 2~3일 정도 아내와 함께 동네 식당에서 나물 비빔밥이나 청국장 같은 담백한 한식을 즐기며 소박한 식사를 합니다. 하지만 2주에 한 번꼴로 찾아오는 배달 치킨 날만큼은 바삭한 후라이드 닭다리를 뜯으며 일주일의 피로를 씻어내는 작은 일탈을 즐깁니다.,"김재민 씨는 무뚝뚝한 듯하면서도 손주들이 사용하는 최신 앱을 배우려 애쓰는 다정한 할아버지이며, 평생을 함께한 아내와는 치킨 한 마리를 나눠 먹으며 소소한 이야기를 나누는 사이입니다. 자녀들과는 적당한 거리를 유지하면서도 가족 모두가 함께하는 성지순례를 꿈꾸며 가족의 결속력을 중요하게 생각합니다.","김재민 씨는 중계동에서 신문과 산책, 사우나를 즐기며 당뇨 관리와 가족과의 성지순례를 꿈꾸는 손재주 좋은 70대 가장입니다.","서울 노원구 중계동 아파트 단지 주변에서 오래 거주하며, 정규 교육 과정은 짧았지만 신문 가판대 앞에서 세상 돌아가는 소식을 읽으며 지식을 쌓았던 습관이 지금까지 이어져 매일 아침 종이 신문을 꼼꼼히 읽습니다. 보수적인 세대 분위기 속에서도 새로운 전자기기나 유행에 거부감이 적어, 손주들이 사용하는 최신 앱을 배우거나 동네 문화센터의 새로운 강좌를 찾아다니는 것에 흥미를 느낍니다.",수십 년간 현장에서 몸으로 익힌 실무적인 손재주가 좋아 집안의 삐걱거리는 문손잡이를 고치거나 고장 난 전등갓을 교체하는 일에 능숙합니다. 정밀한 설계도 없이도 대략적인 치수만 보고 간단한 나무 선반이나 수납함을 뚝딱 만들어내는 감각이 있습니다.,"['가정 내 소규모 가구 수리', '전기 배선 및 전등 교체', '간이 목공 선반 제작', '생활 밀착형 기기 수선']","매일 아침 중계천 산책로를 따라 걸으며 계절의 변화를 살피고, 단골 사우나에서 뜨거운 탕에 몸을 담그며 이웃들과 세상 돌아가는 이야기를 나누는 시간을 즐깁니다. 일주일에 한두 번은 친구들과 함께 노래방에서 최신 트로트를 부르거나, 아내와 함께 동네 치킨집에서 바삭한 후라이드 치킨을 곁들인 외식을 즐기며 스트레스를 풉니다.","['중계천 산책로 걷기', '동네 목욕탕 온탕 입욕', '트로트 노래방 방문', '종이 신문 탐독', '가족 동반 성지순례 계획']","더 이상 직업적인 성취보다는 당뇨 수치를 안정적으로 관리해 뱃살을 줄이고, 손주들과 함께 지치지 않고 산책하는 건강한 일상을 유지하는 것에 집중하고 있습니다. 언젠가 가족 모두를 데리고 성지순례 여행을 무사히 다녀오는 것을 인생의 마지막 큰 숙제이자 소망으로 생각합니다.",남자,72,배우자있음,비현역,기타2세대,아파트,중학교,해당없음,무직,서울-노원구,서울,대한민국
494284d29dd94918b19c71e8097441f9,이광오 씨는 보건복지 전공자로서의 꼼꼼함을 살려 동네 경로당에서 어르신들의 복지 신청 서류를 대신 작성해주거나 맞춤형 서비스를 안내하며 소소한 보람을 찾습니다. 정년퇴임 후에도 돋보기를 쓰고 행정 절차를 세밀하게 살피는 습관이 남아 있어 지역 사회의 든든한 상담가 역할을 자처합니다.,"이광오 씨는 탁구 동호회에서 날카로운 스매싱을 날리며 스트레스를 풀고, 주말이면 친구들과 함께 대청호 오백리길을 천천히 걸으며 계절의 변화를 만끽합니다. 활동적인 스포츠를 통해 에너지를 얻으며 무리하지 않는 선에서 신체 활동을 유지하려 노력합니다.",이광오 씨는 거실에 나훈아의 노래를 크게 틀어놓고 그 리듬에 맞춰 멍하게 낮잠을 청하는 시간을 가장 평온하게 여깁니다. 화려한 예술 공연보다는 옛 가수의 구슬픈 가락 속에 담긴 삶의 애환을 느끼며 정서적인 안정을 찾습니다.,이광오 씨는 마음 맞는 오랜 친구들과 함께 전국의 탁구 대회를 찾아다니거나 가벼운 레포츠 활동을 겸한 근교 여행을 떠나며 활력을 얻습니다. 낯선 곳에서의 경험에 열려 있어 새로운 지역의 특산물이나 풍경을 구경하는 것을 즐깁니다.,"이광오 씨는 한 달에 한 번 정도 아내와 함께 동네 갈비집에서 양념갈비를 구워 먹으며 외식을 즐기고, 가끔은 시장 입구 분식집에서 떡볶이와 김밥을 사다 나누어 먹습니다. 배달 음식은 거의 시키지 않으며 정갈하게 차려진 집밥 위주의 식단을 유지합니다.","이광오 씨는 오랜 세월 함께한 배우자와 단독주택에서 서로를 의지하며 살아가고 있으며, 가끔 방문하는 자녀들과 손주들을 위해 미리 집안 구석구석을 청소해두는 세심함을 보입니다. 다정한 성격이지만 때로는 걱정이 너무 많아 배우자에게 잔소리를 늘어놓는 버릇이 있습니다.","이광오 씨는 대전 중구의 역사를 지켜온 보건복지 전문가이자, 탁구와 나훈아의 노래를 사랑하며 이웃의 안녕을 살피는 다정한 지역 어르신입니다.","대전 중구의 오래된 골목길에서 나고 자라며 지역 사회의 급격한 변화를 몸소 겪었고, 보건 복지를 전공하며 평생 이웃의 안녕과 돌봄이라는 가치를 삶의 중심에 두고 살아왔습니다.","보건 복지 분야의 전문 지식을 바탕으로 주변 어르신들의 건강 상태를 세밀하게 살피고, 필요한 복지 서비스를 정확하게 연결해 주는 행정적 꼼꼼함과 능숙한 상담 능력을 갖추고 있습니다.","['노인 복지 사례 관리', '건강 상담 및 모니터링', '지역사회 자원 연계', '갈등 중재 및 소통']","주말이면 친구들과 함께 대청호 주변을 천천히 걷거나 탁구 동호회에서 땀을 흘리며 활력을 얻고, 집에서는 나훈아의 노래를 크게 틀어놓고 느긋하게 낮잠을 청하곤 합니다.","['대청호 주변 산책', '탁구 동호회 활동', '나훈아 노래 감상', '중앙시장 구경 및 외식', '종교 활동']","이제는 직업적인 성취보다 동네 경로당이나 복지관에서 소외된 이웃이 없는지 살피며, 자신이 가진 지식으로 누군가에게 실질적인 도움을 주는 소소한 보람을 찾는 삶을 유지하고자 합니다.",남자,79,배우자있음,비현역,배우자와 거주,단독주택,4년제 대학교,보건·복지,무직,대전-중구,대전,대한민국
1a721eb68c0b4eb3a80bfa84ad6f5cb9,"김승현 씨는 남동공단의 복잡하고 좁은 골목길을 족집게처럼 누비며 중형 화물차를 운전하고, 적재함의 끈 하나까지 꼼꼼하게 조여 사고를 방지하는 숙련된 운전원입니다. 이제는 핸들을 잡는 시간보다 사무실에서 효율적인 배차 경로를 짜는 관리직으로 옮겨가고 싶어 하며, 틈틈이 특수 화물 자격증 교재를 뒤적입니다.","김승현 씨는 주말마다 동네 친구들과 함께 볼링장에 모여 핀이 쓰러지는 소리에 스트레스를 풀며 가벼운 음료수 내기를 즐깁니다. 가끔은 땀을 뻘뻘 흘리며 동네 공원에서 농구 공을 튀기기도 하지만, 금세 숨이 차올라 벤치에 앉아 한참을 쉽니다.","김승현 씨는 네이버 블로그에 전국 고속도로 휴게소에서 먹은 소떡소떡이나 알감자 사진을 올리고 짧은 평을 남기는 기록의 즐거움에 빠져 있습니다. 집에서는 낡은 만화책을 쌓아두고 읽거나, 운전석 옆자리에서 흘러나오는 옛 노래들을 흥얼거리며 하루의 피로를 씻어냅니다.",김승현 씨는 명절이나 휴가 때면 부모님과 조부모님을 모시고 공기 좋은 강원도나 전라도의 조용한 펜션으로 떠나 아무것도 하지 않고 쉬는 여행을 계획합니다. 화려한 관광지보다는 가족들이 편히 쉴 수 있는 넓은 마루가 있는 숙소를 찾는 데 온 신경을 쏟습니다.,"김승현 씨는 2주에 한 번 가족들과 함께 동네 삼겹살집에서 지글지글 고기를 구워 먹으며 회포를 풉니다. 바쁜 날에는 배달 앱으로 떡볶이와 튀김 세트를 시켜 먹거나, 집 앞 분식집에서 김밥 한 줄을 빠르게 해치우는 단순한 식단을 유지합니다.","김승현 씨는 연수구의 오래된 아파트에서 조부모님과 부모님을 모시고 살며, 전등 교체부터 무거운 짐 옮기기까지 집안의 모든 궂은일을 도맡아 처리합니다. 명절마다 친척들이 던지는 결혼 압박에 쓴웃음을 지으면서도, 정작 부모님이 필요로 하는 일에는 군말 없이 몸을 움직입니다.","김승현 씨는 가족에 대한 깊은 책임감과 성실함으로 무장한 채, 연수구의 정겨운 풍경 속에서 화물차 운전과 소소한 기록의 삶을 살아가는 40대 미혼남입니다.","연수구의 오래된 아파트 단지에서 부모님, 조부모님과 함께 살며 집안의 궂은일을 도맡아 처리합니다. 송도국제도시의 세련된 분위기보다는 연수동 전통시장의 정겨운 소란함을 더 편안하게 느끼며, 명절마다 친척들의 기대를 묵묵히 받아내는 성격입니다.","중형 화물차의 특성을 잘 활용해 복잡한 공단 내 좁은 골목길에서도 막힘없이 운전하며, 적재물이 흔들리지 않게 결속하는 노하우가 뛰어납니다. 차량 소모품 교체 시기를 정확히 파악해 정비소 사장님과 대등하게 기술적인 대화를 나눌 수 있습니다.","['공단 내 협소 구간 정밀 운전', '화물 결속 및 하중 분산 최적화', '중형 차량 기본 정비 및 소모품 관리', '효율적인 운송 경로 설계']","혈압 관리를 위해 퇴근 후 아파트 단지 주변을 천천히 걷거나, 주말이면 동네 지인들과 함께 볼링장에서 가벼운 내기를 즐깁니다. 네이버 블로그에 전국 고속도로 휴게소의 숨은 맛집 사진과 짧은 후기를 기록하며 소소한 성취감을 느낍니다.","['휴게소 맛집 기록 블로그 운영', '단지 내 야간 산책', '동네 지인들과의 볼링 경기', '웹툰 정주행', '오래된 가요 듣기']",무사고 경력을 쌓아 회사 내에서 물류 배차 관리직으로 옮겨 운전대를 놓는 시간을 늘리고 싶어 합니다. 조금 더 전문적인 특수 화물 운송 자격증을 취득해 수입을 안정적으로 높이는 방법을 고민하고 있습니다.,남자,43,미혼,비현역,기타3세대,아파트,2~3년제 전문대학,해당없음,중형 화물차 운전원,인천-연수구,인천,대한민국
de32cdaf2b1c4b2a9b1a8b887a224a79,"권춘화 씨는 현재 경제 활동은 하지 않지만, 낡은 서랍장에 과감한 코발트블루 색을 입혀 거실 분위기를 바꾸는 가구 리폼에 능숙하며, 동네 작은 카페 벽면에 자신의 그림들을 걸어두는 소박한 전시회를 꿈꿉니다.","권춘화 씨는 격렬한 운동보다는 기분에 따라 차를 몰고 대구 외곽을 천천히 드라이브하거나, 대구미술관 주변 산책로를 느릿하게 걷는 것으로 몸을 움직입니다.","권춘화 씨는 대구미술관의 기획 전시 일정을 달력에 꼼꼼히 기록해두고, 특히 강렬한 색채가 돋보이는 추상화 작품 앞에 서서 한참을 머무는 시간을 가장 아낍니다.","권춘화 씨는 가족들과 함께 국립현대미술관 같은 문화 공간을 찾아 떠나는 여행을 즐기며, 계획 없이 들어선 골목 끝에서 우연히 발견한 아기자기한 소품숍 구경에 몰입합니다.","권춘화 씨는 한 달에 한 번 정도 가족들과 외식을 하며, 고기류보다는 정갈한 나물 반찬이 나오는 보리밥 정식이나 가끔은 치즈가 듬뿍 들어간 피자를 즐깁니다.","권춘화 씨는 배우자와 별거 중인 상태로 자녀들과 함께 살고 있으며, 집안의 정돈된 질서를 강조하는 자녀들과는 가끔 의견 충돌을 빚으면서도 자신만의 예술적 영역을 고집스럽게 지켜냅니다.",권춘화 씨는 보수적인 대구 달서구의 분위기 속에서도 잃지 않은 예술적 감수성과 과감한 색채 감각으로 자신만의 세계를 구축하며 살아가는 60대 여성입니다.,"대구 달서구의 보수적인 지역 분위기 속에서도 늘 낯선 예술적 자극을 갈망하며, 전문대학 시절 접한 서구 문화의 잔상이 여전히 삶의 태도에 묻어 있습니다. 집안의 정돈된 질서보다 자신의 감각적 만족을 우선시하는 성격 탓에, 가족들과는 가끔 미묘한 정서적 거리감을 유지하며 자신만의 영역을 지킵니다.","공간의 분위기를 순식간에 바꾸는 과감한 색채 조합 능력이 뛰어나며, 낡은 가구에 과감한 색을 입혀 현대적인 느낌으로 탈바꿈시키는 손재주가 있습니다.","['빈티지 가구 리폼', '색채 조화 코디네이션', '인테리어 소품 배치', '전시 도슨트 스타일의 작품 설명']","대구미술관의 기획 전시를 꼼꼼히 챙겨보고, 가끔 기분에 따라 목적지 없이 드라이브를 떠나 낯선 골목에 숨은 작은 빵집이나 소품숍을 찾아다닙니다.","['대구미술관 기획 전시 관람', '유럽풍 빈티지 소품 수집', '지인들과의 와인 곁들인 수다 모임', '최신 뷰티 트렌드 잡지 탐독', '이국적인 풍미의 수제 버거 맛집 찾기']","거창한 사회적 성취보다는 그동안 수집한 독특한 소품들과 직접 그린 그림들을 모아, 동네 작은 카페의 벽면을 빌려 소박한 개인 전시회를 여는 일을 꿈꿉니다.",여자,64,배우자있음,비현역,자녀와 거주 (배우자 별거),아파트,2~3년제 전문대학,해당없음,무직,대구-달서구,대구,대한민국
11ebe93ef5a347b5adf5076a24ffd09a,"서경미 씨는 부산 북구 구포시장 인근의 화장품 매장에서 근무하며, 손님의 미세한 피부 톤 변화를 포착해 딱 맞는 기초 제품을 추천해 주는 능숙한 판매원입니다. 수백 개의 샘플과 본품 재고를 엑셀 파일처럼 정확하게 머릿속에 넣어두고 관리하지만, 매출 압박이 심한 날이면 화장실 거울을 보며 깊은 한숨을 내쉬는 습관이 있습니다.","서경미 씨는 격렬한 운동 대신 동네 목욕탕의 뜨거운 온탕에 몸을 담그고 멍하니 천장을 바라보며 근육의 긴장을 푸는 시간을 가장 소중하게 여깁니다. 가끔 기분 전환을 위해 낙동강변 산책로를 천천히 걷지만, 조금만 숨이 차오르면 금세 벤치에 앉아 스마트폰으로 영상 콘텐츠를 찾아보는 정적인 생활 패턴을 가지고 있습니다.","서경미 씨는 퇴근 후 불 꺼진 방에서 넷플릭스로 시네필들이 추천하는 난해한 독립 영화를 찾아보며 현실과는 다른 몽환적인 분위기에 깊이 빠져듭니다. 평소에는 상냥한 판매원이지만, 미술 전시회에 가면 작품의 구도나 색감에 대해 혼자만의 세밀한 분석을 일기장에 적어 내려가는 내밀한 예술적 취향을 지녔습니다.","서경미 씨는 휴가철이면 가족들을 모두 이끌고 경남 남해의 조용한 풀빌라로 떠나, 아무런 계획 없이 파도 소리를 들으며 낮잠을 자는 휴식 위주의 여행을 즐깁니다. 여행지에서도 가족들의 식사 메뉴와 이동 동선을 세심하게 챙기느라 정작 본인은 금세 지치기 일쑤지만, 예쁜 카페의 디저트 접시 사진을 찍을 때만큼은 진심으로 행복해합니다.","서경미 씨는 일주일에 한 번, 남편과 함께 집 근처의 분위기 좋은 이탈리아 식당에서 크림 뇨끼를 먹으며 일주일의 피로를 씻어내거나 가족 외식으로 갈비집을 찾아가 시끌벅적하게 고기를 굽습니다. 한 달에 한 번 정도 배달 앱으로 마라탕을 시켜 먹으며 자극적인 맛으로 스트레스를 풀지만, 다음 날 아침이면 퉁퉁 부은 얼굴을 보며 다시금 건강식을 다짐합니다.","서경미 씨는 부산 북구의 오래된 아파트에서 시부모님과 함께 살며, 고부 갈등의 조짐이 보일 때마다 적절한 칭찬과 애교 섞인 말투로 분위기를 유연하게 만드는 집안의 완충제 역할을 합니다. 하지만 가끔은 거실의 소음에서 벗어나 베란다 구석에 둔 '초록이'와 '별이'라는 이름의 화분들과 대화하며 오직 자신만 아는 정서적 도피처를 가꿉니다.","서경미 씨는 부산에서 화장품을 판매하며 예술적 갈증을 독립 영화와 원예로 달래는, 다정함과 예민함을 동시에 지닌 30대 여성입니다.","부산 북구의 정겨운 골목 분위기 속에서 3세대 가족이 함께 북적이며 사는 환경에 익숙하지만, 마음 한구석에는 늘 정형화되지 않은 예술적 갈증을 품고 삽니다. 시어른과 부모님을 동시에 챙겨야 하는 집안 분위기 속에서 갈등을 유연하게 넘기는 나름의 처세술을 익혔습니다.","손님의 피부 톤과 숨은 고민을 빠르게 캐치해 최적의 제품을 제안하는 감각이 탁월하며, 매장 내 수백 가지 품목의 재고를 오차 없이 관리하는 꼼꼼함을 갖췄습니다. 고객의 사소한 표정 변화까지 읽어내어 대화를 주도하는 능숙한 응대 기술이 강점입니다.","['퍼스널 컬러 진단 및 맞춤 제품 추천', '고객 심리 기반의 설득 커뮤니케이션', '매장 재고 및 매출 데이터 정밀 관리', '스킨케어 성분 분석 및 루틴 설계']","주말이면 베란다의 작은 화분들에 이름을 붙여주고 정성껏 가꾸며 마음을 진정시키고, 퇴근 후에는 넷플릭스로 평소 접하기 힘든 실험적인 독립 영화를 찾아보며 상상력을 채웁니다. 가끔은 가족들의 간섭 없이 동네 사우나에서 멍하니 시간을 보내며 소모된 감정을 회복하곤 합니다.","['베란다 홈 가드닝 및 희귀 식물 수집', '독립 영화 및 예술 영화 감상', '동네 목욕탕에서 즐기는 온욕과 명상', '최신 뷰티 트렌드 분석 및 화장품 성분 공부']","단순히 제품을 판매하는 것을 넘어, 자신의 예술적 감각을 더한 작은 뷰티 큐레이션 숍을 직접 운영하며 자신만의 미적 기준을 공유하고 싶어 합니다. 현재는 매장 관리자로서의 입지를 다지며 실무 경험과 단골 고객 데이터를 차곡차곡 쌓아가는 중입니다.",여자,35,배우자있음,비현역,기타3세대,아파트,2~3년제 전문대학,해당없음,화장품 판매원,부산-북구,부산,대한민국
8c1809eeb2b74a988d7400aa5a66e373,남남순 씨는 실버 사진 동호회의 총무를 맡아 분기별 출사 일정과 회비 내역을 1원 단위까지 정확하게 기록해 공유하며 회원들의 절대적인 신뢰를 받습니다. 남남순 씨는 집안에서는 연로하신 부모님과 성인 자녀 사이의 가치관 차이로 생기는 소란을 차분하게 중재하는 가문의 실질적인 운영자 역할을 수행합니다.,남남순 씨는 무거운 미러리스 카메라를 목에 걸고 청주 시내 구석구석을 느릿하게 거닐며 찰나의 풍경을 포착하는 것을 일상의 운동으로 삼습니다. 남남순 씨는 출사 도중 숨이 가빠지면 근처 벤치에 앉아 한참 동안 가쁜 숨을 고르며 주변의 빛 변화를 관찰합니다.,남남순 씨는 국립현대미술관 청주관의 전시를 관람하며 빛의 각도와 구도를 세밀하게 연구하고 이를 자신의 카메라에 담아냅니다. 남남순 씨는 손주들의 찰나의 표정을 잡아내어 날짜별 주제에 맞춰 분류한 뒤 디지털 앨범으로 엮어내는 작업에 몰두합니다.,남남순 씨는 사진 동호회 회원들과 함께 조용한 휴양지로 떠나 풍경을 찍고 함께 담소를 나누며 정서적인 휴식을 취합니다. 남남순 씨는 여행지에서 빽빽한 일정에 쫓기기보다 한 장소에 오래 머물며 그곳의 공기와 분위기를 온전히 느끼는 방식을 즐깁니다.,남남순 씨는 출사 모임을 마친 후 흥덕구 근처의 단골 갈비집에서 회원들과 함께 노릇하게 구운 돼지갈비를 먹으며 수다를 떱니다. 남남순 씨는 가끔 기분 전환이 필요할 때 손주들이 좋아하는 브랜드의 피자나 버거를 함께 나눠 먹으며 젊은 세대의 식문화를 경험합니다.,"남남순 씨는 부모님, 남편, 성인 자녀까지 함께 사는 북적이는 아파트에서 세대 간의 갈등이 생길 때마다 양측의 이야기를 묵묵히 들어주는 중심축입니다. 남남순 씨는 가족 모두가 모인 저녁 식사 자리에서 특유의 차분함으로 집안의 화목을 유지하는 조율자 역할을 합니다.",남남순 씨는 청주에서 대가족을 보듬으며 미러리스 카메라로 세상의 찰나를 기록하고 개인전을 꿈꾸는 섬세하고 책임감 강한 70대 여성입니다.,"충북 청주에서 여고를 졸업하고 평생을 이곳에서 보냈으며, 현재는 흥덕구의 아파트에서 연로하신 부모님과 성인 자녀, 남편까지 함께 어울려 사는 대가족의 중심축 역할을 하고 있습니다. 세대 간의 가치관 차이로 집안에 작은 소란이 일 때마다 특유의 차분함으로 양측의 이야기를 들어주며 갈등을 매끄럽게 중재합니다.","미러리스 카메라의 다이얼을 능숙하게 조작해 손주들의 찰나의 표정을 잡아내고, 이를 날짜별 주제에 맞춰 꼼꼼하게 분류해 디지털 앨범으로 기록합니다. 지역 실버 사진 동호회의 총무를 맡아 분기별 출사 일정과 회비 내역을 1원 단위까지 정확하게 정리해 공유합니다.","['미러리스 카메라 조작 및 촬영', '디지털 사진 아카이빙', '동호회 일정 및 회계 관리', '다세대 가족 간 갈등 중재']","국립현대미술관 청주관의 전시를 관람하며 빛의 각도와 구도를 연구하고, 출사 모임 후에는 흥덕구 근처의 갈비집에서 회원들과 담소를 나눕니다. 가끔 기분 전환이 필요할 때는 손주들이 좋아하는 브랜드의 피자나 버거를 함께 나눠 먹으며 젊은 세대의 식문화를 경험합니다.","['풍경 및 인물 사진 촬영', '현대 미술 전시 관람', '실버 사진 동호회 활동', '다양한 패스트푸드 시식']",청주 무심천의 사계절 변화를 담은 사진들을 엮어 가족들을 위한 고품질 사진집을 제작하려 합니다. 구청에서 운영하는 작은 갤러리 공간을 빌려 자신의 작품을 이웃들에게 선보이는 소박한 개인전을 여는 것을 목표로 삼고 있습니다.,여자,73,배우자있음,비현역,배우자·자녀·부모와 거주,아파트,고등학교,해당없음,무직,충청북-청주시 흥덕구,충청북,대한민국
02ce9b5398d9429dad6dbf3952390c56,"이민채 씨는 전문대학에서 배운 기술을 바탕으로 영상의 색감 하나, 자막 폰트의 간격 1픽셀까지 집요하게 수정하며 포트폴리오를 채워가는 예비 브랜드 디자이너입니다. 취업 준비 기간이 길어지며 마음속 불안함이 크지만, 체계적인 매뉴얼이 갖춰진 회사에서 자신의 섬세한 감각을 발휘해 누군가에게 실질적인 위로를 주는 디자인을 완성하고 싶어 합니다.",이민채 씨는 격렬한 운동보다는 화성시의 한적한 주택가 골목을 천천히 거닐며 계절의 변화를 살피는 정적인 산책을 즐깁니다. 숨이 차오르는 운동보다는 따뜻한 사우나에서 근육을 이완시키는 행위를 통해 신체적 피로를 풀고 정신적인 휴식을 취하며 에너지를 충전합니다.,"이민채 씨는 좋아하는 웹툰의 설정집을 낱낱이 분석해 자신만의 세계관을 상상하고, 이를 감각적인 색감의 짧은 영상으로 구현해내는 편집 작업에 몰입합니다. 정해진 정답을 따르기보다 폰트의 굵기나 색조의 미세한 차이가 주는 분위기의 변화를 포착해내는 예술적 감수성이 매우 뛰어납니다.","이민채 씨는 친구나 연인과 함께 에버랜드의 화려한 퍼레이드를 관람하며 현실의 지루함을 잊고 동화 같은 분위기에 젖어드는 시간을 소중히 여깁니다. 복잡한 여행 계획을 짜기보다 함께하는 사람과의 조화를 중시하며, 테마파크의 아기자기한 소품과 공간 구성에서 디자인적 영감을 얻곤 합니다.","이민채 씨는 주말이면 친구들과 함께 지글지글 익어가는 삼겹살집에서 배를 채우고, 후식으로는 겉은 바삭하고 속은 쫄깃한 소금빵을 파는 개인 카페를 찾아다닙니다. 일주일의 절반은 배달 앱으로 간편하게 끼니를 해결하며, 음식의 맛만큼이나 배달 오는 패키지의 디자인이나 정갈함에 민감하게 반응합니다.","이민채 씨는 화성시의 오래된 단독주택에서 부모님과 함께 거주하며, 세련된 동탄 신도시의 풍경과 대비되는 집 주변의 고요한 골목 분위기 속에서 정서적 안정감을 느낍니다. 부모님과의 관계는 원만하지만, 때로는 독립적인 공간에 대한 갈망과 부모님의 기대 사이에서 미묘한 심리적 갈등을 겪으며 방 안에서 혼자만의 시간을 보냅니다.","이민채 씨는 섬세한 영상 편집 능력과 예술적 감수성을 지닌 21세 청년으로, 취업 준비의 불안함 속에서도 자신만의 색깔을 찾아가는 예비 브랜드 디자이너입니다.","화성시의 한적한 주택가 골목에서 자라며, 동탄의 세련된 거리와 오래된 단독주택의 고요함이 공존하는 분위기 속에 살고 있습니다. 전문대학에서 실용적인 기술을 배웠지만, 정해진 정답보다는 자신만의 독특한 색깔을 찾는 예술적 감각에 더 큰 가치를 둡니다.",전공 지식을 활용해 짧은 영상에 감각적인 자막과 색감을 입혀 분위기를 완전히 바꾸는 편집 능력이 뛰어납니다. 아주 작은 픽셀 오차나 폰트의 간격까지 세밀하게 조정하는 꼼꼼함 덕분에 주변에서 결과물이 깔끔하다는 신뢰를 받습니다.,"['숏폼 영상 컷 편집', '톤앤매너 색보정', '타이포그래피 배치', '디지털 드로잉', '상세페이지 레이아웃 구성']","좋아하는 웹툰의 설정집을 분석하며 상상력을 키우고, 주말에는 친구와 에버랜드의 화려한 퍼레이드를 보며 일상의 지루함을 덜어냅니다. 동네 구석구석 숨겨진 소금빵 맛집을 찾아다니거나, 혼자 조용한 사우나에서 땀을 빼며 복잡한 생각들을 정리하곤 합니다.","['웹툰 세계관 분석', '신상 베이커리 카페 투어', '분위기별 플레이리스트 구성', '동네 골목 야간 산책', '캐릭터 굿즈 수집']","자신이 만든 시각적 결과물이 누군가에게 실질적인 위로가 되는 브랜드 디자이너를 꿈꾸며 포트폴리오를 다듬고 있습니다. 갑작스러운 변화에 마음이 쉽게 소모되는 편이라, 체계적인 시스템이 갖춰진 곳에서 자신의 몫을 다하며 안정적으로 성장하기를 바랍니다.",여자,21,미혼,비현역,부모와 동거,단독주택,2~3년제 전문대학,해당없음,무직,경기-화성시,경기,대한민국
71920b3dc2824fabbde589cda83e6ab4,"최연미 씨는 성남 중원구의 오래된 상가와 빌라 단지를 누비며 복잡하게 얽힌 전기 회로도를 단번에 읽어내 최적의 배선 경로를 찾아내는 베테랑 전기 기술자입니다. 현장에서 발생하는 돌발 변수를 특유의 임기응변으로 빠르게 해결하지만, 정작 작업 완료 보고서나 자재 명세서를 작성할 때는 항목을 빼먹거나 순서를 뒤섞는 덜렁거리는 습관이 있습니다.",최연미 씨는 고된 현장 일로 뭉친 근육과 피로를 풀기 위해 주말마다 중원구 단골 사우나의 뜨거운 탕 속에 몸을 담그고 땀을 푹 빼는 시간을 가장 아낍니다. 격렬한 운동보다는 몸의 긴장을 완전히 내려놓는 휴식 중심의 활동을 통해 일주일의 스트레스를 씻어냅니다.,"최연미 씨는 스마트폰 카메라를 들고 이름 모를 숲길의 이끼 낀 바위나 바다의 윤슬을 세밀하게 포착해 기록하는 풍경 사진 찍기에 푹 빠져 있습니다. 투박한 작업복을 벗어던지고 예술적인 시선으로 세상을 바라보며, 정형화된 틀을 벗어난 독특한 구도의 사진을 수집하는 과정에서 큰 희열을 느낍니다.",최연미 씨는 교회 소모임 사람들과 함께 강원도 인제의 자작나무 숲이나 전남 순천만 습지처럼 자연경관이 뛰어난 곳으로 여행을 떠나 탁 트인 풍경을 감상합니다. 정해진 시간표대로 움직이는 일정보다는 발길 닿는 대로 걷다가 마음에 드는 풍경을 발견하면 한참을 서서 셔터를 누르는 여유로운 여행 방식을 즐깁니다.,"최연미 씨는 평소 고기 없는 정갈한 나물 비빔밥이나 청국장 같은 한식을 즐기며, 가끔 기분 전환이 필요한 날에는 성남 시내의 조용한 이탈리안 레스토랑에서 진한 크림 파스타를 주문해 천천히 음미합니다. 배달 음식은 2주에 한 번 정도만 시키며, 주로 정성이 들어간 식당 음식을 직접 찾아가 먹는 것을 좋아합니다.","최연미 씨는 성남의 아파트에서 오랫동안 함께한 배우자와 서로의 일상을 존중하며 조용하고 평온한 가정을 꾸려가고 있습니다. 현장에서는 강단 있는 모습이지만 집안에서는 물건을 제자리에 두지 않는 덜렁거리는 면모를 보여 배우자의 잔소리를 듣기도 하며, 특유의 유연함으로 금세 화기애애한 분위기를 만듭니다.","최연미 씨는 성남에서 활동하는 숙련된 전기 기술자로, 현장의 투박함과 예술적 감수성을 동시에 품은 채 자연과 사람 속에서 여유로운 삶을 가꾸는 여성입니다.","남초 직종인 전기 설비 분야에서 수십 년간 묵묵히 경력을 쌓으며 여성으로서의 편견을 실력으로 깨뜨려온 강단과 유연함을 동시에 갖추고 있습니다. 성남 중원구의 정겨운 동네 분위기 속에서 이웃들과 어울리며, 투박한 삶의 현장과 예술적인 감수성 사이의 균형을 맞추며 살아왔습니다.","복잡하게 얽힌 건물 내 전기 회로 도면을 한눈에 파악해 최적의 배선 경로를 찾아내며, 매뉴얼에 없는 돌발 상황에서도 특유의 임기응변으로 전원 문제를 빠르게 해결합니다. 다만 정해진 절차를 엄격하게 따르기보다 직관에 의존하는 경향이 있어 가끔 서류 정리에서 누락이 발생하곤 합니다.","['건물 내 전기 회로 도면 해석', '누전 지점 추적 및 정비', '배전반 설치 및 유지보수', '현장 안전 수칙 적용']","교회 소모임 사람들과 함께 전국의 이름 모를 숲길이나 바닷가를 찾아다니며 풍경 사진을 찍고, 주말에는 단골 사우나에서 땀을 빼며 일주일의 피로를 씻어냅니다. 가끔은 분위기 좋은 이탈리안 레스토랑에서 파스타를 즐기며 일상의 단조로움을 해소합니다.","['자연 풍경 사진 촬영', '교회 공동체 활동', '동네 사우나 가기', '이탈리안 레스토랑 탐방']",현장에서 쌓은 숙련된 기술을 바탕으로 이제는 후배 여성 기술자들이 현장에 더 쉽게 적응할 수 있도록 돕는 멘토 역할을 수행하며 여유로운 은퇴 이후를 준비하고 있습니다.,여자,56,배우자있음,비현역,배우자와 거주,아파트,고등학교,해당없음,건물 내 전기 설치 및 정비원,경기-성남시 중원구,경기,대한민국
a7d62de49dff4035a0dd18e342e2cd4f,"서영규 씨는 농기계 부품과 비료 포대들이 가득한 창고에서 엑셀 시트의 숫자 하나까지 꼼꼼하게 맞춰가며 자재를 관리합니다. 공학 전공을 살려 창고 구석구석의 동선을 효율적으로 짰으며, 투박한 현장 반장님들의 요구를 깔끔한 공문서로 바꾸는 능력을 인정받고 있습니다.",서영규 씨는 직접 뛰는 것보다 집에서 편하게 스포츠 중계를 시청하며 소리를 지르는 시간을 좋아합니다. 가끔은 친구들과 내기를 걸고 전략 보드게임판 위에서 치열한 두뇌 싸움을 벌이며 승부욕을 불태웁니다.,서영규 씨는 대학 시절 배운 예술적 감각을 유지하며 유튜브에서 최신 전자기기 리뷰 영상을 찾아보는 것이 큰 즐거움입니다. 테라포밍 마스 같은 복잡한 전략 보드게임의 정교한 규칙과 구성품의 미학에 깊이 빠져들곤 합니다.,서영규 씨는 연인이나 친구와 함께 목포의 낡은 골목 속에 숨은 노포를 찾아다니는 식도락 여행을 즐깁니다. 단순히 먹는 것에 그치지 않고 지역마다 다른 양념의 간과 재료의 조화를 꼼꼼하게 기록하는 습관이 있습니다.,"서영규 씨는 나주 곰탕 거리에서 자라며 입맛이 매우 까다로워졌으며, 고기류보다는 나물이나 생선 위주의 한식을 선호합니다. 평소에는 집에서 영상을 보며 버거나 피자를 배달시켜 먹지만, 외식을 할 때는 정갈한 전라도식 백반집을 고집합니다.","서영규 씨는 전남 나주의 아파트에서 부모님을 모시고 살며, 보수적인 지역 정서와 현대적인 혁신도시 분위기 사이에서 균형을 잡고 있습니다. 미혼인 그는 부모님과의 관계가 원만하지만, 가끔은 자신만의 독립된 공간과 예술적 취향을 온전히 누리고 싶어 합니다.","서영규 씨는 나주 농업 현장의 효율화를 꿈꾸는 공학도 출신의 자재 관리원으로, 식도락과 최신 기기에 진심인 20대 청년입니다.","나주 곰탕 거리의 정취와 빛가람 혁신도시의 현대적인 분위기가 공존하는 환경에서 성장했으며, 전남 지역 특유의 풍성한 식문화 덕분에 음식의 간과 조리법에 대해 예민한 감각을 가지고 있습니다. 조용한 시골 마을의 정서에 익숙하면서도 대학 시절 접한 다양한 예술적 취향이 남아 있어, 지역 사회의 보수적인 분위기 속에서도 자신만의 독특한 심미안을 유지하며 살아갑니다.","농기계 부품과 비료 등 방대한 양의 자재 입출고 흐름을 정밀한 엑셀 시트로 데이터화하여 관리하며, 공학적 지식을 활용해 창고 내 적재 효율을 극대화하는 동선을 설계합니다. 현장 작업자들의 투박한 요구사항을 정확한 수치와 문서로 변환해 행정적 오류를 없애는 꼼꼼한 업무 처리 능력을 갖추고 있습니다.","['농자재 재고 관리 시스템 운용', '물류 적재 효율 최적화 설계', '산업 안전 기준 준수 점검', '공급망 데이터 분석 및 리포팅']","주말이면 유튜브에서 최신 IT 기기 리뷰 영상을 몰아보거나, 마음 맞는 친구들과 함께 목포나 광주의 숨은 노포를 찾아다니며 지역별 특색 있는 음식을 기록하는 식도락 여행을 즐깁니다. 평소에는 집에서 '테라포밍 마스' 같은 복잡한 전략 보드게임에 몰입하며 시간을 보내며, 가끔은 무거운 몸을 이끌고 무등산 자락을 천천히 오르며 복잡한 생각을 정리합니다.","['전략 보드게임 플레이', '전남 지역 노포 맛집 탐방', '넷플릭스 다큐멘터리 시청', '가벼운 주말 등산']","단순한 자재 관리를 넘어 나주 지역 농업 현장에 스마트 물류 시스템을 도입해 자원 낭비를 획기적으로 줄이는 효율적인 관리 체계를 구축하고자 합니다. 조직 내에서 대체 불가능한 살림꾼으로 인정받으며, 실무 경험을 쌓아 향후 농업 물류 운영 전문가로 성장하려는 계획을 가지고 있습니다.",남자,28,미혼,비현역,부모와 동거,아파트,4년제 대학교,공학·제조·건설,자재 관리 사무원,전라남-나주시,전라남,대한민국
43d9ee6d3da848b0ac810a4d6ecdc6be,"김인옥 씨는 물류 창고의 복잡한 수치 더미 속에서 유통 흐름의 핵심을 짚어내는 베테랑 통계 사무원입니다. 서비스학 전공자답게 딱딱한 보고서 사이에도 사람 냄새 나는 통찰을 담아내며, 때로는 엑셀 시트 정리를 미루다 마감 직전에 몰아치는 습관이 있습니다.",김인옥 씨는 수지 생태공원의 흙길을 천천히 걸으며 계절마다 바뀌는 들꽃의 색깔을 관찰하는 것으로 몸과 마음을 정돈합니다. 산책 후에는 동네 단골 사우나의 뜨거운 탕에 몸을 푹 담가 일주일간 쌓인 근육의 긴장과 잡념을 한꺼번에 씻어냅니다.,"김인옥 씨는 지역 작은 갤러리에서 무명 작가의 유화 작품을 감상하며 그 속에 담긴 삶의 애환을 읽어내는 시간을 소중히 여깁니다. 평소 읽고 있던 인문학 서적의 구절을 수첩에 옮겨 적거나, 문득 떠오른 상상을 서툰 그림으로 스케치하며 혼자만의 예술 세계를 구축합니다.",김인옥 씨는 남해의 한적한 풀빌라나 제주도의 조용한 숲속 숙소에서 가족들과 함께 아무것도 하지 않고 쉬는 여행을 즐깁니다. 빡빡한 관광 일정 대신 창밖의 풍경을 멍하니 바라보며 가족들과 도란도란 이야기를 나누는 정적인 시간을 보냅니다.,"김인옥 씨는 한 달에 한 번, 정갈한 나물 반찬과 솥밥이 나오는 한정식집에서 가족들과 함께 건강한 한 끼를 나눕니다. 가끔 기분 전환이 필요할 때는 수지구의 분위기 좋은 이탈리안 레스토랑에서 진한 크림 파스타를 즐기며 미각의 즐거움을 찾습니다.","김인옥 씨는 배우자와 자녀들이 함께하는 북적이는 집안 분위기 속에서 정서적 충만함을 느끼며 살아갑니다. 가족들의 고민을 묵묵히 들어주는 포용력 있는 어머니이자 아내이지만, 때로는 자기만의 시간이 간절해 방 문을 닫고 혼자 책 속으로 숨어버리곤 합니다.",김인옥 씨는 수지구에서 통계 사무원으로 일하며 예술적 감성과 인본주의적 가치를 통해 삶의 균형을 찾아가는 60대 여성입니다.,"김인옥 님은 대학원에서 서비스학을 전공하며 체득한 인본주의적 관점을 삶의 기초로 삼고 있으며, 용인 수지의 평온한 분위기 속에서 예술적 영감을 찾는 삶을 지향합니다. 지적인 호기심이 강해 늘 새로운 분야의 책을 곁에 두지만, 정해진 규칙보다는 마음이 끌리는 직관과 감성적인 가치를 더 신뢰하며 살아왔습니다.","물류 현장의 거친 데이터 속에서 핵심적인 흐름을 짚어내어 명확한 통계 지표로 전환하는 능력이 있으며, 서비스 전공자 특유의 유연함으로 다양한 연령대의 동료들과 원만한 관계를 유지합니다. 숫자 너머의 맥락을 읽어내는 통찰력이 있어 딱딱한 보고서에도 생동감을 불어넣는 강점이 있습니다.","['물류 흐름 통계 분석', '데이터 기반 보고서 작성', '세대 간 소통 중재', '서비스 프로세스 최적화']","수지 생태공원의 오솔길을 걸으며 이름 모를 들꽃의 색감을 관찰하고, 동네 친구들과 함께 지역 갤러리의 작은 전시를 둘러본 뒤 카페에서 한참 동안 이야기를 나누는 시간을 사랑합니다. 때로는 집에서 좋아하는 프로그램을 시청하며 멍하게 시간을 보내거나, 단골 사우나에서 땀을 내며 일주일의 긴장을 털어내곤 합니다.","['수지 생태공원 식물 사진 찍기', '동네 갤러리 전시 관람', '지인들과의 소소한 수다 모임', '사우나에서의 명상과 휴식']",업무적인 성취나 직급 상승보다는 현재의 전문성을 유지하며 주변 동료들에게 심리적 안정감을 주는 멘토로서의 역할에 무게를 둡니다. 퇴직 후에는 그동안 미뤄두었던 예술적 상상력을 발휘해 개인적인 기록물을 엮어내거나 소소한 문화 활동을 체계화하는 일에 도전하고 싶어 합니다.,여자,62,배우자있음,비현역,배우자·자녀와 거주,연립주택,대학원,서비스,통계 사무원,경기-용인시 수지구,경기,대한민국
cf266fd459ab4cab92b26532dc22004e,"김종식 씨는 스포츠 스타들의 까다로운 취향과 분 단위 일정을 정교하게 관리하며 그들의 완벽한 조력자로 살아갑니다. 상사의 기분을 빠르게 살펴 유연하게 대처하면서도, 정작 본인의 피로함은 내색하지 않은 채 묵묵히 서류를 정리하는 습관이 있습니다.","김종식 씨는 동네 배드민턴 클럽에서 셔틀콕을 날리며 땀을 흘리고, 경기 후 회원들과 시원한 막걸리 한 잔을 나누는 시간을 즐깁니다. 집 앞 공터에서 줄넘기를 하며 숨이 턱 끝까지 차오를 때 비로소 복잡한 머릿속이 비워지는 기분을 느낍니다.","김종식 씨는 망원동 골목 구석구석에 숨은 작은 전시관을 찾아다니며 팸플릿을 수집하고, 잠들기 전 안방에서 안토니 가우디의 건축 철학을 다룬 유튜브 영상을 봅니다. 정해진 틀을 벗어난 독특한 형태의 건물 앞에서 한참을 멍하니 서 있는 버릇이 있습니다.","김종식 씨는 아내와 자녀의 손을 잡고 예루살렘이나 로마 같은 성지를 순례하며 삶의 의미를 되새기고 마음의 평온을 찾습니다. 여행지에서도 꼼꼼하게 짠 일정표대로 움직이면서도, 예상치 못한 작은 성당의 분위기에 매료되어 계획에 없던 발걸음을 멈추곤 합니다.",김종식 씨는 주말이면 가족들과 함께 동네 나물 비빔밥 집이나 청국장 전문점을 찾아 소박한 한 끼를 나눕니다. 가끔은 시장 골목의 분식집에서 떡볶이와 꼬마김밥을 사 먹으며 어린 시절의 추억에 잠기곤 합니다.,"김종식 씨는 가족들의 요구사항을 세심하게 챙기며 갈등을 만들지 않으려 노력하는 다정한 아버지이자 남편입니다. 때로는 자신의 힘든 내색을 숨긴 채 가족들의 투정을 다 받아주다 보니, 가끔은 혼자만의 시간이 간절해져 방 안에서 가만히 숨을 고릅니다.","김종식 씨는 마포구에 거주하며 스포츠 VIP의 일정을 관리하는 세심한 비서이자, 예술과 종교에서 정서적 안식을 찾는 50대 가장입니다.","마포구 망원동의 한적한 골목길을 산책하며 이름 없는 작은 갤러리들을 들르는 시간을 소중히 여깁니다. 50대 가장으로서의 책임감과 예술적 호기심 사이에서 균형을 잡으며, 가족과 함께 떠나는 성지순례 여행에서 마음의 안정을 찾습니다.","스포츠 업계 VIP들의 복잡한 일정을 분 단위로 쪼개어 관리하며, 상대의 기분을 빠르게 파악해 유연하게 대처하는 세심한 응대 능력이 뛰어납니다. 서비스 전공자답게 작은 디테일 하나 놓치지 않는 꼼꼼함으로 상사의 두터운 신뢰를 받습니다.","['VIP 의전 및 일정 관리', '비즈니스 매너 및 서비스 응대', '효율적인 문서 정리 및 아카이빙', '갈등 중재 및 커뮤니케이션']","동네 배드민턴 클럽에서 셔틀콕을 주고받으며 땀을 흘리고, 잠들기 전 유튜브로 세계 각지의 건축물 다큐멘터리를 시청합니다. 혈압 관리를 위해 매일 저녁 가족과 함께 한강 변을 천천히 걷는 습관이 있습니다.","['지역 배드민턴 동호회 활동', '건축 및 예술 다큐멘터리 시청', '한강 변 저녁 산책', '가족 동반 성지순례 여행']","지금처럼 상사의 든든한 조력자로 남으며, 은퇴 전까지 조직 내에서 대체 불가능한 살림꾼이라는 평가를 유지하는 것에 가치를 둡니다. 과도한 승진보다는 현재의 안정적인 관계 속에서 심리적 평온을 유지하며 완만하게 직장 생활을 마무리하는 삶을 꿈꿉니다.",남자,54,배우자있음,비현역,배우자·자녀와 거주,주택 이외의 거처,4년제 대학교,서비스,관리 비서,서울-마포구,서울,대한민국
7d27323d019342cdacf0a3c4ddd572ab,배영순 씨는 전북 부안의 아파트에서 평생의 살림 노하우를 발휘해 집안 구석구석을 티끌 하나 없이 관리하는 가정의 총책임자입니다. 정해진 시간에 일어나 빨래를 널고 집안을 가꾸는 규칙적인 생활 속에서 남모를 성취감을 느끼며 살아갑니다.,배영순 씨는 주말이면 남편의 손을 잡고 변산반도의 해안 산책로를 천천히 거닐며 바다 풍경을 감상하는 것으로 건강을 챙깁니다. 격렬한 운동보다는 동네 아파트 단지를 몇 바퀴 도는 가벼운 산책을 즐기며 이웃들과 가벼운 인사를 나눕니다.,배영순 씨는 TV에서 임영웅이나 영탁 같은 트로트 가수가 나오면 채널을 고정하고 노래를 따라 부르며 하루의 스트레스를 날려버립니다. 틈틈이 스마트폰으로 알록달록한 퍼즐 게임을 하며 시간을 보내는 소소한 즐거움에 푹 빠져 있습니다.,배영순 씨는 명절이나 가족 모임 때 자녀들과 함께 전국의 유명한 산이나 바다를 찾아가 탁 트인 풍경을 보며 마음의 평안을 얻습니다. 멀리 떠나는 여행보다는 익숙한 부안의 바다 내음을 맡으며 가족들과 도란도란 이야기를 나누는 시간을 가장 소중히 여깁니다.,"배영순 씨는 제철 나물을 무치고 직접 담근 된장으로 찌개를 끓여내는 손맛이 뛰어나며, 동네 친구들과는 단골 칼국수 집에서 밀가루 음식을 나누어 먹습니다. 가끔은 분위기 좋은 주점에서 안주 위주로 가볍게 식사를 하며 친구들과의 수다 떨기에 열중합니다.","배영순 씨는 함께 늙어가는 남편과 투닥거리면서도 서로를 의지하며 아파트에서 조용히 노후를 보내고 있습니다. 가끔 걸려오는 자녀들의 안부 전화 한 통에 세상을 다 가진 듯 기뻐하며, 정성껏 만든 밑반찬을 택배로 보내줄 때 가장 큰 행복을 느낍니다.",배영순 씨는 전북 부안에서 살림의 지혜와 넉살 좋은 성격으로 이웃과 어울리며 소박한 일상의 행복을 가꾸는 60대 여성입니다.,"전북 부안의 너른 들판과 바다 곁에서 나고 자라며 이웃과 정을 나누는 법을 몸소 익혔습니다. 어린 시절 시대적 상황으로 배움의 기회는 짧았지만, 마을 공동체의 질서와 살림의 지혜를 빠르게 깨우치며 억척스럽고도 다정하게 삶을 일궈왔습니다.","제철 나물을 무치고 장을 담그는 손맛이 일품이며, 복잡한 집안 살림을 한 치의 오차 없이 꾸려가는 능력이 탁월합니다. 동네 모임에서 갈등이 생기면 특유의 넉살로 분위기를 부드럽게 전환하며 사람들을 하나로 모으는 재주가 있습니다.","['제철 나물 무침과 전통 장 담그기', '효율적인 가계부 관리 및 살림 운영', '공동체 내 갈등 중재 및 분위기 조성', '지역 특산물을 활용한 건강 식단 구성']","스마트폰으로 간단한 퍼즐 게임을 하며 시간을 보내고, TV 속 트로트 가수들의 무대를 챙겨보며 스트레스를 풉니다. 주말이면 남편과 함께 변산반도의 해안선을 따라 천천히 걸으며 바다 내음을 맡거나, 단골 칼국수 집에서 친구들과 밀린 이야기를 나눕니다.","['스마트폰 캐주얼 퍼즐 게임', '트로트 프로그램 시청', '변산반도 해안 산책', '단골 한식당에서의 친목 도모', '종교 활동을 통한 마음 다스리기']","이제는 큰 욕심 없이 매일 아침 정해진 시간에 일어나 집안을 가꾸고, 자녀들이 가끔 전해오는 안부 전화에 기뻐하는 소박한 일상을 유지하려 합니다. 아파트 단지 내에서 마음 맞는 친구들과 오래도록 건강하게 어울리며 외롭지 않은 노후를 보내는 것에 만족합니다.",여자,65,배우자있음,비현역,배우자와 거주,아파트,초등학교,해당없음,무직,전북-부안군,전북,대한민국
ac0a8c84e28642f5afa69ebf64a74d56,고현 씨는 교육기관의 낡은 서버실에서 엉킨 케이블들을 매뉴얼대로 하나하나 정리하며 정년퇴직까지의 무사안일을 꿈꿉니다. 예기치 못한 시스템 다운 상황에서도 당황하지 않고 묵묵히 복구 작업을 수행하며 후배들에게 잔소리 섞인 실무 노하우를 전수합니다.,고현 씨는 동네 목욕탕의 뜨거운 온탕에 몸을 깊숙이 담그고 땀을 쭉 빼며 일주일의 피로를 씻어냅니다. 탕에서 나와 마시는 차가운 식혜 한 잔의 달콤함으로 몸과 마음의 긴장을 푸는 시간을 가장 소중하게 여깁니다.,고현 씨는 주말 저녁이면 거실 소파에 깊숙이 파묻혀 유튜브의 역사 다큐멘터리를 시청하며 고대 문명이나 전쟁사에 몰입합니다. 가끔 노래방을 찾아 옛 시절의 애창곡을 목청껏 부르며 내면에 쌓인 답답함을 털어내기도 합니다.,고현 씨는 가족들의 손을 잡고 전국의 성지순례 길을 찾아다니며 복잡한 마음을 정리하고 삶의 위안을 얻습니다. 정해진 경로를 따라 걷는 경건한 여정을 통해 가장으로서의 책임감을 되새기며 자녀들과의 유대를 확인합니다.,고현 씨는 퇴근길 연신내 시장 골목에 있는 단골집에서 구수한 청국장 찌개로 저녁 식사를 해결하는 것이 일상입니다. 일주일에 한 번 정도는 자녀들과 함께 바삭한 치킨을 시켜놓고 도란도란 이야기를 나누며 소소한 행복을 누립니다.,"고현 씨는 이혼 후 홀로 자녀들을 키우며 느끼는 미안함과 책임감을 묵직한 사랑으로 승화시켜 아이들의 든든한 버팀목이 되어줍니다. 무뚝뚝한 말투 속에 자녀를 향한 깊은 애정이 배어 있으며, 함께 보내는 주말 시간을 무엇보다 중요하게 생각합니다.","고현 씨는 은평구의 자가 아파트에서 자녀를 키우며 교육기관의 시스템 운영자로 성실하게 살아가는, 책임감 강하고 보수적인 50대 가장입니다.","은평구 불광동 일대의 오래된 골목과 단골집들을 꿰고 있으며, 주말이면 자녀들과 함께 성지순례 길을 나서며 마음의 평안을 찾습니다. 이혼 후 홀로 아이들을 키워내며 책임감 하나로 버텨온 세월이 삶의 태도에 깊이 배어 있습니다.","교육기관의 낡은 서버와 네트워크망이 엉키지 않게 관리하는 일에 능숙하며, 예기치 못한 시스템 오류가 터졌을 때 당황하지 않고 매뉴얼대로 해결합니다. 공학적 기초를 바탕으로 복잡한 시설 유지보수 업무를 꼼꼼하게 처리합니다.","['교육행정 정보시스템 유지보수', '서버 네트워크 장애 복구', '시설 안전 점검 및 관리', '레거시 소프트웨어 최적화']","퇴근길에 연신내 시장 근처의 청국장 집에서 저녁을 해결하거나, 주말이면 자녀들과 함께 치킨을 시켜놓고 유튜브의 역사 다큐멘터리를 봅니다. 쌓인 피로는 동네 목욕탕에서 뜨거운 탕에 몸을 담그고 식혜 한 잔을 마시는 것으로 풉니다.","['연신내 시장 청국장 맛집 탐방', '주말 가족 치킨 파티', '유튜브 역사 및 종교 다큐멘터리 시청', '동네 대중사우나 이용', '코인 노래방에서 80년대 가요 부르기']","갑작스러운 변화보다는 지금의 안정적인 직장 생활을 정년까지 무사히 유지하며, 후배들에게 자신이 가진 실무 노하우를 차근차근 전수하고 싶어 합니다.",남자,59,이혼,비현역,자녀와 거주 (한부모),아파트,4년제 대학교,공학·제조·건설,정보 시스템 운영자,서울-은평구,서울,대한민국
6d865752c2d140bba86c03a55b898405,"문혜연 씨는 태안의 한 농업 법인에서 복잡한 행정 서류를 꼼꼼하게 처리하며, 보건 복지 전공을 살려 직원들의 건강 검진 날짜와 맞춤형 복지 혜택을 세심히 관리하는 비서입니다. 농민들이 정부 지원금을 더 쉽게 받을 수 있도록 실무적인 행정 매뉴얼을 만드는 일에 몰두하며 일터에서의 안정감을 찾습니다.",문혜연 씨는 주말이면 반려견과 함께 안면도 소나무 숲길을 천천히 걷거나 인근 수영장에서 물살을 가르며 몸의 무거움을 털어냅니다. 가끔은 마음 맞는 친구들과 함께 완만한 등산 코스를 오르며 정상에서 마시는 시원한 생수 한 모금에 성취감을 느낍니다.,"문혜연 씨는 퇴근 후 거실 소파에 기대어 최신 드라마나 유튜브 영상을 시청하며 하루의 피로를 풀고, 잔잔한 인디 음악을 배경 삼아 멍하게 시간을 보내는 휴식을 즐깁니다. 화려한 예술 작품보다는 일상의 소소한 풍경을 담은 사진첩을 정리하며 마음의 평온을 찾습니다.","문혜연 씨는 친구들과 함께 전국의 유명한 나물 정식집을 찾아다니거나, 숨겨진 쌀국수 맛집을 탐방하는 식도락 여행에 진심입니다. 북적이는 관광명소보다는 지역색이 뚜렷한 작은 마을의 골목길을 천천히 거닐며 그곳의 분위기를 오롯이 느끼는 여행을 합니다.","문혜연 씨는 주 3회 정도 배달 앱으로 베트남 쌀국수나 팟타이를 주문해 먹거나, 정갈한 나물 반찬이 나오는 한정식집에서 식사하는 시간을 기다립니다. 고기 구이집보다는 담백한 채식 위주의 한식당이나 이색적인 외국 요리 전문점을 찾아가 미각의 즐거움을 누립니다.","문혜연 씨는 남편과 함께 살며 홀어머니를 모시는 효심 깊은 딸로, 집안의 크고 작은 대소사를 도맡아 챙기며 가족 간의 화목을 유지합니다. 전공 지식을 활용해 어머니의 건강 상태를 세심히 살피지만, 때로는 집안일의 무게에 눌려 혼자만의 시간이 간절해지기도 합니다.","문혜연 씨는 태안에서 농업 법인 비서로 일하며 가족과 반려견을 아끼고, 건강한 식도락과 안정적인 일상을 추구하는 다정하고 꼼꼼한 36세 여성입니다.","태안의 바다와 갯벌이 일상인 환경에서 자라 이웃과 정을 나누는 문화에 익숙하며, 보건 복지 전공을 살려 마을 어르신들의 안부를 챙기고 건강 상태를 세심히 살피는 다정함이 몸에 배어 있습니다.","농업 법인의 복잡한 행정 서류를 꼼꼼하게 처리하는 동시에, 전공 지식을 활용해 직원들의 건강 검진 일정 관리나 맞춤형 복지 혜택을 안내하는 실무 능력이 뛰어납니다.","['농업 행정 서류 및 보조금 신청 관리', '사회복지 기반의 맞춤형 상담', '효율적인 일정 및 스케줄링', '기초 건강 지표 모니터링 및 안내']","주말이면 반려견과 함께 안면도 소나무 숲으로 캠핑을 떠나고, 친구들과 전국 곳곳의 제철 나물 정식집이나 이색적인 쌀국수 가게를 찾아다니며 미각을 충족시키는 시간을 보냅니다.","['반려견과 함께하는 안면도 숲속 캠핑', '지역별 제철 나물 정식 및 외국 요리 맛집 탐방', '동네 친구들과의 수영 및 사우나 방문', '유튜브를 활용한 집에서 하는 가벼운 스트레칭']","지금의 안정적인 일터를 유지하면서, 농가들이 더 쉽게 정부 지원 혜택을 누릴 수 있도록 행정 절차를 간소화하는 실질적인 매뉴얼을 완성하고 싶어 합니다.",여자,36,배우자있음,비현역,배우자·편부모와 거주,아파트,4년제 대학교,보건·복지,관리 비서,충청남-태안군,충청남,대한민국
5fd2c38771894e3da4f7e46d810a676d,"문분례 씨는 현재 직업은 없지만, 지역 부녀회에서 총무를 맡아 십 원 단위까지 정확하게 맞추는 정산 능력으로 주변의 두터운 신뢰를 받습니다. 집안의 제사 날짜와 족보를 완벽하게 꿰어 챙기며 가문의 모든 행사를 빈틈없이 설계하는 실질적인 관리자 역할을 수행합니다.",문분례 씨는 매일 오후 일산 호수공원의 메타세쿼이아 길을 따라 만 보 걷기를 실천하며 계절의 변화를 체감합니다. 땀을 뺀 후에는 동네 단골 사우나의 뜨거운 온탕에 몸을 담그고 찜질방에서 식혜를 마시며 하루의 피로를 씻어냅니다.,문분례 씨는 기분이 울적한 날이면 동네 코인 노래방을 찾아가 임영웅의 노래를 열창하며 가슴 속 답답함을 해소합니다. 스마트폰에 저장된 트로트 재생 목록을 순서대로 듣거나 가사집을 손으로 따라 적으며 정서적인 위안을 얻습니다.,문분례 씨는 명절이나 휴가 때면 자녀들이 운전하는 차를 타고 강원도 설악산이나 제주도 올레길 같은 자연 경관이 수려한 곳으로 여행을 떠납니다. 멋진 풍경 앞에서 가족 모두가 나오게 사진을 찍고 이를 단체 채팅방에 공유하는 일을 여행의 가장 큰 즐거움으로 여깁니다.,"문분례 씨는 주말마다 동네 친구들과 함께 정갈한 초밥 정식이 나오는 일식집을 찾아 조용한 식사를 즐깁니다. 평소에는 나물 비빔밥이나 청국장 같은 담백한 한식을 주로 먹으며, 일주일에 한 번은 자녀들이 주문해 주는 족발이나 보쌈을 배달시켜 먹으며 입맛을 돋웁니다.","문분례 씨는 자녀들이 독립한 뒤에도 여전히 집안의 대소사를 진두지휘하며, 남편의 건강 상태와 옷차림을 꼼꼼하게 챙기는 세심함을 보입니다. 가끔 남편의 무심한 말투에 서운함을 느껴 며칠간 냉전을 벌이기도 하지만, 결국은 정성스럽게 차린 밥상으로 먼저 손을 내미는 성격입니다.",문분례 씨는 일산의 정돈된 환경 속에서 가족과 지역 사회의 신뢰를 기반으로 꼼꼼하고 성실하게 살아가는 60대 주부입니다.,"일산신도시의 정돈된 거리 풍경 속에서 안정감을 느끼며, 전문대학 졸업 후 가정을 일구며 성실하게 살아온 세대입니다. 예의와 격식을 갖춘 관계를 중요하게 생각하며, 지역 사회 내에서 신뢰받는 구성원으로 자리 잡는 것을 가치 있게 여깁니다.","젊은 시절부터 몸에 밴 꼼꼼함으로 집안의 모든 제사 날짜와 가족 행사를 빈틈없이 챙기며, 복잡한 가계 지출을 체계적으로 기록하고 관리하는 능력이 뛰어납니다. 지역 소모임에서 총무를 맡아 공금을 투명하게 운영하고 정산하는 일에 능숙합니다.","['가계부 및 자산 세부 관리', '가족 행사 및 제사 일정 조율', '지역 커뮤니티 모임 총무 업무', '효율적인 주거 공간 정리 정돈']","오후 시간에는 일산 호수공원의 산책로를 따라 천천히 걸으며 계절의 변화를 살피고, 주말이면 동네 친구들과 단골 일식집에서 정갈한 초밥 정식을 먹습니다. 마음이 답답할 때는 동네 사우나에서 뜨거운 탕에 몸을 녹이거나 코인 노래방에서 좋아하는 트로트를 부르며 스트레스를 풉니다.","['일산 호수공원 산책', '단골 일식집에서의 정식 식사', '동네 사우나 이용', '가족과 함께하는 자연 경관 여행', '트로트 음악 감상 및 노래방']",더 이상의 사회적 성취보다는 고혈압 전단계인 건강 수치를 정상으로 돌리기 위해 식단을 조절하고 매일 걷는 삶을 유지하려 노력합니다. 자녀들이 독립한 후에도 남편과 다투지 않고 평온한 노후를 보내는 정서적 안정을 최우선으로 둡니다.,여자,63,배우자있음,비현역,배우자·자녀와 거주,아파트,2~3년제 전문대학,해당없음,무직,경기-고양시 일산동구,경기,대한민국
fb927f61bda34d1bacab41db2d6ee65d,"김태용 씨는 현재 무직 상태이지만, 집 근처 도서관에서 공공기관 농업 행정직 합격을 위해 매일 정해진 분량의 기출문제를 풀며 시간을 보냅니다. 농림어업 전공자 특유의 집요함으로 오답 노트를 소수점 단위까지 꼼꼼하게 정리하며, 완벽한 서류 작성 능력을 발휘해 자격증 취득 계획을 일 단위로 설계해 실천하고 있습니다.","김태용 씨는 주말마다 북한산 자락의 호젓한 산책로를 따라 걸으며 마음을 정리하고, 가끔은 탁 트인 바다에서 수상스포츠를 즐기며 일상의 답답함을 해소합니다. 평소에는 필라테스로 코어 근육을 잡으려 애쓰지만, 운동 후 찾아오는 나른함에 취해 TV 앞에서 한참을 멍하게 보내는 시간이 많습니다.",김태용 씨는 컴퓨터 앞에 앉아 전략 시뮬레이션 게임 속에서 치밀하게 도시의 기반 시설을 배치하고 자원을 분배하며 마을을 건설하는 과정에서 큰 성취감을 느낍니다. 길가에 심어진 가로수의 수종과 잎의 상태를 보고 토양의 영양 상태를 추측하는 등 일상 속 자연의 조형미를 분석하는 습관이 있습니다.,김태용 씨는 아내와 함께 전국 곳곳의 숨겨진 메밀국수 집이나 산채비빔밥 전문점을 찾아다니며 식재료의 신선함과 조화를 기록하는 음식 관광에 몰입합니다. 유명 관광지보다는 지역 주민들만 아는 정갈한 나물 정식 집을 찾아가 식재료의 원산지를 꼼꼼히 살피는 여행 방식을 고수합니다.,"김태용 씨는 고기류가 없는 정갈한 한식이나 간단한 김밥, 떡볶이 같은 분식을 즐기며, 집에서는 전공 지식을 살려 직접 식재료를 손질하고 요리하는 시간을 갖습니다. 음식을 먹을 때면 재료의 배합과 조리법을 분석하는 습관이 있어, 함께 식사하는 사람이 가끔은 취조를 받는 듯한 기분을 느끼게 할 만큼 까다로운 식견을 보입니다.","김태용 씨는 아내와 함께 다세대주택에서 단란하게 생활하며, 주말 여행이나 소소한 산책을 통해 서로의 정서적 유대를 강화하는 안정적인 관계를 유지하고 있습니다. 평소에는 다정하고 책임감 있는 남편이지만, 계획에서 벗어난 상황이 닥치면 예민하게 반응하며 자신의 원칙을 고집하는 경향이 있습니다.",김태용 씨는 강북구에 거주하며 공공기관 농업직 복귀를 꿈꾸는 42세의 꼼꼼하고 보수적인 성격의 전공자입니다.,"강북구 미아동의 오래된 골목 정취에 익숙하며, 주말이면 북한산 자락을 따라 걷는 일상에서 정서적 안정을 찾습니다. 농림어업 전공자로서 도시 속 작은 텃밭이나 가로수 하나를 봐도 토양의 상태와 작물의 특성을 먼저 살피는 습관이 몸에 배어 있습니다.",전공 지식을 활용해 반려식물의 생육 상태를 정확히 진단하고 최적의 비료 배합을 맞추는 데 능숙합니다. 꼼꼼한 성격 덕분에 복잡한 서류 작업이나 데이터 정리 시 오타 하나 없이 완벽하게 마무리하는 집요함이 있습니다.,"['반려식물 생육 진단 및 관리', '토양 성분 분석 및 비료 배합', '정밀한 문서 작성 및 데이터 정리', '농림수산 관련 기초 법규 이해']","아내와 함께 전국 각지의 정갈한 나물 정식이나 메밀국수 집을 찾아다니며 식재료의 조화를 기록합니다. 공복 혈당 관리를 위해 집 근처 필라테스 센터에서 호흡과 자세를 교정하며, 가끔은 전략 시뮬레이션 게임에 몰입해 치밀하게 마을을 건설합니다.","['전국 나물 정식 및 메밀국수 맛집 탐방', '혈당 관리를 위한 기구 필라테스', '전략 시뮬레이션 게임', '북한산 둘레길 산책']","현재의 공백기를 지나, 자신의 전공을 활용하면서도 고용 안정성이 보장되는 공공기관의 농업 행정직이나 검역직으로의 복귀를 준비하고 있습니다. 무리한 도전보다는 검증된 자격증 취득을 통해 단계적으로 재취업 경로를 설계하는 중입니다.",남자,42,배우자있음,비현역,배우자와 거주,다세대주택,4년제 대학교,농림어업·수의학,무직,서울-강북구,서울,대한민국
b97b3b03bf8a498a90554e670f356da5,윤준범 씨는 대전의 공공시설에서 십수 년째 출입 통제 매뉴얼을 철저히 지키며 단 하나의 빈틈도 허용하지 않는 경비원으로 근무합니다. 윤준범 씨는 정해진 순찰 경로를 한 치의 오차 없이 돌며 시설의 사각지대를 살피는 일에서 깊은 안도감을 느끼며 정년퇴직까지의 무사고 기록을 최고의 훈장으로 여깁니다.,윤준범 씨는 주말이면 아내의 손을 잡고 계족산 황톳길을 맨발로 천천히 걸으며 발바닥에 닿는 흙의 촉감으로 일주일의 피로를 씻어냅니다. 윤준범 씨는 호흡을 가다듬으며 숲길을 산책하는 시간을 통해 마음의 평온을 찾습니다.,윤준범 씨는 퇴근 후 거실 소파에 깊숙이 파묻혀 임영웅의 노래 영상을 찾아보며 가사의 애절함에 몰래 눈시울을 붉힙니다. 윤준범 씨는 가슴을 울리는 트로트 가락 속에서 자신의 지난 세월을 위로받습니다.,윤준범 씨는 아내와 함께 대청호 근처 캠핑장에 텐트를 치고 물멍을 때리며 자연이 주는 고요함 속에 머무는 시간을 가장 아낍니다. 윤준범 씨는 가족과 함께 조용히 풍경을 감상할 수 있는 한적한 장소를 찾아다닙니다.,"윤준범 씨는 일주일에 대여섯 번은 밖에서 식사를 해결하며, 특히 동네 단골 중국집에서 얼큰한 짬뽕 국물로 하루의 스트레스를 날려버립니다. 윤준범 씨는 나물 반찬이 넉넉한 한정식집을 즐겨 찾으며 배달 앱으로 주문한 짜장면 한 그릇에 소소한 행복을 느낍니다.","윤준범 씨는 무뚝뚝한 성격 탓에 애정 표현은 서툴지만, 아내가 좋아하는 제철 과일을 직접 깎아 내미는 방식으로 마음을 전합니다. 윤준범 씨는 주말마다 배우자와 함께 시간을 보내며 서로의 일상을 공유하는 것을 삶의 가장 큰 버팀목으로 삼습니다.",윤준범 씨는 대전 대덕구에서 성실하게 경비직으로 근무하며 가족과의 소박한 일상과 안정을 최우선으로 여기는 50대 가장입니다.,"대전 대덕구의 조용한 주거지에서 오랫동안 생활하며 성실함과 책임감을 최고의 가치로 여기는 환경에서 성장했습니다. 고등학교 졸업 후 바로 사회생활을 시작하며 몸으로 익힌 성실함이 몸에 배어 있으며, 주변 사람들과의 조화로운 관계를 유지하며 신뢰를 쌓는 것을 중요하게 생각합니다.","수년간 시설 경비 업무를 수행하며 익힌 철저한 출입 통제와 상황 관리 능력을 갖추고 있습니다. 정해진 매뉴얼을 한 치의 오차 없이 준수하며, 시설 내 사각지대를 꼼꼼하게 파악해 사고를 미연에 방지하는 세심한 관찰력이 뛰어납니다.","['시설 보안 및 출입자 명부 관리', 'CCTV 모니터링 및 이상 징후 포착', '비상 상황 대응 매뉴얼 숙지 및 실행', '민원인 응대 및 갈등 중재', '시설물 정기 점검 및 기록 관리']",주말이면 아내와 함께 대청호 근처 캠핑장에서 조용히 시간을 보내거나 계족산 황톳길을 천천히 걷습니다. 평일 저녁에는 거실 소파에서 좋아하는 트로트 가수의 영상을 보거나 집 근처 단골 중국집에서 짬뽕 한 그릇을 비우며 하루의 긴장을 풉니다.,"['대청호 주변한적한 캠핑', '계족산 황톳길 산책', '유튜브 트로트 영상 시청', '동네 단골집 중식 외식', '정기적인 종교 활동 참여']",현재 맡은 구역에서 단 한 건의 사고도 없이 정년까지 무사히 근무하여 안정적인 퇴직 생활을 준비하는 것이 가장 큰 목표입니다. 화려한 승진보다는 동료들과 상사에게 '믿고 맡길 수 있는 사람'이라는 평판을 유지하며 평온한 일상을 지키고 싶어 합니다.,남자,54,배우자있음,비현역,배우자와 거주,아파트,고등학교,해당없음,그 외 시설 및 특수 경비원,대전-대덕구,대전,대한민국
96e08f6cfc0f43c79a6248fbe6b9a3f7,"박귀자 씨는 중학교 졸업 후 금천구 공장 지대 시절부터 살림을 도맡아 하며 집안 구석구석 먼지 하나 허용하지 않는 철저한 가사 관리 능력을 갖추었습니다. 요즘은 전업주부로서의 삶을 마무리하며 정갈한 집안 환경을 유지하는 것에 자부심을 느끼지만, 가끔은 지나친 깔끔함 때문에 남편과 잔소리 섞인 실랑이를 벌입니다.",박귀자 씨는 매일 아침 금천구청역 인근의 산책로를 정해진 코스대로 완주하며 하루의 시작을 알립니다. 무리한 운동 대신 낮잠과 따뜻한 목욕으로 몸의 긴장을 푸는 시간을 가지며 체력을 관리합니다.,박귀자 씨는 좁은 베란다 공간에 제철 꽃과 채소를 촘촘히 심어 작은 숲을 가꾸는 원예 활동에서 큰 마음의 평안을 얻습니다. 저녁에는 텔레비전 앞에 앉아 최신 드라마의 전개에 몰입하며 주인공의 삶에 깊이 공감하고 때로는 함께 눈물짓습니다.,박귀자 씨는 오래된 동네 친구들과 함께 한적한 교외로 나가 푸른 산과 들판의 풍경을 감상하며 일상의 답답함을 해소합니다. 화려한 관광지보다는 나무가 많고 조용한 숲길을 천천히 걷는 일정을 짜서 다녀옵니다.,박귀자 씨는 금천구청역 인근 식당에서 구수한 청국장과 보리밥을 곁들여 먹는 소박한 외식을 즐깁니다. 2주에 한 번꼴로 배달시키는 짭조름한 페퍼로니 피자는 그녀가 일상에서 누리는 가장 자극적이고 특별한 별미입니다.,"박귀자 씨는 무뚝뚝한 남편과 함께 살며 집안의 모든 질서를 관리하지만, 남편의 사소한 정리 미숙함을 견디지 못해 툭하면 날카로운 말을 내뱉곤 합니다. 손주가 알려주는 새로운 유행이나 음식에는 호기심을 보이며 가족 간의 소통 창구로 삼으려 노력합니다.","박귀자 씨는 금천구에서 자가를 보유한 채 정갈한 살림과 건강 관리에 집중하며 살아가는, 예민하지만 책임감 강한 70대 여성입니다.","금천구의 공장 지대가 주택가로 변모하는 과정을 모두 지켜보며 치열하게 살아온 세대로, 중학교 졸업 후 빠르게 가정을 꾸리며 실속 있게 살림하는 법을 몸소 익혔습니다. 예민한 성격 탓에 집안 구석구석 먼지 하나 없는 정갈함을 유지하며 가족의 안위를 챙기는 것을 삶의 최우선으로 삼아왔습니다.","좁은 다세대주택 베란다를 작은 숲처럼 가꾸는 원예 솜씨가 뛰어나며, 제철 식재료를 활용해 혈압과 혈당에 무리가 없는 저염식 나물 반찬을 만드는 데 능숙합니다.","['베란다 텃밭 가꾸기', '저염식 건강 나물 요리', '효율적인 가계부 정리', '다세대주택 생활 관리']","동네 친구와 함께 금천구청 인근의 조용한 식당에서 보리밥과 청국장을 먹으며 밀린 이야기를 나누거나, 가끔 기분 전환을 위해 손주가 알려준 브랜드의 페퍼로니 피자를 배달시켜 먹으며 TV 드라마를 시청합니다.","['동네 목욕탕에서 온천욕 하기', '베란다 상추와 깻잎 재배', 'TV 주말 드라마 시청', '근처 공원 풍경 사진 찍기']","거창한 목표보다는 매일 아침 금천구청역 인근 산책로를 완주하며 공복 혈당 수치를 안정적으로 유지하고, 남편과 큰 다툼 없이 평온한 일상을 보내는 것에 집중합니다.",여자,72,배우자있음,비현역,배우자와 거주,다세대주택,중학교,해당없음,무직,서울-금천구,서울,대한민국
fd12bdb701ea4da688a124c38eb0bfd3,"정준규 씨는 부평의 복잡한 상가 거리에서 자라며 몸으로 부딪치는 법을 익혔고, 덕분에 고등학교 졸업 후 곧바로 현장에 뛰어들어 케이블 연결부터 소프트웨어 설정까지 빠르게 훑어내는 트러블슈팅 능력을 갖춘 네트워크 개발자가 되었습니다. 지금은 적은 연봉으로 시작했지만, 현장에서 굴러먹은 경험을 무기로 업계에서 이름만 대면 아는 믿음직한 기술자가 되어 더 넓고 쾌적한 집으로 이사 가겠다는 소박하고 단단한 야망을 품고 있습니다.","정준규 씨는 직접 몸을 움직여 땀을 흘리기보다 거실에 누워 유튜브로 손흥민의 골 장면이나 K리그 하이라이트 영상을 멍하게 돌려보는 시간을 가장 소중하게 여깁니다. 친구들과 함께 치킨을 뜯으며 응원하는 스포츠 경기 관람은 그에게 가장 큰 스트레스 해소법이며, 경기 결과에 따라 그날의 기분이 좌지우지되곤 합니다.","정준규 씨는 세련된 전시회나 공연보다는 동네 친구들과 함께하는 시끌벅적한 노래방이나 어르신들이 많은 기원에서의 바둑 한 판에 더 큰 흥미를 느낍니다. 정적인 취향과 동적인 취향이 섞여 있어, 때로는 아무것도 안 하고 TV를 보며 뇌를 비우고 때로는 마이크를 잡고 열창하며 내면의 에너지를 발산합니다.","정준규 씨는 유명 관광지의 랜드마크를 찍는 여행 대신, 마음 맞는 친구나 연인과 함께 전국의 숨겨진 노포나 줄 서서 먹는 순대국밥집을 찾아다니는 식도락 여행에 진심입니다. 지도 앱에 저장된 전국의 뼈해장국 맛집 리스트가 그의 가장 큰 자산이며, 낯선 도시의 시장 골목에서 우연히 발견한 오래된 식당의 투박한 맛에 깊은 만족감을 느낍니다.","정준규 씨는 일주일에 다섯 번 이상 밖에서 끼니를 해결하며, 점심에는 뜨끈한 청국장이나 된장찌개 같은 한식을 즐기고 저녁에는 도미노 피자나 맘스터치 버거 같은 기름진 음식으로 하루의 피로를 풉니다. 배달 앱을 켜는 것보다 직접 가게에 가서 먹는 것을 좋아하며, 특히 부평역 인근의 시장통 분위기가 물씬 풍기는 식당에서 소주 한 잔을 곁들이는 시간을 가장 즐깁니다.","정준규 씨는 현재 부평의 아파트에서 혼자 지내며 독립적인 생활을 하고 있지만, 내면에는 사람들과 어울리고 싶은 욕구가 강해 친구들을 가족처럼 가깝게 챙깁니다. 혼자 있는 시간의 정막함을 즐기면서도, 막상 주말이 되면 누군가와 함께 어울려 시끌벅적하게 떠들고 싶은 외로움을 타는 모순적인 면모가 있습니다.","정준규 씨는 부평에서 성장해 실무 역량을 쌓은 네트워크 개발자로, 노포 맛집 탐방과 스포츠 영상 시청을 즐기며 건강 관리보다는 현재의 안락함과 관계의 조화를 중시하는 20대 후반의 청년입니다.","부평역 인근의 북적이는 상가 거리와 시장통 분위기 속에서 성장했으며, 대학 진학이라는 정해진 길보다는 실무 자격증과 현장 경험을 빠르게 쌓아 사회에 진출한 실속 있는 삶의 궤적을 가지고 있습니다.",네트워크 장애가 발생했을 때 당황하지 않고 물리적 연결 상태부터 소프트웨어 설정까지 빠르게 훑어내어 끊긴 연결을 복구하는 현장 중심의 트러블슈팅에 능숙합니다.,"['L2/L3 스위치 구성 및 설정', '네트워크 트래픽 모니터링', '서버 랙 케이블링 및 배선 정리', '기본적인 방화벽 정책 설정']","주말이면 마음 맞는 친구들과 전국의 이름난 국밥집이나 오래된 노포를 찾아다니는 식도락 여행을 즐기고, 평일 퇴근 후에는 소파에 누워 멍하게 스포츠 하이라이트 영상을 보며 시간을 보냅니다.","['부평 평리단길 숨은 맛집 탐방', '프로야구 및 K리그 경기 시청', '동네 친구들과의 소주 한잔', '코인 노래방에서 최신곡 부르기']","지금 맡은 업무에서 숙련도를 높여 업계에서 '믿고 맡길 수 있는 기술자'라는 평판을 얻고, 차근차근 연봉을 올려 지금보다 조금 더 넓고 쾌적한 집으로 이사하는 것을 목표로 합니다.",남자,29,미혼,비현역,혼자 거주,아파트,고등학교,해당없음,네트워크 시스템 개발자,인천-부평구,인천,대한민국
a44faf7c93cd409687ebd5485cb49459,"전지현 씨는 교도소 내의 삼엄한 분위기 속에서 수용자들 사이의 날 선 갈등을 빠르게 포착해 중재하며, 법무부 전산망에 단 하나의 오타도 허용하지 않는 정밀한 행정 처리를 수행합니다. 업무 중 쌓인 극도의 긴장감 때문에 가끔 손톱을 물어뜯는 버릇이 있지만, 교정 심리 전문가라는 목표를 위해 퇴근 후 전공 서적을 펼쳐 공부합니다.",전지현 씨는 퇴근 후 아이를 유모차에 태우고 송도 센트럴파크의 정돈된 산책로를 천천히 걸으며 하루 동안 겪은 소음과 갈등을 씻어냅니다. 주말에는 집 근처 필라테스 스튜디오에서 코어 근육을 단련하며 교정 시설 근무로 인해 쌓인 육체적 피로를 관리합니다.,전지현 씨는 캐논 미러리스 카메라로 포착한 송도의 도시 풍경과 아이의 성장 기록을 개인 블로그에 정성스럽게 올리며 소소한 성취감을 느낍니다. 주말 저녁에는 넷플릭스의 범죄 심리 스릴러물을 시청하며 실제 현장과 드라마 속 묘사의 차이점을 분석하듯 관찰합니다.,"전지현 씨는 아이의 컨디션을 고려해 동선을 치밀하게 짠 국내 시티투어 여행을 즐기며, 경주나 전주 같은 도시의 랜드마크를 가족과 함께 방문합니다. 유명 관광지의 맛집 대기 줄이 길어지면 초조해하며 미리 예약 가능한 다른 식당을 빠르게 검색해 대안을 찾습니다.",전지현 씨는 주 5회 정도 남편과 함께 송도 현대프리미엄아울렛 인근의 이탈리안 레스토랑에서 트러플 파스타나 리조또를 즐깁니다. 한식을 먹을 때는 자극적인 고기 요리보다 정갈한 나물 반찬이 나오는 보리밥 정식집을 찾아가 조용히 식사합니다.,전지현 씨는 엄격한 직장 생활의 긴장을 내려놓고 집에서는 아이의 엉뚱한 말 한마디에 활짝 웃는 다정한 엄마이자 아내로 지냅니다. 다만 육아 중에도 집안 물건들이 제자리에 놓여 있지 않으면 참지 못하고 즉시 정리해야 직성이 풀리는 성격입니다.,"전지현 씨는 송도에서 아이를 키우며 규율과 체계 속에서 일하는 교도관으로, 철저한 자기관리와 현실적인 삶의 태도를 가진 30대 여성입니다.","송도 센트럴파크 주변의 정돈된 도시 풍경 속에서 아이를 키우며, 엄격한 규율이 지배하는 교정 시설의 분위기를 매일 접하며 살아갑니다. 전문대학 졸업 후 빠르게 사회생활을 시작해 실용적인 가치관을 형성했으며, 체계적인 삶의 궤적을 유지하려는 성향이 강합니다.","수용자 간의 갈등을 중재하고 돌발 상황을 제어하는 현장 대응 능력이 뛰어나며, 법무부 행정 시스템을 활용한 정밀한 기록 관리 업무를 빈틈없이 수행합니다. 규정에 근거해 예외 없이 업무를 처리하는 꼼꼼함과 책임감을 갖추고 있습니다.","['수용자 갈등 중재 및 위기 관리', '교정 행정 전산 시스템 운용', '법무 행정 문서 작성 및 검토', '효율적인 교대 근무 일정 관리']","퇴근 후 송도 센트럴파크를 아이와 함께 유모차로 산책하며 풍경 사진을 찍고, 주말에는 필라테스로 뭉친 근육을 풀며 체력을 관리합니다. 조용한 카페에서 그날의 일상을 블로그에 기록하거나, 남편과 함께 예약해 둔 파스타 집에서 식사하며 업무 중 쌓인 긴장을 해소합니다.","['송도 센트럴파크 야경 출사', '기구 필라테스', '일상 기록 블로그 운영', '아이와 함께하는 도심 시티투어']","현재의 안정적인 공무원 신분을 유지하면서, 수용자 심리 상담 관련 전문 자격증을 취득해 교정 심리 분야의 전문성을 인정받고자 합니다. 아이가 성장함에 따라 일과 가정의 균형을 세밀하게 조정하며 조직 내에서 신뢰받는 중간 관리자로 성장하는 것을 지향합니다.",여자,30,배우자있음,비현역,배우자·자녀와 거주,아파트,2~3년제 전문대학,해당없음,교도관,인천-연수구,인천,대한민국
43ef04057a3544e5b2fd5163dfe10499,"이채원 씨는 울산 남구의 한 스포츠 용품점에서 손님들의 발걸음이 가장 많이 닿는 곳에 주력 상품을 배치하며 매장 효율을 극대화하는 정리 전문가로 통합니다. 점장님이 요청하기 전에 미리 재고 상태를 파악해 채워 넣는 능숙함을 보이지만, 가끔은 지나친 완벽주의 때문에 동료들의 작업 속도까지 간섭하여 잔소리가 많다는 평가를 받기도 합니다.",이채원 씨는 주말이면 등산복을 풀세트로 갖춰 입고 영남알프스의 가지산 자락을 오르며 땀을 흘리는 것으로 일주일의 스트레스를 해소합니다. 하산 후 친구들과 함께 마시는 시원한 보리차 한 잔과 산행 중 나누어 먹는 아삭한 오이 스틱의 맛에서 살아있음을 느끼는 전형적인 산악회 회원입니다.,이채원 씨는 기분이 울적하거나 가슴이 답답한 날이면 곧장 동네 코인 노래방으로 달려가 임영웅이나 장윤정의 최신 트로트 곡을 목청껏 부르며 감정을 털어냅니다. 화려한 무대 조명 아래서 노래하는 상상을 하며 박자에 맞춰 몸을 흔드는 시간만큼은 현실의 불안함과 긴장을 완전히 잊어버립니다.,이채원 씨는 마음 맞는 친구들과 함께 정기적으로 온천 여행을 떠나 뜨끈한 물에 몸을 담그고 그동안 밀린 동네 이야기를 나누는 스파 여행을 즐깁니다. 여행지에서도 반드시 그 지역에서 가장 유명하다는 빵집을 찾아내어 갓 구운 빵을 섭렵하는 빵지순례를 필수 코스로 넣습니다.,"이채원 씨는 나물 비빔밥이나 청국장 같은 정갈한 한식을 즐기며, 주 5회 정도는 가족들과 함께 남구의 식당을 탐방하는 외식을 생활화합니다. 특히 짭조름한 소금빵의 풍미에 사족을 못 쓰며, 유명 빵집 앞에서 길게 줄을 서서 기다리는 수고로움조차 하나의 즐거움으로 여깁니다.","이채원 씨는 남구 아파트에서 남편과 자녀들과 함께 어우러져 살며, 집안의 크고 작은 대소사를 주도적으로 결정하고 챙기는 활기찬 어머니이자 아내입니다. 가족들에게 헌신적이지만 때로는 예민한 성격 탓에 사소한 집안일 방식이나 청소 상태에 대해 잔소리를 쏟아내어 가족들의 한숨을 자아내기도 합니다.","이채원 씨는 울산 남구에서 매장 정리원으로 일하며 사교적인 성격과 건강에 대한 깊은 불안감을 동시에 지닌, 빵과 트로트를 사랑하는 50대 여성입니다.","울산 남구의 변화 과정을 지켜보며 성장한 세대로서, 이웃 간의 정을 중요하게 여기며 동네 모임이나 반상회에서 분위기를 주도하는 활기찬 성격입니다. 겉으로는 쾌활하고 시원시원해 보이지만, 실제로는 혈압과 혈당 수치 하나하나에 예민하게 반응하며 건강 염려증 섞인 불안감을 늘 품고 삽니다.","매장 내 상품들이 손님들의 동선에 맞춰 가장 효율적으로 배치되도록 구성하며, 방문객의 요구사항을 빠르게 캐치해 기분 좋게 응대하는 능숙함을 갖추고 있습니다.","['효율적인 매장 상품 진열 및 재고 배치', '다양한 연령대 고객 응대 및 소통', '매장 내 청결 및 정리 정돈 최적화', '상황별 유연한 고객 불만 대처']","주말이면 친구들과 영남알프스나 가지산 자락을 오르며 땀을 흘리고, 하산 후에는 동네 유명 빵집에서 갓 구운 소금빵과 단팥빵을 사서 나누어 먹는 시간을 가장 아낍니다. 스트레스가 쌓인 날에는 코인 노래방을 찾아 최신 트로트 곡을 목청껏 부르며 감정을 털어내곤 합니다.","['영남알프스 등산 및 숲길 걷기', '동네 베이커리 빵지순례', '최신 트로트 노래방 부르기', '친구들과 함께하는 온천 여행 및 스파']",현재 맡은 매장 정리 업무에서 실수 없이 완벽한 결과물을 내어 점장과 동료들에게 없어서는 안 될 믿음직한 사람으로 인정받는 것에 만족합니다.,여자,56,배우자있음,비현역,배우자·자녀와 거주,아파트,고등학교,해당없음,매장 정리원,울산-남구,울산,대한민국
9a121db81f06400f8ff149f2096e6c28,"이종필 씨는 부평역 주변의 얽히고설킨 일방통행 골목길을 내비게이션보다 빠르게 뚫고 나가는 베테랑 택시 운전사입니다. 무뚝뚝한 승객에겐 적당한 침묵을, 수다스러운 승객에겐 가벼운 맞장구를 쳐주는 노련함으로 하루를 보내지만, 가끔은 본인만의 지름길을 고집하다가 좁은 길에서 마주 오는 차와 기싸움을 벌이며 고집을 부리기도 합니다.","이종필 씨는 거실 소파에 깊숙이 몸을 파묻고 TV로 중계되는 프로야구 경기를 보며 소리를 지르거나 아쉬워하는 것으로 일주일의 스트레스를 풉니다. 직접 뛰는 운동보다는 경기 흐름을 분석하며 훈수를 두는 것을 즐기며, 가끔 친구들과 모여 경기 결과로 가벼운 내기를 하며 웃고 떠듭니다.",이종필 씨는 화려한 전시회나 공연보다는 강화도의 울창한 숲길을 천천히 걸으며 마주하는 자연의 풍경에서 정서적 위안을 얻습니다. 특별한 예술적 취향을 내세우기보다 계절에 따라 변하는 나뭇잎 색깔이나 흙 내음을 맡으며 생각에 잠기는 소박한 시간을 소중히 여깁니다.,이종필 씨는 휴일이면 아내와 자녀들을 태우고 강화도의 한적한 명승지를 찾아다니며 가족들과 함께 풍경을 감상하는 여행을 즐깁니다. 복잡한 관광지보다는 사람 없는 숲길이나 조용한 바닷가를 찾아가 느릿하게 산책하며 가족들의 이야기를 묵묵히 들어주는 시간을 보냅니다.,"이종필 씨는 일주일에 한 번, 가족들과 함께 동네 갈빗집에서 지글지글 익어가는 돼지갈비를 구워 먹으며 한 주를 마무리합니다. 배달 음식은 거의 시켜 먹지 않으며, 가끔 기분 전환이 필요할 때면 시장 통닭집에서 갓 튀겨낸 바삭한 치킨 한 마리를 사 들고 집으로 향합니다.","이종필 씨는 무뚝뚝한 표현 방식 때문에 자녀들에게 살가운 아버지는 아니지만, 뒤에서 묵묵히 보증금을 모아주는 헌신적인 가장의 모습을 보입니다. 아내와는 오랜 세월 함께하며 말하지 않아도 통하는 편안한 사이이며, 가족들이 함께 거실에 모여 잡담을 나누는 시간을 삶의 가장 큰 버팀목으로 생각합니다.","이종필 씨는 부평의 골목길을 꿰뚫는 성실한 택시 운전사로, 가족의 미래를 위해 묵묵히 땀 흘리며 소박한 일상의 행복을 가꾸는 인천 토박이 가장입니다.","부평의 낡은 공장 지대들이 대단지 아파트로 변모하는 과정을 지켜보며 성장했고, 성실한 노동이 곧 삶의 정답이라 믿는 인천 토박이의 정서를 가지고 있습니다.","내비게이션이 안내하는 길보다 부평역 주변의 복잡한 일방통행 골목을 더 빠르게 뚫고 나가며, 다양한 성향의 승객들을 상대로 적절한 거리감을 유지하며 응대하는 노련함이 있습니다.","['인천 및 부평 전역의 지리 숙달', '교통 체증 시 효율적인 우회 경로 확보', '상황별 승객 응대 및 갈등 관리', '차량 기본 소모품 자가 정비']","주말이면 가족과 함께 강화도의 한적한 숲길을 찾아 조용히 걷거나, 동네 단골 목욕탕의 뜨거운 온탕에 몸을 담그며 운전으로 굳어진 허리와 어깨의 피로를 풉니다.","['굴포천 산책로 걷기', '동네 사우나 온탕 휴식', 'TV 스포츠 경기 관람', '가족과 함께하는 강화도 나들이']",거창한 성공보다는 매달 적금 액수를 조금씩 늘려 자녀들이 독립할 때 보태줄 작은 보증금을 마련하는 것에 실질적인 가치를 둡니다.,남자,53,배우자있음,비현역,배우자·자녀와 거주,아파트,고등학교,해당없음,택시 운전원,인천-부평구,인천,대한민국
70bfa430422b4836bb09d4cc1fe4d90d,"김소윤 씨는 교육대학원에서 다진 분석력을 바탕으로 복잡한 학습 내용을 한눈에 들어오게 정리하는 재주가 있으며, 현재는 집에서 실무에 바로 쓰일 수 있는 교안 초안을 잡으며 교육 콘텐츠 개발자의 꿈을 키우고 있습니다.","김소윤 씨는 주말마다 남편의 손을 잡고 아차산 둘레길을 천천히 걸으며 숲의 냄새를 맡고, 등산 후 내려오는 길에 느끼는 적당한 피로감을 통해 일상의 긴장을 해소합니다.","김소윤 씨는 비 오는 날 거실 바닥에 배를 깔고 누워 좋아하는 일본 만화책 전 권을 몰아보며, 작가가 배치한 복선과 이야기의 구조를 교육학적 관점에서 분석하며 읽는 독특한 취미가 있습니다.","김소윤 씨는 복잡한 도심을 벗어나 강원도 평창의 전나무 숲길처럼 초록색이 가득한 곳을 찾아다니며, 남편과 함께 말없이 풍경을 감상하며 마음의 평온을 찾는 여행을 즐깁니다.","김소윤 씨는 외식을 자주 하지 않지만 가끔 집 근처 분식집에서 매콤한 떡볶이와 김밥을 주문해 먹거나, 정갈한 나물 반찬이 나오는 보리밥 정식집을 찾아가 건강한 한 끼를 챙겨 먹습니다.","김소윤 씨는 강동구의 조용한 아파트에서 남편과 함께 서로의 개인 시간을 존중하며 지내고, 가끔은 사소한 집안일 분담 문제로 투덜거리기도 하지만 기본적으로는 다정한 대화로 갈등을 푸는 안정적인 관계를 유지합니다.","김소윤 씨는 교육학 석사 학위를 가진 신중한 성격의 소유자로, 아차산 산책과 만화책 읽기를 즐기며 실무 교육 콘텐츠 개발자를 꿈꾸는 강동구 거주 20대 여성입니다.","강동구의 조용한 주거 환경에서 성장하며 안정감을 익혔고, 교육대학원 과정에서 학문적 성취를 이루며 논리적이고 체계적으로 사고하는 습관이 몸에 배었습니다.","학습자의 특성을 고려해 복잡한 정보를 이해하기 쉽게 구조화하는 능력이 뛰어나며, 교육 심리학 이론을 바탕으로 상대방의 정서적 상태를 세심하게 읽어냅니다.","['맞춤형 교육 커리큘럼 설계', '교육 심리 기반 상담', '학술 자료 분석 및 요약', '효율적인 학습 스케줄링']","주말이면 남편과 함께 아차산 둘레길을 걸으며 계절의 변화를 살피고, 비 오는 날에는 거실에 누워 일본 만화책을 정주행하며 시원한 캔맥주 한 잔을 즐깁니다.","['아차산 등산', '일본 만화 정주행', '집 근처 떡볶이 맛집 찾기', '자연 풍경 사진 촬영']",전공 지식을 활용해 실제 교육 현장에서 즉각적으로 적용 가능한 실무형 교육 콘텐츠를 개발하는 전문가로 성장하고자 합니다.,여자,28,배우자있음,비현역,배우자와 거주,아파트,대학원,교육,무직,서울-강동구,서울,대한민국
e9fb1bbb2d5d45308991abdc1505b356,유장훈 씨는 옥천 전역의 복잡한 통신망을 누비며 매뉴얼에 없는 장비의 미세한 떨림과 소음만으로 고장 지점을 찾아내는 베테랑 수리공입니다. 현장의 낡은 전선 뭉치 속에서 문제의 실마리를 단번에 짚어내는 직관적인 감각으로 동료들의 신뢰를 받으며 묵묵히 자신의 자리를 지킵니다.,유장훈 씨는 한화 이글스의 경기가 있는 날이면 거실 소파에 깊숙이 파묻혀 TV 중계를 보며 목이 터져라 소리를 지르는 것으로 일주일의 스트레스를 해소합니다. 새벽 수영으로 몸을 깨우는 정적인 활동과 경기 결과에 일희일비하며 감정을 쏟아내는 동적인 관람을 동시에 즐깁니다.,"유장훈 씨는 옥천 문화예술회관의 전시 공고가 뜨면 조용히 찾아가 작품들 사이를 천천히 거닐며 혼자만의 생각에 잠기는 시간을 갖습니다. 평소에는 투박한 현장 기술자의 모습이지만, 캔버스 위의 색감이나 조형물을 바라볼 때는 누구보다 진지하고 세밀한 시선을 보냅니다.",유장훈 씨는 가족들과 함께 전국 곳곳의 박물관이나 미술관을 찾아다니며 지역의 역사와 예술을 접하는 문화 여행을 통해 가족 간의 유대감을 확인합니다. 정해진 일정표를 꼼꼼히 따르기보다 발길 닿는 대로 근처의 유명한 전시관을 들르는 여유로운 여행 방식을 선호합니다.,"유장훈 씨는 일주일에 두세 번 옥천 읍내의 단골 식당에서 구수한 청국장과 쌉싸름한 도토리묵을 곁들인 한식 상차림으로 배를 채웁니다. 가끔은 동료들과 함께 시끌벅적한 주점에서 소주잔을 기울이며 하루의 고단함을 털어내고, 2주에 한 번 정도는 집에서 편하게 배달 음식을 시켜 먹습니다.","유장훈 씨는 배우자와 별거 중인 상태로 넓은 아파트에 홀로 지내며, 집안을 가득 채우는 적막함이 싫어 TV 소리를 필요 이상으로 크게 키워두는 외로운 습관이 있습니다. 겉으로는 무던해 보이지만 가족과 함께하는 여행에서만은 다정한 모습을 보이려 애쓰는 복잡한 마음을 가진 가장입니다.","유장훈 씨는 옥천에서 통신장비를 수리하며 살아가는 50대 후반의 기술자로, 외로운 독거 생활의 적막함을 수영과 야구, 그리고 예술 관람으로 달래며 평범한 노후를 준비하는 현실적인 인물입니다.",옥천의 조용한 시골 정서와 아파트라는 현대적 주거 환경이 섞인 삶을 삽니다. 배우자와의 별거로 인해 생긴 집안의 적막함을 달래려 TV 소리를 크게 켜두는 습관이 생겼습니다.,복잡하게 얽힌 통신 선로 속에서 문제 지점을 정확히 짚어내는 현장 경험이 몸에 배어 있습니다. 매뉴얼의 글자보다는 장비의 진동과 소리만으로 상태를 짐작하는 직관적인 수리 능력을 갖췄습니다.,"['통신 회선 단선 지점 탐색', '광케이블 융착 접속', '현장 맞춤형 통신 장비 설치', '노후 통신 설비 유지보수']","새벽 수영장 레인을 천천히 돌며 몸의 붓기를 빼고, 주말에는 단골 식당에서 구수한 청국장과 도토리묵을 곁들여 식사합니다. 가끔은 지역 문화예술회관의 전시를 둘러보며 생각에 잠기거나, 집에서 프로야구 중계를 보며 소리를 지르는 것으로 스트레스를 해소합니다.","['새벽 수영장 자유 수영', '프로야구 TV 중계 시청', '단골집 청국장과 도토리묵 식사', '지역 문화예술회관 전시 관람', '동네 목욕탕 온탕에서 땀 빼기']","정년까지 큰 사고 없이 지금의 자리를 지키며, 퇴직 후에는 소소하게 집 주변을 가꾸며 지내는 평범한 노후를 꿈꿉니다. 화려한 성취보다는 매달 통장에 찍히는 안정적인 수입이 주는 안도감을 소중히 여깁니다.",남자,57,배우자있음,비현역,혼자 거주 (배우자 별거),아파트,고등학교,해당없음,통신장비 설치 및 수리원,충청북-옥천군,충청북,대한민국
3d7b2bc6bce54bfe9a6ba470cf868fbe,"서원재 씨는 복잡한 전기 설계 도면의 오차를 단숨에 잡아내며, 현장의 거친 작업자들과 소주 한 잔 나누며 공정을 조율하는 능숙한 베테랑 감리원입니다. 안전 기준은 철저히 지키되 현장의 돌발 변수에는 유연하게 대처하며, 은퇴 후에는 작은 전기 컨설팅 사무실을 차려 전문성을 이어가겠다는 구체적인 계획을 가지고 있습니다.","서원재 씨는 주말이면 유튜브로 UFC 경기를 챙겨보며 선수들의 타격 각도와 기술을 세밀하게 분석하는 격투기 마니아입니다. 가끔 창원 인근의 골프장에서 지인들과 라운딩을 하며 땀을 흘리고, 일요일 오후에는 아내와 함께 남강변을 천천히 산책하며 일주일의 피로를 씻어냅니다.",서원재 씨는 세련된 미술 전시회보다는 지리산 자락의 탁 트인 풍경이나 자연이 주는 시각적 편안함에서 정서적 충족감을 느낍니다. 거실 소파에 깊숙이 파묻혀 옛 기억이 묻어나는 음악을 감상하며 낮잠을 청하는 시간이 그에게는 가장 완벽한 예술적 휴식입니다.,서원재 씨는 가족들과 함께 지리산 근처의 공기 좋은 펜션을 예약해 조용히 숲의 정취를 감상하는 여행을 즐깁니다. 화려한 관광지 순례보다는 산등성이에 걸린 구름을 멍하니 바라보거나 가족과 도란도란 이야기를 나누며 일상의 긴장을 내려놓는 시간을 소중히 여깁니다.,"서원재 씨는 2주에 한 번 정도 가족들과 함께 동네 소고기집에서 육즙 가득한 갈비를 구워 먹으며 한 주를 마무리합니다. 배달 음식은 거의 시켜 먹지 않으며, 가끔 출출할 때 집 근처 분식집에서 떡볶이와 김밥을 포장해 오는 소박하고 실용적인 입맛을 가지고 있습니다.",서원재 씨는 무뚝뚝한 면이 있지만 자녀들이 사회에 진출할 때까지 든든한 울타리가 되어주려는 책임감이 강한 아버지입니다. 퇴근 후 아내와 나누는 시시콜콜한 잡담과 아이들이 성장하는 과정을 지켜보는 것에서 삶의 가장 큰 원동력을 얻습니다.,"서원재 씨는 경남 함안에서 전기 감리원으로 일하며 가족의 안정과 실용적인 삶을 추구하는, 인간미 넘치는 40대 가장입니다.","경남 함안의 정겨운 분위기와 지역 사회의 끈끈한 유대감 속에서 생활하며, 동네 지인들과의 술자리에서 분위기를 주도하는 것을 즐깁니다. 실용적인 가치를 중시하며 최신 유행을 쫓기보다 가족의 안정을 최우선으로 여기는 전형적인 40대 가장의 삶을 살아왔습니다.","복잡한 전기 설계 도면의 오차를 빠르게 잡아내고, 거친 현장 작업자들과 마찰 없이 공정을 조율하는 능력이 탁월합니다. 전기 설비 안전 기준을 엄격하게 적용하면서도 현장의 돌발 변수에 맞춰 유연하게 해결책을 제시하는 실무 경험이 풍부합니다.","['전기 설비 도면 정밀 분석 및 검토', '현장 공정 관리 및 인력 조율', '전기 안전 법규 및 규정 적용', '기술 감리 보고서 작성']","주말이면 유튜브로 UFC 경기를 챙겨보며 타격 기술을 분석하고, 가끔 지인들과 창원 근처 골프장에서 라운딩을 하며 스트레스를 풉니다. 아내와 함께 남강변을 산책하거나 지리산 자락의 풍경 좋은 펜션을 찾아다니며 가족과 시간을 보냅니다.","['UFC 및 격투기 경기 분석 시청', '창원 인근 골프 라운딩', '남강변 가족 산책', '지리산 주변 자연 경관 여행']","현재의 안정적인 소득 수준을 유지하며 업계에서 신뢰받는 베테랑 감리원으로 남고자 합니다. 자녀들이 대학에 진학할 때까지 경제적 기반을 더욱 탄탄히 다진 후, 은퇴 후에는 소규모 전기 컨설팅 사무실을 운영하며 전문성을 이어가길 희망합니다.",남자,47,배우자있음,비현역,배우자·자녀와 거주,아파트,2~3년제 전문대학,해당없음,전기 감리 기술자 및 연구원,경상남-함안군,경상남,대한민국
3fbcaa05665b46b29755bb208afc1bf6,김경아 씨는 부천시 원미구 복지관에서 가끔 봉사하며 복잡한 정부 지원금 신청 서류를 막힘없이 작성해 주는 동네 해결사 역할을 합니다. 대학에서 배운 보건 복지 지식을 활용해 이웃들의 고충을 듣고 적절한 복지 혜택을 찾아주는 일에서 소소한 성취감을 느낍니다.,"김경아 씨는 해 질 녘 부천 중앙공원의 흙길을 천천히 걸으며 땀을 살짝 흘리는 것으로 하루의 운동을 대신합니다. 무리한 운동보다는 몸에 무리가 가지 않는 완만한 산책을 즐기며, 걷다가 예쁜 꽃이 보이면 한참을 멈춰 서서 사진을 찍느라 정작 운동량은 늘 부족합니다.","김경아 씨는 오후 내내 라디오 '여성시대'의 사연에 귀를 기울이며 집안일을 하고, 가끔은 조용필의 옛 노래를 크게 틀어놓고 혼자만의 추억에 잠깁니다. 화려한 공연보다는 익숙한 멜로디가 주는 편안함을 좋아하며, 라디오에서 나오는 인생 이야기에 깊이 공감하며 눈시울을 붉히기도 합니다.","김경아 씨는 마음 맞는 친구들과 함께 전남 순천만 습지나 제주도의 숲길처럼 초록빛이 가득한 곳으로 여행을 떠나 풍경을 감상합니다. 빽빽한 일정표 없이 그날그날 기분에 따라 발길 닿는 대로 움직이며, 조용한 찻집에서 창밖의 자연을 바라보는 시간을 가장 아낍니다.","김경아 씨는 2주에 한 번 정도 남편과 함께 동네 단골 갈빗집에서 양념 갈비를 구워 먹으며 외식을 즐깁니다. 가끔 친구들과는 분위기 좋은 주점에서 안주 위주로 가볍게 시간을 보내며, 배달 음식은 한 달에 한 번 정도 별미로 족발이나 보쌈을 시켜 먹습니다.","김경아 씨는 수십 년간 함께 산 남편과 투닥거리면서도 서로의 건강을 챙기는 무던한 관계를 유지하고 있습니다. 집안의 대소사는 본인이 주도적으로 결정하지만, 가끔은 남편의 고집스러운 성격에 마음이 상해 며칠 동안 짧은 대화만 나누는 냉전 상태가 되기도 합니다.","김경아 씨는 부천에서 이웃들의 건강과 복지를 챙기는 다정한 상담사이자, 라디오와 산책으로 소박한 일상의 행복을 찾는 60대 여성입니다.","부천 원미구의 오래된 아파트 단지에서 수십 년을 살며 이웃들과 끈끈한 관계를 맺어왔고, 대학에서 보건 복지를 전공한 덕분에 주변 지인들의 건강이나 복지 혜택에 관한 고민을 들어주는 동네 상담사 역할을 해왔습니다.","전공 지식을 활용해 가족과 지인들의 만성질환 식단을 세심하게 챙기며, 복지 센터의 복잡한 서류 절차나 신청 방법을 정확하게 안내하는 실무적인 도움을 줄 수 있습니다.","['당뇨 및 고혈압 맞춤형 식단 구성', '지역 사회 복지 서비스 신청 절차 안내', '노인 돌봄 및 기초 건강 상담', '지역 커뮤니티 내 갈등 중재']","부천 중앙공원을 천천히 거닐며 계절의 변화를 살피고, 오후에는 라디오 프로그램 '여성시대'를 들으며 집안일을 하거나 조용필의 노래를 찾아 듣는 시간을 가집니다.","['부천 중앙공원 산책', 'MBC 표준FM 라디오 청취', '7080 가요 감상', '수목원 풍경 사진 찍기', '단골 한식 고깃집 탐방']","이제는 거창한 사회적 성취보다는 하루하루 마음 편히 지내는 것을 최우선으로 하며, 가끔은 지역 복지관에서 부담 없는 수준의 봉사 활동을 하며 소소한 보람을 찾고자 합니다.",여자,60,배우자있음,비현역,배우자와 거주,아파트,4년제 대학교,보건·복지,무직,경기-부천시 원미구,경기,대한민국
9a07b61c2e0a4198a3ee1de5313618ee,조은아 씨는 천안의 건축 설계 사무소에서 VLOOKUP 함수로 자재 단가를 빠르게 정리하고 복잡한 인허가 서류를 빈틈없이 처리하는 베테랑 사무원입니다. 조은아 씨는 갑작스러운 도면 수정으로 현장이 소란스러울 때도 침착하게 협력 업체들과 일정을 조율해 마감 기한을 맞추는 실무 능력을 갖췄습니다.,조은아 씨는 주말이면 남편의 손을 잡고 천안 호수공원의 산책로를 천천히 걸으며 일주일의 잡념을 털어냅니다. 조은아 씨는 동네 단골 찜질방의 뜨거운 가마솥 방에서 땀을 푹 빼고 낮잠을 자는 시간을 가장 큰 휴식으로 여깁니다.,조은아 씨는 화려한 전시회보다는 스마트폰으로 최신 미용 트렌드 영상을 보거나 인터넷 쇼핑으로 소소한 소품을 구경하며 시간을 보냅니다. 조은아 씨는 일상의 피로를 풀기 위해 가끔씩 미용실을 찾아 머리 모양을 바꾸며 기분 전환을 합니다.,조은아 씨는 휴가철이면 가족들과 함께 탁 트인 바다나 푸른 산이 있는 자연 경관이 수려한 곳으로 여행을 떠납니다. 조은아 씨는 유명 관광지의 북적임보다는 가족이 함께 조용히 풍경을 감상할 수 있는 한적한 장소를 찾아다닙니다.,"조은아 씨는 평소 나물이나 생선 중심의 한식을 즐기지만, 기분을 내고 싶은 날에는 아이들과 함께 롯데리아에서 치즈버거 세트를 주문해 먹습니다. 조은아 씨는 배달 음식보다는 2주에 한 번 정도 가족들과 외식하며 소소한 행복을 누립니다.","조은아 씨는 천안 서북구 아파트에서 남편과 자녀들을 위해 헌신하면서도, 필요할 때는 단호하게 집안의 기강을 잡는 중심축입니다. 조은아 씨는 가족들의 요구에 유연하게 맞춰주면서도 정작 본인은 혼자만의 시간이 필요할 때 조용히 방으로 들어가는 성격입니다.","조은아 씨는 천안의 건축 사무소에서 숙련된 업무 능력을 발휘하며, 당뇨 관리와 흡연이라는 모순 사이에서 가족의 평온한 일상을 지켜내는 40대 여성입니다.","천안 서북구의 아파트 단지에서 아이들을 키우며, 직장 생활과 가계 운영의 균형을 잡아온 40대 여성의 삶을 살아왔습니다. 필요할 때는 단호하게 자기 의견을 내지만, 가족들 앞에서는 적당히 맞춰주는 유연함을 갖춘 집안의 중심축 역할을 하며, 스트레스를 받을 때면 몰래 담배 한 대를 피우며 생각을 정리하곤 합니다.","건축 설계 사무소에서 수년간 근무하며 복잡한 도면 관리와 인허가 서류 접수 과정을 꿰고 있으며, 엑셀의 VLOOKUP 함수를 활용해 업체별 자재 단가를 빠르게 정리해 냅니다. 갑작스러운 설계 변경으로 일정이 꼬였을 때도 침착하게 협력 업체들과 조율하여 마감 기한을 맞추는 실무적인 해결 능력이 탁월합니다.","['건축 인허가 행정 서류 처리', '엑셀 기반 자재 비용 정산', '프로젝트 일정 조율 및 관리', '도면 및 기술 문서 체계화']","주말이면 남편과 함께 천안 호수공원을 천천히 걷거나, 동네 단골 찜질방의 뜨거운 가마솥 찜질로 일주일의 피로를 풉니다. 당뇨 수치를 확인하며 식단을 관리하다가도, 가끔은 아이들이 좋아하는 롯데리아의 치즈버거 세트로 소소하게 기분을 전환하며 유튜브의 건강 상식 영상을 챙겨봅니다.","['천안 호수공원 산책', '동네 찜질방 가마솥 찜질', '유튜브 건강 정보 시청', '가족과 함께하는 국립공원 여행', '네일 아트 숍 방문']","지금의 직장에서 누구도 대체할 수 없는 숙련된 사무원으로 인정받으며, 자녀들이 독립할 때까지 안정적인 수입원을 유지하는 것에 집중합니다. 거창한 승진보다는 업무 실수 없이 하루를 마무리하고 정시에 퇴근하여 가족과 저녁을 보내는 평온한 일상을 지향합니다.",여자,48,배우자있음,비현역,배우자·자녀와 거주,아파트,2~3년제 전문대학,해당없음,사무 보조원,충청남-천안시 서북구,충청남,대한민국
fbf913db34534baab779897b07393e32,"손성미 씨는 경기 고양시 덕양구의 좁은 골목부터 복잡한 도심 외곽도로까지 머릿속에 지도를 그려 넣은 베테랑 운전원으로, 차량 소모품 교체 주기표를 직접 만들어 기록하며 단 한 번의 운행 차질도 허용하지 않는 철저한 업무 스타일을 보여줍니다. 배송지 담당자들의 까다로운 요구사항에도 당황하지 않고 유연하게 대처하며, 가장 효율적인 경로를 짜내어 퇴근 시간을 단축하는 일에 상당한 집착을 보입니다.","손성미 씨는 퇴근 후 덕양구청 배드민턴 클럽에서 셔틀콕을 강하게 내리치며 하루의 스트레스를 날려버리고, 주말에는 집 앞마당에서 줄넘기를 하며 가쁜 숨을 몰아쉽니다. 경기 중 승부욕이 발동하면 평소의 온화한 모습은 사라지고 팀원들을 강하게 독려하며 코트를 누비는 적극적인 모습으로 변합니다.","손성미 씨는 머릿속이 복잡할 때면 스마트폰으로 색감이 화려한 퍼즐 게임을 하며 잡념을 없애고, 가끔은 지역 도서관에서 실용적인 살림법이 담긴 잡지를 훑어보는 정적인 시간을 갖습니다. 화려한 미술 전시회보다는 길가에 핀 이름 모를 들꽃이나 계절의 변화가 느껴지는 풍경을 가만히 응시하는 것에 만족합니다.",손성미 씨는 주말이면 남편과 아이들을 태우고 행주산성 인근의 한적한 강변 도로를 따라 드라이브하며 탁 트인 한강의 풍경을 감상하는 소박한 여행을 즐깁니다. 거창한 해외여행보다는 가족들이 다 함께 모여 자연 속에서 맑은 공기를 마시고 도란도란 이야기를 나누는 시간에서 정서적 충만함을 얻습니다.,"손성미 씨는 주 1회 외식 메뉴로 나물 비빔밥이나 청국장 같은 담백한 한식을 고르며, 바쁜 평일에는 동네 분식집에서 갓 말아낸 김밥과 떡볶이로 간단히 끼니를 때웁니다. 일주일에 두세 번은 가족들이 좋아하는 치킨이나 족발을 배달시켜 먹으며 식탁 위에서 행복을 찾지만, 항상 동네 반찬 가게에서 산 제철 나물을 곁들여 영양 균형을 맞추려 노력합니다.","손성미 씨는 고령의 아버지와 사춘기 자녀들 사이에서 집안의 모든 대소사를 도맡아 처리하는 든든한 중심축이며, 가족들의 건강 상태와 일정을 세밀하게 챙기는 세심한 면모를 보입니다. 평소에는 다정하게 가족을 보살피다가도 예의에 어긋나거나 게으른 모습이 보이면 단호하게 훈육하는 엄격한 어머니이자 딸의 모습이 공존합니다.","손성미 씨는 덕양구에서 운송업에 종사하며 가족을 위해 헌신하는 강인한 생활력을 지닌 여성으로, 철저한 자기관리와 뛰어난 친화력을 통해 일과 가정의 균형을 단단하게 잡아가는 인물입니다.","덕양구 골목길의 단독주택에서 아버지와 자녀들을 살뜰히 챙기는 집안의 중심축 역할을 합니다. 학교 공부보다는 현장에서 직접 부딪히며 배운 실용적인 감각이 발달했으며, 동네 부녀회나 학부모 모임에서 특유의 친화력으로 분위기를 주도하는 활기찬 성격입니다.","수도권 외곽과 도심을 잇는 최적의 경로를 꿰고 있으며, 차량 점검 리스트를 직접 만들어 소모품 교체 주기를 칼같이 지킵니다. 배송지 담당자들의 까다로운 요구사항에도 당황하지 않고 침착하게 조율하여 업무 효율을 높이는 능력이 탁월합니다.","['수도권 물류 최적 경로 파악', '차량 유지보수 및 정기 점검 관리', '거래처 고객 응대 및 갈등 조율', '효율적인 배차 및 운행 시간 계획 수립']","주말이면 가족들과 행주산성 근처의 풍경을 보며 드라이브를 즐기고, 평일 저녁에는 구청 배드민턴 클럽에서 셔틀콕을 치며 땀을 흘립니다. 쉬는 시간에는 스마트폰으로 퍼즐 게임을 하며 머리를 식히고, 동네 반찬 가게에서 제철 나물을 골라 담는 소소한 일상을 즐깁니다.","['행주산성 가족 나들이', '덕양구청 배드민턴 클럽 활동', '모바일 퍼즐 게임', '지역 전통시장 장보기']","현재 맡은 운송 업무에서 누수 없는 완벽한 프로세스를 구축해 업무 시간을 단축하고, 이를 통해 확보한 여유로 자녀들의 교육 자금을 더 안정적으로 마련할 수 있는 방법을 찾고 있습니다.",여자,47,배우자있음,비현역,배우자·자녀·아버지와 거주,단독주택,고등학교,해당없음,승용차 및 승합차 운전원,경기-고양시 덕양구,경기,대한민국
7fb5cd78f0bc4169acfe80869155cd8c,"김순희 씨는 대상자의 거친 숨소리나 창백한 안색만으로도 컨디션 변화를 짚어내는 베테랑 돌봄 노동자로, 까다로운 어르신들의 마음을 금세 녹이는 특유의 넉살로 현장에서 깊은 신뢰를 쌓고 있습니다. 요양보호 관련 서적을 틈틈이 읽으며 동료들이 쩔쩔매는 어려운 사례를 명쾌하게 해결해 주는 해결사가 되려는 은근한 욕심이 있습니다.","김순희 씨는 주말마다 남편의 손을 잡고 동구청 인근 산책로를 천천히 거닐며, 길가에 핀 이름 모를 들꽃의 이름을 스마트폰으로 검색해 보는 시간을 즐깁니다. 격렬한 운동보다는 계절의 변화를 온몸으로 느끼는 느긋한 걸음걸이를 고집하며, 산책 도중 마주치는 이웃들과 짧은 안부를 나누는 것으로 하루의 활력을 얻습니다.","김순희 씨는 아침마다 MBC 라디오의 사연들을 들으며 집안일을 하고, 텔레비전 속 트로트 가수의 무대를 보며 흥얼거리는 소박한 문화생활을 영위합니다. 거창한 전시회나 공연보다는 라디오에서 흘러나오는 익숙한 노래와 사람 냄새 나는 이야기들에 더 깊이 공감하며 마음의 위안을 얻습니다.","김순희 씨는 친구들과 함께 한적한 숲속 펜션이나 조용한 온천 마을을 찾아가 아무런 계획 없이 푹 쉬고 오는 휴양 여행을 가장 좋아합니다. 유명 관광지를 바쁘게 돌아다니기보다 숙소 앞 벤치에 앉아 도란도란 이야기를 나누고, 지역 시장에서 산 제철 과일을 깎아 먹는 정적인 시간을 보냅니다.","김순희 씨는 일주일에 네 번 이상 집 근처 분식집에서 쫄면이나 김밥을 먹으며 수다를 떨거나, 나물 반찬이 정갈하게 나오는 한식집에서 식사하는 것을 즐깁니다. 배달 음식은 보름에 한 번 정도 별미로 시켜 먹으며, 화려한 맛보다는 속이 편안하고 익숙한 손맛이 느껴지는 음식을 찾아다닙니다.","김순희 씨는 대구 동구에서 나고 자라 남편과 함께 아파트에서 오순도순 살며, 주말이면 인근에 사는 자녀나 친척 집을 방문해 끈끈한 가족애를 확인합니다. 가끔 남편과 사소한 일로 티격태격하며 자신의 입장을 분명히 세우기도 하지만, 결국에는 정으로 서로를 챙기는 전형적인 대구 지역의 가족 관계를 유지하고 있습니다.","김순희 씨는 대구 동구의 정서를 간직한 채 어르신들을 세심하게 돌보는 전문 요양보호사이며, 소박한 일상의 즐거움과 이웃 간의 정을 소중히 여기는 현실적인 성격의 소유자입니다.","대구 동구에서 나고 자라 팔공산 자락의 정취와 이웃 간의 끈끈한 정을 당연하게 여기며 살아왔습니다. 고등학교 졸업 후 곧바로 사회생활을 시작하며 몸으로 익힌 실용적인 삶의 지혜를 중요하게 생각하며, 격식보다는 상황에 맞는 유연한 대처를 선호하는 전형적인 대구 아주머니의 면모를 가지고 있습니다.","거동이 불편한 어르신들의 안색과 호흡만 보고도 컨디션 변화를 빠르게 알아차리는 세심한 돌봄 능력이 탁월합니다. 특히 까다로운 성격의 대상자와도 금방 친해지는 친화력이 있으며, 좁은 공간에서도 효율적으로 가사와 위생 관리를 해내는 손재주가 좋습니다.","['고령자 맞춤형 식단 보조 및 위생 관리', '대상자 심리 안정 및 정서 지원 상담', '효율적인 가사 돌봄 동선 설계', '거동 불편자 체위 변경 및 이동 보조']","매일 아침 MBC 라디오를 켜두고 사연을 들으며 집안일을 하고, 오후에는 동네 친구들과 분식집에 모여 소소한 일상을 나눕니다. 주말이면 남편과 함께 동구청 인근 산책로를 천천히 걸으며 계절에 따라 변하는 나무와 꽃의 이름을 확인하곤 합니다.","['MBC 표준FM 라디오 청취', '동구청 인근 산책로 걷기', '동네 친구들과의 분식집 수다 모임', '가족 방문 및 안부 나누기']","지금 맡고 있는 돌봄 현장에서 대상자들에게 가장 믿음직한 사람으로 기억되며 오랫동안 건강하게 일하는 것을 목표로 합니다. 틈틈이 관련 서적을 읽으며 요양보호 전문성을 높여, 동료들 사이에서 어려운 사례를 해결해 주는 해결사 같은 존재가 되고 싶어 합니다.",여자,58,배우자있음,비현역,배우자와 거주,아파트,고등학교,해당없음,그 외 돌봄 및 보건 서비스 종사원,대구-동구,대구,대한민국
2cc07b0427cc48be86980ec1bdf58494,"김정민 씨는 집에서도 엑셀 표를 만들어 구직 활동 일정을 꼼꼼하게 기록하며, 퇴근 후의 삶이 확실히 보장되는 안정적인 사무직으로 돌아가기 위해 자격증 공부를 틈틈이 합니다. 정해진 매뉴얼대로 정확하게 처리하는 업무 스타일을 가졌지만, 현재는 무직 상태라는 불안함을 촘촘한 계획표로 누르며 하루를 보냅니다.","김정민 씨는 격렬한 운동보다는 친구들과 함께 천천히 동네 공원을 산책하거나 가끔 미용실에서 관리를 받으며 몸을 움직이는 정도로 활동량을 채웁니다. 헬스장 등록을 고민하며 전단지를 모으지만, 실제로 운동화를 신고 집 밖을 나서는 일은 드뭅니다.","김정민 씨는 용산 국립중앙박물관의 특별 전시 일정을 미리 체크해 방문하고, 마음에 드는 유물 앞에서 한참을 머물며 도록을 꼼꼼히 읽는 정적인 시간을 즐깁니다. 전시 관람 후에는 근처 카페에서 느낀 점을 일기장에 짧게 기록하며 문화적 취향을 다듬습니다.","김정민 씨는 친구들과 함께 제주도나 강릉의 유명한 맛집 지도를 미리 작성해 떠나는 음식 관광을 즐기며, 웨이팅이 길어도 계획한 식당은 반드시 방문해야 직성이 풀립니다. 여행지에서도 엑셀로 짜온 분 단위 일정표를 공유하며 일행을 이끌지만, 정작 본인은 이동 중에 쉽게 지쳐 카페에서 긴 휴식을 취하는 편입니다.","김정민 씨는 2주에 한 번 정도 친구들과 함께 마장동 축산시장에서 질 좋은 한우를 골라 구워 먹거나, 청담동의 조용한 일식집에서 정갈한 오마카세 코스를 즐기며 스트레스를 풉니다. 배달 음식은 한 달에 한 번 정도로 제한하지만, 한 번 주문할 때는 가장 리뷰가 좋은 프리미엄 초밥 세트를 골라 정성스럽게 차려 먹습니다.","김정민 씨는 동대문구의 작은 아파트에서 홀로 지내며 가족과는 적당한 거리감을 유지하지만, 명절이나 기념일에는 정성껏 준비한 선물 세트를 들고 본가를 방문합니다. 밤늦게까지 친한 친구와 전화로 시시콜콜한 고민을 나누며 정서적 허기를 채우는 시간이 하루 중 가장 편안한 순간입니다.","김정민 씨는 꼼꼼한 계획성과 실용적인 가치관을 가진 33세 여성으로, 안정적인 사무직 복귀를 준비하며 소소한 문화생활과 미식으로 일상의 균형을 찾는 인물입니다.","동대문구의 오래된 시장 골목과 현대적인 쇼핑몰이 공존하는 환경에서 생활하며 실용적인 가치를 중요하게 여깁니다. 전문대학 시절부터 빠르게 실무 기술을 익혔으며, 유행에 민감하면서도 내실을 기하는 30대 초반의 생활 양식을 가지고 있습니다.",꼼꼼한 성격을 바탕으로 엑셀을 활용한 지출 내역 정리와 일정 관리에 능숙합니다. 복잡한 서류 작업에서도 누락 없이 세부 사항을 챙기는 정확한 업무 처리 능력을 갖추고 있습니다.,"['엑셀을 활용한 데이터 정리', '효율적인 일정 계획 수립', '세부 문서 검토 및 교정', '합리적인 예산 집행 및 관리']","국립중앙박물관의 특별 전시를 관람하며 시간을 보내거나, 친구들과 함께 도심 속 숨은 일식당을 찾아 다니며 정갈한 오마카세를 즐깁니다. 가끔은 단골 미용실에서 관리를 받으며 기분 전환을 하고, 밤늦게까지 친구와 전화로 일상의 소소한 이야기를 나눕니다.","['국립중앙박물관 전시 관람', '동네 숨은 일식 맛집 탐방', '하이볼을 곁들인 친구와의 대화', '정기적인 헤어 및 네일 관리']","자신의 책임감을 인정받을 수 있는 안정적인 사무직으로의 복귀를 준비하고 있습니다. 무리한 성장보다는 정해진 체계 안에서 내실 있게 성과를 내며, 퇴근 후의 개인 시간을 보장받는 삶을 지향합니다.",여자,33,미혼,비현역,혼자 거주,아파트,2~3년제 전문대학,해당없음,무직,서울-동대문구,서울,대한민국
4a13147b4f4d4f8a985e8d08fe55610d,"봉민혁 씨는 청주 인근 토목 현장에서 도면의 작은 오차 하나까지 잡아내는 꼼꼼한 감리 기술자로 통하며, 거친 현장 인부들과 유연하게 소통해 공사 기간을 맞추는 능력이 탁월합니다. 다만 완벽을 기하려는 성격 탓에 작은 변수에도 쉽게 불안해하며, 이제는 몸을 쓰는 현장직을 넘어 토목시공기술사 자격을 취득해 전문적인 판단을 내리는 상급 관리직으로 올라가려 노력합니다.","봉민혁 씨는 땀 흘리는 격렬한 운동 대신 주말이면 아이들의 손을 잡고 청남대 산책길의 흙길을 천천히 밟으며 마음의 여유를 찾습니다. 평소에는 거실 소파에 깊숙이 파묻혀 아무것도 하지 않는 시간을 최고의 휴식으로 여기며, 가끔 대청호 주변을 드라이브하며 풍경을 보는 것으로 신체 활동을 대신합니다.","봉민혁 씨는 퇴근 후 유튜브에서 신승훈이나 조성모의 8090 가요 모음집을 틀어놓고 옛 추억에 잠기며 하루의 긴장을 풉니다. 넷플릭스에서 지구의 신비나 심해 생물을 다룬 자연 다큐멘터리를 멍하게 시청하며, 복잡한 현장의 소음에서 벗어나 정신적인 평온함을 얻는 시간을 소중히 여깁니다.",봉민혁 씨는 화려한 관광지보다는 가족들과 함께 대청호의 잔잔한 물결이나 속리산의 울창한 숲길을 찾아가 풍경을 감상하는 정적인 여행을 즐깁니다. 빽빽한 일정표를 짜기보다 그날의 기분에 따라 발길 닿는 대로 걷다가 이름 모를 벤치에 앉아 한참 동안 숲소리를 듣는 시간을 좋아합니다.,"봉민혁 씨는 평일 저녁에 아내와 함께 동네의 깔끔한 파스타 집에서 리조또를 즐기며, 주말에는 아이들과 함께 나물 비빔밥이나 청국장이 나오는 담백한 한식당을 찾습니다. 일주일에 한 번 정도는 치킨이나 족발을 배달시켜 먹으며 한 주 동안 쌓인 업무 스트레스를 기름진 음식으로 해소하곤 합니다.","봉민혁 씨는 밖에서는 엄격한 감리원일지 몰라도 집에서는 아이들의 투정을 다 받아주는 다정한 아버지이며, 아내의 말 한마디에 일희일비하는 세심한 남편입니다. 가족과 함께 거실에 모여 앉아 시시콜콜한 이야기를 나누는 시간을 삶의 가장 큰 원동력으로 삼으며, 자녀들이 더 좋은 환경에서 공부할 수 있도록 묵묵히 헌신합니다.","봉민혁 씨는 청주에서 성실하게 근무하는 토목감리 기술자로, 가족에 대한 깊은 애정과 정적인 휴식을 통해 삶의 균형을 맞추며 더 안정적인 미래를 설계하는 30대 가장입니다.","청주 상당구의 정적인 분위기와 토목 현장의 거친 문화 사이에서 균형을 잡으며 살아왔습니다. 기술직 특유의 끈끈한 유대감을 중요하게 생각하면서도, 퇴근 후에는 가족들과 함께하는 조용한 아파트 거실에서의 시간을 가장 큰 안식처로 여깁니다.","복잡한 설계 도면의 오차를 빠르게 잡아내고, 현장 작업자들의 요구사항을 유연하게 조율해 공사 기간을 맞추는 실무 능력이 탁월합니다. 특히 지반 조사 보고서와 실제 지형의 차이를 분석해 시공 오류를 방지하는 현장 감각이 뛰어납니다.","['설계 도면 및 시방서 검토', '현장 안전 점검 및 리스크 관리', '공정표 분석 및 진도 관리', '토목 시공 오차 교정', '하도급 업체 소통 및 공정 조율']","주말이면 아이들의 손을 잡고 청남대 산책길이나 대청호 주변의 한적한 풍경을 보며 복잡한 마음을 비워냅니다. 퇴근 후에는 거실 소파에 깊숙이 파묻혀 유튜브로 8090 가요 모음집을 틀어놓거나, 넷플릭스의 자연 다큐멘터리를 멍하게 시청하며 하루의 긴장을 풉니다.","['대청호 주변 풍경 드라이브', '8090 가요 리스트 감상', '넷플릭스 자연 다큐멘터리 시청', '주말 가족 산책', '거실 소파에서 멍 때리기']","현장 실무 경험을 바탕으로 토목시공기술사 자격증을 취득해, 몸을 쓰는 일보다 전문적인 판단과 검토가 중심이 되는 상급 관리직으로 전환하고자 합니다. 자녀가 성장함에 따라 소득의 안정성을 높여 가족의 교육 환경을 더 탄탄하게 만드는 것에 집중하고 있습니다.",남자,39,배우자있음,비현역,배우자·자녀와 거주,아파트,2~3년제 전문대학,해당없음,토목감리 기술자,충청북-청주시 상당구,충청북,대한민국
cdbaefb14e8948c0b8ba0f7e8574a01e,"이경민 씨는 반도체 회로도나 복잡한 소프트웨어 설계도를 훑으며 권리 범위를 정교하게 쪼개고 다듬는 일에 능숙한 변리사입니다. 인공지능과 6G 통신 같은 최첨단 기술의 독창성을 빠르게 짚어내 스타트업의 생존 전략을 짜주지만, 정작 본인의 책상 위는 읽어야 할 논문과 서류 뭉치로 늘 엉망인 경우가 많습니다.","이경민 씨는 주말마다 영등포 인근 체육센터에서 배드민턴 셔틀콕을 강하게 때리며 일주일간 쌓인 업무 압박을 해소합니다. 승부욕이 강해 경기 도중에는 무서울 정도로 날카로운 모습을 보이지만, 경기가 끝나면 누구보다 먼저 다가가 상대방과 웃으며 수다를 떠는 사교적인 성격입니다.",이경민 씨는 퇴근 후 소파에 누워 유튜브로 최신 가전 리뷰나 인테리어 영상을 보며 효율적인 삶의 방식을 탐색하는 시간을 즐깁니다. 정보통신기술 전공자답게 새로운 앱이나 기기가 출시되면 무작정 쓰기보다 어떤 원리로 작동하는지 분석하고 나름의 활용법을 익히는 편입니다.,"이경민 씨는 남편과 함께 서울 곳곳의 숨은 명소를 찾아다니는 시티투어를 즐기며, 가끔은 강원도 원주의 울창한 숲속으로 캠핑을 떠나 디지털 기기를 멀리합니다. 도심의 소음에서 벗어나 장작 타는 소리를 들으며 멍하게 시간을 보내는 순간에 가장 깊은 정서적 휴식을 느낍니다.","이경민 씨는 평소 버섯 들깨탕처럼 건강한 한식을 직접 요리해 남편과 나누지만, 외식을 할 때는 분위기 좋은 양식당에서 파스타와 와인을 곁들이는 시간을 가집니다. 주 1회 배달 음식으로 스트레스를 풀면서도, 재료의 신선도나 조리 공정이 효율적인지를 따져보는 직업병 같은 습관이 있습니다.","이경민 씨는 영등포의 작은 다세대주택에서 남편과 함께 서로의 커리어를 응원하며 현실적인 삶의 균형을 맞추어 갑니다. 다툼이 생겨도 논리적으로 상황을 분석해 빠르게 해결하려 하지만, 가끔은 논리보다 따뜻한 공감이 필요하다는 사실을 잊어 남편과 사소한 말다툼을 벌이곤 합니다.","이경민 씨는 ICT 전문성을 갖춘 변리사로서 치열한 서울의 삶을 살아가면서도, 배드민턴과 캠핑이라는 동적인 취미로 삶의 활력을 찾는 30대 여성입니다.","영등포구의 복잡한 도심 속 다세대주택에 거주하며, 대학원 시절 익힌 정보통신기술에 대한 학문적 태도를 일상의 실용적인 문제 해결에 적용하며 살아갑니다. 전공 지식과 법적 사고가 결합된 환경에서 성장해, 최신 기술 트렌드를 빠르게 수용하면서도 그것이 실제 삶의 질을 어떻게 바꾸는지 냉철하게 따져보는 습관이 배어 있습니다.",복잡한 소프트웨어 설계도나 반도체 회로도 같은 기술 문서를 분석해 이를 법적으로 보호받을 수 있는 정교한 권리 범위로 치환하는 능력이 탁월합니다. 특히 ICT 분야의 최신 논문을 읽고 핵심 기술의 독창성을 빠르게 파악해 의뢰인에게 명확한 전략을 제시하는 데 강점이 있습니다.,"['ICT 기술 명세서 분석 및 특허 청구범위 작성', '기술 가치 평가 및 지식재산권 분쟁 전략 수립', '최신 정보통신 기술 트렌드 모니터링 및 법적 검토', '다양한 이해관계자 간의 기술적 의견 조율 및 협상']","주말이면 남편과 함께 영등포 인근 체육센터에서 땀 흘리며 배드민턴 랠리를 이어가거나, 가끔은 도심을 벗어나 강원도 원주 쪽 숲속에서 캠핑하며 조용히 시간을 보냅니다. 집에서는 유튜브로 배운 레시피를 참고해 버섯 들깨탕이나 까르보나라 같은 요리를 직접 만들어 식탁을 차리는 시간에서 소소한 행복을 느낍니다.","['지역 커뮤니티 센터 배드민턴 동호회 활동', '자연 속에서의 소규모 캠핑과 불멍', '이색적인 양식 레시피를 활용한 홈쿡', '시티투어 버스를 타고 둘러보는 서울의 숨은 명소 탐방']",단순한 대리인 업무를 넘어 인공지능이나 6G 통신 같은 차세대 핵심 기술 분야에서 대체 불가능한 전문성을 가진 변리사로 인정받고자 합니다. 실무 경험을 차곡차곡 쌓아 향후에는 기술 스타트업의 초기 성장 단계부터 지식재산 전략을 함께 설계하는 파트너급 전문가로 성장하는 것을 목표로 합니다.,여자,30,배우자있음,비현역,배우자와 거주,다세대주택,대학원,정보통신기술,변리사,서울-영등포구,서울,대한민국
6e788c44720340439a652bab9b33da84,"허미향 씨는 건설 현장에서 작업자들과 기싸움을 벌이며 공정 스케줄을 분 단위로 쪼개 관리하던 추진력을 바탕으로, 현재는 동탄 집 거실에서 소규모 설계 외주 리스트를 엑셀로 정리하며 실속 있는 재택 근무 복귀를 준비합니다.","허미향 씨는 주말마다 지역 아마추어 배구 동호회 코트에서 강력한 스파이크를 내리꽂으며 땀을 흘리고, 평일 밤에는 침대에 누워 유튜브로 스테픈 커리의 3점 슛 하이라이트를 챙겨봅니다.","허미향 씨는 난해한 현대 미술보다는 넷플릭스 다큐멘터리를 시청하며 시간을 보내고, 가끔은 제부도 갯벌 산책로를 천천히 걸으며 서해의 붉은 낙조를 가만히 응시합니다.",허미향 씨는 마음 맞는 친구와 함께 강원도 인제 자작나무 숲이나 제주도 사려니 숲길을 찾아가 울창한 나무 사이를 걸으며 도심의 소음을 잊는 시간을 갖습니다.,"허미향 씨는 2주에 한 번쯤 동네 단골 고깃집에서 두툼한 삼겹살에 소주를 곁들이거나, 분위기 좋은 이자카야에서 시원한 생맥주 한 잔과 꼬치구이로 일상의 피로를 씻어냅니다.","허미향 씨는 동탄 신도시의 아파트에서 홀로 거주하며 가족의 간섭 없이 오직 자신의 리듬에 맞춘 독립적인 일상을 꾸려가며, 혼자만의 고요한 공간이 주는 안락함을 만끽합니다.","허미향 씨는 공대 출신의 실용주의적 사고와 배구 동호회의 활기찬 에너지를 동시에 가진, 독립적이고 단단한 성격의 40대 여성입니다.","화성 동탄의 신도시 아파트 단지에서 거주하며, 공대 출신 특유의 무던함과 실용주의적인 태도가 몸에 배어 있습니다. 사회생활 시절 남초 직장 분위기 속에서 살아남으며 맺고 끊음이 확실한 성격이 되었고, 퇴근 후 삼겹살에 소주 한 잔으로 스트레스를 풀던 문화에 익숙합니다.","건축 도면을 분석해 시공 오차를 잡아내는 꼼꼼함이 탁월하며, 전체 공정 스케줄을 분 단위로 쪼개어 관리하는 능력이 있습니다. 현장 작업자들과의 기싸움에서 밀리지 않고 명확한 지시를 내리는 협상력과 추진력을 갖췄습니다.","['AutoCAD 도면 설계 및 수정', '건설 공정 관리 및 스케줄링', '산업 안전 보건 법규 해석', '현장 인력 효율적 조율']","주말이면 지역 아마추어 배구 동호회에 나가 강한 스파이크를 때리며 땀을 흘리고, 저녁에는 유튜브로 NBA 경기 하이라이트를 챙겨봅니다. 가끔은 친구와 함께 제부도 갯벌 산책로를 걸으며 탁 트인 서해 바다 풍경을 멍하니 바라봅니다.","['아마추어 배구 경기 참여', 'NBA 경기 분석 시청', '제부도 해안 산책로 걷기', '숯불 돼지갈비 맛집 탐방']",당장의 화려한 복귀보다는 자신의 전문성을 살려 재택으로 처리 가능한 소규모 설계 외주 업무를 안정적으로 확보하려 합니다. 매달 고정적인 수익을 낼 수 있는 실속 있는 일감을 찾아 리스트를 정리하고 있습니다.,여자,44,미혼,비현역,혼자 거주,아파트,4년제 대학교,공학·제조·건설,무직,경기-화성시,경기,대한민국
1ce74a978a8746daa415c5dc82389216,"이점순 씨는 용인 수지의 한 사회복지시설 경비실에서 근무하며, 방문객의 미세한 표정 변화만으로도 용건을 꿰뚫어 보는 매서운 눈썰미를 발휘하고, 막무가내로 떼를 쓰는 이들에게는 단호하게 원칙을 들이밀어 상황을 정리합니다.","이점순 씨는 무리한 운동 대신 오후의 나른한 낮잠이나 아무것도 하지 않고 가만히 앉아 있는 시간을 최고의 휴식으로 여기며, 가끔은 경로당 친구들과 바둑판 앞에 앉아 치열한 수 싸움을 벌입니다.","이점순 씨는 베란다의 국화분과 제라늄 잎을 정성껏 닦아내며 마음을 달래고, 낡은 라디오에서 흘러나오는 나훈아의 구슬픈 노래 가사를 나직이 따라 부르며 창밖 풍경을 멍하니 응시합니다.",이점순 씨는 친목 모임 회원들과 함께 버스를 타고 전국 곳곳의 산과 들을 찾아다니며 탁 트인 자연 풍경을 감상하는 여행에서 삶의 활력을 얻습니다.,"이점순 씨는 수지구청 근처 빵집에서 파는 달콤하고 부드러운 크림빵을 소소한 별미로 즐기며, 외식 때는 고기보다는 나물과 찌개가 정갈하게 나오는 한식당을 주로 찾습니다.","이점순 씨는 사별 후 자녀 세대와 함께 아파트에서 살아가며, 때로는 가족들에게 무뚝뚝하고 단호한 말투로 선을 긋지만 속으로는 집안의 작은 변화와 분위기에 민감하게 반응합니다.","이점순 씨는 투박한 말투와 매서운 눈썰미를 가졌지만, 베란다 꽃과 달콤한 크림빵 한 조각에서 위안을 찾는 용인 수지의 강인한 83세 경비원입니다.",학교 문턱은 밟아보지 못했지만 시장 바닥에서 구르며 몸으로 익힌 생존 지혜가 깊습니다. 용인 수지의 아파트 단지 속에서도 투박한 말투와 단호한 성격을 유지하며 자신만의 삶의 영역을 지키고 있습니다.,시설을 드나드는 사람들의 표정만 보고도 용건을 짐작하는 눈썰미가 매섭습니다. 떼를 쓰는 방문객 앞에서도 기죽지 않고 단호하게 원칙을 내세워 상황을 정리합니다.,"['출입자 신원 확인 및 통제', '민원인 응대 및 갈등 중재', '시설 내 이상 징후 포착', '효율적인 순찰 경로 설정']","베란다에 둔 국화분과 제라늄 잎을 닦아주며 시간을 보내고, 주말이면 수지구청 인근 빵집에서 부드러운 크림빵을 사다 먹습니다. 라디오에서 흘러나오는 나훈아의 노래를 들으며 멍하니 창밖을 보는 시간을 아낍니다.","['베란다 원예', '동네 빵집 투어', '트로트 음악 감상', '광교산 둘레길 산책']",몸이 허락하는 한 지금의 경비직을 유지하며 전세금 인상분에 대비한 비상금을 차곡차곡 모으고 싶어 합니다.,여자,83,사별,비현역,기타2세대,아파트,무학,해당없음,시설 경비원,경기-용인시 수지구,경기,대한민국
e32e2af48b3d4284a6fdc34ee3715564,"김성만 씨는 부천 원미구의 농산물 하역 현장에서 지게차 동선을 톱니바퀴처럼 맞물리게 짜내어 상하차 시간을 획기적으로 줄이는 베테랑입니다. 무거운 상자를 빈틈없이 쌓아 올리는 손끝의 감각으로 동료들 사이에서 인정받지만, 작업 속도가 느린 젊은 직원들에게는 툭툭 쏘아붙이는 까칠한 면모가 있습니다.","김성만 씨는 주말이면 TV 앞에 앉아 스포츠 경기를 관람하며 소리를 지르거나, 가끔은 경기장 현장의 뜨거운 열기를 직접 느끼기 위해 외출합니다. 정적인 휴식만큼이나 역동적인 경기에 몰입하는 시간을 통해 일주일간 쌓인 업무 스트레스를 한 번에 털어냅니다.",김성만 씨는 밤마다 라디오에서 흘러나오는 사연과 음악에 귀를 기울이며 하루의 고단함을 달래는 서정적인 면모를 지녔습니다. 베란다의 작은 화분 속에 상추와 고추 모종을 심고 싹이 트는 과정을 지켜보는 일에서 소박한 성취감을 느낍니다.,김성만 씨는 복잡한 도시를 벗어나 홀로 차를 몰고 강원도 평창의 깊은 숲길을 찾아가 거대한 나무들 사이에 가만히 서 있기를 즐깁니다. 누구의 방해도 받지 않고 오직 자연의 풍경 속에 파묻혀 생각에 잠기는 시간은 그가 스스로를 회복하는 유일한 방식입니다.,"김성만 씨는 2주에 한 번 정도 가족들과 함께 고깃집에서 외식을 즐기며, 가끔은 깔끔한 일식당을 찾아 색다른 맛을 경험합니다. 일주일에 서너 번은 간편하게 배달 음식을 시켜 먹으며 식사 준비의 번거로움을 덜어내는 실용적인 식습관을 가지고 있습니다.","김성만 씨는 초등학교 졸업 후 곧바로 생업에 뛰어들어 오직 가족의 생계를 책임지는 것을 인생의 가장 큰 가치로 삼아온 성실한 아버지이자 남편입니다. 무뚝뚝한 말투 탓에 자녀들과 살가운 대화는 부족하지만, 묵묵히 집안의 기둥 역할을 하며 가족들이 누리는 안정을 지켜내고 있습니다.","김성만 씨는 부천의 하역 현장에서 뼈가 굵은 베테랑 노동자로, 가족을 향한 책임감과 자연 속의 고독을 동시에 사랑하는 현실적인 60대 가장입니다.","초등학교 졸업 후 곧바로 생업 전선에 뛰어들어 부천의 공단과 농가 하역 현장에서 잔뼈가 굵었습니다. 글보다는 몸으로 익힌 경험을 더 신뢰하며, 성실하게 일해 가족을 부양하는 것을 최고의 가치로 여기는 세대의 삶을 살아왔습니다.","무거운 농산물 상자를 틈 없이 쌓아 올리는 공간 활용 능력이 탁월하며, 지게차의 동선을 최소화해 상하차 시간을 획기적으로 단축하는 현장 노하우를 보유하고 있습니다.","['농산물 적재 최적화', '지게차 효율 운행', '하역 현장 안전 관리', '창고 재고 배치 전략']","주말이면 베란다 작은 화분에 상추와 고추를 심어 가꾸고, 잠들기 전 라디오 사연을 들으며 하루를 마무리합니다. 가끔은 혼자 차를 몰고 강원도 평창의 조용한 숲길을 찾아가 가만히 나무를 바라보며 생각에 잠깁니다.","['베란다 텃밭 가꾸기', 'KBS 라디오 청취', '스마트폰 퍼즐 게임', '강원도 산간 지역 드라이브']","갑작스러운 건강 악화 없이 지금의 일자리를 최대한 오래 유지하며, 전세 자금을 조금 더 보태어 더 넓고 쾌적한 집으로 옮기는 현실적인 안정을 꿈꿉니다.",남자,64,배우자있음,비현역,배우자·자녀와 거주,아파트,초등학교,해당없음,하역 및 적재 관련 단순 종사원,경기-부천시 원미구,경기,대한민국
6b4e04d258c74536aae05a0d441a6d24,"성종련 씨는 젊은 시절 사무직으로 근무하며 서류 한 장, 일정 하나 틀리는 법 없이 꼼꼼하게 챙겨 동료들 사이에서 살림꾼으로 통했습니다. 지금은 은퇴했지만, 여전히 지인들의 모임 장소와 시간을 분 단위로 계획해 공지하는 주도적인 면모를 보입니다.","성종련 씨는 땀 흘리는 격렬한 운동보다는 일요일 오후 거실 소파에서 취하는 달콤한 낮잠으로 기력을 보충합니다. 가끔은 손주들의 성화에 못 이겨 함께 가벼운 걷기를 하지만, 금세 숨이 차올라 벤치에 앉아 수다를 떠는 시간이 더 깁니다.","성종련 씨는 유튜브를 통해 임영웅의 노래 영상을 반복해서 시청하며 스트레스를 풀고, 가사 하나하나에 담긴 한을 곱씹습니다. 화려한 전시회보다는 시장통의 시끌벅적한 분위기나 사람 냄새 나는 이야기를 듣는 것에서 더 큰 정서적 만족감을 느낍니다.","성종련 씨는 전 직장 동료들과 함께 전국의 유명한 한우 마을이나 빵집을 찾아다니는 식도락 여행에 진심입니다. 여행지에서는 반드시 현지인들이 추천하는 노포를 찾아가야 직성이 풀리며, 이동 경로를 꼼꼼하게 짠 계획표를 동료들에게 공유합니다.","성종련 씨는 일주일에 대여섯 번은 집 밖에서 식사를 해결하며, 특히 지글지글 구워지는 삼겹살이나 정갈한 한정식 차림에 큰 만족감을 느낍니다. 식사 후에는 파주의 유명한 베이커리 카페에 들러 갓 구운 소금빵이나 단팥빵을 사서 가족들과 나누어 먹는 것이 일상의 큰 즐거움입니다.","성종련 씨는 배우자와 자녀들이 함께 사는 북적이는 집안 분위기를 사랑하며, 가족의 평화를 위해 웬만한 갈등은 웃음으로 넘기려 노력합니다. 하지만 가끔 예민해지는 성격 탓에 집안 물건이 제자리에 있지 않으면 잔소리를 쏟아내어 자녀들을 긴장하게 만들기도 합니다.","성종련 씨는 파주에서 가족의 화목을 최우선으로 여기며, 전 직장 동료들과의 미식 여행과 종교 활동으로 활기찬 노후를 보내는 사교적인 성격의 소유자입니다.",파주에서 오랜 세월 터를 잡고 살며 가족의 안정을 최우선으로 여기는 실용적인 가치관을 가지고 있습니다. 고등학교 졸업 후 빠르게 사회생활을 시작해 성실함과 책임감을 미덕으로 여기며 살아온 세대입니다.,과거 직장 생활 당시 복잡한 서류 정리와 일정 관리를 오차 없이 처리해 동료들 사이에서 살림꾼으로 통했습니다. 낯선 사람과도 금방 말을 트는 사교성 덕분에 모임의 분위기를 주도적으로 이끄는 능력이 탁월합니다.,"['정교한 가계부 작성', '단체 여행 일정 조율', '효율적인 집안 살림 정리', '원만한 인간관계 중재']","전 직장 동료들과 함께 전국의 유명한 고깃집이나 빵집을 찾아다니는 미식 여행에 진심입니다. 일요일마다 종교 활동에 참여해 사람들과 소식을 나누고, 오후에는 거실에서 낮잠을 자거나 유튜브로 최신 트로트 무대 영상을 시청하며 시간을 보냅니다.","['전국 빵집 투어', '한우 및 돼지갈비 맛집 탐방', '유튜브 트로트 영상 시청', '종교 커뮤니티 활동', '자녀 및 손주들과의 안부 전화']","사회적 성취보다는 가족들이 화목하게 지내는 환경을 유지하고, 주변 지인들에게 여전히 영향력 있고 활기찬 사람으로 기억되는 것에 가치를 둡니다.",여자,73,배우자있음,비현역,배우자·자녀와 거주,아파트,고등학교,해당없음,무직,경기-파주시,경기,대한민국
1f094fe2f97f462ca560f30db8197755,"현현세 씨는 오산의 물류 창고 단지에서 근무하며 복잡한 통관 서류의 흐름을 도식화해 처리 시간을 획기적으로 줄이는 관세행정 사무원입니다. 현현세 씨는 물류 현장의 소란스러운 돌발 변수들을 능숙하게 조율하며, 관세사 자격증을 취득해 월급의 앞자리를 바꾸겠다는 구체적인 목표를 향해 매일 서류 뭉치와 씨름합니다.",현현세 씨는 거실에 놓인 바둑판 앞에서 아버지와 수 싸움을 벌이며 정적인 승부를 즐기는 시간을 보냅니다. 현현세 씨는 한참을 집중하다가도 결정적인 순간에 멍해지며 묘수를 놓쳐 판을 그르치는 버릇이 있습니다.,현현세 씨는 주말이면 서울 시립 미술관이나 리움 미술관을 찾아 정갈하게 배치된 현대 미술 작품들을 감상하며 머릿속의 소음을 비워냅니다. 현현세 씨는 복잡한 행정 업무로 쌓인 정신적 피로를 무채색의 공간이 주는 정적 속에서 해소합니다.,현현세 씨는 연인이나 친구와 함께 국립현대미술관 서울관의 전시를 관람하며 도심 속 문화 산책을 즐깁니다. 현현세 씨는 전시 하나를 천천히 훑어본 뒤 근처 삼청동 카페에서 시원한 음료를 마시며 수다를 떠는 일정을 짭니다.,현현세 씨는 퇴근길 동네 단골집인 돼지갈비 전문점에서 친구들과 소주잔을 기울이며 하루의 스트레스를 털어냅니다. 현현세 씨는 배달 앱을 켜는 일보다 직접 시끌벅적한 주점에 가서 안주를 시키고 사람들과 어울리는 시간을 보냅니다.,현현세 씨는 오산의 한적한 단독주택 단지에서 부모님과 함께 지내며 이웃들과 정답게 인사하는 소박한 분위기에 익숙합니다. 현현세 씨는 무뚝뚝한 아버지와 바둑을 두며 서툴게나마 대화를 나누고 정서적 유대감을 쌓아갑니다.,"현현세 씨는 실용적인 가치를 쫓아 관세 행정 분야에서 커리어를 쌓으며, 예술적 감성과 인간관계의 즐거움을 동시에 추구하는 27세의 직장인입니다.","경기 오산의 한적한 단독주택 단지에서 자라며 이웃 간의 정과 여유로운 분위기에 익숙합니다. 공학을 전공했지만 실용적인 가치를 중시하여 관세 행정이라는 실무적인 길을 선택했고, 주말이면 서울의 현대 미술관을 찾아다니며 정서적인 환기를 즐깁니다.",공학적 사고방식을 행정 업무에 접목해 복잡한 통관 서류의 흐름을 도식화하여 처리 시간을 단축합니다. 특히 물류 현장에서 발생하는 돌발 변수에 빠르게 대처하며 운송 업체 담당자들과 매끄럽게 소통해 문제를 해결하는 능력이 탁월합니다.,"['HS 코드 품목 분류', '수출입 통관 서류 작성', '물류 비용 최적화 계산', '엑셀 기반 재고 관리 자동화']","퇴근 후 동네 단골 고기집에서 친구들과 소주잔을 기울이며 스트레스를 풉니다. 가끔은 아버지와 바둑판을 마주하고 앉아 수 싸움을 벌이지만, 집중력이 흐트러져 결정적인 순간에 실수를 저지르곤 합니다.","['동네 바둑 동호회 활동', '수제 맥주 펍 탐방', '리움미술관 전시 관람', '전국 유명 돼지구이 맛집 투어']","현실적인 보상과 안정성을 중요하게 생각하여, 실무 경력을 바탕으로 관세사 자격증을 취득해 몸값을 높이는 것을 목표로 합니다. 막연한 성공보다는 매달 통장에 찍히는 월급의 앞자리를 바꾸는 구체적인 성취에 집중하고 있습니다.",남자,27,미혼,비현역,부모와 동거,단독주택,4년제 대학교,공학·제조·건설,관세행정 사무원,경기-오산시,경기,대한민국
fa41e995843b4dbd8af571a3f54dedea,"이정호 씨는 젊은 시절 물류 창고에서 수천 가지 물품을 빈틈없이 관리하던 감각을 살려, 지금은 집안의 낡은 문고리나 삐걱거리는 서랍장을 직접 고치는 동네의 맥가이버 역할을 합니다. 화려한 경력보다는 손에 잡히는 실리를 따랐던 성격 탓에 퇴직 후에도 소소하게 이웃들의 집수리를 도와주며 시간을 보냅니다.","이정호 씨는 주말 밤이면 거실 소파에 깊숙이 몸을 파묻고 프리미어리그 경기를 시청하며 소리를 지르기도 하고, 경기가 지루해지면 어느새 입을 벌린 채 깊은 낮잠에 빠져듭니다. 직접 몸을 움직이는 운동보다는 TV 화면을 통해 펼쳐지는 전술과 경기 흐름을 관찰하며 소소한 즐거움을 찾습니다.",이정호 씨는 매주 일요일 서대문구의 성당을 찾아 신자들과 조용히 인사를 나누고 마음의 평온을 얻는 시간을 소중히 여깁니다. 인위적인 예술 작품보다는 창밖으로 보이는 계절의 변화나 가끔 떠나는 여행지에서 마주하는 웅장한 산세와 바다 풍경을 감상하는 것에서 깊은 미적 충족감을 느낍니다.,"이정호 씨는 아내를 조수석에 태우고 양평의 좁은 국도를 따라 드라이브를 즐기며, 이름 없는 숲길이나 조용한 온천 마을을 찾아다니는 여유로운 여행을 즐깁니다. 가끔 떠나는 해외여행에서도 복잡한 관광지보다는 현지의 한적한 공원을 느긋하게 걷는 일정에 만족감을 느낍니다.","이정호 씨는 일주일에 한 번 아내와 함께 동네의 오래된 청국장 집을 찾아 구수한 찌개에 곁들임 반찬을 즐기거나, 가끔 별미로 짜장면과 탕수육을 먹는 중식당 나들이를 즐깁니다. 배달 음식은 번거롭고 믿음이 가지 않는다며 거의 이용하지 않고 직접 식당을 찾아가 갓 나온 음식을 먹는 방식을 고수합니다.","이정호 씨는 서대문구의 낡은 단독주택에서 아내와 오랜 세월을 함께하며, 말수는 적지만 아내가 좋아하는 꽃나무를 마당에 심어주는 식으로 마음을 표현합니다. 갈등이 생겨도 감정을 앞세우기보다는 시간이 흐르기를 기다렸다가 툭 던지는 짧은 농담으로 서먹한 분위기를 푸는 유연한 관계를 유지합니다.","이정호 씨는 서대문구 안산 자락에서 아내와 단란하게 지내며, 과거의 물류 전문성을 집수리 재능으로 승화시킨 채 건강 관리와 소박한 여행에 집중하는 현실적인 60대 가장입니다.","서대문구 안산 자락의 오래된 단독주택에서 아내와 함께 지내며, 매주 일요일이면 동네 성당에서 신자들과 인사를 나눕니다. 고등학교 졸업 후 빠르게 사회생활을 시작해 실리를 챙기는 법을 익혔으며, 화려한 겉치레보다 내실 있는 삶을 지향합니다.",과거 물류 현장에서 오래 근무한 덕분에 물건을 효율적으로 배치하고 재고를 파악하는 눈이 매우 정확합니다. 집안의 고장 난 수도꼭지나 삐걱거리는 문손잡이를 직접 고치는 손재주가 있어 주변 이웃들의 소소한 도움 요청을 해결해주곤 합니다.,"['물류 재고 관리', '간단한 가구 및 집수리', '효율적인 운전 경로 파악', '실용적인 가계 지출 관리']",주말이면 아내를 태우고 양평이나 가평의 한적한 도로를 드라이브하며 창밖의 풍경을 감상합니다. 거실 소파에 기대어 해외 축구 중계를 보다가 나른하게 낮잠을 자는 시간에서 가장 큰 휴식을 얻습니다.,"['양평 및 가평 숲길 드라이브', '해외 축구 중계 시청', '동네 산책로 걷기', '성당 종교 활동']",이제는 사회적 성취보다는 혈압약을 제때 챙겨 먹으며 복부비만을 줄이는 건강 관리에 집중하고 있습니다. 아내와 함께 전국 곳곳의 조용한 숲길을 찾아다니며 남은 생을 평온하게 보내는 것을 최우선으로 생각합니다.,남자,61,배우자있음,비현역,배우자와 거주,단독주택,고등학교,해당없음,무직,서울-서대문구,서울,대한민국
1fc2fac8f3c447a898339e9a32fc5b8e,"윤민수 씨는 울산 북구의 한적한 골목에서 수십 년간 가위를 잡으며 단골들의 두상과 모질을 꿰뚫고 있는 이용사입니다. 손님의 기분을 세밀하게 살피며 정갈하게 머리를 깎는 일에 자부심을 느끼지만, 정작 거울 속에 비친 자신의 흰머리가 늘어가는 것을 보며 가끔 깊은 한숨을 내쉽니다.","윤민수 씨는 격렬한 운동보다는 동네 목욕탕에서 땀을 빼거나 집 마루에 누워 아무것도 하지 않고 시간을 보내는 정적인 휴식을 즐깁니다. 가끔 친구들과 가벼운 산책을 하며 동네 한 바퀴를 돌지만, 대부분의 시간은 육체적 노동의 피로를 푸는 느긋한 쉼표 같은 일상을 보냅니다.",윤민수 씨는 스마트폰으로 유튜브의 옛날 노래 모음이나 낚시 관련 영상을 보며 시간을 보내는 소박한 문화생활을 즐깁니다. 화려한 전시회나 공연보다는 정겨운 동네 골목의 풍경과 오랜 단골들과 나누는 시시콜콜한 대화 속에서 삶의 정취를 발견합니다.,윤민수 씨는 아내의 손을 잡고 전국의 오래된 노포를 찾아다니며 그 지역의 제철 식재료로 만든 투박한 음식을 맛보는 여행에 몰입합니다. 유명 관광지의 랜드마크를 방문하기보다 숨겨진 맛집의 낡은 간판과 주인장의 무뚝뚝한 말투 속에 담긴 정을 깊게 음미합니다.,윤민수 씨는 2주에 한 번꼴로 아내와 함께 지글지글 익어가는 삼겹살에 쌈을 싸 먹는 한식당을 찾으며 소박한 외식의 즐거움을 누립니다. 일주일에 한 번은 집에서 편하게 배달 앱으로 안주를 시켜 아내와 소주잔을 기울이며 하루의 피로를 씻어냅니다.,"윤민수 씨는 울산 북구의 단독주택에서 아내와 함께 서로의 빈틈을 메워주며 조용하고 화목한 가정을 꾸려가고 있습니다. 무뚝뚝한 성격 탓에 다정한 표현은 서툴지만, 아내가 좋아하는 제철 음식을 미리 알아보고 여행 계획을 세우는 세심함으로 마음을 전합니다.","윤민수 씨는 울산 북구에서 성실하게 가위를 잡으며 이웃의 신뢰를 받는 이용사이자, 소박한 일상의 맛과 휴식을 소중히 여기는 다정한 가장입니다.",울산 북구의 한적한 주택가에서 나고 자라며 이웃 간의 끈끈한 정과 성실한 노동의 가치를 몸소 익혔습니다. 화려한 도시의 유행보다는 익숙한 동네 골목의 정취와 사람 냄새 나는 관계를 소중히 여깁니다.,"수십 년간 가위를 잡으며 다져진 정교한 커트 실력으로, 손님의 두상과 모질에 딱 맞는 정갈한 스타일을 만들어냅니다. 대화를 통해 상대의 기분을 세밀하게 살펴 편안한 분위기를 조성하는 능력이 탁월합니다.","['클래식 바버링 및 포마드 스타일링', '두상 맞춤형 정밀 커트', '전통 방식의 쉐이빙 및 면도', '고객 성향 파악 및 맞춤형 대화법', '이용 도구 정밀 유지보수']","주말이면 아내와 함께 전국의 유명한 노포 맛집을 찾아다니며 제철 음식을 즐기고, 퇴근 후에는 동네 친구들과 소주 한 잔을 기울이며 시시콜콜한 일상을 나눕니다. 피곤한 날에는 동네 목욕탕에서 뜨거운 탕에 몸을 담근 뒤 집 마루에서 짧은 낮잠을 자며 스트레스를 풉니다.","['전국 노포 맛집 탐방', '동네 목욕탕 온탕 입욕', '친구들과의 소주 한 잔', '유튜브 옛날 노래 영상 시청', '주말 오후의 낮잠']","지금의 단골손님들이 나이가 들어서도 믿고 찾아올 수 있도록 정직하게 가위를 잡으며, 동네에서 가장 신뢰받는 사랑방 같은 가게를 유지하는 것에 보람을 느낍니다.",남자,48,배우자있음,비현역,배우자와 거주,단독주택,고등학교,해당없음,이용사,울산-북구,울산,대한민국
511f284a899b4b92b326fbfc8ea35e23,"문선행 씨는 과거 순천 시장통에서 물건을 떼다 팔며 다져진 날카로운 눈썰미로 물건의 진위를 순식간에 가려내며, 처음 보는 외지인과도 금방 형님 동생 하며 어울리는 능수능란한 말솜씨를 가졌습니다.","문선행 씨는 매일 오후 순천만 국가정원의 평탄한 산책길을 아주 느릿하게 거닐며, 걷다가 숨이 차면 근처 벤치에 앉아 지나가는 사람들을 구경하거나 깜빡 낮잠에 빠져드는 느긋한 일상을 보냅니다.","문선행 씨는 저녁마다 거실 소파에 몸을 깊숙이 기대고 임영웅 같은 가수가 출연하는 '미스터트롯' 재방송을 시청하며, 애절한 트로트 가락에 맞춰 콧노래를 흥얼거리거나 눈시울을 붉히기도 합니다.","문선행 씨는 가족들과 함께 옛 자취가 남은 역사 유적지를 찾아다니는 여행을 즐기며, 특히 당뇨 수치를 안정시켜 손주들의 손을 잡고 경주 불국사와 석굴암의 돌계단을 구석구석 천천히 돌아보는 꿈을 꾸고 있습니다.","문선행 씨는 한 달에 한 번 가족들과 함께 지글지글 구운 돼지갈비 식당을 찾고, 일주일에 한 번은 짜장면과 탕수육이 든 중식 배달 음식을 시켜 먹으며 소소한 미식의 즐거움을 누립니다.","문선행 씨는 평생을 함께한 배우자와 아파트에서 오순도순 살며, 겉으로는 무뚝뚝한 척하지만 손주들이 놀러 오는 날이면 시장에서 맛있는 간식을 한 보따리 사다 놓는 다정한 할아버지입니다.","문선행 씨는 순천만 갯벌의 정서와 시장통의 수완을 모두 갖춘, 넉살 좋고 정 많은 고도비만 70대 어르신입니다.","순천만 갯벌 근처에서 나고 자라며 글보다는 사람 사는 법을 먼저 익혔고, 걸직한 전라도 사투리로 동네 어르신들 사이에서 분위기를 주도하는 중심 역할을 합니다.","오랜 세월 시장통에서 물건을 떼어다 팔며 쌓은 날카로운 눈썰미와, 처음 보는 사람과도 금방 형님 동생 하며 어울리는 능수능란한 말솜씨를 갖추고 있습니다.","['시장 상권 흐름 파악', '사람 마음을 얻는 대화법', '낡은 가구 간단히 수리하기', '지역 사회 인맥 관리']","매일 오후 순천만 국가정원 산책길을 느릿하게 걷고, 저녁에는 거실 소파에 깊숙이 기대어 '미스터트롯' 재방송을 챙겨 봅니다.","['순천만 국가정원 느리게 걷기', '트롯 가수 노래 감상', '주 1회 짜장면 배달 시켜 먹기', '가족과 함께하는 역사 유적지 답사']",당뇨 수치를 안정시켜서 손주들 손을 잡고 경주 불국사와 석굴암을 구석구석 천천히 다 돌아보고 싶어 합니다.,남자,71,배우자있음,비현역,배우자와 거주,아파트,무학,해당없음,무직,전라남-순천시,전라남,대한민국
c90e57fa7a604e51afaaae4239f3ab68,"한문기 씨는 포항의 영상 제작 업체에서 복잡한 스크립트를 한눈에 들어오는 책자로 엮어내는 편집 사무원으로 근무하며, 사내에 흩어진 영상 자료들을 누구나 찾기 쉬운 디지털 라이브러리로 구축해 동료들의 반복 업무를 없애겠다는 구체적인 목표를 가지고 있습니다.","한문기 씨는 주말마다 동네 체육관에서 배드민턴 셔틀콕을 강하게 때리며 땀을 흘리고, 가족들과 함께 호미곶 해변의 모래사장을 천천히 걸으며 굳은 몸과 마음을 유연하게 풉니다.","한문기 씨는 거실 소파에 깊숙이 몸을 파묻고 윤종신의 노래 가사를 곱씹으며 멍하게 시간을 보내는 정적인 휴식을 즐기며, PC 통신 시절의 아날로그한 기억과 현대의 디지털 도구를 능숙하게 다루는 감각을 동시에 가지고 있습니다.","한문기 씨는 화려한 관광지보다는 가족들의 손을 잡고 탁 트인 자연 풍경을 감상하는 여행을 즐기며, 포항의 푸른 바다와 맞닿은 한적한 산책로를 찾아다니며 일상의 소란함을 잠재웁니다.","한문기 씨는 일주일에 대여섯 번이나 배달 앱을 켜서 족발과 같은 고기 요리를 주문하고, 격주에 한 번 외식을 할 때는 시끌벅적한 주점에서 동료들과 술잔을 기울이며 하루의 피로를 털어냅니다.","한문기 씨는 포항 남구의 아파트에서 아내와 아이들을 위해 성실하게 일하는 책임감 강한 아버지이지만, 때로는 업무와 육아 스트레스가 겹쳐 예민해질 때면 말수가 급격히 줄어든 채 혼자만의 생각에 잠기곤 합니다.","한문기 씨는 포항에서 영상 편집직으로 일하며 가족을 부양하는 성실한 40대 가장으로, 디지털 전문성과 아날로그적 감성 사이에서 균형을 찾으며 소박한 일상의 행복을 좇는 인물입니다.",포항 남구의 철강 산업 단지 분위기 속에서 자라며 성실함과 책임감을 당연한 덕목으로 여기고 살아왔습니다. 90년대 후반 PC 통신과 인터넷의 보급을 실시간으로 겪으며 아날로그적 정서와 디지털 도구의 효율성을 동시에 체득한 세대입니다.,영상 스크립트를 분석해 가독성 좋은 책자 형태로 재구성하는 편집 능력이 탁월합니다. 편집 프로그램을 활용해 복잡한 정보를 체계적인 레이아웃으로 시각화하고 자료를 데이터베이스화하는 작업에 능숙합니다.,"['영상 스크립트 기반의 도서 편집', '디지털 아카이빙 및 데이터 분류', '레이아웃 시각화 디자인', '영상 자막 및 텍스트 교정']","퇴근 후 거실 소파에 누워 윤종신의 노래를 들으며 멍하게 시간을 보내거나, 배달 앱으로 주문한 족발과 막걸리로 하루의 피로를 풉니다. 주말에는 가족들과 호미곶 해변을 산책하며 바다 풍경을 감상하고, 동네 체육관에서 배드민턴 셔틀콕을 치며 땀을 흘립니다.","['윤종신 노래 감상하며 휴식하기', '호미곶 해변 가족 산책', '동네 클럽 배드민턴', '배달 음식으로 야식 즐기기', '스마트폰 모바일 게임']","사내의 파편화된 영상 자료들을 누구나 쉽게 검색하고 활용할 수 있는 체계적인 디지털 라이브러리로 구축하여, 불필요한 반복 업무를 줄이고 업무 프로세스를 간소화하는 것을 목표로 합니다.",남자,44,배우자있음,비현역,배우자·자녀와 거주,아파트,2~3년제 전문대학,해당없음,출판 및 자료편집 사무원,경상북-포항시 남구,경상북,대한민국
9d83e8d83335456f9c1c93327d733cae,"정영주 씨는 금융권 사무 보조원으로서 엑셀의 복잡한 함수를 활용해 방대한 정산 내역을 오차 없이 정리하며, 상사가 요청하기 전에 필요한 서류를 미리 책상 위에 준비해 두는 세심함으로 팀 내에서 두터운 신뢰를 받습니다. 다만 모든 업무를 완벽하게 처리하려는 강박이 있어 가끔은 단순한 서류 분류 작업에도 지나치게 많은 시간을 할애하며 스스로를 몰아붙이는 경향이 있습니다.",정영주 씨는 격렬한 운동보다는 주말에 배곧신도시 해안가를 따라 천천히 산책하며 복잡한 생각을 정리하는 시간을 즐깁니다. 가끔 친구와 함께 시흥의 독특한 테마 카페를 찾아가기 위해 평소보다 많은 걸음 수를 채우며 일상의 활동량을 유지합니다.,"정영주 씨는 서울의 작은 독립 영화관을 찾아가 이름 모를 감독의 실험적인 작품을 감상하고, 그날의 감상을 정갈한 글씨로 다이어리에 기록하며 정서적 충전을 합니다. 취향이 매우 확고하여 대중적인 유행을 따르기보다 자신이 발견한 작은 예술적 가치에 몰입하는 시간을 소중히 여깁니다.","정영주 씨는 친구들과 함께 전국의 숨은 노포나 유명한 맛집을 찾아다니는 음식 관광에 매료되어 있으며, 여행 전에는 방문할 식당의 메뉴와 대기 시간, 동선을 분 단위로 짠 계획표를 공유합니다. 낯선 곳에서의 모험보다는 이미 검증된 맛집에서 실패 없는 한 끼를 먹었을 때 깊은 안도감과 만족감을 느낍니다.",정영주 씨는 배달 앱을 거의 설치하지 않은 채 제철 나물과 된장찌개 같은 정갈한 한식을 직접 요리해 먹으며 하루의 피로를 풉니다. 한 달에 한 번 정도 기분 전환이 필요한 날에는 단골 중식당을 방문해 갓 볶아낸 짜장면과 바삭한 탕수육을 주문해 먹으며 소소한 사치를 누립니다.,"정영주 씨는 전문대학 졸업 후 빠르게 경제적 독립을 이뤄 시흥의 다세대 주택에서 혼자 거주하며, 누군가의 간섭 없이 자신의 공간과 시간을 온전히 통제하는 삶에서 심리적 안정을 찾습니다. 부모님과는 적당한 거리를 유지하며 정기적으로 안부 전화를 드리는 등 예의 바르지만 독립적인 관계를 유지합니다.","정영주 씨는 시흥에서 홀로서기를 하며 금융권 사무직으로 성실하게 커리어를 쌓아가는, 절제된 생활 습관과 확고한 취향을 가진 23세 청년입니다.","시흥 배곧신도시 인근의 조용한 다세대 주택에서 홀로서기를 하며, 매달 정해진 예산 안에서 가계부를 꼼꼼히 기록하는 절제된 생활 습관을 지녔습니다. 전문대학 졸업 후 빠르게 사회생활에 뛰어들어 또래보다 이른 경제적 독립을 이뤘으며, 낯선 곳에서의 모험보다는 익숙한 동네 단골 가게를 찾는 안온함에서 심리적 안정감을 얻습니다.","금융권 사무 보조로서 방대한 양의 서류를 오차 없이 분류하고, 엑셀의 복잡한 함수를 활용해 정산 내역을 한눈에 들어오게 정리하는 능력이 뛰어납니다. 상사가 요청하기 전에 미리 다음 단계에 필요한 서류를 준비해 두는 세심함 덕분에 팀 내에서 업무 처리 속도가 빠르고 정확하다는 신뢰를 받고 있습니다.","['엑셀 VLOOKUP 및 피벗 테이블을 활용한 데이터 정리', '금융 문서 분류 및 디지털 아카이빙', '사무 행정 프로세스 효율화 및 일정 관리', '정밀한 서류 검토 및 오타 교정']","배달 음식보다는 제철 나물 비빔밥이나 정갈한 된장찌개 같은 한식을 직접 요리해 먹으며 하루를 마무리하고, 주말에는 마음이 맞는 친구와 함께 시흥의 이색적인 테마 카페나 서울의 작은 독립 영화관을 찾아다닙니다. 가끔 기분 전환이 필요할 때는 미리 알아봐 둔 유명 중식당을 방문해 짜장면과 탕수육을 즐기는 식도락 활동에 몰입합니다.","['제철 식재료를 활용한 건강한 한식 집밥 만들기', '독립 영화 및 예술 영화 관람 후 기록하기', '특색 있는 인테리어의 테마 카페 탐방', '친구들과 함께하는 국내 지역별 맛집 투어']","현재의 사무 보조 역할에서 실무 경험을 충분히 쌓은 뒤, 관련 금융 자격증을 단계적으로 취득하여 전문 회계나 자산 관리 분야로 직무를 확장하는 것을 목표로 합니다. 급격한 변화나 무리한 도전보다는 매년 구체적인 학습 계획을 세워 이를 하나씩 달성해 나가는 성취감을 중요하게 생각합니다.",여자,23,미혼,비현역,혼자 거주,다세대주택,2~3년제 전문대학,해당없음,사무 보조원,경기-시흥시,경기,대한민국
191c65b86eb34826989b59ea81542028,"박진형 씨는 경산의 자택에서 온라인 쇼핑몰을 운영하며 엑셀 시트로 재고 회전율을 소수점 단위까지 분석해 최적의 물량을 유지합니다. 박진형 씨는 전자상거래법을 꼼꼼히 따져 상세 페이지의 문구 하나하나를 직접 검수하고, 고객 응대 매뉴얼을 규격화해 오차 없는 운영 체계를 구축하는 데 집중합니다.","박진형 씨는 활동적인 운동보다는 집에서 게임 패드를 잡거나 TV 앞에 누워 시간을 보내는 정적인 휴식으로 하루의 피로를 풉니다. 박진형 씨는 일과표를 짜고 지키는 것에는 철저하지만, 정작 자신의 신체 활동량을 늘리는 일에는 계속해서 미루는 모습을 보입니다.","박진형 씨는 퇴근 후 방 안의 조명을 낮추고 경제 팟캐스트를 틀어놓은 채 복잡한 생각들을 정리하며 혼자만의 시간을 보냅니다. 박진형 씨는 취향에 맞는 음악 리스트를 만들어 두고 반복해서 들으며, 정해진 루틴 속에서 오는 심리적 안정감을 중요하게 생각합니다.",박진형 씨는 마음이 맞는 소수의 친구와 함께 전국의 유명한 콩국수나 비빔밥 집을 찾아가는 식도락 여행을 통해 일상의 스트레스를 해소합니다. 박진형 씨는 여행지를 정할 때도 방문할 식당의 후기와 이동 동선을 엑셀로 꼼꼼하게 정리해 일행에게 공유하는 치밀함을 보입니다.,"박진형 씨는 일주일에 한 번 정해진 날에 집 근처 분식집에서 김밥과 떡볶이를 먹거나, 고기가 들어가지 않은 담백한 한식 메뉴를 선택해 외식을 합니다. 박진형 씨는 배달 음식 역시 주 1회로 엄격히 제한하며, 자극적인 맛보다는 익숙하고 편안한 맛의 식단을 유지하려고 노력합니다.","박진형 씨는 경산의 조용한 아파트에서 홀로 지내며, 타인과의 깊은 관계보다는 적당한 거리감을 둔 편안한 인간관계를 유지하는 미혼 남성입니다. 박진형 씨는 새로운 사람을 만나는 모임보다는 오랜 시간 알고 지낸 친구들과 소소하게 술잔을 기울이는 시간에서 더 큰 위안을 얻습니다.","박진형 씨는 철저한 자기 관리와 체계적인 사업 운영으로 안정적인 삶을 꾸리지만, 신체적 건강 관리와 정서적 고립 사이에서 고민하는 30대 후반의 온라인 판매업자입니다.","경산의 조용한 아파트 단지에서 홀로 지내며, 정해진 일과를 철저히 지키는 삶을 유지합니다. 대학 시절 익힌 법과 경영 지식을 바탕으로 가계부 작성이나 자산 관리를 매우 꼼꼼하게 하는 습관이 몸에 배어 있습니다.","온라인 쇼핑몰의 매출 데이터를 엑셀로 세밀하게 분석해 재고 회전율을 최적화하며, 전자상거래법을 준수하는 상세 페이지 작성과 체계적인 고객 응대 매뉴얼을 직접 구축해 운영합니다.","['데이터 기반 재고 관리', '전자상거래법 적용 및 약관 작성', '고객 응대(CS) 프로세스 설계', '시장 트렌드 분석 및 상품 소싱']","퇴근 후에는 평소 즐겨 듣는 경제 팟캐스트를 틀어놓고 휴식을 취하며, 가끔 마음 맞는 친구들과 함께 전국의 유명한 콩국수나 비빔밥 맛집을 찾아다니는 식도락 여행으로 마음을 환기합니다.","['스포츠 경기 결과 예측 및 분석', '경제 관련 팟캐스트 청취', '전국의 노포 한식 맛집 탐방', '콘솔 게임 플레이']","무리한 사업 확장보다는 현재의 운영 체계를 더욱 정교하게 다듬어 월 순수익을 안정적으로 높이고, 신뢰할 수 있는 소수의 협력 업체와 장기적인 파트너십을 맺는 것에 가치를 둡니다.",남자,39,미혼,비현역,혼자 거주,아파트,4년제 대학교,경영·행정·법,온라인 쇼핑 판매원,경상북-경산시,경상북,대한민국
66e18698fae34ec7a8743fc346021c38,"이예리 씨는 정식 학위는 없지만 스마트폰 하나로 근사한 숏폼 영상을 만들어내는 감각이 있으며, 나중에는 부천 소사구 골목에 자신만의 작은 마들렌 공방을 차려 동네 사람들과 소통하는 소박한 미래를 그립니다.","이예리 씨는 주말 오후면 소사구 인근 공원에서 친구들과 배드민턴 채를 휘두르며 땀을 흘리고, 마음이 답답한 날에는 집 앞 놀이터에서 줄넘기를 하며 잡념을 털어냅니다.","이예리 씨는 아이유의 '밤편지'를 배경음악 삼아 하루의 감정을 일기장에 꾹꾹 눌러 담고, 길가에 핀 이름 모를 들꽃이나 낮잠 자는 길고양이의 찰나를 사진으로 남기는 일에 몰두합니다.","이예리 씨는 가족들과 함께 전주나 강릉 같은 곳으로 여행을 떠나, 그 지역에서만 맛볼 수 있는 제철 나물 정식을 찾아다니거나 유명한 빵집 투어를 하며 소소한 기쁨을 누립니다.","이예리 씨는 자극적인 고기 요리보다는 정갈한 나물 비빔밥이나 들깨 수제비를 즐기며, SNS에서도 알려지지 않은 소사구의 숨은 소금빵 맛집을 찾아내 기록하는 일에 진심입니다.","이예리 씨는 이른 나이에 겪은 결혼과 이혼의 상처를 안고 홀로 지내지만, 가끔 부모님과 함께하는 여행을 통해 서먹했던 관계를 회복하며 천천히 마음의 문을 열고 있습니다.","이예리 씨는 아픈 과거를 딛고 독학과 기록을 통해 자신만의 취향을 쌓아가며, 작은 디저트 가게라는 소박한 꿈을 꾸는 부천의 20대 여성입니다.","부천 소사구의 조용한 아파트에서 홀로 지내며, 이른 결혼과 이혼이라는 격동의 시간을 보냈습니다. 정규 교육 과정은 밟지 못했지만, 동네 작은 도서관의 책들과 온라인 강의를 통해 세상과 소통하는 법을 스스로 익히며 내면을 채워왔습니다.",스마트폰 하나로 공간의 분위기를 감각적으로 담아내는 사진 촬영과 영상 편집에 능숙합니다. 특히 SNS에서 화제가 되기 전의 숨은 빵집이나 정갈한 한식당을 찾아내어 기록하는 검색 능력이 뛰어납니다.,"['감성적인 공간 사진 촬영', '지역 기반 숨은 맛집 큐레이션', '디지털 콘텐츠 검색 및 정보 수집', '홈 베이킹 기초 기술']","주말이면 아이유의 잔잔한 노래를 틀어놓고 일기를 쓰거나, 소사구 골목길의 길고양이들을 사진으로 기록합니다. 가끔은 친구들과 함께 배드민턴 채를 들고 인근 공원에서 가볍게 땀을 흘리며 일상의 긴장을 해소합니다.","['LP로 잔잔한 음악 감상하기', '동네 길고양이 스냅 사진 찍기', '소규모 독립 서점 탐방 및 독서', '동네 친구들과의 배드민턴 경기']",거창한 사회적 성공보다는 마음 맞는 사람들과 소소하게 나누는 삶을 지향합니다. 언젠가 자신의 취향이 듬뿍 담긴 작은 디저트 공방을 열어 동네 사람들에게 달콤한 휴식을 제공하는 소박한 일상을 꿈꿉니다.,여자,27,이혼,비현역,혼자 거주,아파트,무학,해당없음,무직,경기-부천시 소사구,경기,대한민국
86cfb35809a64257a5d7ad0456f57617,"김유안 씨는 제주시의 여러 행사장에서 동선을 세밀하게 안내하고 방문객을 응대하며, 꼼꼼한 체크리스트 덕분에 소품 하나 놓치지 않는 현장 관리 능력을 발휘합니다. 김유안 씨는 현재의 보조 업무 경험을 발판 삼아 제주 지역의 특색을 살린 작은 마을 축제를 직접 기획하고 운영하는 실무자가 되기를 희망합니다.",김유안 씨는 격렬한 운동보다는 주말에 마음 맞는 친구와 함께 경주나 부여의 유적지를 천천히 거닐며 걷는 활동으로 체력을 관리합니다. 김유안 씨는 땀 흘리는 거친 운동보다 정적인 움직임을 통해 마음의 평온을 찾는 산책 위주의 활동을 즐깁니다.,김유안 씨는 방 한구석 작은 책상에서 미유키 비즈를 하나하나 꿰어 정교한 액세서리를 만들며 잡념을 없애고 마음을 정돈합니다. 김유안 씨는 닌텐도 스위치로 동물의 숲 마을을 아기자기하게 가꾸거나 인터넷 영상 콘텐츠를 시청하며 혼자만의 시간을 보냅니다.,김유안 씨는 친구와 함께 불국사의 고즈넉한 분위기를 느끼거나 부여 궁남지의 연못가를 산책하는 역사 여행을 즐깁니다. 김유안 씨는 유명 관광지의 북적임 속으로 뛰어들기보다 오래된 유적지가 주는 정적과 시간의 흐름을 느끼는 경로를 선택해 천천히 이동합니다.,"김유안 씨는 일주일에 두세 번 정도 집 근처 식당에서 나물 비빔밥이나 된장찌개 같은 담백한 한식을 즐겨 먹습니다. 김유안 씨는 가끔 동네 빵집에서 갓 구운 소금빵이나 단팥빵을 사서 커피와 함께 곁들이며, 배달 음식은 한 달에 한 번 정도만 이용합니다.","김유안 씨는 제주시 구제주의 오래된 다세대 주택에서 홀로 지내며, 골목길에서 마주치는 이웃 어르신들과 가볍게 인사를 나누는 소박한 관계를 맺고 있습니다. 김유안 씨는 친구들 사이에서 고민을 묵묵히 들어주는 조용한 상담가 역할을 하며 깊고 신중한 관계를 유지합니다.","김유안 씨는 제주 구제주의 자가 주택에서 홀로 거주하며 행사 보조 업무와 비즈 공예, 유적지 여행을 통해 정적인 안정감을 추구하는 30대 여성입니다.","제주시 구제주 인근의 오래된 다세대 주택에서 거주하며, 골목길 이웃들과 가볍게 인사를 나누는 소박한 일상에 익숙합니다. 전문대학 시절부터 다져온 차분한 성격 덕분에 주변 사람들의 고민을 묵묵히 들어주어 친구들 사이에서 조용한 상담가로 통합니다.","행사장의 동선을 세밀하게 파악해 안내하고, 갑작스러운 일정 변경에도 당황하지 않고 방문객들을 부드럽게 응대하는 현장 관리 능력이 좋습니다. 행사 기획서의 세부 체크리스트를 꼼꼼하게 작성해 작은 소품 하나 놓치지 않고 챙기는 섬세함을 갖췄습니다.","['행사장 방문객 동선 안내', '행사 세부 체크리스트 관리', '다각도 고객 응대', '소규모 이벤트 운영 보조']",퇴근 후에는 방 한구석에 마련한 작은 책상에서 미유키 비즈로 액세서리를 만들거나 '동물의 숲' 같은 잔잔한 게임을 하며 하루의 긴장을 풉니다. 주말이면 마음 맞는 친구와 함께 경주 불국사나 부여 궁남지 같은 유적지를 찾아 천천히 걷는 시간을 보냅니다.,"['미유키 비즈 공예', '닌텐도 스위치 시뮬레이션 게임', '유튜브 일상 브이로그 시청', '국내 역사 유적지 탐방']",현재의 보조 업무 경험을 쌓아 제주의 지역 특색을 살린 작은 마을 축제를 직접 기획하고 운영하는 실무자로 성장하려 합니다. 무리한 도약보다는 매달 일정한 수입을 유지하며 삶의 여유를 조금씩 넓혀가는 안정적인 생활을 지향합니다.,여자,30,미혼,비현역,혼자 거주,다세대주택,2~3년제 전문대학,해당없음,행사 및 홍보 도우미,제주-제주시,제주,대한민국
087cbd38943f4c3c92573482fff09905,"정지훈 씨는 읍내 친구들 사이에서 '맛집 내비게이션'으로 통하며, 모임의 예산과 이동 경로를 분 단위로 꼼꼼하게 짜는 계획 능력이 탁월합니다. 스마트폰 영상 편집 앱을 활용해 담양의 소소한 일상을 감각적인 짧은 영상으로 기록하며 실무적인 감각을 익히고 있습니다.",정지훈 씨는 거창한 운동 기구보다는 밤공기를 마시며 동네 길을 천천히 달리는 조깅으로 하루의 생각을 정리합니다. 땀을 흘리며 몸을 움직이는 시간 뒤에는 반드시 편의점에 들러 시원한 탄산음료를 마시는 고집스러운 습관이 있습니다.,정지훈 씨는 잠들기 전 침대에 누워 네이버 웹툰의 최신 회차를 정주행하며 하루의 피로를 풉니다. 일상의 짧은 순간들을 영상으로 담아 깔끔하게 편집해 SNS에 올리는 작업에서 소소한 성취감을 느끼며 시간을 보냅니다.,정지훈 씨는 가족들과 함께 조용한 펜션이나 리조트로 떠나 아무런 계획 없이 푹 쉬는 휴양형 여행을 즐깁니다. 낯선 곳에서의 도전보다는 익숙한 가족들과 함께 지역 맛집을 찾아다니며 느긋하게 시간을 보내는 것에 만족합니다.,정지훈 씨는 일주일의 절반 이상을 읍내 고깃집에서 지글지글 익는 삼겹살에 소주 한 잔을 곁들이며 친구들과 수다를 떠는 일상을 보냅니다. 배달 음식보다는 직접 식당에 방문해 주인 아주머니와 농담을 주고받으며 갓 나온 한식을 먹는 분위기를 좋아합니다.,"정지훈 씨는 담양의 단독주택에서 부모님과 함께 지내며, 평소에는 무뚝뚝해 보여도 부모님의 잔심부름만큼은 누구보다 꼼꼼하게 완수하는 아들입니다. 주말이면 가족과 함께 집 앞마당에서 시간을 보내거나 근처 친척 집을 방문하며 끈끈한 유대감을 유지합니다.","정지훈 씨는 담양의 여유로운 분위기를 닮은 사교적인 성격으로, 실무적인 계획력과 책임감을 갖춘 채 자신의 진로를 탐색하는 열아홉 살 청년입니다.","담양 죽녹원과 관방제림이 가까운 동네에서 나고 자라 지역 특유의 여유로운 분위기에 익숙하며, 읍내 상인들과 격의 없이 인사를 나누는 살가운 성격입니다.","친구들 사이에서 모임의 목적과 예산에 딱 맞는 최적의 식당과 경로를 짜는 능력이 탁월하며, 스마트폰 영상 편집 앱으로 일상의 짧은 기록물을 깔끔하게 만들어냅니다.","['효율적인 모임 경로 설계', '숏폼 영상 편집', '지역 맛집 데이터베이스 구축', '디지털 기기 활용 능력']","평일 저녁이면 친구들과 읍내 고깃집에서 식사를 하고 단골 술집에서 이야기를 나누며 스트레스를 풀고, 자기 전에는 침대에 누워 최신 웹툰을 정주행합니다. 몸이 무겁다고 느껴지는 날에는 집 근처 산책로를 천천히 달리며 생각을 정리하곤 합니다.","['네이버 웹툰 몰아보기', '담양 읍내 맛집 탐방', '유튜브 알고리즘 여행', '반려견과 함께하는 동네 산책', '가벼운 야간 러닝']","급하게 진로를 결정하기보다 자신이 책임감을 느끼고 꾸준히 수행할 수 있는 실무적인 일을 찾고 있으며, 지역 사회 내에서 신뢰받는 전문가로 자리 잡기를 바랍니다.",남자,19,미혼,비현역,부모와 동거,단독주택,고등학교,해당없음,무직,전라남-담양군,전라남,대한민국
e5734a8087fc4421a82aa9edd2732e89,"최수인 씨는 소매업 현장에서 제각각인 직원들의 불만을 유연하게 조율하며 엑셀 시트로 급여와 근태를 빈틈없이 정리해내지만, 정작 본인의 책상 위는 영수증과 포스트잇이 뒤섞여 엉망일 때가 많습니다. 효율적인 시스템을 구축해 정시 퇴근을 쟁취하려는 현실적인 목표를 가지고 매일 아침 아이스 아메리카노 한 잔과 함께 업무 우선순위를 가늠합니다.","최수인 씨는 격렬한 운동 대신 가평의 울창한 숲속 캠핑장에서 텐트를 치고 멍하게 시간을 보내거나, 주말 오후 집 근처 목욕탕에서 몸을 녹이며 정적인 휴식을 취하는 일상을 보냅니다.","최수인 씨는 회기역 뒷골목의 작은 독립 서점에서 희귀한 시집을 찾아 읽거나, 퇴근길에 팟캐스트를 들으며 인문학적 사유에 잠기는 시간을 소중히 여깁니다. 가끔은 침대에 누워 일본 만화책을 쌓아두고 읽으며 현실에서 벗어난 상상을 즐기곤 합니다.","최수인 씨는 친구들과 함께 롯데월드 같은 놀이공원에서 하루 종일 소리를 지르며 스트레스를 풀거나, 여행지에서는 대형 쇼핑몰을 돌며 최신 유행하는 디자인 소품을 하나씩 수집하는 일정으로 여행을 채웁니다.","최수인 씨는 주말이면 성수동의 런던 베이글 뮤지엄 같은 빵집 앞에 길게 줄을 서서 갓 구운 베이글을 사고, 외식으로는 나물 비빔밥이나 청국장 같은 정갈한 한식을 찾아 먹습니다.","최수인 씨는 동대문구의 오래된 다세대주택에서 마음 맞는 친구와 함께 살며 서로의 사생활을 존중하면서도, 가끔 거실에 모여 배달 음식을 시켜 먹는 느슨한 공동체 생활을 유지하고 있습니다.","최수인 씨는 동대문구에 거주하며 소매업 인사 관리를 담당하는 31세 직장인으로, 인문학적 취향과 효율적인 업무 처리 사이에서 균형 잡힌 삶을 추구하는 인물입니다.","회기역 근처의 오래된 다세대주택에서 친구와 함께 거주하며, 대학 시절 전공한 인문학적 관심사를 바탕으로 동네의 작은 독립 서점이나 조용한 골목길을 산책하는 일상을 즐깁니다.","소매업 현장에서 발생하는 다양한 이해관계자 간의 갈등을 유연하게 중재하며, 엑셀을 활용해 복잡한 급여 체계와 근태 관리 명부를 군더더기 없이 정리해냅니다.","['급여 정산 및 4대 보험 행정 처리', '인력 배치 및 갈등 중재 커뮤니케이션', '사무 공간 및 비품 효율적 관리', '근태 관리 시스템 운영 및 최적화']","주말이면 성수동의 유명 베이커리를 찾아다니며 갓 구운 빵을 사고, 가끔은 가평의 조용한 캠핑장에서 팟캐스트를 들으며 생각을 정리하는 시간을 갖습니다.","['일본 만화 단행본 수집', '성수동 베이커리 투어', '가평 근교 오토캠핑', '팟캐스트 청취', '동네 목욕탕 방문']","현재의 직무 전문성을 유지하면서 업무 프로세스를 효율적으로 개선하여, 퇴근 후의 개인적인 삶을 온전히 누릴 수 있는 안정적인 운영 체계를 구축하고자 합니다.",여자,31,미혼,비현역,비친족 동거,다세대주택,4년제 대학교,예술·인문,총무 및 인사 관리자,서울-동대문구,서울,대한민국
6a0d669204b4413d8caa251b5acbb5e6,한인호 씨는 서산의 한 여행사에서 항공권 예약과 호텔 조율을 도맡으며 까다로운 손님들의 불만을 특유의 유연함으로 잠재우는 베테랑 사무원입니다. 동료들에게는 고민을 편하게 털어놓을 수 있는 넉살 좋은 선배로 통하며 정시 퇴근 후 가족에게 돌아가는 소박한 일상을 직장 생활의 가장 큰 보람으로 여깁니다.,한인호 씨는 격렬한 운동보다는 집에서 TV를 보거나 인터넷 서핑을 하며 시간을 보내는 정적인 휴식을 즐깁니다. 무거운 몸 때문에 활동적인 취미는 시작한 지 얼마 되지 않아 땀을 흘리며 힘들어하고 주말이면 가족들의 산책 제안에도 적당한 핑계를 대며 거실에서 뒹굴거립니다.,한인호 씨는 조용한 방에서 히가시노 게이고의 추리 소설을 읽으며 사건의 실마리를 쫓는 시간에 깊은 몰입감을 느낍니다. 유튜브에서 음식 리뷰어들의 생생한 먹방 영상을 시청하며 대리 만족을 얻고 가끔은 옛 추억이 담긴 90년대 가요를 크게 틀어놓고 회상에 잠깁니다.,한인호 씨는 가족들과 함께 전국의 유명한 고깃집이나 일식집을 찾아다니는 식도락 여행을 계획하며 여행 사무원으로서의 전문성을 발휘합니다. 낯선 관광지를 돌아다니기보다 검증된 맛집이 있는 지역을 중심으로 동선을 짜며 가족들이 만족스럽게 식사하는 모습에서 가장 큰 행복을 느낍니다.,한인호 씨는 2주에 한 번 가족들과 함께 두툼한 삼겹살이나 정갈한 초밥집을 방문해 입맛을 돋우고 주 1회는 집에서 치킨이나 족발을 배달시켜 먹습니다. 서산 시장의 숨은 노포 맛집들을 꿰고 있어 지인들에게 추천하는 것을 즐기지만 정작 본인은 당뇨 관리를 위해 식단을 조절해야 한다는 사실을 자주 잊어버립니다.,한인호 씨는 서산의 한 아파트에서 배우자와 아이들을 키우며 지역 축제나 시장 구경 같은 소박한 나들이를 통해 가족 간의 유대감을 쌓습니다. 책임감 있는 가장으로서 묵묵히 제 역할을 다하지만 때로는 가사 분담 문제로 아내와 소소한 갈등을 겪으며 서툴게 화해를 시도하는 평범한 아버지입니다.,한인호 씨는 서산에서 가족과 맛있는 음식을 즐기며 안정적인 삶을 지향하는 유능하고 유연한 성격의 여행 사무원입니다.,"충청남도 서산의 여유로운 분위기에 익숙하며, 서산 시장의 정겨운 풍경과 최신 도시 편의시설이 공존하는 환경에서 삶의 균형을 찾습니다. 중년의 책임감과 지역 사회의 유대감을 중요하게 여기며, 가족들과 함께 지역 축제를 찾아다니는 소박한 일상에서 정서적 안정을 얻습니다.","복잡한 항공권 예약 시스템과 호텔 옵션을 능숙하게 다루며, 고객의 까다로운 요구사항을 유연하게 조율해 최적의 여행 동선을 설계합니다. 상대방의 기분을 빠르게 파악해 갈등을 잠재우는 능력이 뛰어나며, 서산 인근의 숨은 맛집 지도를 꿰고 있을 정도로 지역 정보 수집에 능합니다.","['맞춤형 여행 일정 최적화', '고객 불만 관리 및 중재', '지역 기반 관광 자원 분석', '효율적인 예약 시스템 운용']","주말이면 가족들과 함께 전국 각지의 유명한 고기집이나 일식당을 찾아다니며 미식의 즐거움을 만끽합니다. 퇴근 후에는 시원한 맥주 한 캔을 곁들여 유튜브의 음식 리뷰 영상을 시청하거나, 조용한 방에서 추리 소설을 읽으며 하루의 긴장을 풉니다.","['전국 유명 맛집 탐방', '미식 유튜브 채널 시청', '장르 소설 독서', '가족 동반 근교 여행']","현재의 안정적인 직장 생활을 유지하며, 동료들이 믿고 의지할 수 있는 편안한 선배이자 실무 전문가로 남기를 바랍니다. 거창한 성공보다는 가족들과 함께 보낼 수 있는 저녁 시간이 보장되는 삶의 질을 높이는 것에 더 큰 가치를 둡니다.",남자,43,배우자있음,비현역,배우자·자녀와 거주,아파트,2~3년제 전문대학,해당없음,여행 사무원,충청남-서산시,충청남,대한민국
7b89da5c719c4e30bc5c5d12352e4cf0,권윤아 씨는 대구 서구의 아파트에서 수십 년간 살림을 도맡아 하며 제철 나물과 젓갈을 활용한 정갈한 밑반찬을 차려내는 살림 전문가입니다. 동네 부녀회나 소규모 모임에서 의견 충돌이 생기면 특유의 살가운 말투로 중재하며 서먹한 분위기를 빠르게 녹이는 해결사 역할을 자처합니다.,권윤아 씨는 주말마다 가족들의 손을 끌고 팔공산의 울창한 숲길을 걷거나 수성못의 산책로를 천천히 돌며 기초 체력을 유지합니다. 특별한 운동 기구를 사용하는 것보다 편한 운동화를 신고 동네 골목 구석구석을 누비는 걷기 활동에서 마음의 평온과 신체적 활력을 동시에 얻습니다.,"권윤아 씨는 매일 오후 거실에 앉아 라디오에서 흘러나오는 사연에 귀를 기울이며 타인의 삶에 공감하고 위로를 받는 시간을 소중히 여깁니다. 가끔은 TV 속 트로트 가수의 노래에 맞춰 흥얼거리거나, 지역 복지관에서 배운 서예 붓글씨로 가족들의 이름을 정성껏 적어 내려가며 성취감을 느낍니다.","권윤아 씨는 화려한 관광 명소보다는 가족과 함께 한적한 숲이나 탁 트인 자연 풍경을 찾아가 조용히 휴식하는 여행을 즐깁니다. 여행 가방을 쌀 때는 가족들이 좋아하는 간식을 빈틈없이 챙겨 넣으며, 빡빡한 일정표 대신 발길 닿는 대로 천천히 걷는 여유로운 시간을 보냅니다.","권윤아 씨는 시장에서 갓 사 온 제철 재료로 짭조름한 깻잎장아찌나 시원한 오이소박이를 뚝딱 만들어내는 손맛이 일품입니다. 일주일에 한 번 배달 앱으로 주문하는 피자와 햄버거는 자녀들과 함께 나누어 먹는 특별한 별식이며, 2주에 한 번 외식을 나갈 때는 고기류가 없는 정갈한 한정식집을 찾습니다.","권윤아 씨는 자녀들이 사회적으로 안정되게 자리 잡은 모습을 보며 깊은 뿌듯함을 느끼며, 집안의 대소사를 빈틈없이 챙겨 화목한 가정을 유지합니다. 때로는 자녀들에게 세세한 부분까지 간섭하는 습관 때문에 잔소리가 많다는 핀잔을 듣기도 하지만, 이는 모두 가족을 아끼는 마음에서 비롯된 행동입니다.","권윤아 씨는 대구 서구의 정 많은 이웃이자 가족을 위해 헌신해 온 50대 후반의 여성으로, 소소한 배움과 사회 활동을 통해 건강한 노후를 준비하는 사교적인 인물입니다.","대구 서구의 오래된 골목 정서 속에서 성장하며 이웃 간의 끈끈한 정과 예의를 중요하게 여기는 환경에서 살아왔습니다. 고등학교 졸업 후 가정을 돌보는 역할에 집중하며, 가족의 화목과 주변 사람들과의 조화를 최우선으로 생각하는 가치관을 형성했습니다.","수십 년간 살림을 전담하며 제철 식재료를 활용해 깔끔한 밑반찬을 만들어내는 솜씨가 좋고, 집안의 대소사를 빈틈없이 챙기는 정리 능력이 탁월합니다. 특유의 사교성으로 동네 모임에서 서먹한 분위기를 빠르게 녹이고 사람들 사이의 의견을 부드럽게 조율하는 데 능숙합니다.","['제철 나물 및 채소 요리', '가족 및 친지 행사 일정 조율', '지역 커뮤니티 내 갈등 중재', '효율적인 가계 지출 및 살림 관리']","오후 시간에는 라디오에서 흘러나오는 사연과 음악에 귀를 기울이며 마음의 여유를 찾고, 주말이면 가족들과 함께 팔공산의 경치를 구경하거나 수성못 주변을 천천히 걷습니다. 친한 친구들과 동네 카페에 모여 최근 일상을 공유하며 한바탕 웃고 떠드는 시간에서 가장 큰 에너지를 얻습니다.","['라디오 프로그램 사연 청취', '팔공산 및 수성못 풍경 감상 산책', '동네 친구들과의 수다 모임', 'TV 건강 정보 프로그램 시청']","자녀들이 사회적으로 안정되게 자리 잡는 과정을 지켜보며, 이제는 자신을 위한 소소한 배움을 통해 일상의 활력을 찾고자 합니다. 거창한 성취보다는 지역 복지관의 프로그램에 참여하거나 이웃들과 함께하는 소규모 봉사 활동을 통해 사회적 소속감을 유지하며 건강한 노후를 준비하고 있습니다.",여자,57,배우자있음,비현역,배우자·자녀와 거주,아파트,고등학교,해당없음,무직,대구-서구,대구,대한민국
ac352662cc074970b5e6abfd57afef93,"고병선 씨는 전주 덕진구 수선집에서 뜯어진 솔기를 한 땀 한 땀 맞추며 손님의 까다로운 요청사항을 수첩 없이도 전부 기억해 내는 베테랑입니다. 매일 아침 정해진 시간에 가게 문을 열며 느끼는 소소한 보람으로 하루를 시작하고, 월급날이면 손주들이 쓸 예쁜 공책과 연필을 고르는 일에 가장 큰 정성을 쏟습니다.","고병선 씨는 해가 질 무렵 덕진구 골목길을 천천히 걸으며 이웃들과 안부를 나누는 산책으로 하루의 활동량을 채웁니다. 일주일에 두어 번 동네 목욕탕을 찾아 뜨끈한 물에 몸을 푹 담그고 땀을 뺀 뒤, 시원한 식혜 한 잔을 마시는 시간을 최고의 휴식으로 여깁니다.",고병선 씨는 일요일 오후마다 동네 오래된 빵집에서 갓 나온 단팥빵과 소보로빵을 사 와 가족들과 함께 찻상을 차려 내놓는 소박한 일상을 즐깁니다. 화려한 예술 작품보다는 자식들이 정성스레 써준 편지나 손주들의 서툰 그림 한 장을 거실 벽에 붙여두고 매일 흐뭇하게 바라보며 미소 짓습니다.,고병선 씨는 낯선 관광지를 찾아가는 여행 대신 기차를 타고 타지에 사는 친지들을 방문해 밀린 이야기를 나누는 시간을 소중히 여깁니다. 짐 가방 가득 직접 만든 밑반찬과 정성껏 고른 과일 상자를 챙겨 떠나는 길은 늘 설렘과 약간의 피로감이 교차하는 여정입니다.,"고병선 씨는 주말이면 가족들과 함께 나물 비빔밥이나 청국장 같은 소박한 한식당을 찾아 식사를 하며, 식후에는 단골 빵집의 소보로빵으로 입가심을 합니다. 이주일에 한 번 정도는 자녀들의 권유로 스마트폰 배달 앱을 통해 족발이나 보쌈 같은 별식을 시켜 먹으며 시대의 변화를 체감합니다.","고병선 씨는 남편과 사별한 후 오직 자식들 뒷바라지를 위해 헌신하며 전주 단독주택에서 대가족을 이끌어온 강인한 어머니입니다. 이제는 성인이 된 자녀들과 함께 살며 때로는 잔소리로 갈등을 빚기도 하지만, 밤늦게 들어오는 자식의 밥그릇에 따뜻한 국을 담아주는 마음으로 사랑을 표현합니다.","고병선 씨는 전주에서 수선집 일을 하며 성실하게 살아온 77세 할머니로, 가족에 대한 깊은 사랑과 이웃과의 유대감을 삶의 중심에 둔 인물입니다.","전주 덕진구의 오래된 단독주택가에서 수십 년을 살며 이웃들의 집안 사정을 훤히 꿰고 있으며, 중학교 졸업 후 곧바로 생업에 뛰어들어 자식들을 뒷바라지하며 겪은 인고의 시간이 삶의 태도에 깊게 스며 있습니다.","수선집에서 뜯어진 솔기를 정교하게 맞추거나 낡은 단추를 튼튼하게 다는 마무리를 도맡으며, 손님이 맡긴 물건의 특징과 요청 사항을 빠짐없이 기억해 실수 없이 정리합니다.","['낡은 옷감의 올 풀림 수선', '물건 분류 및 재고 관리', '단추 및 지퍼 교체 보조', '손님 응대 및 수선 일정 관리']","동네 목욕탕에서 따뜻한 물에 몸을 녹이며 이웃들과 소소한 이야기를 나누고, 일요일 오후에는 단골 빵집에서 갓 구운 단팥빵과 소보로빵을 사서 가족들과 찻상에 둘러앉습니다.","['덕진공원 산책로 천천히 걷기', '동네 빵집 신제품 맛보기', '종교 시설 정기 예배 참여', '낮잠 후 마시는 시원한 보리차 한 잔']","거창한 성취보다는 매일 정해진 시간에 출근해 누군가에게 필요한 도움을 준다는 효능감을 유지하며, 성실하게 모은 월급으로 손주들의 학용품을 사주는 소소한 기쁨을 누리고자 합니다.",여자,77,사별,비현역,자녀와 거주 (한부모),단독주택,중학교,해당없음,그 외 서비스 관련 단순 종사원,전북-전주시 덕진구,전북,대한민국
36ae8302710b4a54b816284e2ec0234f,"이성미 씨는 고양시 덕양구 동네 주민들에게 제철 나물 무침 비법을 알려주며 소소한 용돈을 벌 수 있는 가사 도우미나 반찬 가게 보조 같은 소일거리를 찾고 있습니다. 평소 살림 솜씨는 수준급이지만 가끔 정리정돈을 미루는 느긋한 습관이 있어, 정해진 시간만 딱 움직이는 단순한 형태의 일자리를 원합니다.","이성미 씨는 오후 햇살이 좋을 때면 편한 운동화를 신고 덕양구 근처 산책로를 느릿하게 걸으며 동네 이웃들과 가벼운 안부를 주고받습니다. 거창한 운동보다는 몸에 무리가 가지 않는 걷기를 즐기며, 길가에 핀 예쁜 꽃을 발견하면 잠시 멈춰 서서 사진을 찍어 자녀들에게 전송합니다.","이성미 씨는 거실 소파에 깊숙이 기대어 임영웅이 출연하는 TV 프로그램을 시청하며 위로를 얻고, 유튜브로 중년에게 어울리는 최신 헤어스타일을 검색합니다. 단골 미용실 의자에 앉아 파마 롤을 만 채로 이웃들과 나누는 시시콜콜한 수다를 세상에서 가장 즐거운 놀이처럼 여깁니다.",이성미 씨는 자녀들이 예약해 준 강원도 양양이나 제주도의 조용한 리조트에서 아무것도 하지 않고 창밖 풍경을 바라보며 쉬는 여행을 즐깁니다. 빡빡한 관광 일정 대신 가족들과 함께 맛있는 음식을 먹고 낮잠을 청하며 마음의 허기를 채우는 휴양 중심의 여행을 선호합니다.,"이성미 씨는 시장에서 사 온 제철 취나물을 정성껏 무치고 구수한 된장찌개를 끓여 가족들의 밥상을 차리지만, 가끔은 집 앞 분식집에서 매콤한 떡볶이와 김밥을 포장해 와서 편하게 한 끼를 때웁니다. 일주일에 한 번은 동네 친구들과 만나 고기가 들어가지 않은 깔끔한 한정식집에서 정갈한 나물 반찬과 함께 식사하며 스트레스를 풉니다.","이성미 씨는 남편과 사별한 후 오직 자녀들만 바라보며 강단 있게 삶을 일궈왔으며, 현재는 성인이 된 자녀들과 함께 아파트에서 서로 의지하며 지냅니다. 자녀들에게 헌신적인 어머니지만, 가끔은 자신의 고집을 굽히지 않아 사소한 말다툼을 벌이기도 하는 복합적인 애정을 가지고 있습니다.","이성미 씨는 고양시 덕양구에서 자녀들을 홀로 키워낸 강인함과 이웃을 챙기는 다정함을 동시에 지닌, 소박한 소일거리를 꿈꾸는 60대 여성입니다.","고양시 덕양구의 오래된 아파트 단지에서 자녀들을 홀로 키워낸 강단이 있으며, 동네 지인들과 반찬을 나누는 정겨운 이웃 관계를 유지하고 있습니다. 사별 후 겪은 상실감을 가족에 대한 헌신으로 극복해 왔으며, 적당한 보수성과 유연함 사이에서 삶의 균형을 잡으려 노력합니다.",오랜 시간 살림을 도맡아 하며 제철 나물을 활용한 나물 무침과 된장찌개 같은 집밥 요리에 능숙합니다. 최근에는 유튜브로 건강 관리법이나 새로운 요리 레시피를 검색해 실생활에 적용하는 디지털 활용 능력을 갖추게 되었습니다.,"['제철 나물 무침과 한식 조리', '효율적인 주방 및 냉장고 정리', '유튜브 정보 검색 및 영상 시청', '동네 커뮤니티 기반의 정보 수집']","오후에는 덕양구 근처 산책로를 천천히 걷거나 단골 미용실에서 파마를 하며 이웃들과의 수다를 즐깁니다. 가끔은 집 근처 분식집에서 떡볶이와 김밥을 포장해 오거나, 거실 소파에 기대어 좋아하는 TV 프로그램을 보며 달콤한 낮잠을 청합니다.","['덕양구 동네 공원 산책', '단골 미용실 방문 및 수다', '유튜브 건강 정보 시청', '분식집 떡볶이와 김밥 먹기', '거실에서 TV 시청하며 낮잠 자기']",거창한 사회적 성취보다는 하루 한두 시간 정도 가볍게 움직이며 용돈을 벌 수 있는 소일거리를 찾고 있습니다. 자신이 가진 살림 노하우를 누군가에게 알려줄 수 있는 작은 기회가 생기기를 내심 바라고 있습니다.,여자,61,사별,비현역,자녀와 거주 (한부모),아파트,고등학교,해당없음,무직,경기-고양시 덕양구,경기,대한민국
4af70683fddb4749b1b7b4aaa236bffd,"곽호중 씨는 대구의 펄프 공장에서 거대한 롤러의 진동 소리만 듣고도 베어링 마모 상태를 귀신같이 찾아내는 현장의 해결사입니다. 곽호중 씨는 도면의 복잡한 선들을 빠르게 읽어내어 설비 정지 시간을 최소화하는 정비 능력을 갖췄지만, 가끔은 학업을 일찍 포기했다는 생각에 매뉴얼의 어려운 전문 용어 앞에서 말문이 막히곤 합니다.","곽호중 씨는 격렬한 운동보다는 주말에 가족들과 함께 근처 공원을 느긋하게 산책하거나 가벼운 소풍을 나가는 것으로 몸을 움직입니다. 곽호중 씨는 유튜브로 캠핑 장비 리뷰 영상을 보며 언젠가 떠날 야외 활동을 꿈꾸지만, 실제로는 체중 때문에 조금만 걸어도 금세 벤치를 찾아 앉아 쉬는 버릇이 있습니다.",곽호중 씨는 소음이 가득한 공장을 벗어나 주말이면 대구미술관의 하얀 벽면과 정적 속에 머무는 시간을 소중히 여깁니다. 곽호중 씨는 현대 미술의 난해한 설명보다는 캔버스에 칠해진 색감이나 거친 질감을 가만히 응시하며 복잡한 마음을 정리하는 정적인 취향을 가지고 있습니다.,"곽호중 씨는 부모님을 모시고 지역 축제나 문화예술 전시회를 찾아다니며 효도 여행을 다니는 것을 즐깁니다. 곽호중 씨는 촘촘한 계획표보다는 발길 닿는 대로 움직이는 편이며, 여행지에서 만난 낯선 예술 작품 앞에서 한참을 서성이는 습관이 있습니다.","곽호중 씨는 평소 보글보글 끓는 청국장이나 시원한 동태찌개 같은 한식 메뉴를 즐겨 찾습니다. 곽호중 씨는 일주일에 한 번쯤은 배달 앱으로 야식을 시켜 먹고, 퇴근길에는 단골 주점에서 친구들과 함께 닭똥집 튀김에 소주잔을 부딪치며 하루의 피로를 씻어냅니다.","곽호중 씨는 대구 남구의 좁은 골목길에 위치한 오래된 집에서 부모님과 함께 부대끼며 살아가고 있습니다. 곽호중 씨는 무뚝뚝한 성격 탓에 애정 표현은 서툴지만, 월급날이면 부모님이 좋아하시는 제철 과일이나 영양제를 조용히 식탁 위에 올려두는 다정한 아들입니다.",곽호중 씨는 대구의 펄프 공장에서 독보적인 정비 기술로 고소득을 올리며 부모님과의 더 나은 미래를 꿈꾸는 성실한 기술자입니다.,"대구 남구의 오래된 골목길 단독주택에서 부모님을 모시고 살며, 중학교 졸업 후 곧바로 현장에 뛰어들어 기름때 묻은 작업복이 가장 익숙한 삶을 살아왔습니다. 학창 시절의 짧은 기억보다 공장 기계 소음 속에서 보낸 시간이 더 길기에, 배움에 대한 은근한 갈증을 느끼면서도 성실함 하나로 인정받아 온 세월이 몸에 배어 있습니다.","펄프 제조 공정의 핵심인 대형 롤러와 유압 시스템의 미세한 진동만으로도 부품의 마모 상태를 정확히 짚어내는 현장 감각을 갖추고 있습니다. 도면을 해석해 복잡한 공업 기계를 오차 없이 설치하고, 갑작스러운 설비 정지 상황에서 빠르게 원인을 찾아 해결하는 응급 정비 능력이 탁월합니다.","['대형 펄프 제조 설비 유지보수', '유압 및 공압 시스템 정비', '산업 기계 설치 도면 해석', '회전체 진동 분석 및 베어링 교체', '공장 설비 안전 점검']","주말이면 가족들과 함께 대구미술관을 찾아 조용히 작품을 감상하며 마음을 가라앉히고, 평소에는 신천 둔치를 천천히 걸으며 혈압 관리를 하려 노력합니다. 퇴근 후 집에서는 유튜브로 캠핑 장비 리뷰 영상을 보거나, 동네 단골 주점에서 친구들과 소주잔을 기울이며 업무 스트레스를 털어내곤 합니다.","['신천 둔치 산책', '대구미술관 전시 관람', '캠핑 장비 수집 및 영상 시청', '지역 축제 방문', '동네 주점에서의 친목 도모']","현장에서 대체 불가능한 최고의 기술자로 인정받아 안정적인 위치를 굳히고, 차곡차곡 모은 돈으로 부모님과 함께 더 쾌적하고 넓은 집으로 이사하는 것을 최우선 목표로 삼고 있습니다.",남자,33,미혼,비현역,부모와 동거,단독주택,중학교,해당없음,그 외 공업기계 설치 및 정비원,대구-남구,대구,대한민국
98e41d055a1d4b08a0f8c797126ffb4b,"문수정 씨는 이천의 한 음식료품 매장에서 단골손님의 사소한 취향까지 기억해 맞춤형 제품을 권하고, 재고 수량을 단 하나까지 정확히 맞추는 꼼꼼함으로 동료들의 신뢰를 한 몸에 받습니다. 문수정 씨는 정년까지 무사히 버틴 뒤에는 작지만 고소한 빵 냄새가 가득한 개인 카페를 차려 소박하게 운영하겠다는 꿈을 품고 매일 성실하게 매대를 정리합니다.","문수정 씨는 매주 주말 지역 문화센터에서 경쾌한 음악에 맞춰 라인댄스 스텝을 밟으며 땀을 흘리고, 춤추는 동안만큼은 집안의 적막함을 잊고 활력을 되찾습니다. 문수정 씨는 평소 가벼운 산책으로 몸을 움직이지만, 운동 후에는 반드시 사우나에 들러 뜨거운 물에 몸을 지져야 비로소 하루의 피로가 풀린다고 느낍니다.","문수정 씨는 이천 도자기 마을 인근에 오래 살며 자연스레 익힌 미적 감각으로 동네 전시회를 찾아다니고, 아기자기한 소품이나 도자기 그릇을 구경하며 마음의 평온을 얻습니다. 문수정 씨는 최근 문화센터에서 배운 라인댄스의 리듬과 동작을 익히는 것에 푹 빠져, 집에서도 거울을 보며 몰래 스텝을 연습하는 소소한 즐거움을 누립니다.","문수정 씨는 명절이나 휴일에 자녀들과 함께 강원도 평창의 숲길이나 전남 순천만의 갈대밭처럼 탁 트인 자연 풍경을 찾아 떠나며 가족 간의 유대를 확인합니다. 문수정 씨는 화려한 관광지보다는 조용히 풍경을 감상할 수 있는 곳을 선택하며, 여행지에서 찍은 가족사진을 정성스럽게 인화해 거실 벽면에 붙여두는 것을 좋아합니다.","문수정 씨는 일주일에 한 번 가족들과 함께 지글지글 구운 돼지갈비나 정갈한 한정식을 먹으며 회포를 풀고, 평소에는 배달 앱으로 간편하게 식사를 해결하며 남은 시간에 휴식을 취합니다. 문수정 씨는 건강 관리가 필요함에도 불구하고 유명 빵집의 소금빵이나 크루아상을 곁들인 커피 한 잔에 큰 행복을 느끼며, 가끔 기분이 적적한 저녁에는 시원한 맥주 한 캔을 기울이며 TV를 시청합니다.","문수정 씨는 이혼 후 이천의 아파트에서 홀로 생활하며 스스로를 책임지는 단단한 삶을 살아가지만, 가끔 거실의 빈 공간을 볼 때면 예전의 북적거리던 집안 분위기를 그리워합니다. 문수정 씨는 그런 마음을 담아 명절이 되면 자녀들이 좋아하는 갈비찜과 각종 전을 정성껏 준비해 상을 차려내며, 가족들이 맛있게 먹는 모습에서 자신의 존재 가치를 확인합니다.","문수정 씨는 이천에서 성실하게 일하며 라인댄스와 빵 투어로 삶의 활력을 찾는, 외유내강의 면모를 지닌 50대 여성입니다.","이천 도자기 마을 인근에서 오래 거주하며 지역 사회의 소소한 변화를 지켜봐 왔고, 고등학교 졸업 후 곧바로 사회생활을 시작해 성실함을 몸에 익혔습니다. 이혼 후 홀로 아파트에서 생활하며 스스로 삶을 꾸려가는 단단함이 있지만, 가끔은 예전의 북적거리던 분위기를 그리워하며 명절이나 휴일에 가족들을 챙기는 일에 정성을 다합니다.","손님들의 표정만 보고도 원하는 제품을 빠르게 파악해 추천하며, 매장의 재고 수량을 꼼꼼하게 체크해 오차 없이 관리하는 능력이 탁월합니다. 단골손님들이 지나가듯 말한 취향을 기억해 두었다가 먼저 말을 건네며 편안한 구매 환경을 만드는 데 능숙합니다.","['단골 고객 취향 기억 및 맞춤 상품 추천', '매장 재고 및 유통기한 정밀 관리', '효율적인 상품 진열 및 매장 동선 배치', '고객 불만 사항에 대한 현실적인 중재와 해결']","주말이면 지역 문화센터에서 라인댄스 스텝을 밟으며 땀을 흘리고, 일과 후에는 동네 사우나의 뜨거운 탕에 몸을 담그며 하루의 피로를 풉니다. 공복혈당 관리가 필요함에도 불구하고 유명하다는 베이커리 카페를 찾아가 갓 구운 소금빵이나 크루아상을 한 조각 즐기는 시간이 가장 행복합니다.","['문화센터 라인댄스 강습 참여', '동네 목욕탕에서의 온욕과 휴식', '전국 유명 빵집 투어 및 디저트 시식', '가족과 함께 떠나는 설악산 단풍 구경', '지인들과의 정기적인 전화 수다']",현재 직장에서 동료들에게 신뢰받는 구성원으로 남으며 큰 탈 없이 정년을 맞이하는 것을 최우선으로 생각합니다. 언젠가 자금 여유가 생긴다면 자신이 좋아하는 빵과 커피를 함께 파는 작은 가게를 운영하며 소박한 일상을 보내고 싶어 합니다.,여자,55,이혼,비현역,혼자 거주,아파트,고등학교,해당없음,음식료품 판매원,경기-이천시,경기,대한민국
d174a8fccec04323a05499029aecf6c0,"김민지 씨는 내담자의 숨은 감정을 예리하게 짚어내는 섬세함으로 금세 마음을 열게 만들지만, 퇴근길에는 감정 소모가 심해 지하철에서 꾸벅꾸벅 졸 정도로 완전히 방전되곤 합니다. 언젠가는 마음이 부서진 청소년들이 언제든 편하게 문을 두드릴 수 있는 작고 아늑한 상담소를 직접 운영하겠다는 꿈을 꾸고 있습니다.","김민지 씨는 복잡한 생각들을 비워내고 싶을 때면 친구의 손을 잡고 금정산 산책로의 초록빛 풍경 속을 천천히 걷습니다. 가끔은 기분 전환을 위해 배드민턴 라켓을 휘두르며 땀을 흘리지만, 금세 숨이 차올라 벤치에 누워 멍하게 하늘을 보는 시간을 더 오래 가집니다.",김민지 씨는 침대에 누워 뉴진스의 노래를 틀어놓고 틱톡의 짧은 영상들을 넘겨보며 최신 유행하는 밈을 빠르게 흡수합니다. 주말이면 밀린 만화책을 쌓아두고 보거나 영화관의 어두운 분위기 속에서 현실의 고민을 잊고 이야기에 깊이 몰입하는 시간을 보냅니다.,김민지 씨는 연인이나 친구와 함께 탁 트인 바다나 푸른 숲이 보이는 곳으로 떠나 아무런 계획 없이 발길 닿는 대로 풍경을 감상합니다. 유명한 관광지를 찾아다니는 일정 대신 조용한 숲길을 걷거나 창밖의 초록색 나무들을 바라보며 마음의 허기를 채우는 방식을 즐깁니다.,김민지 씨는 일주일에 두세 번 정도 배달 앱을 켜서 매콤한 떡볶이나 김밥 같은 분식 메뉴를 주문해 먹으며 일상의 스트레스를 해소합니다. 외식을 할 때는 고기구이보다는 정갈한 나물 비빔밥이나 된장찌개가 나오는 한식당을 찾아 속이 편안한 한 끼를 챙기려 노력합니다.,"김민지 씨는 동래구 온천장 인근의 아파트에서 부모님과 함께 지내며, 집안에 갈등이 생기면 특유의 조율 능력으로 부드러운 중재자 역할을 자처합니다. 부모님께 다정하게 굴면서도 정작 자신의 속마음이나 고민은 뒤로 미루는 경향이 있어 혼자 방 안에서 이불을 걷어차며 아쉬워하곤 합니다.","김민지 씨는 타인의 아픔을 깊이 공감하는 따뜻한 상담가이자, 유행과 휴식 사이에서 자신만의 정서적 균형을 찾아가는 스무 살의 청춘입니다.","동래구 온천장 주변의 조용한 골목에서 자라며 부산 특유의 털털함과 다정함이 섞인 분위기에 익숙합니다. 유튜브 쇼츠나 틱톡으로 유행하는 밈을 빠르게 접하지만, 정작 외출할 때는 늘 가던 단골 카페만 찾는 성향이 있습니다.",상대방의 말 뒤에 숨은 미묘한 감정을 빠르게 읽어내어 내담자가 심리적 무장해제를 하게 만드는 라포 형성 능력이 뛰어납니다. 갈등 상황에서 양쪽의 입장을 조율해 원만한 합의점을 찾아내는 데 능숙합니다.,"['경청 및 공감 대화법', '내담자 심리 상태 분석', '위기 개입 기초 상담', '갈등 중재 및 조정']","주말이면 침대에 누워 뉴진스의 노래를 틀어놓고 멍하게 시간을 보내거나, 올리브영에서 새로 나온 립 제품을 구경하며 소소한 즐거움을 찾습니다. 가끔은 친구와 함께 금정산 산책로를 걸으며 초록색 풍경을 보는 것으로 마음을 정리합니다.","['아이돌 음악 감상', '올리브영 신제품 쇼핑', '금정산 둘레길 산책', '웹툰 정주행', '배드민턴']","내담자의 아픔을 자신의 것처럼 느끼는 성향 때문에 퇴근 후에는 완전히 방전되곤 하지만, 언젠가는 마음이 지친 청소년들이 편하게 들를 수 있는 작은 상담소를 운영하고 싶어 합니다.",여자,20,미혼,비현역,부모와 동거,아파트,2~3년제 전문대학,해당없음,상담 전문가,부산-동래구,부산,대한민국
572de5aa700641fb86773bce190af291,김순선 씨는 대학에서 인문학을 공부한 소양을 바탕으로 동네 복지관 서예 교실에서 이웃들에게 붓글씨를 가르치는 보조 강사를 꿈꿉니다. 정갈한 손글씨로 지인들에게 마음을 담은 안부 편지를 쓰며 소소한 배움을 나누는 일상에서 삶의 보람을 찾습니다.,김순선 씨는 주말이면 남편과 함께 안양천변에서 가벼운 배드민턴 랠리를 주고받으며 기분 좋게 땀을 흘립니다. 평소에는 산책길에 마주치는 계절의 변화를 세밀하게 살피는 것을 가장 즐거운 운동이자 휴식으로 여깁니다.,"김순선 씨는 예술의전당 전시회 팸플릿을 꼼꼼히 읽고 가족들에게 작품의 숨은 의미를 조곤조곤 설명해 줍니다. 책상 위에 읽다 만 시집들이 겹겹이 쌓여 있을 만큼 문학과 예술에 대한 애정이 깊으며, 안양시립도서관의 오래된 서가 사이에서 시간을 보내는 것을 좋아합니다.",김순선 씨는 가족들과 함께 국립중앙박물관을 방문해 고요하게 유물을 감상하거나 인근 온천으로 드라이브를 떠납니다. 화려한 관광지보다는 예술적 영감을 얻을 수 있는 장소를 찾아 가족의 손을 잡고 천천히 거니는 여행을 즐깁니다.,"김순선 씨는 2주에 한 번쯤 정갈한 나물 정식이나 청국장 같은 고기 없는 한식당에서 식사를 즐깁니다. 일주일에 한 번은 배달 음식을 시켜 먹고, 가끔은 남편과 함께 분위기 좋은 주점에서 가벼운 안주를 곁들이며 도란도란 이야기를 나눕니다.","김순선 씨는 배우자와 함께 전세 아파트에 거주하며 서로의 감정을 세심하게 살피는 온화한 관계를 유지합니다. 갈등이 생겨도 차분하게 조율하는 성품이며, 가족과 함께하는 문화예술 관람 시간을 무엇보다 소중하게 아낍니다.","김순선 씨는 안양에 거주하며 인문학적 소양과 예술을 사랑하고, 가족과 함께 소박하고 평온한 노후를 가꾸어가는 60대 여성입니다.","평촌 중앙공원을 매일같이 산책하며 계절의 변화를 살피고, 젊은 시절 전공한 인문학적 소양을 살려 안양시립도서관의 오래된 서가 사이에서 시간을 보내는 것을 즐깁니다. 차분한 성품으로 주변의 갈등을 조율하는 편이지만, 가끔은 집안 정리가 미뤄진 채 책상 위에 읽다 만 시집들이 겹겹이 쌓여 있기도 합니다.","전시회 팸플릿의 내용을 꼼꼼히 읽고 핵심을 짚어 가족들에게 조곤조곤 설명해 주거나, 정갈한 손글씨로 지인들에게 마음을 담은 안부 편지를 쓰는 솜씨가 좋습니다.","['전시 작품 해설', '서예 기반의 손글씨', '제철 나물 무침', '지역 커뮤니티 소식 갈무리']","주말이면 남편과 함께 안양천변에서 가벼운 배드민턴 랠리를 주고받으며 땀을 흘리고, 가끔은 근처 사우나의 뜨끈한 탕 속에서 한 주간의 피로를 풉니다. 가족들과 함께 예술의전당이나 국립중앙박물관을 방문해 조용히 작품을 감상하는 시간을 가장 아낍니다.","['안양천 배드민턴', '국립중앙박물관 전시 관람', '동네 단골 찻집에서 수다 떨기', '전국 온천 여행지 탐방']","거창한 성취보다는 동네 복지관에서 운영하는 서예 교실의 보조 강사로 활동하며, 이웃들에게 소소한 배움을 나누는 평온한 일상을 가꾸고 싶어 합니다.",여자,61,배우자있음,비현역,배우자와 거주,아파트,4년제 대학교,예술·인문,무직,경기-안양시 동안구,경기,대한민국
f89c003696154b34820a568dca6a85ed,"정현숙 씨는 학교 복도의 찌든 때를 말끔히 지워내는 자신만의 특제 세제 배합법을 가진 베테랑 청소원입니다. 정현숙 씨는 관리소장과의 관계를 유연하게 조율하며 쾌적한 작업 환경을 만들어내며, 앞으로는 몸에 무리가 덜 가는 건물 관리직으로 옮겨 평온한 노후를 맞이하길 바랍니다.",정현숙 씨는 주말이면 친구들의 손을 잡고 영도 태종대 해안 산책로를 천천히 걸으며 짠 내 섞인 바닷바람을 쐽니다. 정현숙 씨는 격렬한 운동보다는 자연 풍경을 감상하며 느릿하게 걷는 시간을 통해 일주일 동안 쌓인 긴장을 풀어냅니다.,정현숙 씨는 거실 소파에 깊숙이 기대어 텔레비전 속 임영웅의 노래를 들으며 하루의 피로를 씻어내는 시간을 가장 아낍니다. 정현숙 씨는 화려한 전시회보다는 동네 단골 목욕탕의 뜨거운 탕 속에 몸을 담그고 이웃들과 나누는 소소한 잡담에서 삶의 생동감을 느낍니다.,정현숙 씨는 마음 맞는 친구들과 함께 전국의 이름난 숲길이나 호숫가를 찾아다니며 탁 트인 풍경을 바라보는 여행을 즐깁니다. 정현숙 씨는 빽빽한 일정 대신 발길 닿는 대로 걷다 마음에 드는 벤치가 나오면 한참을 멍하니 앉아 자연의 소리를 듣습니다.,"정현숙 씨는 일주일에 한 번, 남포동 시장 근처의 단골 고깃집에서 지글지글 익어가는 삼겹살에 쌈을 크게 싸 먹으며 스트레스를 풉니다. 정현숙 씨는 가끔 친구들과 시끌벅적한 주점에서 안주를 곁들여 담소를 나누지만, 배달 음식은 한 달에 한 번 겨우 시켜 먹을 정도로 정성 들인 집밥을 고집합니다.",정현숙 씨는 이혼 후 홀로 자식들을 뒷바라지하며 억척스럽게 살아왔기에 자녀들에 대한 애착과 책임감이 매우 강합니다. 정현숙 씨는 자녀들이 완전히 제 몫을 다하며 독립하는 그날까지 자신의 짐을 기꺼이 짊어지려는 헌신적인 어머니의 모습을 보입니다.,"정현숙 씨는 부산 중구의 삶의 터전을 스스로 일궈낸 강인함과 타인의 눈치를 살피는 예민함을 동시에 지닌, 자식 사랑이 지극한 60대 청소 노동자입니다.","남포동 골목길의 소란스러움과 자갈치 시장의 활기에 익숙하며, 중학교 졸업 후 빠르게 생업에 뛰어들어 자식들을 뒷바라지하며 부산 중구의 다세대 주택 한 채를 일궈낸 자부심이 있습니다. 다만, 갑작스러운 큰 소음이나 타인의 무심한 말투에 가슴이 철렁 내려앉는 예민한 기질을 지니고 있어 늘 주변 눈치를 살피는 습관이 배어 있습니다.","학교 복도의 찌든 때를 단숨에 지워내는 자신만의 세제 배합법을 알고 있으며, 관리자와의 관계를 유연하게 조율해 업무 환경을 쾌적하게 유지하는 능숙함을 갖췄습니다.","['학교 바닥 왁싱 및 고광택 작업', '오염원별 최적의 세정제 배합 및 적용', '다세대 주택 시설 유지보수 관리', '지역 커뮤니티 내 인적 네트워크 조율']","동네 단골 목욕탕의 뜨거운 탕에 몸을 담그며 일주일의 긴장을 풀어내고, 주말이면 친구들과 함께 영도 태종대 해안 산책로를 걸으며 바다 내음을 맡는 시간을 소중히 여깁니다.","['동네 목욕탕 온탕에서 멍하니 생각 정리하기', 'TV 트로트 프로그램 보며 가수 노래 따라 부르기', '영도 태종대 해안가 풍경 사진 찍기', '교회 구역 식구들과 안부 전화 나누기']","자식들이 완전히 자립할 때까지 현재의 소득 수준을 유지하며, 몸에 무리가 덜 가는 건물 관리직으로 조심스럽게 옮겨가 평온한 노후를 준비하고 싶어 합니다.",여자,64,이혼,비현역,자녀와 거주 (한부모),다세대주택,중학교,해당없음,건물 청소원,부산-중구,부산,대한민국
58d233981e384cc88e0d1249b9ff5098,최봉재 씨는 철로 위에서 들리는 아주 작은 쇠 긁는 소리만으로도 어느 구간의 볼트가 헐거워졌는지 단번에 알아맞히는 현장의 살아있는 전설입니다. 매일 아침 정해진 시간표를 1초의 오차도 없이 맞추는 강박적인 성실함으로 후배들에게 안전의 정석을 가르칩니다.,최봉재 씨는 주말이면 낚시 가방을 챙겨 강원도 고성이나 남해의 한적한 포구로 떠나 몇 시간이고 물멍을 하며 잡념을 씻어냅니다. 격렬한 운동보다는 가족과 함께 해안선을 따라 천천히 걷는 산책에서 삶의 활력을 얻습니다.,최봉재 씨는 동네 작은 영화관에서 상영하는 최신 한국 영화를 아내와 나란히 앉아 관람하며 소소한 문화생활을 누립니다. 집에서는 유튜브로 옛날 가요 무대 영상을 찾아보거나 TV 다큐멘터리를 시청하며 시간을 보냅니다.,최봉재 씨는 화려한 관광지보다는 부모님과 아내를 모시고 남해의 조용한 어촌 마을을 찾아가 갯배를 타거나 파도 소리를 듣는 여행을 즐깁니다. 가족 모두가 편안하게 쉴 수 있도록 세세하게 동선을 짜고 숙소를 예약하는 치밀한 가이드 역할을 자처합니다.,최봉재 씨는 일주일에 대여섯 번은 집 근처 단골 한식집에서 나물 비빔밥이나 청국장을 먹으며 소박한 끼니를 해결합니다. 특히 일주일에 두세 번은 배달 앱으로 교촌치킨 허니콤보를 주문해 아내와 함께 TV를 보며 뜯는 시간을 하루 중 가장 기다립니다.,"최봉재 씨는 인천 연수구의 낡은 아파트에서 연로하신 부모님과 아내를 함께 모시고 살며 세대 간의 가교 역할을 묵묵히 수행합니다. 부모님의 잔소리가 때로는 버겁지만, 거실에 모여 앉아 옛날 이야기를 나누는 시간을 통해 가족의 유대감을 확인합니다.","최봉재 씨는 수십 년간 철도 현장을 지켜온 성실한 기술자이자, 가족에 대한 책임감과 소박한 일상의 행복을 소중히 여기는 인천의 60대 가장입니다.","인천 연수구의 오래된 아파트 단지에서 연로하신 부모님을 모시고 살며, 산업화 시대의 성실함을 체득한 세대입니다. 송도 국제도시의 세련된 풍경보다는 동춘동의 익숙한 골목길과 단골 식당들이 주는 정서적 안정감을 중요하게 생각합니다.",수십 년간 철도 운송 현장에서 근무하며 기계의 미세한 진동이나 소음만으로도 정비가 필요한 구간을 정확히 짚어내는 감각을 갖췄습니다. 복잡한 운행 시간표를 오차 없이 조정하는 치밀함과 안전 수칙을 철저히 준수하는 습관이 몸에 배어 있습니다.,"['철도 차량 안전 점검 및 이상 진단', '운송 시간표 최적화 및 스케줄링', '현장 안전 관리 및 사고 예방 지침 숙달', '철도 공학 기반의 설비 유지보수']","주말이면 가족들과 함께 강원도나 남해의 조용한 바닷가를 찾아 낚싯대를 드리우고 풍경을 감상하며 시간을 보냅니다. 평일 저녁에는 아내와 함께 동네 영화관에서 최신작을 관람하거나, 배달 앱으로 교촌치킨을 시켜 먹으며 TV 프로그램을 보는 일상을 즐깁니다.","['바다 낚시', '최신 영화 및 문화 예술 관람', '가족 동반 자연 경관 여행', '청국장이나 나물 정식 같은 한식 맛집 탐방', '스마트폰을 이용한 영상 시청']",남은 근무 기간 동안 단 한 건의 안전사고 없이 현장을 마무리하는 것을 최우선 목표로 삼습니다. 자신이 가진 현장의 노하우와 암묵지들을 후배들이 쉽게 이해할 수 있도록 체계적으로 전달하는 일에 보람을 느낍니다.,남자,69,배우자있음,비현역,배우자·부모와 거주,아파트,4년제 대학교,공학·제조·건설,철도운송 관련 종사원,인천-연수구,인천,대한민국
200d7e7a95ae43388eabb78a9ddd085b,"성선자 씨는 공식적인 직함은 없지만, 남해 마을 부녀회에서 다툼이 일어날 때마다 특유의 넉살로 싸움을 말리는 해결사 역할을 자처합니다. 꼼꼼한 서류 작업이나 일정 관리는 질색하지만, 사람들의 미묘한 기류를 읽고 분위기를 부드럽게 만드는 일에는 천부적인 능력을 발휘합니다.",성선자 씨는 날씨가 맑은 날이면 남해 독일마을 해안 산책로를 천천히 거닐며 바다 내음을 깊게 들이마십니다. 숨이 찰 정도로 빠르게 걷기보다 주변에 핀 이름 모를 들꽃을 구경하며 느긋하게 움직이는 시간을 가집니다.,성선자 씨는 스마트폰 화면 가득 임영웅의 노래 영상을 띄워놓고 가사를 나지막이 따라 부르며 하루의 스트레스를 풉니다. 세련된 현대 미술관보다는 유튜브 속 가수들의 애절한 무대 매너와 가슴을 울리는 트로트 가락에 깊이 몰입합니다.,성선자 씨는 마음 맞는 친구들과 함께 남해의 숨은 명소나 탁 트인 자연 풍경을 찾아다니는 여행을 즐깁니다. 여행 가방을 쌀 때 세부 일정을 짜기보다 그날그날 기분에 따라 발길 닿는 대로 움직이는 즉흥적인 여정을 즐깁니다.,"성선자 씨는 멸치 쌈밥과 갓김치를 남해 지역 특색에 맞게 매콤하고 알싸하게 담가내는 손맛을 자랑합니다. 이주일에 한 번 외식을 할 때는 동네 고깃집에서 두툼한 삼겹살을 구워 먹거나, 분식집에서 김밥과 떡볶이로 간단히 끼니를 때웁니다.","성선자 씨는 남편과 함께 단독주택에서 오붓하게 지내며, 집안일에 매여 있기보다 마을 사람들과 어울려 정을 나누는 시간에 더 큰 활력을 얻습니다. 때로는 남편의 무뚝뚝한 말투에 서운함을 느끼지만, 이내 털어내고 이웃집 문을 두드리는 쾌활함을 가졌습니다.","성선자 씨는 남해의 넉넉한 인심과 임영웅의 노래를 사랑하며, 건강 관리와 마을 공동체 가꾸기에서 소소한 행복을 찾는 60대 여성입니다.",남해의 짠 내 섞인 바닷바람과 함께 성장하며 이웃 간의 정과 간섭이 공존하는 어촌 마을의 정서를 몸소 익혔습니다. 고등학교 졸업 후 빠르게 변하는 세상 속에서도 마을 공동체의 유대감을 소중히 여기며 살아왔습니다.,"제철 멸치 쌈밥이나 갓김치를 지역 특색에 맞게 담그는 손맛이 뛰어나며, 마을 부녀회 모임에서 갈등이 생겼을 때 특유의 유연함으로 분위기를 부드럽게 만드는 중재 능력이 있습니다.","['남해 지역 특산물을 활용한 전통 장아찌 및 김치 담그기', '마을 공동체 행사 인원 배치 및 분위기 조율', '대가족 규모의 한식 상차림 준비', '유튜브를 통한 최신 건강 정보 검색 및 실생활 적용']","임영웅의 노래 영상이나 건강 상식 유튜브 채널을 구독해 틈틈이 시청하며, 날씨가 좋은 날에는 남해 독일마을 근처 해안 산책로를 천천히 걷는 시간을 즐깁니다.","['임영웅 노래 영상 시청 및 따라 부르기', '남해 해안길 산책하며 풍경 사진 찍기', '동네 친구들과 분식집에서 수다 떨기', '집 앞마당 작은 화분 가꾸기']",거창한 사회적 성공보다는 마을 사람들과 함께 가꿀 수 있는 작은 공동 텃밭을 만들어 소소한 수확의 기쁨을 나누고 싶어 합니다. 혈당 관리를 통해 무릎 통증 없이 남해의 숨은 명소들을 친구들과 더 오래 여행하는 것이 현재의 가장 큰 소망입니다.,여자,64,배우자있음,비현역,배우자와 거주,단독주택,고등학교,해당없음,무직,경상남-남해군,경상남,대한민국
4f26197b82e445ce8f7d3c24d9a64c8d,"장재일 씨는 정보통신기술 전공자답게 최신 미러리스 카메라의 복잡한 설정을 기계적으로 최적화하며, 라이트룸의 세밀한 보정으로 숲의 질감을 살려내는 정교한 사진작가입니다. 상업적 성공보다는 한국의 계절감을 기록한 개인 사진집을 내겠다는 소박한 집념을 가지고 있으며, 가끔 작업에 너무 몰입해 마감 기한을 아슬아슬하게 넘기는 고집스러운 면이 있습니다.","장재일 씨는 헬스장 같은 정적인 운동 대신 무거운 카메라 가방을 메고 가평의 숲길이나 양평의 오솔길을 몇 시간씩 걷는 것을 유일한 운동으로 삼습니다. 주말이면 운전대를 잡고 자연 속으로 뛰어들며, 마음에 드는 풍경을 발견하면 갑작스럽게 길가에 차를 세우고 셔터를 누르는 돌발적인 행동을 즐깁니다.","장재일 씨는 자연의 찰나를 포착해 디지털 데이터로 변환하는 과정에서 희열을 느끼며, 라이트룸의 색감 보정을 통해 자신만의 독특한 계절감을 구현하는 데 공을 들입니다. 유명 갤러리의 화려한 전시보다는 취향이 맞는 소수의 사람들과 조용히 공유하는 사진집 출간을 꿈꾸는 내향적 예술 지향점을 가지고 있습니다.","장재일 씨는 배우자나 오래된 친구와 함께 차를 몰고 가평이나 양평의 숨은 숲길을 찾아다니며 계절의 변화를 렌즈에 담는 정적인 여행을 즐깁니다. 유명 관광지보다는 이름 없는 오솔길이나 이끼 낀 바위처럼 세밀한 자연의 조각을 찾는 것에 집착하며, 여행지에서도 사진 구도를 잡느라 이동 속도가 매우 느린 편입니다.","장재일 씨는 배달 음식은 거의 시켜 먹지 않으며, 일주일에 한 번 과천 동네 단골 고깃집에서 지글거리는 삼겹살에 쌈을 싸 먹으며 친구들과 시시콜콜한 이야기를 나누는 시간을 가장 아낍니다. 가끔 기분 전환이 필요할 때는 짜장면과 짬뽕이 있는 중식당을 찾아가며, 자극적인 맛보다는 익숙하고 편안한 한식의 풍미를 즐깁니다.","장재일 씨는 과천의 아파트에서 배우자, 자녀들과 함께 단란하게 지내며, 책임감 있게 가장의 역할을 수행하면서도 가끔은 혼자만의 출사 시간을 확보하기 위해 가족들의 눈치를 살피는 모습이 있습니다. 평소에는 유연한 성격으로 가족들과 잘 지내지만, 사진 장비를 함부로 다루는 상황에서는 평소의 온화함을 잃고 단호하게 주의를 줍니다.","장재일 씨는 정보통신 기술의 정교함과 예술적 감성을 결합해 한국의 자연을 기록하는, 과천에 거주하는 49세의 섬세한 사진작가입니다.","과천 관악산 자락의 여유로운 분위기에 익숙하며, 대학 시절 익힌 정보통신 기술의 정교함과 사진이라는 예술적 도구를 결합해 세상을 정밀하게 관찰하는 습관을 가졌습니다.","최신 미러리스 카메라의 복잡한 설정을 빠르게 최적화하고, 라이트룸의 세밀한 색감 보정을 통해 풍경의 깊이와 질감을 극대화하는 능력이 탁월합니다.","['미러리스 카메라 최적 설정', '라이트룸 정밀 색감 보정', '디지털 이미지 아카이빙', '야외 자연광 조절', 'ICT 기반의 촬영 장비 유지보수']","주말이면 차를 몰고 가평이나 양평의 숨은 숲길을 찾아다니며 셔터를 누르고, 퇴근 후에는 동네 친구들과 단골 고깃집에서 시시콜콜한 일상을 나누며 스트레스를 풉니다.","['양평 및 가평 숲길 출사', '동네 지인들과의 정기적인 고기 외식', '유튜브 건축 사진 채널 시청', '과천 중앙공원 산책', '최신 카메라 렌즈 정보 수집']",화려한 상업적 성공보다는 한국의 계절감이 살아있는 자연 풍경을 기록한 개인 사진집을 출간하여 소수의 취향이 맞는 사람들과 공유하는 삶을 꿈꿉니다.,남자,49,배우자있음,비현역,배우자·자녀와 거주,아파트,4년제 대학교,정보통신기술,사진작가,경기-과천시,경기,대한민국
4f71e10f46134fcbb9a7d97e0beb1960,"고종태 씨는 의정부의 아파트 단지에서 까다로운 입주민들의 민원을 능글맞게 넘기며 시설물을 꼼꼼히 챙기던 경비원 출신으로, 현재는 다시 정해진 시간에 출근해 묵묵히 제 자리를 지킬 수 있는 관리직 일자리를 찾고 있습니다. 낯선 방문객에게는 정중하게 예의를 갖추면서도 보안 수칙 앞에서는 단호하게 선을 긋는 노련한 대처 능력을 갖추었습니다.","고종태 씨는 주말마다 경기도 외곽의 한적한 저수지로 낚시를 떠나 찌를 바라보며 복잡한 머릿속을 비우고, 평일 저녁에는 동네 단골 당구장에서 큐대를 잡고 친구들과 치열한 승부를 겨룹니다. 가끔은 배드민턴 라켓을 들고 코트에 나가 땀을 흘리며 중년의 활력을 되찾으려 애씁니다.",고종태 씨는 거실 소파에 깊숙이 몸을 파묻고 유튜브로 낚시 명소 영상을 찾아보거나 옛날 가요 프로그램을 시청하며 시간을 보내는 것을 즐깁니다. 화려한 예술 작품보다는 창밖으로 보이는 중랑천의 계절 변화나 산책길에 마주치는 이름 모를 들꽃의 풍경에서 더 큰 정서적 위안을 얻습니다.,고종태 씨는 복잡한 도심을 벗어나 친구들과 함께 가평이나 양평의 숲길을 걸으며 맑은 공기를 마시고 산세의 웅장함을 감상하는 여행을 즐깁니다. 유명 관광지의 줄 서기보다는 아는 사람만 아는 조용한 숲속 오솔길을 천천히 거닐며 삶의 이야기를 나누는 시간을 소중히 여깁니다.,"고종태 씨는 구수한 청국장 냄새가 진동하는 식당에서 나물 비빔밥을 쓱쓱 비벼 먹는 것을 좋아하며, 오후가 되면 단골 빵집에 들러 갓 나온 단팥빵을 사서 아내와 함께 나누어 먹습니다. 배달 음식의 편리함보다는 식당 주인과 가벼운 농담을 주고받을 수 있는 단골집의 정겨운 분위기를 찾아 매일같이 외출합니다.","고종태 씨는 가장으로서 자가 아파트라는 울타리를 지켜냈다는 안도감 속에서 배우자와 자녀들에게 든든한 버팀목이 되고자 노력합니다. 무뚝뚝한 성격 탓에 살가운 표현은 서툴지만, 아내가 좋아하는 빵을 잊지 않고 사 오는 세심함으로 가족에 대한 사랑을 묵묵히 표현합니다.","고종태 씨는 의정부에서 성실하게 살아온 전직 경비원으로, 가족에 대한 책임감과 소박한 취미 생활 사이에서 삶의 안정을 찾는 중년 남성입니다.","고종태 님은 의정부 중랑천변의 풍경과 함께 중년을 보내며, 자가 아파트라는 안정적인 울타리를 지켜내려는 책임감이 강한 삶을 살아왔습니다. 고등학교 졸업 후 빠르게 사회 전선에 뛰어들어 겪은 여러 굴곡이 삶의 태도에 배어 있으며, 동네 시장 상인들과 격의 없이 어울리는 소탈함을 지니고 있습니다.",오랜 기간 건물 경비원으로 근무하며 입주민들의 까다로운 민원을 유연하게 해결하고 단지 내 시설물을 세밀하게 관리하는 능력을 익혔습니다. 낯선 방문객을 정중하게 맞이하면서도 보안 수칙을 철저히 지키게 만드는 노련한 대처 능력을 갖추고 있습니다.,"['입주민 민원 응대 및 갈등 중재', '단지 내 보안 및 출입 통제', '기초 시설물 점검 및 유지보수', '효율적인 주차 공간 관리']","주말이면 친구들과 경기도 외곽의 저수지로 낚시를 떠나 물멍을 하며 마음을 정리하고, 동네 당구장에서 큐대를 잡으며 소소한 승부욕을 즐깁니다. 평소에는 청국장이나 나물 비빔밥 같은 구수한 한식을 즐겨 찾으며, 가끔은 단골 빵집에서 갓 구운 단팥빵을 사서 아내와 함께 나누어 먹습니다.","['저수지 민물 낚시', '동네 당구장 정기 모임', '중랑천변 새벽 조깅', '전통 시장 구경 및 외식']",자신의 성실함을 인정해 줄 만한 적당한 규모의 사업장이나 아파트 관리직으로 복귀하여 다시금 사회적 소속감을 느끼길 원합니다. 과도한 성취보다는 매일 정해진 일과를 묵묵히 수행하며 가족의 일상을 뒷받침하는 안정적인 환경을 찾고 있습니다.,남자,57,배우자있음,비현역,배우자·자녀와 거주,아파트,고등학교,해당없음,"전직 건물 경비원, 현재 구직중",경기-의정부시,경기,대한민국
5ef954929f0f4fcd817e58fa928097d8,"박숙자 씨는 금산의 척박한 땅에서 인삼 농사를 지으며 자식들을 모두 공부시켰고, 마을 부녀회장을 맡아 동네 집안마다 숟가락 개수까지 꿰고 있을 정도로 꼼꼼하게 이웃의 대소사를 챙기며 살아왔습니다. 지금은 현직에서 물러났지만, 여전히 마을 사람들 사이에서 믿음직한 어른으로 통하며 정갈한 조언을 건네는 정신적 지주 역할을 합니다.",박숙자 씨는 주말마다 손주들의 손을 잡고 금산 수목원의 흙길을 천천히 걸으며 숲의 공기를 마시는 것으로 체력을 관리합니다. 평일에는 마당의 화초들을 정성껏 가꾸기 위해 쪼그려 앉아 흙을 만지고 잡초를 뽑는 일과를 통해 몸을 움직입니다.,박숙자 씨는 돋보기를 쓰고 태블릿 PC 화면 속 임영웅의 노래 영상을 반복해서 시청하며 하루의 위로를 얻습니다. 가끔은 노래 가사를 수첩에 정성껏 옮겨 적으며 그 시절의 그리움과 지금의 행복을 동시에 기록하는 정적인 시간을 보냅니다.,박숙자 씨는 자식들이 운전하는 차를 타고 전국의 이름난 수목원이나 산책로를 찾아다니며 푸른 나무와 꽃들을 구경하는 여행을 가장 좋아합니다. 화려한 관광지보다는 조용한 숲길에서 나뭇잎 소리를 듣고 가족들과 도란도란 이야기를 나누는 시간을 소중히 여깁니다.,"박숙자 씨는 산에서 갓 뜯어온 제철 나물을 데치고 무쳐 정갈한 찬을 차려내며, 약초 향만 맡아도 그것이 몸 어디에 좋은지 단번에 알아맞히는 야무진 손끝을 가졌습니다. 외식을 할 때는 고깃집보다는 정갈한 나물 정식집을 찾고, 후식으로는 읍내 빵집의 부드러운 카스텔라를 즐겨 먹습니다.","박숙자 씨는 사별 후 홀로 적적한 시간을 보내지만, 주말마다 찾아오는 손주들을 위해 정성껏 밑반찬을 준비하며 집안 가득 온기를 채웁니다. 자식들에게는 엄격하고 책임감 있는 어머니였으나 손주들에게는 한없이 너그러운 할머니가 되어, 아이들이 원하는 간식을 몰래 챙겨주는 다정한 모습을 보입니다.","박숙자 씨는 금산에서 인삼 농사를 지으며 강인하게 살아온 세월을 뒤로하고, 이제는 임영웅의 노래와 손주들의 웃음소리로 일상의 평온을 찾는 지혜로운 마을 어른입니다.","금산의 척박한 땅에서 인삼 농사를 지으며 자식들을 키워냈고, 마을 부녀회 활동을 통해 이웃 간의 대소사를 꼼꼼히 챙기며 살아온 세월이 몸에 배어 있습니다.","손끝이 야무져 제철 나물을 활용한 정갈한 찬을 만드는 데 능하며, 약초의 향만 맡아도 그 효능과 상태를 정확히 가려내는 안목을 가졌습니다.","['제철 나물 무침과 장아찌 담그기', '인삼 및 약초 선별과 건조', '마을 공동체 갈등 중재', '전통 방식의 가마솥 밥 짓기']","태블릿 PC로 임영웅의 노래 영상을 찾아보며 시간을 보내고, 주말이면 손주들과 함께 근처 수목원의 숲길을 천천히 거니는 시간을 가장 아낍니다.","['임영웅 유튜브 영상 시청', '동네 빵집에서 카스텔라 맛보기', '마을 경로당 친구들과의 수다', '텃밭 채소 가꾸기']","거창한 목표보다는 매일 아침 마당의 화초들을 정성껏 가꾸고, 동네 사람들에게 믿음직한 어른으로 남으며 평온한 일상을 유지하는 것에 가치를 둡니다.",여자,85,사별,비현역,혼자 거주,단독주택,초등학교,해당없음,무직,충청남-금산군,충청남,대한민국
086237d9e82e4381a7c063c2c6bf9b0d,"김준 씨는 기업의 복잡한 운영 프로세스에서 병목 구간을 찾아내 IT 기반의 진단 모델로 해결책을 제시하는 일을 합니다. 기술적인 내용을 경영진이 이해하기 쉬운 비즈니스 언어로 변환하는 능력이 탁월하지만, 정작 자신의 업무 파일 정리나 세부적인 문서 양식 관리에는 다소 소홀한 면이 있습니다.","김준 씨는 퇴근길에 안산 호수공원의 산책로를 천천히 걸으며 업무 중에 쌓인 긴장과 스트레스를 털어냅니다. 헬스장 같은 격렬한 운동보다는 걷기와 사우나처럼 정적인 휴식을 통해 체력을 유지하며, 주말에는 아이들의 보조를 맞춰 동네 주변을 가볍게 산책합니다.","김준 씨는 90년대 후반 대학 시절부터 접해온 PC 게임을 여전히 즐기며, 평일 밤 거실 불을 끄고 모니터 앞에서 혼자만의 전략 시뮬레이션 세계에 몰입합니다. 평소에는 자극적인 예술 작품보다는 TV 다큐멘터리를 멍하게 시청하며 머릿속을 비우는 시간을 소중히 여깁니다.",김준 씨는 가족들과 함께 전국의 유명한 솥밥집이나 정갈한 일식 텐동 전문점을 찾아다니는 식도락 여행을 계획하고 실행합니다. 유명 관광 명소를 돌아다니는 일정보다는 '이번 여행에서는 어떤 제대로 된 한 끼를 먹을까'를 고민하며 맛집 지도를 만드는 일에 더 집중합니다.,"김준 씨는 바삭한 튀김이 올라간 텐동이나 정성이 담긴 솥밥 같은 일식과 한식을 선호하며, 2주에 한 번 가족 외식 날이면 예약 가능한 일식 전문점을 수소문합니다. 주 1회 배달 음식으로 소소한 즐거움을 찾지만, 정작 본인은 자극적인 양념보다는 재료 본연의 맛이 살아있는 정갈한 상차림을 선호합니다.","김준 씨는 아내와 자녀들과 함께 다세대 주택의 좁은 공간에서 북적이며 살아가며, 무뚝뚝한 성격이지만 맛있는 음식을 사주는 것으로 가족에 대한 사랑을 표현합니다. 가족의 미래를 위해 묵묵히 일하는 책임감 있는 가장이지만, 집안의 자잘한 정리정돈은 아내의 몫으로 미뤄두는 게으른 습관이 있습니다.","김준 씨는 IT 진단 전문성을 바탕으로 가족의 더 나은 주거 환경을 꿈꾸며, 식도락과 게임으로 일상의 숨구멍을 찾는 안산의 40대 가장입니다.","안산 상록구의 다세대 주택 단지에서 가족과 함께 생활하며, 퇴근길에 안산 호수공원을 천천히 걷는 것으로 하루의 긴장을 풉니다. 90년대 후반 대학 시절부터 디지털 기기의 보급과 확산을 직접 겪은 세대로서, 실용성과 효율성을 중시하는 생활 양식을 가지고 있습니다.","기업의 운영 프로세스를 분석해 병목 구간을 찾아내고, 이를 해결하기 위한 IT 기반의 진단 모델을 설계하여 실행 가능한 개선안을 도출합니다. 복잡한 기술적 개념을 경영진이 이해하기 쉬운 비즈니스 언어로 치환하여 전달하는 능력이 뛰어납니다.","['기업 운영 프로세스 진단', '디지털 전환 최적화 설계', '경영 효율성 분석 리포팅', 'ICT 솔루션 도입 컨설팅']",주말에는 가족들과 함께 전국의 유명한 솥밥집이나 일식 텐동 전문점을 찾아다니는 식도락 여행을 즐깁니다. 평일 저녁에는 집에서 조용히 PC 게임을 하거나 동네 사우나에서 땀을 빼며 혼자만의 휴식 시간을 갖습니다.,"['전국 일식 및 한식 솥밥 맛집 탐방', 'PC 온라인 게임', '동네 사우나 및 목욕', '안산 호수공원 야간 산책']","현재의 진단 전문가로서의 입지를 더욱 단단히 다져 업계에서 대체 불가능한 시니어 컨설턴트로 인정받고, 이를 통해 가족들이 더 쾌적한 주거 환경으로 옮길 수 있는 경제적 기반을 마련하려 합니다.",남자,43,배우자있음,비현역,배우자·자녀와 거주,다세대주택,4년제 대학교,정보통신기술,그 외 경영 및 진단 전문가,경기-안산시 상록구,경기,대한민국
cc45e236fd32413597c30ab15992d99f,"오혜진 씨는 사회복지사 자격증을 보유하고 복지 서비스 연계 절차를 정확히 파악하고 있으며, 상담 시 상대방의 이야기를 끝까지 경청하는 인내심이 돋보입니다. 다만 서류의 완벽함에 지나치게 집착하는 탓에 정작 제출 마감 기한을 아슬아슬하게 맞추는 습관이 있으며, 심리적 부담이 적은 공공기관 계약직이나 지역 복지관의 안정적인 자리를 조용히 찾고 있습니다.","오혜진 씨는 격렬한 운동보다는 가벼운 산책으로 몸을 움직이는 정도에 그치며, 짧은 활동 뒤에는 반드시 긴 낮잠을 자며 에너지를 보충하는 정적인 회복 시간을 가집니다.","오혜진 씨는 인디 밴드 루시의 음악을 배경삼아 알록달록한 비즈 액세서리를 만들 때 깊은 몰입감을 느끼며, 가야 테마거리의 아기자기한 소품샵들을 구경하며 시각적인 즐거움을 얻습니다.","오혜진 씨는 친구나 연인과 함께 부산 전포동의 숨은 디저트 맛집을 찾아다니는 음식 관광에 진심이며, 정성스럽게 꾸며진 케이크 사진을 찍어 남기는 것으로 여행의 만족감을 채웁니다.","오혜진 씨는 주 1회 배달 음식과 격주 1회의 외식을 즐기며 고기집이나 양식당을 주로 방문하지만, 배달 온 떡볶이가 식을 때까지 낮잠을 자버려 퉁퉁 불어버린 면을 먹게 되는 덜렁거리는 면모가 있습니다.","오혜진 씨는 김해 내동의 조용한 아파트 단지에서 홀로 거주하는 미혼 여성으로, 타인의 어려움에는 깊이 공감하는 보건복지 전공자이지만 정작 집 안에서는 오직 자신만의 느릿한 속도로 시간을 보냅니다.","오혜진 씨는 따뜻한 공감 능력과 완벽주의적 성향을 가졌지만, 일상의 불안을 느린 호흡과 소소한 취미로 달래며 안정적인 사회 진출을 꿈꾸는 30세 여성입니다.","김해 내동의 조용한 아파트 단지에서 거주하며, 가끔 가야 테마거리의 아기자기한 소품샵을 구경하며 시간을 보냅니다. 보건복지 전공자로서 타인의 어려움에 공감하는 태도가 몸에 배어 있지만, 정작 자신의 불안감은 침대 위에서 뒹굴며 유튜브 쇼츠를 보는 것으로 달래곤 합니다.","사회복지사 자격증을 취득해 복지 사각지대 대상자를 위한 서비스 연계 절차를 꿰고 있으며, 상담 시 상대방의 말을 끊지 않고 끝까지 듣는 인내심이 좋습니다. 다만, 서류 작업의 완벽함에 치중하다 보면 정작 마감 기한을 아슬아슬하게 맞추는 버릇이 있습니다.","['사례 관리 계획 수립', '사회복지 행정 처리', '공감 기반 상담 기법', '지역사회 자원 조사 및 연결']","주말이면 친구와 함께 부산 전포동의 디저트 카페를 찾아다니며 예쁜 케이크 사진을 찍고, 집에서는 인디 밴드 루시의 음악을 틀어놓고 비즈 액세서리를 만드는 시간에 몰입합니다. 배달 음식으로 시킨 떡볶이가 식기 전에 낮잠을 자버려 퉁퉁 불어버린 면을 먹게 되는 사소한 덜렁거림이 있습니다.","['비즈 공예 액세서리 제작', '루시 음악 감상', '전포 카페거리 디저트 투어', '해반천 산책로 걷기', '매운 닭발 배달 음식 즐기기']","책임감 있게 일하고 싶으면서도 갑작스러운 업무 과중에는 심리적으로 크게 위축되는 편이라, 적당한 거리감이 유지되는 공공기관 계약직이나 지역 복지관의 안정적인 자리를 조용히 알아보고 있습니다.",여자,30,미혼,비현역,혼자 거주,아파트,4년제 대학교,보건·복지,무직,경상남-김해시,경상남,대한민국
4269d9929a6e44978a5fb764e181f260,"양재훈 씨는 사천의 자동차 부품 판매점에서 헤드셋을 쓰고 하루 종일 고객과 씨름하며, 상대가 횡설수설해도 단숨에 필요한 베어링이나 가스켓 모델명을 짚어내는 노련함을 보입니다. 양재훈 씨는 화가 난 고객의 고함 소리에도 눈 하나 깜짝하지 않고 능숙하게 대화를 주도해 결국 상대의 기분을 풀어주며 상황을 마무리 짓습니다.","양재훈 씨는 퇴근 후 집 근처 대중목욕탕의 뜨거운 탕 속에 몸을 깊숙이 담가 굳은 근육을 풀고 하루의 피로를 씻어내는 시간을 가장 아낍니다. 양재훈 씨는 집 마당에서 꼬리를 흔드는 반려견과 함께 느긋하게 시간을 보내며, 동네 정자 아래 모인 친구들과 시시콜콜한 세상 돌아가는 이야기를 나누며 웃음꽃을 피웁니다.",양재훈 씨는 잠들기 전 돋보기를 쓰고 낡은 만화책의 누런 페이지를 한 장씩 넘기며 어린 시절의 추억 속에 잠기는 시간을 즐깁니다. 양재훈 씨는 운전 중에 라디오에서 흘러나오는 옛 가요나 나직한 진행자의 목소리에 귀를 기울이며 복잡한 생각들을 정리하곤 합니다.,양재훈 씨는 주말이면 가족들을 차에 태우고 남해안 해안 도로를 따라 천천히 달리며 창밖으로 펼쳐지는 푸른 바다 풍경을 감상하는 것으로 삶의 활력을 얻습니다. 양재훈 씨는 한적한 바닷가 벤치에 앉아 멍하니 수평선을 바라보며 가족들과 도란도란 이야기를 나누는 정적인 시간을 보냅니다.,"양재훈 씨는 일주일에 서너 번 가족들과 함께 동네 단골 식당에서 보리밥이나 청국장 같은 구수한 한식 차림으로 저녁 식사를 하며 하루를 마무리합니다. 양재훈 씨는 가끔 별미가 생각날 때면 아내와 함께 깔끔한 초밥이나 사시미가 나오는 일식집을 찾아 조용히 식사를 즐기며, 보름에 한 번 정도는 자녀들의 성화에 못 이겨 야식을 배달시켜 먹습니다.","양재훈 씨는 무뚝뚝한 경상도 남자지만 마당 있는 집에서 아내와 자녀들이 북적이며 내는 소음 속에서 말할 수 없는 안도감과 행복을 느낍니다. 양재훈 씨는 평소에는 표현이 서툴러 툭툭 내뱉는 말투를 쓰지만, 자녀들이 좋아하는 간식을 슬쩍 식탁 위에 올려두는 방식으로 자신의 애정을 드러냅니다.","양재훈 씨는 사천의 자동차 부품 상담원으로 일하며 가족과 함께 소박한 일상을 가꾸는, 무뚝뚝하지만 속 깊은 50대 가장입니다.","사천의 잔잔한 바다 냄새와 항공 산업의 활기가 공존하는 동네에서 오래 살며, 마당 있는 단독주택에서 가족들과 부대끼는 소박한 삶에 만족합니다. 경상도 특유의 무뚝뚝함이 있지만, 오랜 시간 곁을 지킨 동네 지인들과는 말하지 않아도 통하는 끈끈한 정을 나누며 살아갑니다.","수십 년간 자동차 부품 시장의 흐름을 겪어와서, 고객이 횡설수설 설명해도 어떤 부품이 문제인지 단번에 짚어내는 직관적인 판단력을 갖췄습니다. 까다로운 민원인의 날 선 말투 속에서도 핵심 요구사항을 빠르게 파악해 갈등을 잠재우는 능숙한 응대 기술이 몸에 배어 있습니다.","['자동차 소모품 및 부품 호환성 판별', '전화 상담을 통한 갈등 관리 및 중재', '고객 요구사항의 신속한 데이터베이스 검색', '노후 차량 유지보수 관련 기술 상담']","퇴근 후 집 근처 목욕탕에서 뜨거운 물에 몸을 담가 하루의 긴장을 풀고, 밤에는 오래된 만화책을 넘기며 어린 시절의 향수에 젖곤 합니다. 주말이면 가족들과 함께 남해안의 해안 도로를 따라 드라이브하며 탁 트인 바다 풍경을 보는 것으로 마음의 여유를 찾습니다.","['동네 사우나에서 즐기는 반신욕', '라디오 심야 방송 청취', '고전 만화책 수집 및 탐독', '가족과 함께하는 남해안 풍경 드라이브', '반려견과 함께하는 집 주변 산책']","이제는 높은 성과나 승진보다는 정년까지 큰 사고 없이 무사히 완주하는 것을 최우선으로 생각합니다. 퇴직 후에는 헤드셋을 벗고 마당의 작은 텃밭을 가꾸며, 가끔 들르는 지인들과 느긋하게 시간을 보내는 평온한 일상을 꿈꿉니다.",남자,58,배우자있음,비현역,배우자·자녀와 거주,단독주택,2~3년제 전문대학,해당없음,전화 상담원,경상남-사천시,경상남,대한민국
5dd74cacad024218b3badecc1f8c872b,"김영모 씨는 울산 남구의 거대한 공단 지역에서 수십 년간 기계 설비의 미세한 소음만으로 고장 부위를 짚어내던 정밀 측정 전문가였으며, 현재는 주민센터 수리 봉사단에 들어가 이웃의 낡은 문고리나 전등을 갈아주며 소소한 보람을 찾으려 합니다.","김영모 씨는 주말마다 거실 소파의 지정석에 앉아 KBO 리그 경기를 시청하며 선수들의 타율과 방어율 기록지를 꼼꼼히 분석하고, 경기 흐름을 예측하며 시간을 보냅니다.","김영모 씨는 영남알프스의 억새밭 사이에서 가을 햇살이 내려앉은 풍경을 스마트폰 카메라에 담아내며, 화려한 전시회보다는 자연이 주는 정적인 색감과 고요함에서 깊은 위안을 얻습니다.","김영모 씨는 지역 산악회 회원들과 무리 지어 영남알프스의 능선을 따라 걷고, 하산 후에 동료들과 둥글게 모여 앉아 나누는 시원한 막걸리 한 잔에 삶의 고단함을 털어냅니다.","김영모 씨는 보름에 한 번 외식을 하며 나물 비빔밥이나 청국장 같은 담백한 한식을 찾고, 일주일에 한 번은 집 근처 분식집에서 김밥과 떡볶이를 배달시켜 소소한 별식을 즐깁니다.","김영모 씨는 배우자와 별거 중인 적막함을 자녀들의 온기로 채우며, 집안의 삐걱거리는 서랍장이나 헐거워진 나사를 직접 조이는 일을 도맡아 하며 자신이 여전히 가족에게 필요한 존재임을 확인합니다.","김영모 씨는 울산 공단의 숙련된 기술자에서 은퇴하여, 건강 관리와 소박한 수리 봉사를 통해 삶의 새로운 의미를 찾는 50대 후반의 가장입니다.","울산 남구의 공단 지역에서 수십 년간 기술직으로 근무하며 성실함을 인정받았으나, 퇴직 후 배우자와의 별거로 인해 자녀들의 보살핌을 받으며 조용히 지내고 있습니다. 책임감이 강한 성격 탓에 집안의 작은 고장이나 가구 배치를 도맡아 하며 자신의 존재 가치를 확인하려 노력합니다.","기계 설비 유지보수와 정밀 측정 분야에서 잔뼈가 굵어, 복잡한 도면을 해석하거나 기계의 미세한 소음만으로도 고장 부위를 찾아내는 감각이 탁월합니다. 매일 아침 정해진 시간에 일어나 가계부를 작성하거나 하루 일정을 꼼꼼하게 기록하는 습관이 몸에 배어 있습니다.","['기계 설비 도면 해석 및 분석', '정밀 측정 기기 조작 및 교정', '공정 효율 개선 및 유지보수', '세부 일정 및 가계 기록 관리']","주말이면 거실 소파에 앉아 KBO 리그 경기를 챙겨보며 선수들의 기록을 분석하고, 동네 목욕탕에서 뜨거운 탕에 몸을 담그며 일주일의 피로를 풉니다. 가끔 지역 산악회 회원들과 함께 영남알프스의 억새밭을 걸으며 풍경을 사진으로 남기고, 하산 후 시원한 막걸리 한 잔을 곁들이는 시간을 즐깁니다.","['KBO 프로야구 경기 관람 및 기록 분석', '영남알프스 트레킹 및 자연 풍경 사진 촬영', '남구 지역 사우나 및 온탕욕', '동네 공원 산책로 걷기']","거창한 재취업보다는 주민센터에서 운영하는 소규모 수리 봉사단에 참여해 이웃의 고장 난 물건을 고쳐주며 소소한 보람을 느끼고자 합니다. 무리한 사회 활동보다는 당뇨와 혈압을 관리하며 자녀들에게 심리적, 경제적 부담을 주지 않는 안정적인 일상을 유지하는 것에 집중합니다.",남자,59,배우자있음,비현역,자녀와 거주 (배우자 별거),아파트,2~3년제 전문대학,해당없음,무직,울산-남구,울산,대한민국
eda1a0f3a1ce47919d15ac300536692f,"박정민 씨는 제주시내 소매점에서 낡은 수기 장부와 씨름하며 자금 흐름을 꿰뚫고 있는 베테랑 사무 보조원입니다. 깐깐한 거래처 사장님들의 성격을 다 맞춰주면서도 필요한 물량은 기어코 제때 받아내는 수완을 발휘하지만, 정작 본인의 책상 위 서류 더미는 늘 어수선하게 쌓아두는 버릇이 있습니다.","박정민 씨는 주말마다 동네 배드민턴 클럽에서 셔틀콕을 주고받으며 땀을 흘리고, 틈틈이 줄넘기와 조깅으로 체력을 기르는 활동적인 중년 여성입니다. 경기 중에는 승부욕이 발동해 목소리를 높여 팀원들을 독려하지만, 운동 후 밀려오는 나른함에 취해 벤치에 길게 누워 쉬는 시간을 가장 좋아합니다.","박정민 씨는 이른 새벽의 정막을 뚫고 사라봉에 올라 계절의 변화를 렌즈에 담는 사진 찍기에 매료되어 있습니다. 화려한 예술 작품보다 제주 특유의 거친 돌담과 옅은 안개가 낀 풍경을 포착하는 것을 즐기며, 찍은 사진들을 지역 온라인 커뮤니티에 공유하며 소소한 칭찬을 받는 것에 행복을 느낍니다.","박정민 씨는 가족들의 간섭 없이 홀로 짐을 꾸려 제주 구석구석의 숨은 숲길이나 한적한 해안가를 찾아다니는 나홀로 여행자입니다. 유명 관광지의 북적임보다 이름 없는 작은 오름에 올라 바람 소리를 듣는 시간을 소중히 여기며, 여행지에서 만난 낯선 이와 스스럼없이 대화를 나누는 사교성을 발휘합니다.","박정민 씨는 일주일에 한 번, 퇴근길에 가족들과 함께 단골 흑돼지 전문점에서 두툼한 고기를 구워 먹으며 일주일의 피로를 풉니다. 가끔 자녀들의 성화에 못 이겨 롯데리아나 도미노피자를 배달시켜 먹기도 하지만, 역시 든든한 된장찌개와 갓 지은 솥밥이 차려진 한식 상차림에서 가장 큰 만족감을 느낍니다.","박정민 씨는 제주시 연립주택에서 남편과 자녀들과 함께 북적이며 살아가는 집안의 실질적인 중심축입니다. 평소에는 다정한 어머니이자 아내지만, 집안일이 제대로 정리되지 않았을 때면 특유의 직설적인 말투로 잔소리를 쏟아내 가족들을 긴장하게 만들기도 합니다.","박정민 씨는 제주시의 활기와 정을 모두 품은 채, 베테랑 사무직원으로 일하며 사진과 운동으로 삶의 활력을 찾는 외유내강형 중년 여성입니다.","제주 시내의 오래된 골목과 현대적인 카페 거리가 공존하는 환경에서 성장하며, 지역 공동체의 끈끈한 정서와 빠르게 변화하는 관광 도시의 속도를 동시에 체득하며 살아왔습니다.","소매점의 복잡한 자금 흐름과 재고 현황을 꿰뚫고 있으며, 까다로운 거래처 사장님들과의 관계를 유연하게 조율해 필요한 물량을 적기에 확보하는 현장 밀착형 행정 능력을 갖췄습니다.","['부가가치세 신고 및 기초 회계 처리', '거래처 협상 및 관계 관리', '재고 관리 시스템 운용', '지역 네트워크 기반의 고객 응대']","이른 아침 홀로 사라봉에 올라 계절마다 바뀌는 풍경을 카메라에 담으며, 주말이면 동네 배드민턴 클럽 회원들과 땀을 흘린 뒤 인근 흑돼지 구이집에서 모임을 주도합니다.","['사라봉 풍경 사진 촬영', '지역 배드민턴 클럽 활동', '나홀로 숲길 산책', '제주 지역 축제 참여 및 기획']","수기로 관리하던 오래된 장부들을 효율적인 디지털 시스템으로 완전히 전환해 업무 시간을 단축하고, 확보한 여유 시간을 지역 사회 봉사 활동에 더 쏟고 싶어 합니다.",여자,47,배우자있음,비현역,배우자·자녀와 거주,연립주택,2~3년제 전문대학,해당없음,사무 보조원,제주-제주시,제주,대한민국
4bec7207ee9841d4b3d398d325832fd6,"신홍식 씨는 포천 공사 현장에서 적재함에 짐을 빈틈없이 쌓아 올리는 일 하나만큼은 누구에게도 뒤지지 않는 베테랑입니다. 무거운 자재를 들어 올릴 때 툭 튀어나온 배 때문에 숨을 헐떡이면서도, 허리 중심을 잡는 특유의 요령으로 젊은 일꾼들에게 짐 쌓는 법을 훈수 두곤 합니다.",신홍식 씨는 일과가 끝나면 거실 소파에 길게 누워 낮잠을 청하며 하루 종일 뭉친 근육을 푸는 시간을 가장 아낍니다. 가끔은 동네 친구들과 어울려 시끌벅적하게 수다를 떨며 땀을 흘리는 운동 대신 말로 에너지를 발산하는 휴식을 즐깁니다.,"신홍식 씨는 동네 노래방 마이크만 잡으면 나훈아의 '테스형'을 열창하며 평소의 조용한 모습과는 딴판으로 흥을 돋우는 분위기 메이커입니다. 정식 교육은 짧게 받았지만, 가사 하나하나에 실린 인생의 회한을 목소리에 담아내는 감각만큼은 수준급입니다.",신홍식 씨는 주말이면 가족들을 차에 태우고 소양강 댐의 탁 트인 풍경을 보러 드라이브를 떠나 답답한 가슴을 틔웁니다. 화려한 관광지보다는 창문을 열고 들어오는 시원한 바람과 산등성이의 초록빛을 가만히 응시하는 시간을 좋아합니다.,"신홍식 씨는 일주일에 한 번, 집으로 배달된 짜장면과 탕수육의 달콤한 냄새를 맡으며 TV 예능 프로그램을 보는 것을 일주일의 낙으로 삼습니다. 한 달에 딱 한 번 갖는 외식 날에는 가족들과 함께 고깃집에서 지글지글 구운 삼겹살에 쌈을 크게 싸 먹으며 돈독한 정을 나눕니다.",신홍식 씨는 아내와 자녀들이 함께 모여 북적거리는 집안 분위기 속에서 자신이 살아온 세월의 보상을 받는다고 느낍니다. 무뚝뚝한 척하면서도 손주들의 재롱을 보면 금세 무장해제되어 주머니 속 용돈을 몰래 쥐여주는 다정한 할아버지입니다.,"신홍식 씨는 포천의 거친 현장에서 몸으로 일궈온 삶의 지혜를 바탕으로, 가족과 친구라는 울타리 안에서 소박한 행복을 찾는 60대 가장입니다.","포천의 흙먼지 날리는 공사 현장과 시장통에서 젊은 시절을 보내며 몸으로 부딪히는 법을 먼저 배웠습니다. 정규 교육 과정은 짧았지만 사람들과 어울려 술잔을 기울이며 세상 돌아가는 이치를 깨우쳤고, 정 많고 시끌벅적한 분위기 속에서 유대감을 형성하는 것을 소중히 여깁니다.",적재함에 짐을 어떻게 쌓아야 흔들리지 않고 효율적으로 들어갈지 한눈에 파악하는 감각이 탁월합니다. 무거운 자재를 옮길 때 허리에 무리가 가지 않게 무게 중심을 잡는 노하우가 몸에 배어 있어 현장의 젊은 일꾼들이 은근히 조언을 구하곤 합니다.,"['적재 효율 최적화 배치', '중량물 운반 무게중심 조절', '현장 자재 분류 및 정리', '소형 하역 장비 운용']","동네 친구들과 함께 노래방에서 나훈아의 노래를 열창하며 스트레스를 풀고, 주말이면 가족들과 소양강 댐 근처의 풍경을 보러 드라이브를 나갑니다. 가끔은 집 근처 중식당에서 짜장면과 탕수육을 시켜 먹으며 TV 예능 프로그램을 보는 시간을 즐깁니다.","['트로트 노래방 열창', '소양강 댐 주변 풍경 감상', '동네 지인들과의 소주 한잔', '주말 가족 드라이브', 'TV 예능 시청']",지금처럼 건강을 유지하며 현장에서 성실하게 일해 가족들과 함께하는 소소한 저녁 식사 자리를 지키고 싶어 합니다. 무리한 성공보다는 매달 꼬박꼬박 들어오는 수입으로 손주들 용돈을 챙겨줄 수 있는 소박한 여유를 바라는 중입니다.,남자,66,배우자있음,비현역,배우자·자녀와 거주,아파트,초등학교,해당없음,하역 및 적재 관련 단순 종사원,경기-포천시,경기,대한민국
1bae5500dfac49fdab8af32338b4771b,"박현주 씨는 수원 지역 학교 급식실에서 수백 명의 식단을 책임지며, 위생 점검 때마다 먼지 하나 허용하지 않는 결벽에 가까운 꼼꼼함으로 동료들의 두터운 신뢰를 받습니다. 박현주 씨는 정년까지 무사히 근무하기 위해 최근에는 아이들의 건강을 생각한 저염 식단 개발에 몰두하고 있습니다.",박현주 씨는 주말이면 남편의 손을 잡고 수원천 변을 따라 천천히 걸으며 계절의 변화를 살피고 가벼운 운동을 즐깁니다. 박현주 씨는 집에서 TV로 스포츠 경기를 관람하며 일상의 스트레스를 털어내곤 합니다.,박현주 씨는 거실 소파에 누워 스마트폰으로 임영웅의 노래 영상을 반복해서 보며 불안한 마음을 달래고 정서적인 위안을 얻습니다. 박현주 씨는 화려한 전시회보다 익숙한 가수의 노래 가사에 공감하며 눈시울을 붉히는 시간을 즐깁니다.,박현주 씨는 휴가 때면 가족들과 함께 공기 좋은 숲이나 탁 트인 바다를 찾아가 풍경을 감상하며 복잡한 생각을 정리합니다. 박현주 씨는 가족 모두가 함께하는 편안하고 정적인 자연 속에서 진정한 휴식을 취합니다.,"박현주 씨는 대량 조리 전문가답게 집에서도 정갈한 한식 상차림을 차려내며, 특히 외식을 할 때는 두런두런 이야기를 나눌 수 있는 고깃집을 즐겨 찾습니다. 박현주 씨는 가끔 입맛이 없을 때면 집 근처 김밥집에서 매콤한 떡볶이와 김밥을 포장해와 식탁 위에 가지런히 놓고 먹습니다.","박현주 씨는 수원 권선구의 오래된 아파트에서 남편과 오붓하게 살며, 집안의 모든 물건이 정해진 위치에 정확히 놓여 있어야 마음이 편안해지는 강박적인 면모가 있습니다. 박현주 씨는 무뚝뚝한 남편이지만 함께 나이 들어가는 동반자로서 깊은 신뢰를 주고받으며 안정적인 가정을 꾸려갑니다.","박현주 씨는 수원에서 학교 급식 조리원으로 성실히 근무하며 자가를 마련한 꼼꼼한 성격의 50대 여성으로, 임영웅의 노래와 사우나로 일상의 긴장을 해소하며 건강한 노후를 준비합니다.","수원 권선구의 오래된 아파트 단지에서 자리를 잡고 살며, 고등학교 졸업 후 일찍이 사회생활을 시작해 성실함 하나로 집을 마련한 자부심이 큽니다. 겉으로는 조용해 보이지만 내면의 기준이 확고해, 집안의 물건 하나라도 제자리에 없으면 견디지 못하는 꼼꼼한 성격이 생활 전반에 배어 있습니다.","학교 급식실에서 수백 명분의 식단을 오차 없이 준비하는 대량 조리 숙련도가 매우 높으며, 위생 점검 때마다 지적 사항이 나오지 않을 정도로 철저하게 관리합니다. 식재료의 양을 정확히 계산해 낭비를 줄이는 감각이 뛰어나 동료들 사이에서 신뢰가 두텁습니다.","['대규모 급식 배식 및 조리 관리', '식단별 정확한 염도 및 간 맞추기', '철저한 주방 위생 및 HACCP 기준 준수', '식재료 재고 관리 및 효율적 발주']","긴장감이 높은 일과를 마치고 나면 동네 사우나에서 뜨거운 탕에 몸을 담그며 예민해진 신경을 가라앉힙니다. 주말에는 남편과 함께 수원천 변을 천천히 걷거나, 거실에 누워 임영웅의 노래 영상을 보며 마음의 안정을 찾습니다.","['수원천 주변 산책로 걷기', '유튜브 트로트 공연 영상 시청', '동네 목욕탕에서 반신욕 하기', '제철 식재료를 활용한 밑반찬 만들기']","갑작스러운 건강 악화 없이 정년까지 지금의 일터를 안정적으로 지키는 것을 최우선으로 생각합니다. 혈압 관리를 위해 식단에서 염분을 줄이는 습관을 들였으며, 이를 업무에도 적용해 아이들에게 더 건강한 식단을 제공하고 싶어 합니다.",여자,50,배우자있음,비현역,배우자와 거주,아파트,고등학교,해당없음,음식 서비스 종사원,경기-수원시 권선구,경기,대한민국
84d81e7409da4b01b71d6f5f3cfee30b,"김완수 씨는 은퇴 후 공식적인 직업은 없지만 집안의 모든 고장 난 곳을 직접 고치는 자칭 집수리 전문가로, 다세대주택의 낡은 수도꼭지를 교체하거나 문틈 바람막이를 꼼꼼하게 붙이는 일에 온 정성을 쏟습니다. 작은 나사 하나까지 용도별로 투명 용기에 구분해 보관하는 세밀한 정리 능력을 갖추고 있어 동네 이웃들 사이에서 맥가이버로 불립니다.","김완수 씨는 매일 오후 단지 내 배드민턴 코트에서 이웃들과 정해진 순서에 따라 셔틀콕을 주고받으며 땀을 흘리는 시간을 하루 중 가장 기다립니다. 규칙적인 운동을 통해 몸을 움직이지만, 정해진 순서나 경기 방식이 조금이라도 틀어지면 내심 불편함을 느끼는 완고한 면이 있습니다.","김완수 씨는 한 달에 한 번 아내와 함께 헤이리 예술마을의 고즈넉한 분위기를 즐기며, 정갈하게 차려진 초밥 정식을 천천히 음미하는 시간을 통해 삶의 여유를 찾습니다. 화려한 예술 작품보다는 정돈된 공간이 주는 안정감을 중요하게 여기며, 식당의 식기 배치나 청결 상태를 유심히 살피는 습관이 있습니다.","김완수 씨는 가족들과 함께 임진각 평화누리공원의 넓은 잔디밭과 바람개비를 보며 걷는 소박한 나들이에서 가장 큰 행복을 느낍니다. 낯선 관광지보다는 익숙한 파주의 풍경을 천천히 감상하며, 아내의 보폭에 맞춰 느릿하게 걷는 평온한 일상을 소중히 여깁니다.","김완수 씨는 외식을 한 달에 단 한 번만 하며, 나물이나 생선 중심의 담백한 한식당이나 헤이리 마을의 일식집에서 정갈한 식사를 즐깁니다. 배달 음식은 거의 시키지 않지만, 어쩌다 한 번 주문할 때면 메뉴 선택에 한 시간을 고민할 정도로 신중하게 결정합니다.","김완수 씨는 함께 사는 아내를 위해 집안의 낡은 곳을 미리 수리해두는 무뚝뚝하지만 세심한 사랑을 실천하며, 자식들에게 짐이 되지 않으려 애쓰는 전형적인 한국의 아버지입니다. 자신의 의견을 분명히 내세우면서도 가족들의 평화를 위해 적당한 선에서 양보하는 법을 익힌 신중한 가장입니다.",김완수 씨는 파주에서 거주하며 엄격한 자기관리와 세밀한 집수리 솜씨로 단정한 노후를 보내고 있는 신중한 성격의 소유자입니다.,"파주 운정신도시 인근에서 오랜 세월 거주하며 지역의 변화를 지켜보았습니다. 초등학교 졸업 후 일찍이 사회생활을 시작했지만, 매일 가계부를 쓰고 집안 물건의 위치를 정해두는 등 자신만의 엄격한 생활 질서를 세워 살아왔습니다.",직접 거주하는 다세대주택의 낡은 수도꼭지를 교체하거나 문틈 바람막이를 꼼꼼하게 붙이는 집수리 솜씨가 좋습니다. 작은 나사 하나까지 용도별로 구분해 보관하는 세밀한 정리 능력을 갖추고 있습니다.,"['노후 수도꼭지 및 배수구 교체', '창틀 실리콘 보수 작업', '가계부 및 지출 내역 상세 기록', '마당 잡초 제거 및 수목 전지']",매일 오후 정해진 시간에 단지 내 배드민턴 코트에서 이웃들과 정해진 순서대로 경기를 치릅니다. 한 달에 한 번 아내와 함께 헤이리 예술마을의 일식집을 찾아 정갈하게 나오는 초밥 정식을 천천히 음미하며 시간을 보냅니다.,"['동네 배드민턴 클럽 경기', '거실 소파에서 저녁 뉴스 시청', '임진각 평화누리공원 풍경 감상', '헤이리 마을 일식 정식 식사']","공복혈당과 혈압 수치 변화에 민감하게 반응하며, 이를 정상 범위로 관리해 아내와 함께 임진각 평화누리공원을 매일 산책하는 평온한 일상을 유지하고 싶어 합니다. 자식들에게 짐이 되지 않도록 현재의 주거 환경을 단정하게 관리하는 것에 큰 가치를 둡니다.",남자,72,배우자있음,비현역,배우자와 거주,다세대주택,초등학교,해당없음,무직,경기-파주시,경기,대한민국
99015a8cf4304980ad07bbfb7adefd0f,"이종훈 씨는 부산 동래구 시장 골목에서 행인들의 걸음걸이와 미묘한 눈빛만으로 지갑을 열 사람을 가려내는 눈썰미를 발휘해 장사를 합니다. 갑작스러운 소나기나 요일별 유동 인구의 미세한 변화에 예민하게 반응하며, 그날의 매출이 조금이라도 떨어지면 밤잠을 설칠 정도로 불안해하는 습관이 있습니다.",이종훈 씨는 주말 저녁이면 거실 소파에 깊숙이 파묻혀 자녀들과 함께 젠지나 T1 같은 팀들이 맞붙는 LCK 경기를 시청하며 전략적인 플레이에 환호합니다. 가족들과 함께 야외로 나가 활동적인 스포츠 레포츠 여행을 떠나며 일주일 동안 쌓인 업무 스트레스를 해소합니다.,"이종훈 씨는 가끔 동네 코인 노래방에서 옛 노래를 흥얼거리며 답답한 마음을 털어내거나, TV 프로그램을 통해 세상 돌아가는 이야기를 접합니다. 조용한 시간에는 바둑판 앞에 앉아 수 읽기에 몰두하며 복잡한 머릿속을 정리하는 시간을 갖습니다.",이종훈 씨는 주말이면 가족들을 차에 태우고 기장 해안도로를 따라 천천히 드라이브하며 바다 내음을 맡는 시간을 가장 소중하게 여깁니다. 화려한 관광지보다는 가족과 함께 걷는 한적한 산책로나 함께 땀 흘릴 수 있는 레포츠 장소를 찾아 떠납니다.,"이종훈 씨는 주 2~3회 외식을 하며 나물이나 찌개 중심의 한식당을 찾고, 저녁에는 단골 주점에서 뜨끈한 어묵탕에 소주를 곁들입니다. 배달 음식은 2주에 한 번 정도만 시켜 먹으며, 식당에서 직접 마주 앉아 나누는 대화의 온기를 중요하게 생각합니다.","이종훈 씨는 무뚝뚝한 말투로 툭툭 내뱉지만, 자녀들이 원하는 문제집이나 학용품을 말없이 사다 놓는 세심한 아버지입니다. 배우자와 함께 거실에 모여 앉아 소소한 일상을 공유하며, 가족이라는 울타리 안에서 느끼는 심리적 안정감을 삶의 유일한 버팀목으로 삼습니다.","이종훈 씨는 부산 동래구에서 노점상을 운영하며 가족의 안녕과 소박한 일상을 지키기 위해 분투하는, 겉은 투박하지만 속은 섬세한 40대 가장입니다.","부산 동래구의 오래된 골목 정서와 시장통의 치열함을 동시에 겪으며 성장했고, 전문대학 졸업 후 빠르게 생업 전선에 뛰어들어 현장 중심의 삶을 살아왔습니다. 겉으로는 무뚝뚝한 부산 남자의 전형처럼 보이지만, 내면에는 가족에 대한 강한 애착과 함께 작은 변화에도 쉽게 불안함을 느끼는 섬세한 면모를 동시에 가지고 있습니다.","지나가는 행인의 표정과 걸음걸이만 보고도 구매 가능성을 빠르게 판단해 맞춤형 멘트를 던지는 순발력이 매우 뛰어나며, 날씨와 요일에 따른 유동 인구의 미세한 흐름을 읽어내는 감각이 탁월합니다.","['현장 고객 심리 파악 및 호객 기술', '계절별 유동 인구 흐름 분석', '소규모 상품 소싱 및 재고 회전 관리', '지역 상권 내 인적 네트워크 구축']","주말이면 가족들을 태우고 기장 해안도로를 따라 드라이브를 하며 답답한 마음을 식히고, 저녁에는 거실에서 아이들과 함께 LCK 경기를 시청하며 e스포츠의 전략적인 재미에 빠져듭니다. 가끔은 동네 친구들과 단골 주점에서 어묵탕에 소주 한 잔을 기울이며 일상의 스트레스를 털어냅니다.","['기장 해안도로 드라이브', 'LCK e스포츠 경기 관람', '동네 주점에서의 소셜 네트워킹', '코인 노래방 방문', '가족 동반 스포츠 레포츠 여행']",무리한 사업 확장보다는 매달 고정적인 수익을 안정적으로 유지하여 자녀들의 교육비를 차질 없이 지원하는 것에 가장 큰 가치를 둡니다. 현재 거주 중인 자가 아파트를 지키며 큰 굴곡 없이 평범한 일상을 유지하는 소박한 안정을 꿈꿉니다.,남자,41,배우자있음,비현역,배우자·자녀와 거주,아파트,2~3년제 전문대학,해당없음,노점 및 이동 판매원,부산-동래구,부산,대한민국
f0f90d7ec989457688c711b3fba3667d,"김준호 씨는 인문학 전공자로서 타인의 마음을 읽는 섬세함을 갖췄지만, 치열한 경쟁이 싫어 칠곡군청의 문화 행정직이나 공공기관의 안정적인 자리를 조심스럽게 꿈꾸며 취업 준비의 긴장감을 낮춘 채 지내고 있습니다.","김준호 씨는 주말 오후면 동네 체육관으로 향해 땀을 뻘뻘 흘리며 친구들과 배드민턴 셔틀콕을 주고받고, 이 시간을 통해 일주일 동안 방 안에서 느꼈던 무기력함을 털어냅니다.","김준호 씨는 밤마다 방 안의 조명을 낮추고 다케우치 마리야 같은 시티팝 가수의 노래를 틀어놓은 채, 대학 시절 배운 인문학적 관점으로 세상의 흐름과 사람의 감정을 곱씹는 시간을 즐깁니다.","김준호 씨는 연인이나 절친한 친구들과 함께 강원도나 남해의 조용한 펜션으로 떠나, 아무런 계획 없이 멍하니 바다를 바라보며 온전한 휴식을 취하며 에너지를 충전합니다.","김준호 씨는 일주일에 두세 번쯤 배달 앱으로 롯데리아나 맘스터치의 버거 세트를 시켜 먹으며, 한 달에 한 번 정도는 부모님과 함께 동네 보리밥집이나 나물 반찬이 잘 나오는 한식당을 찾습니다.","김준호 씨는 칠곡군의 조용한 단독주택에서 부모님과 함께 살며, 갈등을 싫어하는 성격 탓에 부모님의 잔소리에도 적당히 맞장구를 치며 원만한 관계를 유지하는 효자 노릇을 하고 있습니다.","김준호 씨는 칠곡의 정적인 분위기 속에서 인문학적 사유와 소소한 일상을 즐기며, 공공 서비스 분야로의 조심스러운 진입을 준비하는 스물아홉 살의 청년입니다.","칠곡군의 조용한 단독주택 단지에서 나고 자라 지역 사회의 정적인 분위기가 몸에 배어 있으며, 대학에서 인문학을 전공하며 얻은 사유의 습관이 일상에 깊게 자리 잡고 있습니다. 가끔 대구 시내의 번화한 거리로 나가 최신 유행을 살피지만, 결국에는 익숙한 동네 친구들과 나누는 소소한 대화에서 가장 큰 정서적 충족감을 느낍니다.","전공 지식을 바탕으로 복잡한 글의 핵심을 빠르게 파악하고 타인의 감정선을 세밀하게 읽어내는 능력이 뛰어나며, 갈등 상황에서 상대의 입장을 배려해 원만하게 조율하는 중재 역할에 능숙합니다.","['텍스트 분석 및 요약', '공감적 경청과 소통', '기초적인 문서 작성 능력', '문화 예술 콘텐츠 분석']","평일 밤에는 방 안에서 좋아하는 시티팝 리스트를 재생한 채 배달 앱으로 주문한 치즈버거를 먹으며 시간을 보내고, 주말이면 동네 체육관에서 친구들과 배드민턴 셔틀콕을 주고받으며 일주일간 쌓인 무력감을 털어냅니다.","['동네 배드민턴 소모임', '대구 근교 테마 카페 탐방', '시티팝 및 인디 음악 감상', '넷플릭스 드라마 정주행']","급격한 변화나 경쟁이 치열한 곳보다는 자신의 성향을 존중받을 수 있는 안정적인 환경을 찾고 있으며, 지역 사회의 문화 행정을 지원하거나 타인을 돕는 공공 서비스 분야로의 진입을 조심스럽게 계획하고 있습니다.",남자,29,미혼,비현역,부모와 동거,단독주택,4년제 대학교,예술·인문,무직,경상북-칠곡군,경상북,대한민국
d1d6f587fbcf444ca810631ec0725e19,"임연정 씨는 부천 오정구 동네 모임의 총무를 맡아 십 원 단위까지 맞추는 가계부 작성 실력을 뽐내며, 집안에서는 냉장고 속 식재료의 유통기한을 전부 꿰고 있는 베테랑 살림꾼으로 통합니다.","임연정 씨는 토요일 오후면 거실 소파에 완전히 파묻혀 프로야구 중계를 보며, 응원하는 팀이 결정적인 실책을 하면 리모컨을 쥔 손을 부르르 떨며 소리를 지르곤 합니다.","임연정 씨는 집 근처 문화센터에서 서예나 민화 그리기 강좌를 기웃거리며 소소한 성취감을 찾고, 수업이 끝난 뒤면 함께 배운 동료들과 찻집에 모여 한참 동안 수다를 떱니다.","임연정 씨는 남편과 자녀들을 데리고 강원도 양양의 조용한 펜션으로 떠나, 아무것도 하지 않은 채 파도 소리를 들으며 낮잠을 자는 휴양 여행에서 진정한 행복을 느낍니다.","임연정 씨는 시장에서 갓 사 온 제철 봄나물을 무쳐 정갈한 밥상을 차려내지만, 정작 본인은 일주일에 두어 번 단골 중국집에서 배달시킨 탕수육에 고춧가루 섞인 간장을 듬뿍 찍어 먹습니다.","임연정 씨는 자녀들이 독립해 집이 비게 될 날을 생각하면 벌써부터 가슴 한구석이 허전해져, 주말 저녁 가족들이 모두 모인 식탁에서 시끌벅적하게 웃고 떠드는 시간을 필사적으로 붙잡으려 합니다.",임연정 씨는 부천의 골목 정서를 품은 채 꼼꼼한 살림 솜씨와 강인한 생활력으로 가족의 울타리를 지켜내는 50대 전업주부입니다.,"부천 오정구의 오래된 골목길에서 나고 자라며 교과서 대신 삶의 현장에서 빠르게 눈치를 익혔습니다. 제도권 교육의 기회는 없었지만, 살림의 지혜와 사람 상대하는 법을 몸소 깨우치며 강인한 생활력을 키워왔습니다.","냉장고 속 식재료의 유통기한을 정확히 꿰고 있으며, 제철 나물을 활용해 상차림을 정갈하게 내놓는 솜씨가 탁월합니다. 동네 모임에서 일정 관리와 총무 역할을 도맡을 만큼 꼼꼼한 가계부 작성과 효율적인 자금 운용에 능숙합니다.","['제철 나물 무침과 밑반찬 만들기', '가계부 기반의 정밀한 지출 관리', '아파트 단지 내 분리수거 및 환경 정리 주도', '동네 지인들의 경조사 일정 조율 및 관리']","토요일 오후면 거실 소파에 누워 프로야구 중계를 보며 응원 팀의 승패에 따라 일희일비합니다. 일주일에 두어 번은 단골 중국집에서 짜장면과 탕수육을 배달시켜 먹으며 친구와 수다를 떨고, 동네 사우나의 뜨거운 탕에 몸을 담그며 일주일의 피로를 풉니다.","['KBO 프로야구 경기 시청 및 응원', '동네 단골 중국집 배달 음식 즐기기', '집 근처 대중사우나 이용 및 반신욕', '반려견 산책시키며 이웃 주민과 담소 나누기']","자녀들이 독립한 후 찾아올 공허함을 대비해, 집 근처 문화센터에서 배울 수 있는 소소한 취미를 찾아 일상의 활력을 유지하려 합니다. 가족들이 모두 모여 식사하는 주말 저녁의 평온함을 깨지 않고 지켜내는 것이 현재 그녀의 가장 큰 소망입니다.",여자,50,배우자있음,비현역,배우자·자녀와 거주,아파트,무학,해당없음,무직,경기-부천시 오정구,경기,대한민국
a9f2908173c149d6b95a925582aa179a,"최혜순 씨는 대리석 바닥의 은은한 광택을 내기 위해 약품을 정교하게 섞으며, 누구보다 빠르게 사무실 복도를 훑어내는 부평의 베테랑 청소원입니다. 가끔 청소 도구함 정리를 미루는 느슨한 습관이 있지만, 직장인들이 출근하기 전 완벽하게 바닥을 마무리하는 효율적인 동선만큼은 누구에게도 뒤지지 않는다는 자부심이 큽니다.","최혜순 씨는 일요일마다 교회 권사님들과 함께 굴포천 산책로를 천천히 걸으며 소소한 이야기를 나누는 시간을 가장 아낍니다. 기분이 좋을 때는 동네 체육관에서 배드민턴 라켓을 휘두르며 땀을 흘리고, 일주일 동안 쌓인 육체적 피로를 활동적인 움직임으로 털어냅니다.","최혜순 씨는 일주일의 고단함이 극에 달한 날이면 부평역 근처 코인 노래방에 들어가 임영웅의 노래를 목청껏 부르며 한바탕 웃어젖힙니다. TV 속 트로트 경연 프로그램을 보며 가수들의 창법을 유심히 관찰하고, 거실에서 흥얼거리며 따라 부르는 것이 그녀만의 소박한 예술적 즐거움입니다.","최혜순 씨는 일 년에 한두 번, 연로하신 어머니를 모시고 강원도 설악산의 맑은 공기를 마시며 단풍 구경을 가는 여행을 최고의 휴식으로 꼽습니다. 화려한 관광 코스보다는 나무가 많고 조용한 숲길을 천천히 걸으며 어머니의 느린 보폭에 맞추는 시간에서 깊은 평온함을 느낍니다.","최혜순 씨는 한 달에 한 번 큰맘 먹고 가족과 함께 부평 시장 근처 갈빗집에서 외식을 하며 일상의 활력을 찾습니다. 평소에는 집에서 직접 무친 나물 반찬과 구수한 된장찌개로 소박한 식사를 하며, 입맛이 없을 때만 동네 분식집에서 떡볶이와 김밥 한 줄을 사 먹습니다.","최혜순 씨는 부평 시장통의 시끌벅적함 속에서 성장하며 홀어머니를 모시는 집안의 든든한 버팀목이자 실질적인 가장으로 살아왔습니다. 어머니의 건강 상태에 따라 하루 일과가 결정될 만큼 지극한 효심을 가졌지만, 가끔은 자신의 청춘을 희생했다는 생각에 문득 쓸쓸함을 느끼기도 합니다.","최혜순 씨는 부평에서 어머니를 모시며 성실하게 일하는 건물 청소원이자, 교회 공동체와 트로트 노래방에서 삶의 활력을 찾는 강인한 생활력의 소유자입니다.","부평 시장통의 북적거림 속에 익숙한 삶을 일궈왔으며, 홀어머니를 모시며 집안의 실질적인 가장 역할을 해온 장녀의 책임감이 몸에 배어 있습니다.","대리석 바닥의 광택을 살리는 약품 배합 비율을 정확히 알고 있으며, 직장인들이 출근하기 전 사무실 구석구석을 가장 빠르게 훑는 효율적인 동선을 설계합니다.","['바닥 자재별 전용 세정제 활용법', '대형 건물 구역별 최적 청소 동선 설계', '분리수거 및 폐기물 효율적 처리', '간단한 건물 시설물 이상 유무 점검']","일요일이면 교회 식구들과 함께 근처 공원을 천천히 걷고, 가끔 기분 전환을 위해 코인 노래방에서 트로트를 목청껏 부르며 일주일의 피로를 털어냅니다.","['부평구 인근 산책로 걷기', '교회 소모임 및 친목 활동', '코인 노래방 트로트 가창', '유튜브 건강 관리 영상 시청']","큰 욕심 없이 지금의 일터에서 정년까지 무사히 근무하는 것을 최우선으로 하며, 어머니와 함께 살 전셋집 보증금을 조금씩 더 보태는 현실적인 계획을 세우고 있습니다.",여자,61,미혼,비현역,어머니와 동거,아파트,고등학교,해당없음,건물 청소원,인천-부평구,인천,대한민국
7bbcca7a84b2410aba50a84c4fd065de,이근영 씨는 화학 성분표의 딱딱한 수치와 기술 사양들을 해외 바이어들이 혹할만한 세련된 비즈니스 언어로 다듬어 계약서에 도장을 찍게 만듭니다. 회의 테이블에서 상대의 미세한 눈썹 떨림이나 말투의 변화를 포착해 적절한 농담으로 분위기를 띄우며 실리를 챙기는 능숙한 협상가입니다.,이근영 씨는 주말마다 지역 배드민턴 클럽 회원들과 셔틀콕을 주고받으며 이마에 땀이 송골송골 맺힐 때까지 코트를 누빕니다. 시간이 날 때면 대전천 변의 산책로를 따라 천천히 걸으며 복잡한 머릿속을 비워내고 가끔은 줄넘기를 하며 숨을 몰아쉽니다.,이근영 씨는 거실 소파에 깊숙이 몸을 파묻고 유튜브에서 추천하는 세계사 다큐멘터리를 시청하며 잊고 있던 인문학적 지적 유희를 즐깁니다. 대학원 시절 전공했던 예술과 인문학적 통찰을 일상에 녹여내어 세상을 조금 더 너그러운 시선으로 바라보려 애씁니다.,이근영 씨는 아내의 손을 잡고 강원도 평창의 울창한 숲길이나 제주의 조용한 오름을 찾아가 아무 말 없이 자연의 풍경을 눈에 담습니다. 가끔은 고등학교 시절 친구들과 함께 남해의 푸른 바다를 보며 옛 추억을 안주 삼아 술잔을 기울이는 여행을 떠납니다.,"이근영 씨는 일주일에 한 번 가족들과 함께 동네의 정갈한 보리밥집에서 나물 비빔밥을 먹거나, 깔끔한 초밥집에서 모둠 사시미를 즐깁니다. 배달 음식은 몇 달에 한 번 생각날 때만 시키며, 주로 정성이 들어간 식당의 음식을 직접 찾아가 맛보는 시간을 소중히 여깁니다.",이근영 씨는 퇴근 후 현관문을 열자마자 달려오는 아이들을 품에 안으며 하루의 피로를 씻어내고 아내와 함께 저녁 식탁에서 소소한 일상을 나눕니다. 자녀들에게는 엄격한 아버지보다 친구처럼 다정한 조언자가 되고 싶어 하며 집안의 크고 작은 결정에 아내의 의견을 먼저 묻습니다.,"이근영 씨는 인문학적 소양을 갖춘 화학 제품 해외 영업원으로, 대전에서 가족과 함께 안정적인 삶을 꾸리며 건강 관리와 여가 사이에서 갈등하는 40대 가장입니다.","이근영 씨는 대학에서 인문학을 전공하며 다진 사고력을 바탕으로 사람과 세상에 대한 깊은 이해를 추구합니다. 대전 동구의 정겨운 골목 풍경과 현대적인 아파트 단지가 어우러진 환경에서 생활하며, 세대 간의 격차를 줄이려는 유연한 태도로 주변 사람들과 조화를 이룹니다.",화학 제품의 복잡한 성분표와 기술 사양을 해외 바이어가 이해하기 쉬운 비즈니스 언어로 변환하여 계약을 이끌어내는 능력이 뛰어납니다. 상대의 미묘한 감정 변화를 빠르게 포착하여 협상 테이블의 긴장감을 완화하고 신뢰 관계를 구축하는 데 능숙합니다.,"['동남아시아 시장 수출입 프로세스 최적화', '화학 제품 기술 문서의 비즈니스 커뮤니케이션화', '다국적 이해관계자 간의 갈등 중재 및 협상', '인문학적 관점의 시장 트렌드 분석']","주말이면 대전천 변을 따라 천천히 걸으며 복잡한 생각을 정리하고, 지역 배드민턴 클럽에서 회원들과 셔틀콕을 주고받으며 땀을 흘리는 시간에서 활력을 얻습니다. 퇴근 후 거실 소파에 기대어 유튜브의 역사 다큐멘터리를 시청하며 가볍게 맥주 한 캔을 곁들이는 휴식을 즐깁니다.","['대전 동구 지역 배드민턴 동호회 활동', '대전천 주변 산책 및 자연 풍경 감상', '유튜브 역사 및 인문학 영상 시청', '가족과 함께하는 주 1회 한정식집 외식']","가족과 함께하는 저녁 시간을 지키면서, 현재의 직무 전문성을 인정받아 소득 수준을 점진적으로 높이는 안정적인 성장을 지향합니다. 조직 내에서 무리한 경쟁을 하기보다 동료들이 믿고 의지할 수 있는 실무 책임자로 자리 잡기를 원합니다.",남자,44,배우자있음,비현역,배우자·자녀와 거주,아파트,대학원,예술·인문,해외 영업원,대전-동구,대전,대한민국
8dfd6ee6b5c047868859c85d4ac19f1c,"이준서 씨는 공학 전공자의 논리적 사고를 행정 업무에 접목해, 복잡한 민원 처리 절차를 한눈에 들어오는 흐름도로 재구성하여 부서 내 업무 효율을 높입니다. 원칙과 매뉴얼을 중시하는 공직 사회의 질서를 따르면서도, 시흥시의 도시 인프라를 개선하는 스마트시티 행정 전문가가 되겠다는 목표를 가지고 틈틈이 관련 사례를 수집합니다.","이준서 씨는 주말이면 반려견의 목줄을 잡고 시흥 갯골생태공원의 갈대숲 사이를 천천히 거닐며 일주일간 쌓인 정신적 피로를 씻어냅니다. 격렬한 운동보다는 자연 풍경을 감상하며 걷는 정적인 활동을 즐기며, 가끔 친구들과 함께 놀이공원을 방문해 이곳저곳을 누비며 활동적으로 움직입니다.",이준서 씨는 퇴근 후 소파에 깊숙이 파묻혀 넷플릭스의 최신 시리즈를 정주행하거나 유튜브 알고리즘이 추천하는 짧은 영상들을 보며 시간을 보냅니다. 복잡한 생각 없이 몰입할 수 있는 게임 속 세상에서 전략을 짜고 성취감을 느끼며 공직 생활의 경직된 스트레스를 해소합니다.,"이준서 씨는 연인이나 친구와 함께 낯선 나라의 이국적인 거리 풍경을 감상하거나 웅장한 대자연 앞에 서서 사진을 찍는 여행을 떠납니다. 무계획적인 방랑보다는 효율적인 동선을 짠 일정표를 따라 움직이며, 여행지의 조용한 숲이나 바다를 바라보며 온전한 휴식을 취합니다.",이준서 씨는 일주일에 서너 번 배달 앱을 켜서 매콤한 떡볶이나 꾸덕한 크림 파스타를 주문해 집에서 편하게 식사합니다. 외식을 할 때는 고기집보다는 정갈한 나물 반찬이 나오는 한정식 집이나 분위기 좋은 이탈리안 레스토랑을 찾아가 천천히 음식을 음미합니다.,"이준서 씨는 부모님과 함께 단독주택에 거주하며, 성인으로서의 독립적인 생활 공간을 확보하면서도 가족이 주는 정서적 안정감을 함께 누립니다. 미혼으로서 누리는 자유로운 일상을 만끽하면서도, 저녁 식사 시간에는 가족들과 소소한 대화를 나누며 유대감을 유지합니다.","이준서 씨는 공학적 효율성을 갖춘 시흥시의 국가행정 사무원으로, 정돈된 일상 속에서 반려견과의 산책과 미식, 해외여행으로 삶의 활력을 찾는 30대 남성입니다.","시흥 배곧신도시의 정돈된 거리 풍경 속에서 성장했으며, 공학 전공자의 논리적인 사고방식과 공직 사회의 체계적인 질서 사이에서 적절한 균형을 잡으며 생활합니다.","복잡한 행정 처리 과정을 공학적 흐름도로 재구성해 효율을 높이며, 규정과 매뉴얼을 바탕으로 민원인에게 명확하고 군더더기 없는 답변을 제공합니다.","['행정 프로세스 최적화', '공공 문서 정밀 작성', '데이터 기반의 예산 관리', '갈등 관리 및 민원 중재']","퇴근 후 배달시킨 떡볶이나 파스타에 시원한 맥주 한 잔을 곁들이며 넷플릭스를 보고, 주말에는 반려견과 함께 갯골생태공원의 갈대숲을 천천히 걷는 시간을 소중히 여깁니다.","['반려견과 갯골생태공원 산책', '닌텐도 스위치 게임', '해외 여행지 사진 수집', '동네 양식당 맛집 탐방']","공직의 안정성을 유지하면서도 전공을 살려 스마트시티 행정 전문가로 거듭나, 자신이 거주하는 지역의 도시 인프라를 효율적으로 개선하는 성취감을 맛보고 싶어 합니다.",남자,30,미혼,비현역,기타2세대,단독주택,4년제 대학교,공학·제조·건설,국가행정 사무원,경기-시흥시,경기,대한민국
c36b1d3c50a14b1aae80daa7e8ed14e3,노수일 씨는 무주 설천면의 흙내음을 손끝으로 읽어내며 텃밭 작물의 수확 시기를 날짜 단위로 정확히 맞히는 산골의 베테랑 농사꾼입니다. 노수일 씨는 경로당 식사 당번을 자처하여 수십 명분의 제철 나물 상차림을 오차 없이 준비해 내며 마을 공동체 안에서 자신의 쓸모를 확인합니다.,노수일 씨는 이틀에 한 번씩 마을 어귀 산책길을 천천히 걸으며 계절에 따라 짙어지고 옅어지는 산세의 색깔을 세밀하게 관찰합니다. 노수일 씨는 오후가 되면 툇마루에 누워 깊은 낮잠을 청하며 고단한 하루의 긴장을 풀어내고 체력을 보충합니다.,노수일 씨는 손주가 설치해 준 스마트폰 퍼즐 게임의 단계를 하나씩 깨며 최고 기록을 경신하는 것에 깊이 몰입합니다. 노수일 씨는 일주일에 한 번 무주읍내 미용실 의자에 앉아 뽀글뽀글한 파마를 하며 동네 사람들의 은밀한 소식을 수집하는 시간을 가장 기다립니다.,노수일 씨는 명절이나 기념일마다 자식들의 차를 타고 전국의 유명한 식당을 찾아다니는 음식 관광 여행을 떠납니다. 노수일 씨는 여행지에서 낯선 음식을 마주할 때면 입맛에 맞지 않아도 자식들이 맛있게 먹는 모습만 보면 배가 부르다며 허허 웃어 넘깁니다.,"노수일 씨는 무주 특산물인 머루를 활용해 당도와 농도가 일정하고 진한 청을 담가내는 일에 능숙한 손맛을 가졌습니다. 노수일 씨는 2주에 한 번쯤 자식들과 함께 고깃집에서 외식을 하고, 입맛이 없는 날에는 주 2~3회 배달 앱으로 주문한 김밥과 떡볶이를 야금야금 집어 먹습니다.","노수일 씨는 사별 후 자식들이 마련해 준 거처에서 함께 살며 가족 간의 갈등이 생기면 조용히 다독여 화해시키는 중재자 역할을 합니다. 노수일 씨는 손주들의 재롱에 쉽게 웃어주면서도, 정작 본인의 외로움이나 힘든 점은 가족들에게 짐이 될까 봐 속으로 꾹꾹 눌러 담는 성격입니다.","노수일 씨는 무주 산골의 삶의 지혜와 체계적인 손맛을 가진 89세 어르신으로, 가족의 사랑과 스마트폰 게임, 마을 공동체 활동 속에서 소박한 보람을 찾는 분입니다.","무주 설천면의 깊은 산골에서 나고 자라 한국전쟁 이후의 빈곤과 격동기를 온몸으로 겪었으며, 학교 교육은 받지 못했지만 사람의 표정과 말투만으로 속내를 읽어내는 삶의 지혜를 터득했습니다. 마을 공동체 내에서 갈등이 생기면 조용히 다독여 화해시키는 중재자 역할을 하며 이웃들의 두터운 신망을 얻어왔습니다.","텃밭 작물의 수확 시기를 날짜 단위로 정확히 꿰고 있으며, 수십 명분의 제철 나물 상차림을 오차 없이 준비하는 체계적인 손맛과 정리 정돈 능력을 갖추고 있습니다. 특히 무주 특산물인 머루를 활용해 일정한 당도와 농도의 청을 담가내는 일에 능숙합니다.","['머루 청 및 잼 제조', '제철 산나물 채취 및 손질', '대가족 식단 계획 및 상차림', '전통 방식의 집안 살림 정리', '마을 주민 간 갈등 중재']","손주가 설치해 준 스마트폰 퍼즐 게임의 단계별 기록을 경신하는 것에 몰입하며, 일주일에 한 번 무주읍내 미용실에 들러 파마를 하며 동네 소식을 수집합니다. 이틀에 한 번은 동네 어귀 산책길을 걸으며 계절마다 변하는 산세의 색깔을 세밀하게 관찰합니다.","['스마트폰 퍼즐 게임', '무주읍내 미용실 방문', '동네 숲길 천천히 산책하기', '가족과 함께하는 갈비집 외식', '지역 목욕탕 온탕 입욕']",당뇨와 고혈압 수치를 일정하게 유지하며 자식들이 마련해 준 작은 거처에서 건강하게 지내는 것을 최우선으로 삼고 있습니다. 경로당 식사 당번을 자처하여 마을 사람들에게 정갈한 한 끼를 대접하며 자신의 쓸모를 확인하는 일에서 생의 보람을 찾습니다.,여자,89,사별,비현역,기타2세대,주택 이외의 거처,무학,해당없음,무직,전북-무주군,전북,대한민국
37b04fec666b47a8ac96a0f279096646,김상중 씨는 수십 명의 병력을 일사불란하게 통솔하면서도 부대원들의 미세한 표정 변화를 읽어 갈등을 조율하는 유연한 육군 장교입니다. 부대원들이 다치지 않고 무사히 전역하는 안정적인 부대 운영을 최우선으로 여기며 현장에서의 임기응변에 능숙합니다.,김상중 씨는 땀 흘리는 격렬한 운동을 멀리하고 주말이면 거실 소파에 깊숙이 몸을 파묻은 채 아무것도 하지 않으며 에너지를 충전합니다. 가끔 한강 공원을 산책하지만 금세 숨이 차올라 근처 벤치에서 휴식을 취하곤 합니다.,김상중 씨는 쿨이나 god의 노래를 크게 틀어놓고 90년대의 추억에 젖거나 유튜브에서 최신 밀리터리 분석 영상을 시청하며 시간을 보냅니다. 자신의 세대를 관통하는 익숙한 멜로디와 실용적인 정보가 담긴 영상 콘텐츠에 깊이 몰입합니다.,김상중 씨는 가족들과 함께 유명 리조트나 조용한 휴양지로 떠나 일체의 계획 없이 느긋하게 쉬는 여행을 즐깁니다. 빡빡한 관광 코스를 짜는 일 없이 숙소 근처의 맛집을 찾거나 가족들과 두런두런 이야기를 나누며 심리적인 해방감을 느낍니다.,"김상중 씨는 천호동 단골 포장마차에서 옛 동료들과 소주잔을 기울이며 시시콜콜한 농담을 주고받는 시간을 소중히 여깁니다. 정갈한 나물 반찬이 나오는 한식당을 자주 찾으며, 일주일에 한 번 정도는 배달 음식으로 간편하게 저녁을 해결합니다.",김상중 씨는 밖에서는 엄격한 군인이지만 집에서는 아이들이 어질러놓은 장난감을 그대로 둔 채 소파에 누워 있는 느긋한 아빠입니다. 퇴근 후 군복을 벗어던지고 가족들과 함께하는 저녁 식사 시간을 인생의 가장 큰 행복으로 여기며 다정하게 아이들을 대합니다.,"김상중 씨는 강동구에 거주하며 유연한 리더십을 발휘하는 육군 장교이자, 가족과의 소박한 일상을 사랑하는 40대 가장입니다.","강동구 천호동의 북적이는 시장 골목과 한강 공원의 정취를 동시에 누리며 삽니다. 평생을 군이라는 엄격한 조직의 질서 속에서 보냈지만, 집에서는 아이들이 어질러놓은 장난감을 그대로 둔 채 소파에 몸을 맡길 정도로 느슨하고 편안한 분위기를 지향합니다.",수십 명의 병력을 일사불란하게 움직이는 현장 지휘 능력과 갑작스러운 작전 변경 상황에서도 빠르게 대안을 찾는 임기응변에 능숙합니다. 딱딱한 규정만 내세우기보다 부대원들의 표정과 말투를 살펴 갈등을 중재하는 유연한 소통 방식을 구사합니다.,"['전술 작전 계획 수립 및 실행', '부대원 심리 상담 및 갈등 관리', '효율적인 병력 배치 및 운용', '군 행정 실무 및 자원 관리']","주말이면 거실 소파에 누워 유튜브에서 최신 밀리터리 분석 영상을 보거나, 쿨이나 god 같은 90년대 가요를 크게 틀어놓고 옛 생각에 잠깁니다. 가끔은 천호동 근처 단골 포장마차에서 옛 동료들과 소주잔을 기울이며 시시콜콜한 농담을 주고받으며 마음의 짐을 덜어냅니다.","['유튜브 밀리터리 채널 시청', '90년대 댄스곡 및 발라드 감상', '동네 단골 주점에서의 친목 도모', '가족과 함께하는 한강변 산책']","계급 상승이라는 명예보다는 부대원들이 사고 없이 건강하게 전역하는 안정적인 부대 운영을 최우선으로 생각합니다. 퇴근 후에는 군복을 벗고 평범한 아빠이자 남편으로 돌아가, 가족과 함께하는 저녁 식사 시간을 온전히 지켜내는 소박한 일상을 꿈꿉니다.",남자,42,배우자있음,현역,배우자·자녀와 거주,다세대주택,고등학교,해당없음,육군 장교,서울-강동구,서울,대한민국
9e00d602a8504e79a90f15bd817ffd12,"김자현 씨는 복잡한 5G 요금제를 어르신들이 이해하시게끔 시장 바구니에 비유해 설명하던 베테랑 판매원이었으나, 지금은 실적 압박이 없는 남원시청이나 지역 공공기관의 사무직 공고를 매일 확인하며 정규직의 안정을 꿈꿉니다.",김자현 씨는 헬스장 같은 격렬한 운동 대신 요천변의 버드나무 길을 천천히 걸으며 계절이 바뀌는 풍경을 눈에 담는 것으로 하루의 최소 활동량을 채웁니다.,김자현 씨는 햇살이 잘 드는 거실에 아이유의 잔잔한 노래들을 틀어놓고 아무 생각 없이 깊은 낮잠에 빠져드는 순간에 가장 큰 심리적 해방감을 느낍니다.,김자현 씨는 휴가 때면 부모님을 모시고 지리산 둘레길이나 조용한 숲길을 찾아가 말없이 풍경을 감상하며 복잡한 마음을 정돈하는 시간을 갖습니다.,"김자현 씨는 2주에 한 번 정도 시내에 나가 나물 비빔밥 같은 정갈한 한식을 먹거나, 출출할 때 동네 분식집에서 떡볶이와 김밥 한 줄을 사 먹는 소박한 식단을 유지합니다.","김자현 씨는 혼자 아파트에 살며 완벽한 독립 생활을 구가하지만, 주말이면 가족들과 함께 시간을 보내며 정서적 유대감을 채우는 다정하고 책임감 있는 딸입니다.","김자현 씨는 남원의 고즈넉함을 닮아 여유롭지만, 안정적인 미래를 위해 공공기관 취업을 준비하는 자립심 강한 30대 여성입니다.","남원 광한루원 주변의 고즈넉한 풍경 속에서 성장하며 지역 공동체의 정서에 익숙하고, 요천변을 산책하며 계절의 변화를 체감하는 일상에서 심리적 안정감을 얻습니다. 전문대학 졸업 후 지역 내에서 자리를 잡으며 독립적인 주거 환경을 마련한 자립심 강한 면모가 있습니다.","복잡한 통신 요금제와 기기 설정을 어르신들도 한 번에 이해하실 수 있도록 쉬운 비유를 들어 설명하는 능력이 탁월하며, 까다로운 고객의 요구 사항 앞에서도 당황하지 않고 유연하게 대화를 이끌어냅니다.","['통신 상품의 쉬운 언어 변환 및 설명', '다양한 연령대 고객과의 라포 형성', '최신 모바일 기기 트러블슈팅', '거절 상황에서의 감정 조절 및 대응']","동네 단골 사우나에서 뜨거운 물에 몸을 담그며 일주일의 피로를 풀고, 아이유의 잔잔한 노래들을 틀어놓은 채 거실에서 아무 생각 없이 낮잠을 자는 시간을 가장 좋아합니다.","['단골 사우나에서 반신욕 하기', '아이유의 발라드 곡 리스트 감상', '친구들과 소주 한잔하며 나누는 일상 수다', '가족과 함께 지리산 둘레길 걷기']","실적 압박이 심한 영업직에서 벗어나, 그동안 쌓아온 소통 역량을 발휘하면서도 규칙적인 생활이 가능한 지역 공공기관이나 안정적인 사무 운영직으로의 전환을 준비하고 있습니다.",여자,33,미혼,비현역,혼자 거주,아파트,2~3년제 전문대학,해당없음,"전직 단말기 및 통신 서비스 판매원, 현재 구직중",전북-남원시,전북,대한민국
c9db90f4309244aba8026b03a06e502f,"정정옥 씨는 구로동 물류 창고에서 짐더미 사이의 최단 경로를 꿰뚫고 있으며, 그녀가 마침표를 찍은 상자는 오배송 확률이 제로에 가깝다는 신뢰를 받습니다. 다만 일처리가 느린 젊은 직원들에게는 구로 공단 시절의 거친 말투가 무심코 튀어나와 현장 분위기를 순식간에 얼어붙게 만들곤 합니다.","정정옥 씨는 주말마다 친목회 회원들과 북한산 둘레길을 걸으며 바위 틈에 핀 야생화 사진을 찍는 시간을 통해 에너지를 얻습니다. 평소에는 무거운 짐을 옮기느라 무릎이 삐걱거리지만, 산행 때만큼은 누구보다 앞장서서 일행을 이끄는 대장 노릇을 하며 성취감을 느낍니다.","정정옥 씨는 스마트폰 유튜브 앱을 켜고 임영웅의 노래 영상을 반복해서 보며 하루의 고단함을 씻어내고 정서적 위안을 얻습니다. 세련된 노래 가사를 수첩에 정성껏 옮겨 적으며 젊은 세대의 감성을 따라가려 노력하고, 때로는 가사에 깊이 몰입해 혼자 눈시울을 붉히기도 합니다.","정정옥 씨는 동네 모임 사람들과 함께 전국의 유명한 수목원이나 탁 트인 바닷가 풍경을 찾아다니며 일상의 답답함을 해소합니다. 화려한 호텔보다는 지역 시장의 정취가 느껴지는 숙소를 좋아하며, 여행지에서 산 특산물을 주변 지인들에게 나누어 주는 일에 큰 기쁨을 느낍니다.","정정옥 씨는 구로동 골목의 오래된 일식집에서 모둠 초밥을 먹거나, 나물이 정갈하게 나오는 한식집에서 지인들과 수다를 떠는 것으로 일주일의 스트레스를 풉니다. 배달 음식은 번거로워 한 달에 한 번 시킬까 말까 하며, 직접 식당을 찾아가 주인장과 안부를 나누는 대면 접촉을 훨씬 즐깁니다.","정정옥 씨는 배우자와 자녀들이 함께 사는 집에서 실질적인 살림꾼 역할을 하며 가족들의 끼니와 건강을 세심하게 책임집니다. 자녀들에게는 언제나 든든한 버팀목이 되어주고 싶어 하지만, 가끔 자신의 희생이 당연하게 여겨질 때면 서운함을 강하게 느끼며 갑자기 입을 닫아버리는 버릇이 있습니다.","정정옥 씨는 구로 공단의 거친 세월을 견뎌낸 물류 현장의 베테랑이자, 임영웅의 노래와 산행으로 삶의 활력을 찾는 정 많고 예민한 서울 아주머니입니다.","구로구 공단 지역의 변화를 몸소 겪으며 어린 나이에 사회생활을 시작해, 거친 현장 언어와 세련된 사교술을 동시에 익혔습니다. 동네 사람들을 이끄는 활달한 성격이지만, 밤이면 가족의 건강과 노후 자금 걱정에 잠을 설치기도 하는 예민한 면이 있습니다.","물류 창고의 복잡한 적재 흐름을 한눈에 파악해 효율적인 동선을 짜고, 무거운 짐 사이에서도 오배송 없이 정확하게 물건을 분류해냅니다. 수십 년간 다져온 꼼꼼함 덕분에 현장에서는 정정옥 씨가 확인한 물건은 믿고 보낸다는 말이 나옵니다.","['창고 내 효율적 적재 및 분류', '도매 시장 물품 검수 및 재고 파악', '다양한 연령대와의 원활한 소통 및 분위기 주도', '단체 모임 일정 및 장소 조율']","유튜브로 임영웅의 노래 영상을 찾아보며 스트레스를 풀고, 주말이면 친목 모임 회원들과 북한산 자락을 걸으며 풍경을 감상합니다. 평일 저녁에는 구로동 일대의 일식집이나 나물 정식집을 찾아다니며 지인들과 수다를 떠는 시간을 가장 아낍니다.","['유튜브 트로트 영상 시청', '친목 모임 기반의 산행 및 자연 감상', '구로구 일대 일식 및 한식 맛집 탐방', '종교 활동을 통한 마음 다스리기']","지금처럼 건강을 유지해 매일 아침 출근할 곳이 있다는 안도감을 누리고 싶어 하며, 차곡차곡 모은 돈으로 지금의 전세 집을 벗어나 햇볕이 잘 드는 작은 내 집을 마련하는 꿈을 꿉니다.",여자,68,배우자있음,비현역,배우자·자녀와 거주,주택 이외의 거처,초등학교,해당없음,그 외 하역 및 적재 단순 종사원,서울-구로구,서울,대한민국
3586cfadc92b418f91e2eca4fdc74264,"서말순 씨는 안산의 상가 건물 구석구석을 누비며 바닥재에 맞는 세제를 정확히 골라 찌든 때를 지워내는 일에 능숙하며, 까다로운 입주민의 갑작스러운 요구에도 허허 웃으며 부드럽게 대처하는 베테랑 청소원입니다.","서말순 씨는 해 질 녘 안산 호수공원의 산책로를 천천히 걸으며 계절마다 바뀌는 단풍과 꽃들의 색깔을 세밀하게 관찰하고, 무거워진 다리를 달래며 하루의 피로를 씻어냅니다.","서말순 씨는 스마트폰으로 임영웅의 노래 영상을 반복해서 보며 가사를 흥얼거리고, 가끔 동네 친구들과 코인 노래방을 찾아가 목청껏 노래를 부르며 가슴 속 응어리를 시원하게 털어냅니다.","서말순 씨는 마음 맞는 친구들과 함께 탁 트인 자연 풍경을 찾아 떠나는 여행을 즐기며, 조용한 숲길이나 이름 모를 해변을 천천히 거닐며 풍경 사진을 찍어 단체 채팅방에 공유합니다.","서말순 씨는 보름에 한 번꼴로 동네 식당에서 나물 비빔밥이나 청국장 같은 소박한 한식을 즐기며, 가끔은 단골 주점에서 시원한 맥주 한 잔과 함께 안주를 나누며 이웃들과 회포를 풉니다.","서말순 씨는 배우자와 자녀들이 함께 사는 아파트에서 가족의 생계를 위해 묵묵히 일해왔으며, 본인의 욕심보다는 자식들이 더 나은 환경에서 잠잘 수 있게 보증금을 마련하는 것에 삶의 우선순위를 둡니다.","서말순 씨는 안산에서 성실하게 건물 청소 일을 하며 가족의 주거 안정을 꿈꾸는, 다정하지만 내면에 불안과 예민함을 품고 살아가는 60대 여성입니다.","안산 상록구의 오래된 주택가에서 이웃들과 부대끼며 살아왔으며, 가족의 생계를 위해 일찍부터 경제활동에 뛰어든 세대의 성실함을 가지고 있습니다. 타인의 감정에 민감하게 반응하며 갈등을 피하려는 성향 덕분에 주변 사람들에게는 한없이 다정한 이웃으로 통합니다.","건물 내 자재별 특성에 맞는 세제 선택과 오염 제거법에 능숙하며, 보이지 않는 구석의 먼지까지 찾아내는 세밀한 관찰력을 발휘합니다. 입주민들의 까다로운 요구사항에도 감정을 앞세우지 않고 부드럽게 응대하여 마찰을 최소화하는 소통 능력이 뛰어납니다.","['표면 재질별 맞춤형 오염 제거 기술', '효율적인 건물 내부 청소 동선 설계', '입주민 민원 완화 및 정서적 응대', '대형 폐기물 및 재활용품 분리배출 최적화']","유튜브에서 임영웅의 노래 영상을 찾아보며 가사를 흥얼거리거나, 동네 친구들과 함께 코인 노래방에서 좋아하는 곡을 부르며 마음속 응어리를 풀어냅니다. 날씨가 좋은 날에는 안산 호수공원 산책로를 천천히 걸으며 나무와 꽃들의 색깔 변화를 살피는 시간을 즐깁니다.","['유튜브 트로트 무대 영상 시청', '안산 호수공원 느린 걸음 산책', '동네 친구들과의 막걸리와 파전', '코인 노래방에서 애창곡 부르기']",현재의 소득을 꾸준히 저축해 전세 보증금을 올림으로써 가족들이 조금 더 마음 편히 지낼 수 있는 주거 환경을 만드는 것이 가장 큰 목표입니다. 큰 성취보다는 매일 주어진 구역을 깨끗하게 비워내며 얻는 소소한 보람과 고용 안정성에 가치를 둡니다.,여자,64,배우자있음,비현역,배우자·자녀와 거주,아파트,고등학교,해당없음,건물 청소원,경기-안산시 상록구,경기,대한민국
e926503f5cef4001bdd463588689cfcc,"박경숙 씨는 환자의 거친 숨소리나 미세한 안색 변화만 보고도 어디가 쑤시는지 귀신같이 알아채며, 특히 욕창 방지를 위해 세심하게 몸을 돌려 눕히는 손길이 능숙한 베테랑 간병인입니다. 입맛 잃은 어르신들을 위해 정성껏 끓여내는 야채죽 한 그릇에는 그 어떤 처방전보다 따뜻한 위로와 정성을 담아냅니다.","박경숙 씨는 경로당 친구들과 함께 팔공산 숲길의 흙냄새를 맡으며 천천히 걷는 시간을 가장 소중하게 여기며, 무릎에 무리가 가지 않도록 푹신한 운동화를 꼭 챙겨 신습니다. 서구청 근처 공원에서 제철 꽃들이 피어나는 모습을 구경하며 가벼운 체조를 하는 것으로 몸의 활력을 유지합니다.","박경숙 씨는 베란다 작은 화분에 심은 깻잎과 상추가 돋아나는 과정을 살피며 식물이 주는 고요한 기쁨을 누리고, 저녁이면 텔레비전 속 트로트 가수의 무대를 보며 손뼉을 칩니다. 정규 교육은 받지 못했으나 꽃의 이름과 색깔을 구분하는 안목만큼은 세밀하여 동네 정원 가꾸기의 숨은 고수로 통합니다.","박경숙 씨는 친목 모임 회원들과 함께 전국의 이름난 산과 바다를 찾아다니며 탁 트인 풍경을 보는 것을 즐기고, 여행지마다 예쁜 돌멩이나 나뭇잎을 주워 모으는 소소한 습관이 있습니다. 공기 좋은 곳의 소박한 민박집에서 이웃들과 밤새 수다를 떠는 시간에서 가장 큰 행복을 느낍니다.",박경숙 씨는 2주에 한 번쯤 단골 빵집에서 갓 구워낸 고소한 우유 식빵을 사 와 따뜻한 우유에 적셔 먹으며 오후의 여유를 만끽합니다. 외식을 할 때는 나물 반찬이 정갈하게 나오는 보리밥집을 찾아가 구수한 된장찌개와 함께 든든한 한 끼를 해결합니다.,"박경숙 씨는 배우자와 떨어져 지내는 외로움을 이웃들과의 왁자지껄한 수다로 채우며, 주말이면 자녀들의 전화를 기다리며 정성껏 키운 깻잎을 다듬어 보낼 준비를 합니다. 손주들의 재롱 섞인 영상 통화 한 번에 모든 피로를 잊고 환하게 웃음 짓는 전형적인 할머니의 모습입니다.","박경숙 씨는 대구 서구에서 간병인으로 일하며 이웃과 정을 나누고 손주 사랑을 실천하는, 삶의 지혜가 깊고 건강한 70대 여성입니다.","대구 서구의 오래된 골목길에서 나고 자라며 글보다는 삶의 요령을 먼저 배웠습니다. 배우자와 떨어져 지내며 혼자 아파트를 관리하는 단단함과, 이웃들과 넉넉하게 정을 나누는 경상도 여인의 강인함이 몸에 배어 있습니다.",환자의 숨소리나 안색만 보고도 어디가 불편한지 알아채는 직관적인 간병 능력이 뛰어납니다. 특히 거동이 불편한 어르신들의 욕창을 방지하는 세심한 체위 변경과 입맛 없는 분들을 위한 맞춤형 죽 끓이기에 능숙합니다.,"['환자 상태 급변 감지 및 대처', '욕창 방지 세밀 체위 변경', '저자극 맞춤형 환자식 조리', '노인 심리 안정 유도 대화법']","동네 경로당 식구들과 함께 팔공산 숲길을 걷거나 서구청 인근 공원에서 소소하게 꽃구경을 하며 시간을 보냅니다. 집 베란다에서 깻잎과 상추를 정성껏 키우고, 주말이면 단골 빵집에서 갓 나온 식빵을 사다 따뜻한 우유와 함께 즐깁니다.","['베란다 텃밭 채소 가꾸기', '팔공산 숲길 산책', '동네 경로당 수다 모임', '단골 빵집 빵 투어']","몸이 허락하는 한 지금처럼 누군가에게 꼭 필요한 사람이 되어 소소한 보람을 느끼며 지내고 싶어 합니다. 매달 받는 월급으로 손주들에게 줄 용돈을 조금씩 모으고, 가끔 동네 빵집에서 맛있는 단팥빵을 사는 소박한 일상을 유지하는 것이 목표입니다.",여자,73,배우자있음,비현역,혼자 거주 (배우자 별거),아파트,무학,해당없음,간병인,대구-서구,대구,대한민국
e0e303af7c6f41d1b0891097dabfb5bf,"한찬주 씨는 학생들의 학습 속도를 정밀하게 분석해 개별 맞춤형 활동지를 제작하는 꼼꼼한 초등학교 교사이며, 학부모 상담 시에는 감정적인 호소 대신 객관적인 성취 데이터와 근거를 제시해 상황을 명확히 정리합니다. 업무 효율을 극대화해 정시 퇴근을 사수하려는 실용적인 태도를 보이며, 이 과정에서 동료들에게는 다소 기계적이고 차갑다는 인상을 주기도 합니다.",한찬주 씨는 땀 흘리는 격렬한 운동보다는 퇴근 후 거실 소파에 누워 짧은 낮잠을 자거나 가벼운 스트레칭을 하며 신체적 긴장을 푸는 정적인 휴식을 취합니다. 주말에는 가족들과 함께 동네 산책로를 천천히 걸으며 복잡한 생각을 정리하는 정도로 신체 활동을 대체합니다.,한찬주 씨는 범계역 인근의 조용한 브런치 카페에서 타케우치 마리야의 시티팝 플레이리스트를 들으며 읽고 싶었던 소설책을 탐독하는 시간을 통해 내면의 허기를 채웁니다. 유행하는 대형 전시회보다는 자신의 가치관과 맞는 독립 서점의 큐레이션 도서를 수집하며 혼자만의 정서적 공간을 구축합니다.,"한찬주 씨는 빽빽한 일정의 관광 여행 대신 제주도나 강원도의 한적한 독채 펜션에서 배우자와 함께 아무것도 하지 않고 머무는 휴양 여행을 즐깁니다. 여행 전에는 숙소와 동선을 철저히 계획하지만, 막상 현지에 도착하면 그 계획조차 내려놓고 온전한 정적 속에 머무는 시간을 보냅니다.","한찬주 씨는 배달 음식보다는 주 2~3회 정갈한 나물 반찬이 나오는 한정식집이나 분위기 있는 이탈리안 레스토랑에서 외식을 하며 기분을 전환합니다. 고기 위주의 식단보다는 깔끔한 해산물 요리나 파스타를 즐기며, 식사 자리에서도 상대방의 이야기를 경청하면서도 자신의 주관을 명확히 밝히는 편입니다.","한찬주 씨는 안양 평촌 학원가의 치열한 교육 분위기 속에서 성장한 경험이 있어 자녀 교육에 세심한 관심을 기울이면서도, 엄마라는 역할에 매몰되지 않고 자신의 독립성을 유지하려 노력합니다. 배우자와는 서로의 사생활과 영역을 존중하는 성숙한 관계를 유지하며, 가끔은 아이들을 맡기고 친구들과의 수다로 스트레스를 해소합니다.","한찬주 씨는 꼼꼼한 업무 처리 능력과 독립적인 성향을 가진 37세 초등 교사로, 안양에서 가정을 꾸리며 체계적인 삶과 개인적인 휴식의 균형을 영리하게 맞추어 살아가는 인물입니다.","안양 평촌 학원가의 치열한 교육 분위기 속에서 성장하며 성취에 대한 기준이 높게 형성되었고, 현재는 자가 아파트에서 가정을 꾸리며 사회적 역할과 개인의 독립성 사이의 균형을 찾는 삶을 살고 있습니다.","학생 개개인의 학습 속도를 분석해 세분화된 맞춤형 활동지를 제작하는 꼼꼼함이 있으며, 학부모 상담 시 감정적인 호소보다는 객관적인 데이터와 근거를 바탕으로 상황을 정리해 전달하는 능력이 탁월합니다.","['학습자 맞춤형 교육 콘텐츠 설계', '객관적 근거 기반의 학부모 상담', '효율적인 학급 행정 및 문서 관리', '학생 행동 분석 및 갈등 중재']","주말이면 범계역 인근의 조용한 브런치 카페에서 밀린 책을 읽거나, 퇴근 후 거실 소파에 누워 시티팝 플레이리스트를 틀어놓고 30분 정도 짧은 낮잠을 자며 정신적인 허기를 채웁니다.","['시티팝 및 인디 음악 수집', '평촌 중앙공원 느리게 걷기', '정갈한 나물 정식 맛집 탐방', '인테리어 소품 쇼핑 및 가구 배치 변경']","교실 내에서의 권위보다는 학생들의 심리적 기제를 정확히 파악하는 상담 역량을 키우고 싶어 하며, 업무 효율을 극대화해 퇴근 후의 삶을 온전히 보장받는 실용적인 워라밸을 추구합니다.",여자,37,배우자있음,비현역,배우자·자녀와 거주,아파트,4년제 대학교,교육,초등학교 교사,경기-안양시 동안구,경기,대한민국
2004685bbba442d29904f9f979701e23,신선영 씨는 거창한 사회적 성공보다는 수원 권선구 골목에 작고 아늑한 가죽 공방을 차려 소소하게 수익을 내는 삶을 꿈꿉니다. 꼼꼼한 사업 계획서를 쓰기보다 그날그날 마음이 끌리는 원데이 클래스부터 등록하며 천천히 자신의 영역을 넓혀가는 중입니다.,신선영 씨는 땀 흘리는 격렬한 운동보다는 동네 단골 사우나의 뜨끈한 탕 속에서 몸을 녹이며 근육을 푸는 것을 최고의 신체 활동으로 칩니다. 특별한 운동 계획 없이 친구들과 수다를 떨며 동네 길을 천천히 걷는 것으로 하루의 움직임을 대신합니다.,신선영 씨는 거실 소파에 기대어 '미스트롯' 같은 트로트 경연 프로그램의 화려한 무대를 시청하며 일상의 스트레스를 날려 보냅니다. 최근에는 유튜브에서 감성적인 일상 브이로그를 찾아보며 정갈한 꽃꽂이 소품이나 가죽 소품들의 색감에 마음을 빼앗기곤 합니다.,신선영 씨는 유명 관광지를 바쁘게 돌아다니는 일정보다 가족들과 함께 제주도나 강원도의 조용한 리조트로 떠나 온전히 쉬는 휴양 여행을 즐깁니다. 남들이 다 가는 명소보다는 가족들이 편안하게 머물 수 있는 쾌적한 숙소와 주변의 조용한 분위기를 중요하게 생각합니다.,"신선영 씨는 레시피 없이 손맛으로 무쳐내는 제철 시금치나물과 맑은 소고기뭇국에 자신 있으며, 가족들에게 정갈한 집밥을 차려내는 것을 즐깁니다. 외식을 할 때는 권선구 근처의 조용한 일식집에서 신선한 모둠 초밥과 시원한 메밀소바를 먹으며 소소한 행복을 느낍니다.","신선영 씨는 오랜 시간 수원 권선구 아파트에서 남편과 자녀들을 뒷바라지하며 가정의 울타리를 단단하게 가꾸어 온 전업주부입니다. 평소에는 가족들에게 다정하고 협조적인 어머니이자 아내이지만, 집안의 중요한 결정 앞에서는 자신의 의견을 분명하게 드러내는 강단이 있습니다.","신선영 씨는 수원 권선구에서 가족을 위해 헌신하며 살아왔지만, 이제는 작은 공방 운영이라는 개인적인 꿈을 향해 천천히 발을 내딛는 유연하고 정 많은 중년 여성입니다.","수원 권선구의 한 아파트 단지에서 오랜 시간 거주하며 지역 커뮤니티의 흐름을 잘 알고 있습니다. 고등학교 졸업 후 일찍이 가정의 울타리를 가꾸는 삶에 집중해 왔으며, 아날로그 세대의 정서와 디지털 기기의 편리함을 동시에 수용하며 유연하게 적응해 온 중년의 삶을 살고 있습니다.","정해진 레시피에 얽매이지 않고 제철 식재료의 상태에 따라 간을 맞추는 손맛이 좋으며, 특히 자극적이지 않은 나물 요리와 맑은 탕류를 정갈하게 차려냅니다. 스마트폰을 활용해 동네의 숨은 카페나 새로 생긴 일식집을 빠르게 찾아내어 지인들에게 공유하는 정보 수집 능력이 뛰어납니다.","['제철 식재료를 활용한 저염 한식 상차림', '수원 권선구 인근 분위기 좋은 카페 및 맛집 큐레이션', '모바일 앱을 이용한 생활 밀착형 최저가 쇼핑', '소규모 모임의 어색함을 없애는 자연스러운 대화 리드']","동네 단골 사우나에서 따뜻한 물에 몸을 녹이며 친구들과의 수다로 스트레스를 풀고, 집에서는 소파에 기대어 최신 트로트 경연 프로그램이나 유튜브의 일상 브이로그를 시청하며 시간을 보냅니다. 가끔 가족들과 함께 깔끔한 일식집에서 초밥과 메밀소바를 먹으며 조용한 휴식을 취하는 것을 즐깁니다.","['동네 사우나에서 즐기는 반신욕과 친목 도모', '유튜브 예능 및 최신 음악 콘텐츠 시청', '정갈한 일식당에서의 가족 외식', '가벼운 산책과 함께하는 동네 카페 투어']","직장으로의 복귀라는 거창한 목표보다는, 꽃꽂이나 가죽 공예처럼 손으로 무언가를 만드는 취미를 전문적으로 배워 소소하게 수익을 낼 수 있는 작은 공방을 운영해보고 싶어 합니다. 꼼꼼한 계획을 세우기보다 마음이 끌리는 수업부터 하나씩 등록하며 천천히 자신의 영역을 넓혀가고자 합니다.",여자,49,배우자있음,비현역,배우자·자녀와 거주,아파트,고등학교,해당없음,무직,경기-수원시 권선구,경기,대한민국
3f836c3b13c340a3abeffff527e890dc,"박태겸 씨는 법학 전공의 논리력을 주방에 이식해 엑셀로 원가 계산서를 꼼꼼히 짜며, 수비드 머신으로 스테이크 심부 온도를 0.1도 단위로 맞추는 집요함을 가진 조리사입니다. 술 한 방울 못 마시는 체질 덕분에 소란스러운 주점 주방에서도 분위기에 휩쓸리지 않고 주문 순서대로 접시를 내보내는 냉철한 페이스 조절 능력을 보여줍니다.",박태겸 씨는 휴일이면 기흥호수공원 야외 코트에서 친구들과 땀 흘리며 농구 경기를 뛰는 시간을 통해 주중의 피로를 털어냅니다. 경기 중에는 전공의 영향인지 전술적인 움직임을 강조하며 효율적인 수비 위치를 지시하는 신중한 리더십을 발휘하곤 합니다.,"박태겸 씨는 퇴근 후 침대에 누워 네이버 웹툰의 최신 회차를 정주행하며 하루의 긴장을 풀고, 한남동의 전시 공간을 다니며 조명 배치와 가구의 질감을 유심히 살피는 취미가 있습니다. 화려한 장식보다는 현대적이고 정돈된 미니멀리즘 디자인에서 심리적 안정감을 느낍니다.","박태겸 씨는 연인과 함께 서울의 구석구석을 살피는 시티투어를 즐기며, 특히 성수동의 낡은 공장을 개조한 카페나 갤러리를 방문해 공간 활용 아이디어를 수집합니다. 유명 관광지보다는 골목 사이에 숨겨진 작은 가게들의 간판 글씨체나 메뉴판 디자인을 관찰하는 일에 집중합니다.",박태겸 씨는 주 2~3회 정도 동료들과 함께 두툼한 삼겹살이나 육즙 가득한 스테이크 전문점을 찾아다니며 식재료의 질과 조리 상태를 평가하는 직업병 같은 습관이 있습니다. 정작 집에서는 요리하기 귀찮아 주 1회 정도 떡볶이나 치킨 같은 배달 음식을 시켜 먹으며 소박하게 끼니를 해결합니다.,"박태겸 씨는 용인 기흥의 계획도시에서 자라며 정돈된 환경에 익숙해졌고, 현재는 독립하여 아파트에서 혼자 거주하며 스스로 삶의 질서를 세우는 과정에 있습니다. 가족과는 적당한 거리감을 유지하면서도 명절이나 기념일에는 잊지 않고 세심하게 챙기는 차분한 관계를 유지합니다.","박태겸 씨는 법학의 논리성과 조리사의 예술성을 동시에 갖춘 24세 청년으로, 기흥에서 자신의 작은 비스트로를 꿈꾸며 묵묵히 실무를 익히는 외유내강형 인물입니다.","용인 기흥의 계획도시 환경에서 자라며 정돈된 삶의 태도를 익혔고, 대학에서 법과 행정을 공부하며 논리적인 사고방식을 갖췄지만 결국 요리라는 실무적인 예술에 끌려 진로를 변경했습니다. 술을 전혀 마시지 않는 체질이라 주점 업무가 섞인 주방 환경에서도 분위기에 휩쓸리지 않고 자신의 페이스를 유지하며 묵묵히 일하는 편입니다.","수비드 공법을 활용한 스테이크의 정확한 심부 온도 조절과 소스 배합에 능숙하며, 전공 지식을 활용해 주방의 식자재 재고 관리와 원가 계산을 엑셀로 체계화하여 운영 효율을 높입니다. 바쁜 피크 타임에도 당황하지 않고 주문 순서에 맞춰 접시를 내보내는 효율적인 주방 동선 설계 능력이 뛰어납니다.","['수비드 스테이크 조리 및 온도 제어', '식자재 원가 계산 및 재고 관리 시트 작성', '이탈리안 파스타 소스 레시피 개발', '주방 업무 동선 최적화 설계']","쉬는 날이면 기흥호수공원 근처 야외 코트에서 친구들과 땀 흘리며 농구를 하거나, 집에서 편하게 누워 최신 웹툰을 정주행하며 머리를 식힙니다. 가끔은 연인과 함께 서울 성수동이나 한남동의 팝업 스토어를 방문해 새로운 공간 구성과 인테리어 아이디어를 수집하며 영감을 얻습니다.","['기흥호수공원 길거리 농구', '최신 웹툰 정주행', '서울 성수동 및 한남동 팝업 스토어 탐방', '감성 캠핑 장비 수집 및 야외 취침']","현재는 실무 경험을 쌓는 단계지만, 향후 기흥구 근처에 지역 제철 식재료를 활용한 작은 비스트로를 열어 정갈한 코스 요리를 선보이는 오너 셰프가 되고 싶어 합니다. 무리한 확장보다는 단골 손님들이 편하게 찾을 수 있는 아늑한 규모의 가게를 내실 있게 운영하는 것을 지향합니다.",남자,24,미혼,비현역,혼자 거주,아파트,4년제 대학교,경영·행정·법,양식 조리사,경기-용인시 기흥구,경기,대한민국
73718c66f9644e7aba46270a02e6fedb,"손순덕 씨는 제천의 단독주택을 빈틈없이 관리하며, 낡은 문손잡이를 직접 교체하거나 정원의 잡초를 솎아내는 일에 능숙한 살림꾼입니다. 이제는 사회적 성취보다 지역 복지관에서 배운 공예 기술로 자녀에게 줄 소품을 정성껏 만드는 일에서 보람을 찾습니다.",손순덕 씨는 주말마다 자녀의 손을 잡고 배론성지의 고요한 숲길을 천천히 거닐며 마음의 평안을 찾습니다. 평소에는 동네 친구들과 함께 가벼운 산책로를 돌며 소소한 일상 이야기를 나누는 것으로 체력을 유지합니다.,"손순덕 씨는 유튜브에서 임영웅의 노래 영상을 반복해 시청하며 위로를 얻고, 복지관 공예 클래스에서 배운 솜씨로 자녀의 방에 놓아줄 장식품을 만듭니다. 최근에는 TV 드라마 속 인물들의 관계와 감정선에 깊이 몰입해 친구들과 열띤 이야기를 나누는 시간을 아낍니다.",손순덕 씨는 자녀들과 함께 전국의 이름난 자연 풍경을 찾아다니며 계절의 변화를 느끼는 여행을 즐깁니다. 화려한 관광지보다는 한적한 산책로가 있는 곳을 찾아 천천히 걷고 풍경을 감상하며 가족과의 유대감을 쌓습니다.,"손순덕 씨는 제천의 제철 나물을 정갈하게 무쳐내어 식탁에 올리는 손맛이 뛰어나며, 외식을 할 때는 자극적이지 않은 한정식이나 깔끔한 초밥집을 찾습니다. 배달 음식은 거의 시키지 않으며, 2주에 한 번 정도 가족과 함께 외식 메뉴를 즐깁니다.","손순덕 씨는 사별 후 홀로 자녀를 키워낸 강단 있는 어머니이며, 현재는 성인이 된 자녀와 함께 단독주택에서 서로를 의지하며 삽니다. 무뚝뚝한 듯 보이지만 직접 만든 공예품을 자녀의 방에 슬쩍 놓아두는 방식으로 깊은 애정을 표현합니다.","손순덕 씨는 제천에서 자녀를 훌륭히 키워낸 강인한 어머니이자, 꼼꼼한 살림 솜씨와 유연한 사고방식으로 건강한 노후를 가꾸는 분입니다.",제천 의림지 인근에서 나고 자라며 사별 후 홀로 자녀를 키워낸 강단이 있습니다. 보수적인 지역 정서 속에서도 스마트폰 앱으로 장을 보거나 새로운 취미 클래스에 등록하는 일에 거부감이 없는 유연한 사고방식을 가졌습니다.,"단독주택의 정원 관리와 살림살이를 빈틈없이 챙기며, 가계부의 십 원 단위까지 맞추는 꼼꼼함을 보입니다. 제천의 제철 나물을 활용해 정갈한 나물 반찬을 무쳐내거나 집안 곳곳의 낡은 부분을 직접 보수하는 손재주가 있습니다.","['제철 나물 요리', '단독주택 조경 및 정원 관리', '가계 지출 세부 기록 및 관리', '기초적인 집수리']","유튜브에서 임영웅의 노래 영상을 찾아보며 시간을 보내고, 주말이면 자녀와 함께 배론성지의 고요한 풍경을 거닙니다. 동네 친구들과 모여 오미자차를 마시며 최근에 본 드라마 이야기를 나누는 시간을 아낍니다.","['임영웅 노래 영상 시청', '배론성지 풍경 감상 및 산책', '지역 커뮤니티 티타임', '스마트폰 영상 콘텐츠 시청']",이제는 사회적 성취보다 매일 정해진 시간에 산책을 하고 공복 혈당 수치를 안정적으로 유지하는 건강 관리에 집중하고 있습니다. 지역 복지관에서 배운 공예품을 자녀의 집에 선물하며 소소한 만족감을 얻습니다.,여자,68,사별,비현역,자녀와 거주 (한부모),단독주택,고등학교,해당없음,무직,충청북-제천시,충청북,대한민국
0b91cd78e3244c55968b8448738e2a14,"김경자 씨는 송파구의 낡은 다세대 주택가 골목길을 훤히 꿰고 있으며, 손님이 짓는 찰나의 미묘한 표정 변화만 보고도 적정 가격을 제시해 계약서 도장을 찍게 만드는 노련한 공인중개사입니다.",김경자 씨는 거창한 운동보다는 오후의 나른한 낮잠 뒤에 가벼운 외투를 걸치고 집 근처 공원을 느릿하게 산책하며 무릎 관절에 무리가 가지 않는 선에서 몸을 움직입니다.,"김경자 씨는 돋보기를 쓰고 유튜브 앱에서 전국의 숨은 노포 맛집 영상을 저장하며, 최신 유행하는 짧은 영상들을 구경하며 젊은 세대의 감각을 익히는 소소한 즐거움을 누립니다.",김경자 씨는 마음 맞는 고등학교 동창들과 함께 전주나 강경 같은 지방 소도시의 오래된 식당을 찾아가 지역 특산물 음식을 맛보는 미식 여행을 통해 삶의 활력을 얻습니다.,"김경자 씨는 한 달에 한 번 정도 외식을 하며, 기름진 고기구이보다는 정갈한 나물 반찬이 나오는 보리밥 정식이나 깔끔한 초밥 세트 같은 일식을 즐기며 식사 시간을 보냅니다.","김경자 씨는 송파구 다세대 주택에서 남편, 손주들과 함께 북적거리며 살아가며, 때로는 엄격한 할머니처럼 굴다가도 손주들이 원하는 최신 유행 간식을 척척 사다 주는 다정한 조력자 역할을 합니다.","김경자 씨는 송파구의 변화를 몸소 겪어온 노련한 부동산 중개사로, 예민한 감성과 유연한 태도를 지닌 채 손주들을 향한 내리사랑을 실천하며 살아가는 60대 여성입니다.","송파구의 오래된 골목과 화려한 고층 빌딩의 변화를 모두 지켜보며 살아온 세대로서, 고등학교 졸업 후 빠르게 변하는 세상에 적응하며 생활력을 키워왔습니다. 손주들을 돌보는 전통적인 할머니의 모습과 함께, 최신 스마트폰 앱으로 정보를 검색하고 새로운 유행에 호기심을 갖는 유연한 태도를 동시에 가지고 있습니다.","송파구 일대 다세대 주택의 지리적 특성과 집주인들의 성향을 훤히 꿰뚫고 있으며, 상대의 작은 표정 변화만으로도 원하는 조건과 심리적 저지선을 빠르게 파악해 계약을 이끌어내는 노련한 협상력을 발휘합니다.","['송파구 지역 매물 분석 및 시세 예측', '임대인과 임차인 간의 이해관계 조율', '주거 밀집 지역의 숨은 매물 발굴', '고객 맞춤형 매물 추천 및 심리 상담']","유튜브에서 전국의 숨은 노포 식당 영상을 저장해 두었다가 마음 맞는 친구들과 함께 직접 찾아가 맛보는 여행을 즐기며, 가끔 마음이 불안해질 때는 석촌호수 산책로를 천천히 걸으며 생각을 정리합니다.","['유튜브 맛집 탐방 및 정보 수집', '친구들과의 전국 음식 관광 여행', '석촌호수 주변 산책 및 풍경 감상', '동네 지인들과의 전화 수다와 정보 교환']",사회적으로 큰 성공을 거두기보다 현재의 수입을 안정적으로 유지하여 손주들에게 부족함 없이 용돈을 주고 맛있는 것을 사줄 수 있는 넉넉한 할머니로 남기를 바랍니다.,여자,67,배우자있음,비현역,배우자·손자녀와 거주,다세대주택,고등학교,해당없음,부동산 중개사,서울-송파구,서울,대한민국
fcb48356efc1475ba6ca62d6f7437824,"김금희 씨는 세종시의 한 소형 가전 수리점에서 예약과 접수를 담당하며, 화가 난 손님이 찾아와도 허허 웃으며 끝까지 이야기를 들어주어 분위기를 누그러뜨리는 능숙한 중재자입니다. 기술자가 한눈에 알아볼 수 있게 고장 증상을 꼼꼼하게 메모해 전달하며, 매장의 전반적인 흐름을 유연하게 조율하는 일에서 삶의 보람을 느낍니다.","김금희 씨는 주말 오후가 되면 편한 운동화를 신고 세종 호수공원을 천천히 거닐며, 계절마다 바뀌는 꽃과 나무의 색깔을 관찰하는 정적인 산책을 즐깁니다. 숨이 턱 끝까지 차오르는 격렬한 운동은 피하며, 흙길을 밟으며 생각에 잠기는 시간을 통해 마음의 평온을 찾습니다.","김금희 씨는 거실의 오래된 자개함 옆에 태블릿 PC를 세워두고 임영웅의 노래 영상을 반복해서 보며 위로를 얻고, 밤이면 라디오 사연에 귀를 기울이며 타인의 삶에 공감합니다. 가끔은 홀로 영화관을 찾아 최신 영화를 관람하며, 극장 특유의 어둠 속에서 오롯이 자신만의 감정에 몰입하는 시간을 가집니다.","김금희 씨는 명절이나 휴가철이면 자녀들과 함께 강원도 평창이나 제주도의 한적한 숲길을 찾아가, 화려한 관광지보다는 이름 모를 들꽃과 푸른 산등성이를 바라보며 휴식을 취합니다. 가족들이 사진을 찍어달라고 요청하면 조금 서툴지만 정성스럽게 풍경과 인물을 함께 담아내려 노력합니다.","김금희 씨는 일주일에 한 번쯤 동네 단골 분식집에 들러 매콤한 떡볶이와 바삭한 튀김을 곁들인 식사를 하며 일상의 스트레스를 해소합니다. 평소에는 나물 비빔밥이나 청국장 같은 담백한 한식을 즐기며, 한 달에 한 번 배달 앱으로 주문하는 치킨은 손주들이 놀러 오는 날에만 허락하는 특별한 이벤트입니다.","김금희 씨는 사별 후 적막한 단독주택에서 홀로 지내지만, 가끔 찾아오는 자녀들과 손주들을 위해 정성껏 상을 차리고 함께 노래방에서 최신 유행곡을 배우며 외로움을 달랩니다. 아내나 어머니라는 이름 뒤에 숨겨두었던 '김금희'라는 자신의 이름을 되찾아가며, 가족들에게는 의지할 수 있는 든든한 어른이자 다정한 할머니로 남고 싶어 합니다.","김금희 씨는 세종시에서 수리점 사무원으로 일하며 임영웅의 노래와 호수공원 산책으로 마음을 달래는, 자아를 찾아가는 60대 후반의 독립적인 여성입니다.","세종시의 한적한 단독주택 단지에서 홀로 지내며, 거실 한 켠에 오래된 자개함과 최신형 태블릿 PC를 함께 두고 사용하는 삶의 조화를 이뤘습니다. 사별 후 겪은 상실감을 스스로 다스리며, 누군가의 아내나 어머니라는 역할에서 벗어나 '김금희'라는 개인의 이름을 되찾아가는 과정 속에 있습니다.","수리점에 방문하는 다양한 연령대 손님들의 요구사항을 빠르게 파악해 예약 일정을 조율하며, 까다로운 컴플레인 상황에서도 당황하지 않고 상대의 말을 끝까지 들어주어 분위기를 진정시키는 능력이 탁월합니다. 고장 증상을 기술자가 이해하기 쉽게 구체적으로 메모해 전달하는 꼼꼼함과 매장 운영의 흐름을 읽는 유연함을 동시에 갖추고 있습니다.","['고객 맞춤형 예약 스케줄링', '갈등 상황 중재 및 경청 대화법', '제품 고장 증상 정밀 분류 및 기록', '매장 방문객 응대 및 안내']","평일 저녁에는 라디오 사연에 귀를 기울이다가 유튜브에서 임영웅의 노래를 찾아 듣는 것으로 하루를 마무리하고, 주말이면 세종 호수공원을 천천히 거닐며 계절의 변화를 관찰합니다. 가끔은 동네 분식집에서 떡볶이와 튀김을 곁들인 식사로 기분을 전환하거나, 가족들과 함께 노래방을 찾아 최신 곡을 배우며 활력을 얻습니다.","['세종 호수공원 풍경 감상', '유튜브 트로트 음악 청취', '라디오 및 팟캐스트 청취', '동네 분식집 탐방', '가족 동반 노래방 방문']","거창한 성공보다는 매일 아침 정해진 시간에 출근해 누군가에게 필요한 도움을 준다는 효능감을 오래도록 유지하는 것에 가치를 둡니다. 일터에서 동료들이 마음 편히 고민을 털어놓을 수 있는 든든한 어른으로 남으며, 성실하게 모은 수입으로 손주들의 학업을 조용히 뒷바라지하는 소박한 기쁨을 추구합니다.",여자,67,사별,비현역,혼자 거주,단독주택,고등학교,해당없음,예약 및 접수 사무원,세종-세종시,세종,대한민국
2f0436a39c65446d890ffea9e4540cae,"김영보 씨는 소매업 매장의 복잡한 재고 목록을 엑셀의 피벗 테이블과 VLOOKUP 함수로 일목요연하게 정리하며, 단 하나의 발주 누락도 허용하지 않는 꼼꼼한 체크리스트를 운영하는 사무 보조원입니다. 서류 분류 체계를 체계적으로 잡아 동료들이 자료를 즉각 찾게 돕는 일에서 보람을 느끼며, 향후 매장 운영 전반을 조율하는 소규모 관리자로 성장하겠다는 목표를 가지고 매일 아침 업무 매뉴얼을 다듬습니다.","김영보 씨는 격한 운동보다는 거실 소파에 깊숙이 파묻혀 텔레비전을 시청하거나 낮잠을 자는 정적인 휴식을 취합니다. 가끔 몸이 무겁다고 느껴질 때면 아파트 단지 주변을 천천히 산책하지만, 금세 숨이 차올라 벤치에 앉아 스마트폰으로 인테리어 영상을 보는 것으로 운동을 대신합니다.",김영보 씨는 주말이면 용산에 있는 국립중앙박물관의 고요한 전시실에서 청자나 백자 같은 유물을 한참 동안 응시하며 복잡한 마음을 가라앉힙니다. 집에 돌아와서는 유튜브의 인테리어 채널을 보며 무채색 거실에 어울릴만한 간접 조명이나 작은 화분을 고르는 일에서 정서적 충족감을 얻습니다.,"김영보 씨는 가족들과 함께 서울 시티투어 버스를 타고 광화문과 남산타워 같은 도심의 랜드마크를 돌아보며 낯선 풍경이 주는 소소한 해방감을 만끽합니다. 화려한 해외여행보다는 익숙한 도시의 새로운 면을 발견하는 여정을 즐기며, 여행지에서 찍은 사진들을 날짜별로 꼼꼼하게 폴더링해 저장하는 습관이 있습니다.","김영보 씨는 퇴근 후 동네의 작은 일식집에서 정갈하게 놓인 모둠 초밥 세트를 주문해 혼자만의 조용한 만찬을 즐기거나, 나물 비빔밥 같은 담백한 한식당을 자주 찾습니다. 배달 음식은 한 달에 한 번 정도만 시켜 먹을 정도로 외식하는 행위 자체를 좋아하며, 식당의 메뉴판 오타나 정돈되지 않은 수저통을 보면 슬쩍 정리하고 싶어 하는 직업병이 있습니다.","김영보 씨는 배우자와 별거하며 인천 서구의 아파트에서 홀로 지내고 있어, 넓은 거실에 울려 퍼지는 적막함을 견디기 위해 항상 TV를 켜두는 외로운 습관이 있습니다. 가끔 가족들과 만나 시티투어를 하며 웃음을 되찾기도 하지만, 헤어져 돌아오는 길에는 말로 다 못 할 공허함에 휩싸여 괜히 집 안의 가구 배치를 다시 바꾸곤 합니다.","김영보 씨는 꼼꼼한 업무 처리 능력과 정적인 취향을 가졌으나, 건강 관리의 부재와 정서적 공허함을 인테리어와 문화생활로 채우며 살아가는 40대 중반의 남성입니다.","인천 서구의 아파트 단지에서 혼자 지내며, 퇴근 후에는 유튜브 인테리어 영상을 보며 텅 빈 거실 공간을 어떻게 활용할지 고민하는 시간이 많습니다. 배우자와 떨어져 지내는 정적인 일상 속에서 가끔 느끼는 공허함을 정갈한 집 꾸미기와 문화생활로 채우려 노력합니다.","소매업 매장의 복잡한 재고 현황을 엑셀로 일목요연하게 정리하고, 발주 누락이 없도록 자신만의 꼼꼼한 체크리스트를 만들어 운영합니다. 사무 보조로서 필요한 서류들을 체계적으로 분류해 동료들이 필요한 자료를 즉각 찾을 수 있게 돕습니다.","['엑셀 기반 재고 관리', '발주 시스템 운용', '사무 행정 서류 체계화', '업무 효율화를 위한 체크리스트 작성']","주말이면 국립중앙박물관의 전시물을 천천히 관람하며 사색에 잠기고, 동네 일식집에서 정갈한 초밥 세트를 즐기며 혼자만의 시간을 보냅니다. 가끔 가족들과 함께 시티투어 버스를 타고 도심의 낯선 풍경을 구경하는 일에서 소소한 활력을 얻습니다.","['국립중앙박물관 전시 관람', '모던한 인테리어 소품 쇼핑', '시티투어 버스 여행', '동네 일식집 탐방']","현재 맡은 사무 지원 업무에서 완벽한 숙련도를 인정받아, 향후에는 매장 운영 전반을 조율하는 소규모 관리자 역할로 조금씩 영역을 확장하고 싶어 합니다.",남자,47,배우자있음,비현역,혼자 거주 (배우자 별거),아파트,2~3년제 전문대학,해당없음,사무 보조원,인천-서구,인천,대한민국
d3779455a442412fb2233104a5fe0714,"조상철 씨는 합정동의 작은 작업실에서 독립 영화 감독들의 예민한 심리를 달래며 촬영 일정을 유연하게 조정하는 기획자로 살아갑니다. 매뉴얼보다는 현장의 공기를 믿고 움직이지만, 가끔은 정돈되지 않은 행정 처리와 느슨한 일정 관리 때문에 후배들에게 은근한 핀잔을 듣기도 합니다.",조상철 씨는 주말 이른 아침 망원한강공원의 강바람을 맞으며 천천히 조깅을 하며 머릿속의 복잡한 잡념들을 털어냅니다. 숨이 턱 끝까지 차오르는 격렬한 운동보다는 자신의 호흡에 집중하며 걷고 뛰는 시간을 통해 마음의 안정을 찾습니다.,조상철 씨는 단골 노래방의 낡은 소파에 기대어 신승훈이나 김건모의 90년대 히트곡을 열창하며 그 시절의 낭만을 되새깁니다. 주류 예술의 화려함보다는 망원동 골목의 작은 갤러리나 이름 없는 예술가의 거친 붓질에서 더 깊은 위안을 얻습니다.,조상철 씨는 가족들과 함께 충남 예산이나 보령의 온천으로 떠나 아무런 계획 없이 뜨거운 물에 몸을 담그고 멍하게 시간을 보냅니다. 유명 관광지를 바쁘게 찾아다니기보다 가족들의 웃음소리를 배경 삼아 느긋하게 낮잠을 자는 휴양의 시간을 가장 소중히 여깁니다.,"조상철 씨는 한 달에 한 번 가족들과 함께 동네 돼지갈비 집에서 지글지글 익어가는 고기를 구우며 소소한 대화를 나눕니다. 가끔 배달 앱을 켜서 브랜드 치킨 한 마리를 시켜 먹는 날이면, 평소의 검소함을 잊고 캔맥주 한 잔과 함께 소박한 사치를 누립니다.","조상철 씨는 배우자와 자녀, 형제자매가 함께 사는 북적이는 아파트에서 갈등이 생기면 먼저 져주는 방식으로 집안의 평화를 유지합니다. 가족들의 요구를 다 들어주려다 정작 본인이 하고 싶은 말은 가슴속에 묻어두어 가끔은 이유 없는 공허함을 느낍니다.",조상철 씨는 예술적 낭만과 현실의 궁핍함 사이에서 타인에 대한 배려로 삶의 균형을 잡으려 애쓰는 마포구의 중년 기획자입니다.,"마포구 합정동과 망원동의 골목 문화 속에서 오랜 시간 활동하며 서브컬처와 주류 문화의 경계를 유연하게 받아들이는 태도를 갖췄습니다. 인문학적 소양을 바탕으로 타인의 감정 선을 세밀하게 읽어내며, 주변 사람들의 관계가 어긋나지 않도록 조율하는 것에 익숙한 환경에서 성장했습니다.","소규모 공연이나 독립 영화의 전체적인 흐름을 설계하고, 창작자들이 심리적 부담 없이 작업에 몰입할 수 있도록 세심하게 환경을 조성하는 능력이 뛰어납니다. 정해진 매뉴얼보다는 현장의 분위기와 아티스트의 상태에 맞춰 유연하게 계획을 수정하며 최선의 결과물을 끌어냅니다.","['독립 예술 공연 기획 및 총괄', '아티스트 맞춤형 커뮤니케이션', '저예산 영상 제작 공정 관리', '현장 돌발 상황 유연 대처']","주말이면 망원한강공원을 천천히 달리며 복잡한 생각들을 비워내고, 가끔은 단골 노래방에서 90년대 가요를 부르며 쌓인 스트레스를 해소합니다. 가족들과 함께 온천 여행을 떠나 아무런 일정 없이 멍하게 쉬는 시간을 통해 정서적 허기를 채웁니다.","['망원한강공원 조깅', '고전 독립 영화 다시 보기', '지역 소규모 예술 축제 탐방', '가족과 함께하는 온천 휴양']",상업적인 거대 성공보다는 자신의 예술적 가치관이 반영된 작은 작품 하나를 온전하게 완성하는 성취감을 쫓습니다. 언젠가는 재능 있는 후배들이 경제적 압박 없이 마음껏 실험적인 시도를 할 수 있는 작은 창작 스튜디오를 운영하고 싶어 합니다.,남자,56,배우자있음,비현역,배우자·자녀·형제자매와 거주,아파트,4년제 대학교,예술·인문,공연·영화 및 음반 기획자,서울-마포구,서울,대한민국
8b97a7a72e4043d3815c1b51ed988bad,최영진 씨는 진주 구시가지에서 오랫동안 소규모 사업을 운영하며 장부의 단 돈 십 원 하나까지 꼼꼼하게 맞추던 습관이 몸에 배어 있습니다. 최영진 씨는 낡은 집의 전등 교체나 물 새는 배관 수리 같은 궂은일을 직접 해결하며 실용적인 손재주를 발휘합니다.,최영진 씨는 격렬한 운동보다는 오후 햇살이 내리쬐는 남강 산책로를 천천히 걷는 정적인 움직임에서 마음의 평안을 얻습니다. 최영진 씨는 정해진 걸음 수를 채우는 소소한 성취감을 중요하게 여기며 이를 통해 고혈압을 관리하는 일상을 보냅니다.,최영진 씨는 유튜브에서 역사 강사들의 강의 영상을 찾아보며 한국 근현대사의 흐름을 읽고 기록하는 일에 몰입합니다. 최영진 씨는 아내와 함께 다닌 진주 시내 중식당의 짬뽕 맛을 수첩에 세밀하게 적어 내려가는 자신만의 미식 기록법을 가지고 있습니다.,최영진 씨는 가족들과 함께 경주 불국사나 부여 낙화암 같은 역사 유적지를 방문해 그곳에 얽힌 옛이야기를 나누는 여행을 즐깁니다. 최영진 씨는 단순한 관광보다는 유적지의 배치와 건축 양식을 유심히 살피며 손주들에게 들려줄 이야기를 머릿속으로 정리합니다.,"최영진 씨는 일주일에 네 번 이상 아내와 함께 식당을 찾아다니며, 특히 진한 국물의 짬뽕 맛을 비교 분석하는 일에 진심을 다합니다. 최영진 씨는 고기류보다는 정갈한 나물 반찬이 나오는 한식당을 주로 이용하며, 배달 음식의 간편함보다는 직접 식당에 가서 느끼는 분위기를 즐깁니다.",최영진 씨는 아내와 함께 비주거용 건물 내 주택에서 서로를 의지하며 조용한 노후를 보내고 있습니다. 최영진 씨는 평소 무심한 듯 보여도 손주들을 위해 경남 지역의 역사 지도를 직접 만들겠다는 다정한 계획을 품고 가족의 유대를 소중히 여깁니다.,"최영진 씨는 진주 남강의 정취와 역사에 관심이 많은 60대 퇴직 사업가로, 건강 관리와 가족과의 소소한 행복을 추구하는 현실적이고 유연한 성격의 소유자입니다.","진주 남강변의 정취 속에서 나고 자랐으며, 구시가지에서 소규모 사업을 운영하며 지역 상인들과 끈끈한 유대를 쌓아왔습니다. 고등학교 졸업 후 빠르게 사회 전선에 뛰어들어 성실함을 인정받았지만, 시대의 변화에 따라 유연하게 사고하며 새로운 문화를 수용하려는 태도를 지녔습니다.","가게 운영 시절 몸에 밴 꼼꼼한 장부 정리와 원가 계산에 능숙하며, 건물 내 낡은 배관이나 전등 같은 간단한 수리 작업은 스스로 해결합니다. 상대의 기분을 맞추면서도 필요한 실리를 정확히 챙기는 협상 능력이 뛰어납니다.","['소규모 사업장 회계 관리', '건물 시설 유지보수', '지역 상권 인적 네트워크 관리', '효율적인 자원 배분 및 구매']","유튜브에서 세계사와 한국 근현대사 영상을 찾아보며 시간을 보내고, 오후에는 남강변 산책로를 따라 천천히 걷습니다. 아내와 함께 진주 시내의 중식당을 찾아다니며 짬뽕의 진한 국물 맛을 비교하고 기록하는 일에서 소소한 즐거움을 얻습니다.","['유튜브 역사 다큐멘터리 시청', '남강변 산책 및 풍경 사진 찍기', '지역 중식당 맛집 탐방', '전통 사찰 및 유적지 답사']","이제는 경제적 성취보다 건강한 노후에 집중하며, 특히 고혈압 관리를 위해 매일 일정한 걸음 수를 채우는 것을 최우선 과제로 삼습니다. 그동안 다녔던 경남 지역의 유적지들을 정리해 손주들에게 들려줄 수 있는 나만의 역사 여행 지도를 만들 계획입니다.",남자,60,배우자있음,비현역,배우자와 거주,비주거용 건물 내 주택,고등학교,해당없음,무직,경상남-진주시,경상남,대한민국
061f7e9533f94daf916fb771a4515ec1,"정맹옥 씨는 엑셀 칸 하나, 선 굵기 하나까지 완벽하게 맞춘 교육 일정표를 만들며 희열을 느끼는 꼼꼼한 사무원입니다. 강사와 수강생 사이의 팽팽한 기싸움을 눈치채면 조용히 따뜻한 차 한 잔을 건네며 분위기를 누그러뜨리는 노련한 중재자 역할을 수행합니다.",정맹옥 씨는 해 질 녘 굴포천 산책길을 따라 천천히 걸으며 복잡한 머릿속을 정리하는 시간을 갖습니다. 주말에는 강화도 전등사의 울창한 숲길을 자녀와 함께 걸으며 계절의 변화를 온몸으로 느끼는 정적인 활동을 즐깁니다.,정맹옥 씨는 퇴근 후 소파에 기대어 유튜브로 전국의 유명 빵집 투어 영상을 시청하며 소소한 대리 만족을 얻습니다. 영상 속 빵의 질감과 색감을 유심히 살피며 언젠가 꼭 가보고 싶은 곳들을 수첩에 빼곡히 기록해 둡니다.,정맹옥 씨는 화려한 관광지 대신 강화도처럼 고즈넉한 자연 풍경이 펼쳐지는 곳으로 가족 여행을 떠납니다. 나무 그림자가 드리워진 오솔길을 걸으며 가족과 낮은 목소리로 이야기를 나누는 고요한 시간을 가장 아낍니다.,"정맹옥 씨는 일주일에 두세 번 배달 앱으로 간편하게 끼니를 해결하며, 특히 갓 구운 소금빵이나 천연 발효종 빵이 유명한 곳의 제품을 주문해 즐깁니다. 고기류보다는 정갈한 채식 위주의 한식을 선호하며 식탁의 깔끔함을 중요하게 생각합니다.","정맹옥 씨는 남편과 사별한 후 오직 자녀만을 바라보며 삶의 중심을 잡고 살아온 강인하고 책임감 넘치는 어머니입니다. 자녀의 표정 하나만 봐도 기분을 알아챌 만큼 세심하지만, 때로는 너무 많은 걱정 때문에 자녀를 지나치게 챙기는 버릇이 있습니다.","정맹옥 씨는 인천 부평에서 교육 행정직으로 근무하며 완벽한 업무 처리와 헌신적인 자녀 사랑을 실천하는, 외유내강의 50대 여성입니다.","부평역 인근의 소란스러움보다는 굴포천 산책길의 정적을 즐기며, 사별 후 홀로 자녀를 뒷바라지하며 다져진 단단한 책임감과 타인의 기색을 빠르게 살피는 세심함이 몸에 배어 있습니다.","복잡한 교육 일정표를 엑셀로 한 치의 오차 없이 정리하고, 강사와 수강생 사이의 미묘한 갈등을 부드럽게 중재하여 원활한 교육 환경을 만드는 데 능숙합니다.","['엑셀 기반의 교육 일정 최적화 및 관리', '수강생 민원 응대 및 정서적 갈등 중재', '행정 문서 표준화 및 매뉴얼 작성', '효율적인 교육 자원 배분 및 사무 공간 관리']","주말이면 자녀와 함께 강화도 전등사 주변의 숲길을 천천히 걸으며 마음을 비우고, 평일 저녁에는 유튜브로 전국 유명 빵집의 리뷰 영상을 찾아보며 소소한 즐거움을 얻습니다.","['굴포천 수변 산책로 걷기', '유튜브 베이커리 투어 영상 시청', '강화도 자연 경관 답사', '나물 위주의 정갈한 한식 상차림 준비']","현재 맡은 사무 행정 체계를 후임자가 쉽게 따라올 수 있도록 세부 매뉴얼로 완벽하게 구축하여, 업무 공백 없는 깔끔한 인수인계를 마치는 것을 목표로 합니다.",여자,57,사별,비현역,자녀와 거주 (한부모),주택 이외의 거처,고등학교,해당없음,교육 및 훈련 사무원,인천-부평구,인천,대한민국
8f022f0ad0ac4483a9e3710e6a0dfd14,"우재욱 씨는 울산과 부산의 복잡한 공단 진입로를 훤히 꿰고 있는 베테랑 화학 탱크로리 운전원입니다. 우재욱 씨는 엔진의 미세한 떨림과 소리만으로 정비 시점을 정확히 잡아내는 탁월한 감각을 지녔으며, 위험물 안전 관리 규칙을 철저히 준수하여 현장의 신뢰를 한 몸에 받고 있습니다.",우재욱 씨는 땀 흘리는 격렬한 운동보다는 주말마다 아내와 함께 통도사 숲길을 천천히 거니는 정적인 활동에서 활력을 얻습니다. 우재욱 씨는 무리하게 움직이기보다 자연의 풍경을 감상하며 호흡을 가다듬는 시간을 통해 심신을 회복합니다.,우재욱 씨는 장거리 운행의 지루함을 달래기 위해 스마트폰으로 인문학 팟캐스트를 들으며 세상의 다양한 관점을 배우는 시간을 갖습니다. 우재욱 씨는 복잡한 예술 작품을 감상하기보다 낙동강변의 한적한 풍경을 바라보며 마음의 평온을 찾는 소박한 취향을 지녔습니다.,우재욱 씨는 가족들과 함께 탁 트인 자연경관을 찾아 떠나는 여행에서 가장 큰 행복을 느낍니다. 우재욱 씨는 유명 관광지의 인파 속을 걷기보다 공기 좋은 숲이나 조용한 바닷가 근처에 숙소를 잡고 가족들과 오붓하게 시간을 보냅니다.,우재욱 씨는 일주일에 네 번 이상 동네 단골 고깃집에서 삼겹살에 소주 한 잔을 기울이며 지인들과 일상의 시름을 나눕니다. 우재욱 씨는 가끔 입맛이 없을 때 가족들과 함께 도미노 피자나 맘스터치 버거를 시켜 먹으며 소소한 미식의 즐거움을 누립니다.,"우재욱 씨는 경상도 남자 특유의 무뚝뚝한 말투를 가졌지만, 자녀들의 미래를 위해 묵묵히 헌신하는 책임감 강한 아버지이자 남편입니다. 우재욱 씨는 아파트 거실에서 가족들이 웅성거리는 소리를 배경음악 삼아 낮잠을 자는 순간에 가장 큰 안도감을 느낍니다.","우재욱 씨는 양산에서 화학 탱크로리를 운행하며 성실하게 가족을 부양해온, 무뚝뚝하지만 속 깊은 50대 가장입니다.","양산의 공단 지역과 낙동강변의 한적한 분위기 속에서 성장하며 성실함이 곧 미덕이라 믿어온 세대의 가치관을 가지고 있습니다. 고등학교 졸업 후 곧바로 현장에 뛰어들어 땀 흘려 버는 돈의 가치를 체득했으며, 경상도 특유의 무뚝뚝함 속에 가족을 향한 깊은 책임감을 간직하고 있습니다.","위험물 안전 관리 규칙을 완벽히 숙지하고 있으며, 톤수가 큰 화학 제품 탱크로리를 몰아 울산과 부산의 복잡한 공단 진입로를 막힘없이 찾아갑니다. 차량의 미세한 진동이나 엔진 소리만으로도 정비 시점을 알아채는 감각이 탁월하며, 장거리 운행 중 발생하는 돌발 상황에 침착하게 대응하는 노하우가 몸에 배어 있습니다.","['위험물 운송 안전 관리', '대형 특수차량 정밀 운전', '영남권 산업단지 최적 경로 파악', '차량 기초 정비 및 자가 진단']","운전석 옆자리에 놓인 스마트폰으로 인문학 팟캐스트를 들으며 장거리 운행의 지루함을 달래고, 주말에는 아내와 함께 통도사 숲길을 천천히 걷는 시간을 소중히 여깁니다. 퇴근 후 거실 소파에 깊숙이 파묻혀 아무 생각 없이 낮잠을 자거나, 동네 단골 고깃집에서 지인들과 소주 한 잔을 기울이며 소소한 일상을 나누는 것이 가장 큰 낙입니다.","['인문학 팟캐스트 청취', '통도사 주변 산책', '가족과 함께하는 자연 풍경 감상', '단골 고깃집에서의 친목 도모']","이제는 현직에서의 정점을 지나며 그동안 쌓은 운송 네트워크를 활용해 소규모 물류 중개업을 구상하거나, 후배 운전원들에게 안전 운행 노하우를 전수하는 길을 생각합니다. 무리한 확장보다는 현재의 안정적인 소득을 유지하며 자녀들이 사회에 완전히 뿌리내릴 때까지 든든한 버팀목이 되어주는 것에 집중하고 있습니다.",남자,57,배우자있음,비현역,배우자·자녀와 거주,아파트,고등학교,해당없음,대형 화물차 운전원,경상남-양산시,경상남,대한민국
1974e320f8e7402fb9390ed2ac6ad391,"김숙례 씨는 보성읍 경로당의 살림꾼이자 총무로서, 돋보기를 쓰고 낡은 가계부에 회원들의 회비를 십 원 단위까지 꼼꼼하게 적어 넣으며 모임의 질서를 잡습니다. 마을 어르신들의 대소사를 챙기고 식사 메뉴까지 빈틈없이 조율하는 그녀의 손끝에서 경로당의 일상이 매끄럽게 돌아갑니다.",김숙례 씨는 봄이면 가족들과 함께 진해 군항제나 구례 산수유 마을의 꽃길을 걷기 위해 평소에도 단지 내 아파트 정원을 꾸준히 순회합니다. 거창한 운동보다는 무릎 상태를 살피며 천천히 발을 떼는 걷기 운동을 통해 건강한 노년을 유지하려 노력합니다.,김숙례 씨는 오후가 되면 낡은 라디오를 켜고 이미자나 주현미의 애절한 트로트 가락에 맞춰 나지막이 노래를 따라 부르며 낮잠을 청합니다. 최신 유행보다는 가슴을 울리는 옛 노래의 선율 속에서 자신의 젊은 시절 추억을 되새기며 마음의 평온을 얻습니다.,김숙례 씨는 자녀들이 운전하는 차를 타고 담양의 메타세쿼이아 길이나 순천만 습지의 갈대밭을 방문해 푸른 자연 풍경을 가만히 응시하는 시간을 소중히 여깁니다. 복잡한 관광지보다는 탁 트인 풍경 속에서 가족들과 도란도란 이야기를 나누는 여행을 즐깁니다.,김숙례 씨는 묵은지를 썰어 넣은 찌개와 짭조름한 간장 게장으로 상다리가 휘어질 만큼 푸짐한 남도 밥상을 차려내는 솜씨가 일품입니다. 그러면서도 2주에 한 번쯤은 배달시킨 크림 파스타의 느끼하면서도 낯선 풍미를 음미하며 젊은 세대의 입맛을 탐색합니다.,"김숙례 씨는 무뚝뚝한 남편과 아파트에서 함께 지내며, 명절마다 찾아오는 자녀와 손주들에게 자신의 비법이 담긴 젓갈과 나물 무침을 전수하는 일에서 가장 큰 보람을 느낍니다. 가족들의 건강 상태를 일일이 기억했다가 맞춤형 반찬을 챙겨 보내는 세심한 사랑을 실천합니다.","김숙례 씨는 보성 녹차밭의 정취를 간직한 채 경로당 총무로 활동하며, 남도 손맛과 서양 음식에 대한 호기심을 동시에 가진 정 많은 할머니입니다.","보성 녹차밭의 푸른 풍경 속에서 어린 시절을 보내며, 학교 공부보다는 어머니 곁에서 살림과 농사일을 빠르게 익혀야 했던 시대적 환경에서 성장했습니다. 전남 특유의 넉넉한 인심과 정겨운 공동체 문화 속에서 이웃과 음식을 나누며 살아왔으며, 현재는 보성읍의 아파트에서 생활하며 현대적인 편리함과 전통적인 가치관을 동시에 유지하고 있습니다.","수십 년간 가족과 마을 사람들의 입맛을 책임져온 만큼, 제철 나물과 젓갈을 활용한 남도 한정식 차림에 능숙하며 특히 간장 게장과 묵은지 김치는 주변에서도 인정하는 솜씨입니다. 마을 경로당의 총무 역할을 도맡아 회계 장부를 꼼꼼하게 기록하고 모임 일정을 빈틈없이 챙기는 책임감 있는 관리 능력을 갖추고 있습니다.","['남도 전통 김치 담그기', '마을 공동체 일정 및 회계 관리', '제철 나물 손질 및 조리', '지역 사회 네트워크 형성']","매일 오후 라디오에서 흘러나오는 옛 노래를 들으며 낮잠을 청하거나, 경로당 친구들과 모여 수다를 떨며 동네 소식을 나누는 시간에서 큰 활력을 얻습니다. 가끔은 손주들이 알려준 배달 앱으로 이탈리아식 파스타나 피자를 시켜 먹으며 낯선 서양 음식의 맛을 탐구하는 의외의 호기심을 보이기도 합니다.","['지역 라디오 방송 청취', '경로당 사교 모임 및 친구 만남', '가족과 함께하는 자연 경관 여행', '배달 앱을 통한 새로운 외식 메뉴 시도']","거창한 직업적 성공보다는 자신이 가진 손맛과 삶의 지혜를 자녀와 손주들에게 온전히 물려주어 가족의 뿌리를 잇는 것에 큰 가치를 둡니다. 또한, 꾸준한 혈당 관리와 걷기 운동을 통해 매년 봄이면 가족들과 함께 전국 곳곳의 꽃구경을 다니는 소박하지만 확실한 계획을 실천하려 합니다.",여자,77,배우자있음,비현역,배우자와 거주,아파트,초등학교,해당없음,무직,전라남-보성군,전라남,대한민국
5c2e1cff41f647afadbed0b5ae2ecda2,"최혜경 씨는 부천의 한 다세대 주택 단지에서 입주민들의 칭송을 받는 경비원으로, 전등 교체나 배수구 뚫기 같은 궂은일을 척척 해결하며 능숙하게 현장을 관리합니다. 최혜경 씨는 성실함을 무기로 정년까지 버티는 것을 목표로 삼으면서도, 틈틈이 경비 지도사 자격증 책을 들여다보며 전문적인 관리직으로 올라갈 기회를 엿봅니다.","최혜경 씨는 퇴근 후 반려견의 목줄을 잡고 상동호수공원의 산책로를 천천히 걸으며 하루의 피로를 씻어냅니다. 최혜경 씨는 격렬한 운동은 질색하지만, 단지 내 시설물을 점검하며 계단을 오르내리는 일상적인 움직임으로 체력을 유지합니다.",최혜경 씨는 베란다 창가에 촘촘하게 늘어선 제라늄과 스킨답서스 잎사귀를 닦아주고 물을 주는 시간에 가장 큰 평온함을 느낍니다. 최혜경 씨는 세련된 미술관 전시보다는 시장통의 알록달록한 색감이나 동네 꽃집의 자연스러운 풍경에서 더 큰 예술적 만족감을 찾습니다.,최혜경 씨는 명절이나 휴가 때면 가족들과 함께 강원도 평창의 숲길이나 제주도의 오름을 찾아가 푸른 자연경관을 멍하니 바라보는 시간을 즐깁니다. 최혜경 씨는 유명 관광지의 인증샷을 찍기보다 조용한 숲속의 흙냄새와 바람 소리에 귀 기울이며 마음의 짐을 내려놓습니다.,"최혜경 씨는 일주일에 한 번, 단골 분식집에서 갓 튀긴 김말이와 매콤한 떡볶이를 포장해 와서 친구들과 수다를 떨며 나누어 먹습니다. 최혜경 씨는 배달 음식은 한 달에 딱 한 번 정도만 시켜 먹으며, 평소에는 나물 반찬과 된장찌개가 중심이 되는 소박한 한식 상차림으로 식사합니다.","최혜경 씨는 배우자와는 오랫동안 별거하며 각자의 삶을 살고 있지만, 가끔씩 연락이 닿는 가족들을 방문해 투박한 정을 나누며 외로움을 달랩니다. 최혜경 씨는 혼자 사는 적막함 속에서도 스스로 일궈낸 집이라는 안식처가 있기에 무너지지 않고 삶을 지탱해 나갑니다.","최혜경 씨는 정규 교육의 빈자리를 부천 시장통의 삶의 지혜로 채우고, 경비원으로서의 성실함과 내 집 마련의 자부심으로 단단하게 살아가는 40대 여성입니다.","부천 원미구의 오래된 다세대 주택가에서 나고 자라며, 학교 교육 대신 시장통과 거리에서 사람들과 부딪히며 삶의 요령을 터득했습니다. 배우자와는 별거 중이지만 스스로 마련한 집 한 칸을 가졌다는 사실에서 삶의 버팀목을 찾으며, 투박하지만 정 많은 경기 서부권의 서민적인 정서를 공유합니다.","단지 내 입주민들의 까다로운 요구사항을 유연하게 받아내면서도, 전등 교체나 배수구 점검 같은 자잘한 시설 보수를 손쉽게 처리합니다. 낯선 얼굴을 빠르게 기억해 먼저 인사를 건네는 친화력 덕분에 입주민들 사이에서 신뢰받는 경비원으로 통합니다.","['단지 내 시설물 간단 보수', '입주민 민원 응대 및 갈등 중재', '효율적인 분리배출 관리', '야간 순찰 경로 최적화 및 보안 점검']","베란다에 둔 제라늄과 스킨답서스 화분에 물을 주며 시간을 보내고, 퇴근 후에는 반려견과 함께 상동호수공원을 천천히 걷습니다. 일주일에 한 번은 단골 분식집에서 떡볶이와 튀김을 포장해 친구들과 나누어 먹으며 소소한 이야기를 나눕니다.","['베란다 화초 가꾸기', '반려견과 상동호수공원 산책', '동네 분식집 맛집 탐방', '가족과 함께하는 자연 경관 여행']",현재의 직장에서 성실함을 인정받아 정년까지 안정적으로 근무하며 생활비를 충당하는 것을 최우선으로 합니다. 기회가 된다면 경비 지도사 자격증 같은 실무 관련 공부를 시작해 조금 더 전문적인 관리직으로 나아가고 싶어 합니다.,여자,42,배우자있음,비현역,혼자 거주 (배우자 별거),다세대주택,무학,해당없음,시설 경비원,경기-부천시 원미구,경기,대한민국
652c35e570c64829a13a94ac13f93c91,전인혜 씨는 평생 김포 들녘의 집안 살림을 도맡아 하며 제철 나물을 다듬는 손맛과 한 치의 오차 없는 정리 정돈 능력을 키워온 살림의 명수입니다. 명절마다 친척들이 모두 모이는 정갈한 제사상을 책임지며 가족들의 신뢰를 받는 집안의 실질적인 운영자 역할을 해왔습니다.,전인혜 씨는 해가 적당히 기울 무렵 아파트 단지 내 산책로를 따라 천천히 걸으며 이웃들과 가벼운 안부를 나누는 것으로 하루의 운동을 대신합니다. 무리한 운동보다는 몸에 무리가 가지 않는 선에서 천천히 발걸음을 옮기며 계절의 변화를 느끼는 시간을 소중히 여깁니다.,"전인혜 씨는 베란다의 제라늄과 산세베리아 잎에 쌓인 먼지를 하얀 헝겊으로 정성스레 닦아내며 식물과 대화하는 정적인 시간을 즐깁니다. TV 프로그램에서 나오는 옛이야기에 귀를 기울이고, 경로당 친구들과 함께 박물관의 유물들을 보며 과거의 시간을 회상하는 것에 깊은 흥미를 느낍니다.","전인혜 씨는 경로당 동무들과 함께 경주 불국사의 다보탑이나 부여 궁남지의 연꽃을 보러 다니며 옛 역사의 숨결을 느끼는 여행을 가장 좋아합니다. 낯선 곳으로 떠나는 설렘을 즐기면서도, 여행지에서는 반드시 편안한 운동화를 신고 일정을 꼼꼼히 챙기는 신중함을 보입니다.","전인혜 씨는 쓴맛을 쏙 뺀 취나물과 고사리나물로 정갈한 한 상을 차려내는 것에 자부심이 크며, 외식으로는 자극적이지 않은 나물 정식을 즐겨 찾습니다. 가끔 기분 전환을 위해 동네 빵집에서 갓 구워져 나온 달콤한 단팥빵을 사서 따뜻한 보리차와 함께 천천히 음미합니다.",전인혜 씨는 사별 후 친인척들과 함께 아파트에서 거주하며 집안의 크고 작은 갈등을 부드럽게 중재하는 정신적 지주 역할을 수행하고 있습니다. 손주들이 놀러 오는 날이면 요즘 아이들이 좋아하는 간식을 서툴게나마 직접 만들어 주려 노력하며 깊은 내리사랑을 표현합니다.,"전인혜 씨는 김포에서 평생 살림을 일궈온 85세 어르신으로, 정갈한 손맛과 꼼꼼한 성격으로 가족을 돌보며 유적지 여행과 원예로 소소한 기쁨을 찾는 분입니다.","김포의 넓은 들녘에서 나고 자라 농번기의 고단함과 수확의 기쁨을 몸소 겪으며 성장했습니다. 정규 교육은 짧았지만, 집안의 크고 작은 살림을 도맡아 하며 생활의 지혜를 익혔고, 이제는 내 집 마련의 안정을 누리며 가족들의 정신적 지주 역할을 하고 있습니다.","제철 나물을 고르고 다듬어 쓴맛을 없애는 손맛이 뛰어나며, 집안의 모든 물건이 제자리에 있어야 마음이 편안한 꼼꼼한 정리 정돈 능력을 갖추고 있습니다. 특히 명절이나 제사 때면 가족들이 믿고 맡길 수 있을 만큼 정갈한 상차림을 준비하는 데 능숙합니다.","['계절별 나물 무침과 된장 찌개 조리', '효율적인 주방 및 수납 공간 정리', '화분 분갈이와 반려식물 관리', '가족 간의 갈등을 중재하는 부드러운 대화법']","동네 경로당 친구들과 함께 경주 불국사나 부여 궁남지 같은 유적지를 찾아다니며 옛이야기를 나누는 시간을 가장 아낍니다. 집에서는 베란다에 둔 제라늄과 산세베리아 잎을 정성껏 닦아내고, 가끔 동네 빵집에서 갓 나온 단팥빵을 사다 느긋하게 드시는 것을 즐깁니다.","['전국 역사 유적지 탐방', '베란다 텃밭 가꾸기와 원예', 'TV 건강 프로그램 시청 및 실천', '지역 친목 모임 정기 나들이']","거창한 성취보다는 손주들이 찾아왔을 때 최신 유행하는 간식을 직접 만들어 주고 싶어 합니다. 최근에는 스마트폰으로 사진을 찍어 지인들에게 보내는 법을 익혀, 소외되지 않고 세상과 소통하는 즐거움을 유지하려 노력합니다.",여자,85,사별,비현역,친인척과 거주,아파트,초등학교,해당없음,무직,경기-김포시,경기,대한민국
abab04147aea40e3a17a344c6db3b77a,"이승희 씨는 부산항 부두의 거친 현장에서 수십 년간 컨테이너 배치와 운송 경로를 짜며 몸으로 익힌 실무 감각을 가졌으며, 현재는 은퇴 후 동네 어르신들 사이에서 갈등을 조율하는 능숙한 중재자 역할을 합니다.","이승희 씨는 부산진구 체육센터에서 배드민턴 셔틀콕을 주고받을 때 가장 활기찬 모습이며, 서툰 초보 회원들에게 라켓 잡는 법을 투박하게나마 친절히 알려주는 시간에서 삶의 보람을 찾습니다.","이승희 씨는 거실 소파에 기대어 유튜브로 전국의 숨은 낚시 포인트 영상을 찾아보며 대리 만족을 느끼고, 자연의 풍경이 담긴 영상들을 멍하니 시청하며 마음의 안정을 얻습니다.",이승희 씨는 가족들의 성화에 밀려 떠나는 여행일지라도 남해의 푸른 바다나 지리산의 능선 같은 탁 트인 풍경을 마주하면 입가에 옅은 미소를 띠며 조용히 감상에 젖습니다.,"이승희 씨는 한 달에 한 번 가족들과 동네 단골 돼지갈비집에서 외식을 즐기며, 가끔 입맛이 없을 때면 집 근처 중식당에서 짜장면 한 그릇으로 식사를 해결하곤 합니다.","이승희 씨는 아내와 함께 살며 친인척까지 챙기는 집안의 가장으로서 묵묵히 자리를 지키지만, 가끔은 집안의 사소한 정리정돈을 미루는 습관 때문에 아내에게 잔소리를 듣기도 합니다.",이승희 씨는 부산항의 치열한 삶을 뒤로하고 시민공원의 여유와 배드민턴의 활력 속에서 소박한 행복을 찾는 60대 가장입니다.,"이승희 씨는 부산진구 서면의 번화한 도심 분위기와 시민공원의 여유로움을 동시에 겪으며 성장했습니다. 고등학교 졸업 후 부산의 역동적인 경제 성장기를 몸소 체험하며 살아온 덕분에, 새로운 변화를 자연스럽게 받아들이고 낯선 환경에서도 빠르게 적응하는 유연한 태도를 갖게 되었습니다.","부산항 인근 물류 현장에서 오랜 시간 근무하며 복잡한 화물 배치와 효율적인 운송 경로를 짜는 실무적인 감각을 익혔습니다. 예상치 못한 변수가 발생해도 당황하지 않고 현실적인 대안을 찾아내며, 거친 현장 사람들과 원만하게 소통하며 갈등을 조율하는 능력이 뛰어납니다.","['물류 적재 및 효율적 배치', '현장 인력 갈등 중재', '소형 가전제품 간단 수리', '부산 시내 지름길 및 경로 파악']","매일 아침 부산시민공원 산책로를 천천히 걸으며 호흡을 가다듬고, 주말에는 동네 체육센터에서 배드민턴 셔틀콕을 주고받으며 에너지를 발산합니다. 쉬는 날에는 유튜브로 전국의 숨은 낚시 포인트를 찾아보거나, 단골 사우나에서 뜨거운 물에 몸을 담그고 일주일의 피로를 풀어냅니다.","['부산시민공원 아침 산책', '동네 체육센터 배드민턴', '유튜브 낚시 정보 시청', '동네 단골 사우나 방문']","사회적 성취보다는 일상의 소소한 만족을 추구하며, 지역 배드민턴 동호회에서 꾸준히 실력을 쌓아 나중에는 초보 회원들에게 기본기를 가르쳐주는 친절한 멘토가 되는 것을 목표로 합니다.",남자,66,배우자있음,비현역,가구주+기타친인척,아파트,고등학교,해당없음,무직,부산-부산진구,부산,대한민국
6c7a30b592b04531ac1e894c890d5388,표희주 씨는 전주 시내 거리의 간판들을 매섭게 훑으며 아크릴 절단기와 납땜기로 정밀한 작업을 수행하는 베테랑 설치원입니다. 최근에는 친환경 소재를 연구하며 자신의 기술을 후배들에게 전수할 구체적인 작업 매뉴얼을 집필하는 일에 매진하고 있습니다.,표희주 씨는 무리한 운동보다는 완산구 일대의 한적한 길을 천천히 산책하며 복잡한 마음을 정리하는 시간을 갖습니다. 베란다의 다육식물 분갈이를 하며 몸을 움직이는 것으로 소소한 활동량을 채웁니다.,"표희주 씨는 한옥마을의 계절별 색채 변화를 관찰하며 얻은 감각을 간판의 색상 구현에 녹여내고, 오후에는 라디오 사연에 귀 기울이며 타인의 삶에 공감합니다. 집안 곳곳을 자신의 취향이 담긴 작은 소품들로 세심하게 꾸미는 것을 즐깁니다.",표희주 씨는 오랜 친구들과 함께 경주나 부여 같은 역사 유적지를 찾아다니며 옛 건축물의 선과 문양을 유심히 살피는 여행을 즐깁니다. 여행지에서는 반드시 그 지역에서 가장 오래된 노포를 찾아가 사진으로 기록을 남깁니다.,"표희주 씨는 일주일에 세 번 정도 전주 시내의 갈비집에서 가족과 식사를 하고, 친구들을 만나면 단골 분식집에서 떡볶이와 김밥을 나눠 먹으며 수다를 떱니다. 2주에 한 번쯤은 집에서 배달 음식을 시켜 먹으며 밀린 드라마를 보는 휴식을 취합니다.","표희주 씨는 전주 아파트에서 배우자와 자녀들과 함께 북적이며 살아가며, 가족들에게는 때로 엄격하고 비판적이지만 누구보다 깊은 책임감으로 가정을 돌봅니다. 가끔은 자녀들의 사소한 행동에 예민하게 반응해 집안 분위기를 무겁게 만들기도 합니다.","표희주 씨는 전주에서 정밀한 간판 제작 기술로 인정받는 베테랑 작업자이자, 다육식물과 라디오를 사랑하는 섬세하고 책임감 강한 60대 여성입니다.","전주 남부시장의 활기와 경기전의 고즈넉함이 배어 있는 환경에서 성장하며, 지역 공동체의 끈끈한 정서와 전통적인 가치를 몸소 익혔습니다. 세심한 성격 탓에 거리의 작은 간판 글씨 하나, 계절마다 바뀌는 한옥 마을의 색감 변화를 예민하게 포착하며 살아왔습니다.","아크릴 절단기와 납땜 도구를 능숙하게 다루며, 의뢰인의 요구사항을 정확한 수치와 색상으로 구현하는 정밀한 제작 능력을 갖췄습니다. 특히 현장에서의 돌발 상황에도 당황하지 않고 빠르게 설치 경로를 찾아내는 노련함을 보입니다.","['아크릴 및 금속 소재 정밀 가공', 'LED 채널 간판 배선 및 설치', '업종별 맞춤형 서체 및 색상 선정', '설치 현장 안전 진단 및 경로 확보']","아파트 베란다에서 다육식물을 정성껏 가꾸며 마음의 안정을 찾고, 매일 오후 라디오 프로그램의 사연을 들으며 하루를 마무리합니다. 주말이면 오랜 친구들과 함께 전주 시내의 오래된 분식집에서 수다를 떨며 스트레스를 풉니다.","['베란다 다육식물 재배', '라디오 사연 청취 및 소통', '친구들과의 동네 분식집 탐방', '전주 인근 역사 유적지 답사']",최근에는 친환경 소재를 활용한 간판 제작 방식을 도입해 작업실의 경쟁력을 높이려 노력하고 있습니다. 오랫동안 쌓아온 기술적 노하우를 정리해 후배 작업자들에게 정확하게 전수하는 체계적인 매뉴얼을 만들고 싶어 합니다.,여자,63,배우자있음,비현역,배우자·자녀와 거주,아파트,고등학교,해당없음,간판 제작 및 설치원,전북-전주시 완산구,전북,대한민국
a4ec5e83a1dd4345bfbc17338bdc6954,"한순임 씨는 공식적인 직업은 없으나 곡성군 마을 회관의 실질적인 살림꾼으로, 동네 어르신들의 갈등을 중재하고 각종 행사 일정과 순번을 챙기는 무보수 운영자 역할을 톡톡히 해냅니다. 한순임 씨는 마을의 대소사를 꿰뚫고 있는 눈썰미 덕분에 누구보다 빠르게 지역 소식을 전파하며 분위기를 주도합니다.",한순임 씨는 매일 오후 섬진강변 산책로를 따라 걷는 것을 일과로 삼아 이웃들과 끊임없이 이야기를 나눕니다. 한순임 씨는 무리한 운동보다는 가벼운 산책과 낮잠을 통해 기력을 보충하며 하루의 리듬을 맞춥니다.,한순임 씨는 TV에서 임영웅이나 송가인 같은 트로트 가수가 나오면 볼륨을 높이고 가사를 흥얼거리며 스트레스를 풉니다. 한순임 씨는 화려한 무대 의상과 신나는 가락에 빠르게 반응하며 집안 분위기를 띄우는 노래 실력을 뽐냅니다.,한순임 씨는 지역 노인회 친구들과 함께 전국의 온천이나 유명한 휴양지를 찾아다니며 함께 먹고 자는 단체 여행에서 큰 활력을 얻습니다. 한순임 씨는 직접 가보고 싶은 곳을 스마트폰으로 찾아보며 다음 여행지인 남해나 여수 쪽 숙소를 미리 눈여겨봅니다.,"한순임 씨는 텃밭에서 직접 딴 깻잎과 고추로 짭조름한 젓갈 무침을 만들고 구수한 된장찌개를 끓여 상을 차려내는 전라도 손맛의 달인입니다. 한순임 씨는 이주일에 한 번씩 자녀들이 시켜주는 치킨이나 짜장면 같은 배달 음식을 별미로 즐기며, 한 달에 한 번은 친구들과 함께 동네 주점에서 가벼운 안주와 함께 수다를 떱니다.","한순임 씨는 사별 후 자녀들과 함께 단독주택에 거주하며, 자녀들이 가정을 꾸리고 평안하게 사는 모습을 보는 것을 삶의 가장 큰 보람으로 여깁니다. 한순임 씨는 가족들에게 잔소리를 늘어놓다가도 금세 마음이 약해져 정성껏 만든 밑반찬을 자녀들의 방에 슬쩍 놓아둡니다.","한순임 씨는 곡성 섬진강변의 정취 속에서 살아온 사교성 넘치는 할머니로, 전라도 손맛과 탁월한 친화력을 바탕으로 마을 공동체의 중심 역할을 수행합니다.","곡성 섬진강변의 흙내음 속에서 성장해 평생을 고향 땅에서 보냈으며, 정규 교육은 짧았지만 마을의 대소사를 꿰뚫고 있는 눈썰미와 강한 생활력을 갖췄습니다. 마을 회관에서 가장 목소리가 크고 활발하며, 전통적인 관습에 얽매이기보다 새로운 소식이나 유행에 빠르게 반응하는 분위기 메이커입니다.","텃밭에서 기른 제철 채소로 뚝딱 차려내는 전라도식 상차림에 능하며, 특히 짭조름하게 삭힌 젓갈과 된장찌개 맛은 인근 동네에서도 소문이 자자합니다. 사람들의 기색을 빠르게 살펴 갈등을 중재하거나 분위기를 띄우는 능력이 탁월해 마을 모임의 실질적인 운영자 역할을 합니다.","['제철 나물 무침과 전라도식 된장찌개 조리', '텃밭 작물 재배 및 병충해 관리', '마을 경로당 행사 기획 및 진행', '스마트폰으로 자녀들에게 안부 사진 전송하기']","TV에서 나오는 트로트 가수의 무대를 보며 노래를 따라 부르고, 오후에는 섬진강변 산책로를 걸으며 이웃들과 수다를 떠는 시간을 가장 소중히 여깁니다. 가끔은 지역 노인회 친구들과 함께 지방의 휴양지로 여행을 떠나 맛있는 음식을 먹으며 에너지를 충전합니다.","['미스트롯 등 트로트 경연 프로그램 시청', '섬진강변 둘레길 산책', '마을 친구들과의 전화 수다', '지역 친목회 동행 국내 휴양지 여행']","자녀들이 평안하게 가정을 꾸리는 것을 보는 것이 가장 큰 낙이며, 최근에는 스마트폰 사용법을 완벽히 익혀 친구들과 함께 갈 국내 여행지를 직접 검색해 예약해보고 싶다는 작은 욕심이 있습니다.",여자,73,사별,비현역,자녀와 거주 (한부모),단독주택,초등학교,해당없음,무직,전라남-곡성군,전라남,대한민국
96df890fb4a5498391cd689ff7209710,"홍태영 씨는 서산이나 당진의 대기업 생산직 입사를 목표로 하며, 전공 서적의 매뉴얼을 순서도로 그려낼 만큼 체계적인 분석력과 집요함을 갖춘 예비 기술자입니다. 매일 아침 정해진 시간에 자격증 공부 계획표를 체크하며 대체 불가능한 숙련공이 되기 위한 기초를 다지고 있습니다.","홍태영 씨는 동네 배드민턴 클럽에서 땀을 흘리거나 서산 호수공원 주변을 조깅하며 체중 관리에 힘쓰고, 틈틈이 스포츠 경기를 관람하며 스트레스를 풉니다.","홍태영 씨는 세련된 감각으로 방문한 식당의 분위기와 음식 사진을 정밀하게 기록해 SNS에 올리며, 친구들과 함께 노래방에서 최신 곡을 부르며 시간을 보내는 것을 즐깁니다.","홍태영 씨는 태안이나 당진의 구석구석 숨겨진 로컬 맛집을 찾아다니는 식도락 여행을 즐기며, 주로 마음이 맞는 친구나 연인과 함께 새로운 메뉴를 섭렵하는 일정으로 움직입니다.","홍태영 씨는 서산 시내의 두툼한 삼겹살집부터 이색적인 멕시코 타코 전문점까지 가리지 않고 섭렵하며, 맛의 조화와 식당의 분위기를 꼼꼼하게 따져 기록하는 미식가적인 면모가 있습니다.","홍태영 씨는 서산의 자가 아파트에서 부모님과 함께 지내며 지역 사회의 예의범절을 중시하는 가정 교육을 받았고, 부모님께는 싹싹하고 믿음직한 아들로 통합니다.","홍태영 씨는 꼼꼼한 기술적 역량을 바탕으로 공기업 취업을 준비하는 20세 청년이자, SNS 식도락 문화에 빠져 있는 서산의 미식가입니다.","서산 호수공원 인근에서 성장하며 지역의 변화를 지켜봤고, 최근에는 태안이나 당진의 숨은 식당을 찾아다니는 SNS 기반의 식도락 문화에 익숙합니다. 20대 초반의 디지털 감각을 가졌지만, 부모님과 함께 거주하며 지역 사회 특유의 정서적 유대감과 예의를 중요하게 생각하는 환경에서 자랐습니다.","전문대학에서 전공한 기술 분야의 매뉴얼을 꼼꼼하게 분석하여 오차 없이 실습 과제를 수행하는 능력이 뛰어나며, 복잡한 조립 공정을 체계적인 순서도로 정리해 효율을 높이는 데 능숙합니다. 특히 작은 결함도 그냥 지나치지 않고 끝까지 수정해내는 집요함이 있어 과제 제출 시 완성도가 높다는 평가를 받았습니다.","['전공 분야 기술 매뉴얼 분석', '작업 공정 최적화 및 순서도 작성', '정밀 기기 조작 및 유지보수', '데이터 기반의 일정 관리 및 아카이빙']","주말이면 친구들과 서산 시내의 두툼한 삼겹살집이나 이색적인 멕시코 요리 전문점을 찾아다니며 맛과 분위기를 세밀하게 기록합니다. 복부 비만과 혈압 주의 판정을 받은 후 동네 배드민턴 클럽에 나가 땀을 흘리려 노력하지만, 운동 후 마시는 시원한 맥주와 고칼로리 안주의 유혹 앞에서는 매번 무너지는 모순을 겪습니다.","['충청남도 지역 맛집 지도 제작', '동네 배드민턴 클럽 활동', '피부 타입별 기초 화장품 분석 및 관리', '스포츠 경기 분석 영상 시청']","서산이나 당진 인근의 공기업 또는 대기업 생산직 입사를 목표로 하며, 자신의 전공 역량을 완벽하게 발휘할 수 있는 안정적인 직장을 갖길 원합니다. 단순히 취업하는 것에 만족하지 않고, 해당 분야에서 대체 불가능한 숙련공이 되기 위해 매일 정해진 분량의 자격증 공부 계획표를 엄격하게 지키고 있습니다.",남자,20,미혼,비현역,부모와 동거,아파트,2~3년제 전문대학,해당없음,무직,충청남-서산시,충청남,대한민국
55a0d7a79cdc4803a377c77598702186,"이미자 씨는 대구 달성군의 자동차 부품 공장에서 찌든 기름때를 한 번에 지워내는 자신만의 비법 세제 배합법을 가진 청소 전문가입니다. 넓은 공장 바닥을 가장 효율적인 동선으로 훑어내는 숙련된 솜씨를 자랑하며, 동료들이 헷갈려 하는 분리배출함의 위치를 조용히 정리해 주는 세심함으로 현장에서 신뢰를 받습니다.",이미자 씨는 주말이면 자녀들의 손을 잡고 비슬산 둘레길을 천천히 걸으며 계절에 따라 변하는 숲의 색깔을 감상합니다. 고된 노동으로 뭉친 근육을 풀기 위해 동네 사우나에서 뜨끈한 물에 몸을 담그고 땀을 푹 빼는 시간을 통해 하루의 피로를 씻어냅니다.,이미자 씨는 며느리가 알려준 유튜브 앱으로 임영웅의 노래 영상을 반복해서 시청하며 가슴 뭉클한 위로와 즐거움을 얻습니다. 매일 아침 베란다에 놓인 작은 제라늄 화분에 물을 주며 새로 돋아나는 잎사귀의 변화를 세밀하게 관찰하는 시간으로 마음의 평온을 찾습니다.,이미자 씨는 가족들과 함께 전국의 이름 모를 숲이나 강변을 찾아가 탁 트인 자연 풍경을 눈에 담는 소박한 나들이를 즐깁니다. 자식들이 운전하는 차 뒷좌석에 앉아 창밖으로 스쳐 지나가는 푸른 산과 들판을 바라보는 것만으로도 충분한 휴식을 느낍니다.,이미자 씨는 주말이면 가족들과 함께 동네 갈비집에서 지글지글 익어가는 돼지갈비를 구워 먹으며 북적이는 시간을 보냅니다. 입맛이 없는 날에는 배달 앱으로 짬뽕과 탕수육을 시켜 자녀들과 나누어 먹으며 소소한 미식의 즐거움을 누립니다.,"이미자 씨는 친정어머니와 남편, 그리고 자녀들이 함께 사는 북적이는 아파트에서 집안의 중심을 잡는 든든한 버팀목 역할을 합니다. 학교 문턱은 밟지 못했지만 삶의 경험으로 터득한 지혜로 자식들의 고민을 들어주고, 연로하신 어머니의 수발을 정성껏 드는 효심 깊은 딸이자 어머니입니다.",이미자 씨는 대구 달성군 자동차 공장에서 성실히 근무하며 가족의 안녕과 친정어머니의 건강을 최우선으로 여기는 70대 어머니입니다.,"대구 달성군의 흙먼지 속에서 나고 자라 학교 문턱은 밟아보지 못했지만, 시장 바닥과 공장 구석구석을 누비며 사람 사는 이치를 몸으로 배웠습니다. 자식들 뒷바라지하며 억척스럽게 살면서도 며느리가 알려주는 스마트폰 앱으로 세상 돌아가는 소식을 챙겨보는 유연함을 가졌습니다.","자동차 부품 공장의 찌든 기름때를 한 번에 지워내는 자신만의 세제 배합법을 알고 있으며, 넓은 공장 바닥을 가장 효율적인 동선으로 훑어내는 능숙함이 있습니다. 쓰레기 분리배출함의 위치와 종류를 완벽하게 파악해 동료들이 헷갈려 할 때면 조용히 정리를 도와줍니다.","['공장 기름때 제거 세제 배합', '대형 사업장 효율적 청소 동선 설계', '산업 폐기물 정밀 분리배출', '사업장 내 위생 관리 및 환경 유지']","유튜브로 임영웅의 노래 영상을 찾아보며 하루의 피로를 풀고, 주말이면 가족들과 함께 비슬산 둘레길을 천천히 걷습니다. 집 베란다에 놓인 작은 화분 속 제라늄에 매일 아침 물을 주며 잎사귀의 변화를 관찰하는 시간으로 마음을 다스립니다.","['유튜브 임영웅 영상 시청', '비슬산 둘레길 산책', '베란다 제라늄 가꾸기', '동네 목욕탕 사우나 이용']","매달 받는 월급을 쪼개어 연로하신 친정어머니의 약값을 챙기고, 언젠가는 전세 보증금을 조금 더 보태어 조금 더 쾌적한 집으로 옮기고 싶어 합니다. 함께 일하는 젊은 직원들이 깨끗한 복도를 걸으며 기분 좋게 출근하는 모습에서 매일 작은 보람을 찾습니다.",여자,73,배우자있음,비현역,배우자·자녀·어머니와 거주,아파트,무학,해당없음,건물 청소원,대구-달성군,대구,대한민국
9a924fbfeb6b4d71ae7c95a524946e68,"백정훈 씨는 매일 수많은 승객의 표를 확인하며 찰나의 표정과 몸짓만으로도 상대의 기분을 읽어내는 예리한 관찰력을 발휘하는 검표원입니다. 가끔은 정해진 매뉴얼보다 자신의 직관을 믿고 상황을 유연하게 넘기지만, 퇴근 후에는 관리자 자격증 교재를 들춰보며 더 책임감 있는 위치로 올라가 업무 환경을 개선하려는 야심을 품고 있습니다.","백정훈 씨는 주말이면 가족들의 손을 잡고 서천의 한적한 길을 걷거나 가끔 활동적인 레포츠 여행을 떠나며 몸을 움직이는 시간을 갖습니다. 평소에는 정적인 성격이지만, 아이들과 함께 땀 흘리는 스포츠 활동을 할 때만큼은 특유의 차분함을 내려놓고 누구보다 아이처럼 들떠서 뛰어놉니다.","백정훈 씨는 신성리 갈대밭의 바람에 흔들리는 풍경을 카메라 렌즈에 담으며 자신만의 시각적 기록을 남기는 일에 깊이 몰입합니다. 퇴근 후에는 남들이 잘 모르는 난해한 예술 영화를 찾아보며 정교한 미장센에 감탄하고, 거실 한구석에 기하학적 무늬의 작은 오브제들을 배치해 자신만의 예술적 공간을 가꿉니다.","백정훈 씨는 가족과 함께하는 여행에서 빡빡한 일정표 대신 그날의 날씨와 기분에 맞춘 유연한 경로를 선택해 이동합니다. 특히 아이들을 위해 체험 중심의 레포츠 여행지를 세심히 선정하며, 여행지에서도 풍경 사진을 찍느라 일행보다 항상 몇 걸음 뒤처져 걷는 버릇이 있습니다.","백정훈 씨는 퇴근길에 단골 고깃집에 들러 지글거리는 삼겹살 향으로 업무 스트레스를 날리거나, 주말이면 가족과 함께 두툼한 연어 초밥이 나오는 일식집을 찾습니다. 일주일에 대여섯 번은 집 밖에서 식사를 해결하며, 유난히 피곤한 저녁에는 고민 없이 배달 앱으로 족발이나 치킨을 주문해 거실에서 편하게 즐깁니다.","백정훈 씨는 아이들의 웃음소리가 가득한 아파트 거실에서 함께 뒹굴며 시간을 보내는 평범한 일상을 삶의 가장 큰 성취로 여깁니다. 때로는 무뚝뚝한 아빠처럼 보이지만, 아이가 원하는 것은 무엇이든 들어주려 노력하고 아내의 사소한 고민을 묵묵히 들어주며 가정의 평화를 유지하는 든든한 버팀목 역할을 합니다.","백정훈 씨는 서천에서 가족의 평온을 최우선으로 하며, 검표원이라는 성실한 직업 뒤에 예술적 감수성과 오픈월드 게임 속 모험을 숨겨둔 30대 가장입니다.","충남 서천의 한적한 어촌 마을 분위기 속에서 자라며 갯벌의 단조로운 풍경 속에서도 자신만의 상상을 더해 세상을 바라보는 습관이 배어 있습니다. 고등학교 졸업 후 빠르게 사회생활을 시작해 현실적인 삶의 태도를 익혔지만, 내면에는 예술 영화나 독특한 디자인 소품에 끌리는 감수성을 간직하고 있습니다.","매일 수많은 사람의 표를 확인하며 익힌 예리한 관찰력으로, 상대방의 기분이나 상황을 빠르게 파악해 갈등 없이 매끄럽게 상황을 정리하는 능력이 탁월합니다. 정해진 매뉴얼을 충실히 따르면서도 현장의 돌발 상황에 유연하게 대처해 동료들 사이에서 믿음직한 중재자로 통합니다.","['승객 심리 파악 및 유연한 응대', '효율적인 대기열 및 인원 관리', '시설 안전 점검 및 이상 징후 보고', '현장 갈등 상황 중재']","주말이면 아이들의 손을 잡고 서천 신성리 갈대밭을 천천히 걸으며 풍경 사진을 찍고, 퇴근 후에는 조용히 거실에 앉아 오픈월드 게임의 정교한 그래픽 세계를 탐험하며 에너지를 충전합니다. 가족들과 함께 동네 일식집에서 두툼한 연어 초밥을 먹거나, 단골 고깃집에서 지글거리는 삼겹살을 구우며 소소한 대화를 나누는 시간을 즐깁니다.","['오픈월드 게임 플레이', '신성리 갈대밭 풍경 사진 촬영', '동네 일식집 맛집 탐방', '가족과 함께하는 주말 낚시 및 등산']","현재의 안정적인 소득과 자가 마련이라는 기반 위에서 가족들과 평온한 일상을 유지하는 것에 가장 큰 가치를 둡니다. 먼 미래에는 자신이 좋아하는 시각적 요소들을 활용해 작은 갤러리 카페를 운영하거나, 직무 관련 관리자 자격증을 취득해 조금 더 책임 있는 위치에서 업무 환경을 개선해보고 싶어 합니다.",남자,37,배우자있음,비현역,배우자·자녀와 거주,아파트,고등학교,해당없음,검표원,충청남-서천군,충청남,대한민국
403c05837f93434698e4b9d06e923f32,"이정주 씨는 전북 지역의 오래된 카센터 사장님들과 소주잔을 기울이며 신뢰를 쌓고, 제네레이터의 복잡한 원리를 아주 쉽게 설명해 계약을 따내는 기술 영업의 베테랑입니다. 회사원이라는 틀을 벗어나 인문학적 감각을 살린 자동차 부품 소싱 및 컨설팅 1인 기업을 차려 시간적 자유를 누리는 삶을 설계하고 있습니다.",이정주 씨는 금요일 밤이면 거실 불을 끄고 유튜브로 LCK 경기를 시청하며 챔피언들의 전술 싸움에 몰입해 소리를 지르곤 합니다. 주말에는 동네 주민들과 배드민턴을 치며 가벼운 농담을 주고받는 소박한 운동 시간을 갖습니다.,"이정주 씨는 주말이면 전주천변을 천천히 걸으며 계절의 변화를 느끼고, 이름 없는 작은 갤러리에서 추상화 한 점을 멍하니 바라보며 영감을 얻습니다. 대학 시절 전공한 인문학적 소양을 바탕으로 일상의 사소한 풍경에서도 철학적인 의미를 찾아내려 노력합니다.",이정주 씨는 직장 동료들과 함께 조용한 리조트로 떠나 아무것도 하지 않고 쉬는 휴양 여행을 즐깁니다. 정해진 일정표 없이 그날의 기분에 따라 근처 숲길을 걷거나 숙소에서 밀린 잠을 청하며 일상의 스트레스를 털어냅니다.,이정주 씨는 주중에 두세 번 정도 동료들과 함께 전주 시내의 정갈한 나물 정식집이나 파스타가 맛있는 양식당에서 식사를 합니다. 이주에 한 번 정도는 집에서 치킨이나 피자를 배달시켜 먹으며 혼자만의 여유를 만끽합니다.,"이정주 씨는 이혼 후 부모님, 그리고 자녀와 함께 사는 3세대 가구의 구성원으로, 때로는 세대 차이에서 오는 묘한 불편함을 견뎌내며 살아갑니다. 무뚝뚝한 성격이지만 가끔 부모님의 안부를 챙기거나 자녀와 짧은 대화를 나누며 가족의 온기를 유지하려 애씁니다.","이정주 씨는 전주에서 자동차 부품 영업을 하며 인문학적 감성과 e스포츠의 전술적 재미를 동시에 즐기는, 넉넉한 체격의 40대 중반 남성입니다.","전주 한옥마을의 고즈넉한 분위기 속에서 성장하며 인문학적 소양을 쌓았고, 지금도 주말이면 전주천변을 따라 걷거나 지역 작은 갤러리를 찾아다니며 예술적 영감을 얻는 생활을 유지하고 있습니다.","자동차 연료 펌프나 제네레이터 같은 복잡한 부품의 메커니즘을 비전문가도 이해하기 쉽게 설명하는 능력이 탁월하며, 전북 지역 내 오래된 카센터 사장님들과의 두터운 신뢰 관계를 통해 시장의 흐름을 빠르게 읽어냅니다.","['자동차 전장 부품 기술 사양 분석', '전북 지역 딜러망 네트워크 관리', '기술 영업 기반의 고객 갈등 조정', '부품 수급망 최적화 및 재고 관리']","금요일 밤이면 유튜브로 LCK 리그 오브 레전드 경기를 시청하며 전술적인 재미에 빠져들고, 토요일 아침에는 동네 주민센터에서 배드민턴 셔틀콕을 주고받으며 땀을 흘립니다.","['LCK e스포츠 경기 시청', '주민센터 배드민턴 동호회 활동', '김광석의 서정적인 옛 노래 감상', '전주천변 야간 산책']",회사라는 틀에서 벗어나 자신의 인문학적 통찰력을 접목해 자동차 부품 소싱과 컨설팅을 전문으로 하는 소규모 1인 기업을 운영하며 시간적 자유를 누리는 삶을 꿈꿉니다.,남자,47,이혼,비현역,기타3세대,아파트,4년제 대학교,예술·인문,자동차 부품 기술 영업원,전북-전주시 완산구,전북,대한민국
ce48ebb3344c4de5b7feb0ee5c481e34,"신미혜 씨는 법학 전공자의 치밀함으로 복잡한 농업 행정 서류를 처리하며, 고위직의 까다로운 의전 업무를 매끄럽게 수행해 월 600만 원 수준의 고소득을 올리는 베테랑 비서입니다. 실무에서는 빈틈없지만 정작 본인의 책상 정리에는 서툴러 늘 서류 더미가 쌓여 있는 모순적인 모습을 보입니다.","신미혜 씨는 주말마다 무등산의 호젓한 숲길을 홀로 거닐며 복잡한 머릿속을 비워내고, 때로는 벤치에 앉아 한 시간 넘게 아무것도 하지 않은 채 바람 소리만 듣는 정적인 휴식을 즐깁니다. 격렬한 운동보다는 천천히 걷는 속도에 맞춰 자신의 생각을 정리하는 시간을 더 소중히 여깁니다.","신미혜 씨는 양림동의 근대 건축물들이 주는 특유의 분위기를 사랑하며, 퇴근 후 집에서 검정치마 같은 인디 밴드의 음악을 크게 틀어놓고 멍하게 시간을 보내는 것으로 하루의 피로를 풉니다. 언젠가는 농촌의 낡은 창고를 개조해 자신의 미적 취향이 가득 담긴 갤러리 카페를 열겠다는 구체적인 로망을 가지고 있습니다.","신미혜 씨는 타인의 속도에 맞출 필요 없는 나홀로 여행을 선호하며, 화려한 관광지보다는 이름 모를 시골 마을의 고즈넉한 풍경이나 숲속의 작은 숙소에서 조용히 책을 읽는 일정을 즐깁니다. 세밀한 계획표를 짜기보다 발길 닿는 대로 움직이는 유연한 여행 방식을 고수합니다.","신미혜 씨는 외식과 배달을 2주에 한 번 정도로 제한하며, 고기류가 들어가지 않은 정갈한 나물 정식이나 분위기 좋은 양식당에서 즐기는 파스타와 리조토를 즐깁니다. 가끔 기분이 내킬 때는 좋아하는 친구 한두 명과 함께 남구의 작은 와인바에서 가벼운 안주와 함께 수다를 떱니다.",신미혜 씨는 광주 남구의 아파트에서 혼자 거주하며 미혼의 삶이 주는 완전한 자유와 고요함을 만끽하는 독립적인 성격입니다. 가족이라는 울타리보다는 마음이 맞는 소수의 친구들과 느슨하게 연결된 관계를 유지하며 자신의 개인적인 공간과 시간을 침범받지 않는 것을 중요하게 생각합니다.,"신미혜 씨는 법학 기반의 전문성을 갖춘 농정 비서이자, 내면에는 예술적 낭만과 독립심을 품고 무등산과 인디 음악 속에서 휴식을 찾는 40대 중반의 전문직 여성입니다.","광주 남구 양림동의 고즈넉한 근대 건축물 사이에서 자라며 예술적 감수성을 키웠고, 법학을 전공한 뒤 농업 행정 분야의 비서로 정착하며 실무적인 감각과 전남 지역 특유의 정서를 동시에 익혔습니다.","복잡한 농정 법규와 행정 절차를 빠르게 파악해 서류로 구현하며, 고위직의 일정과 예우를 세심하게 관리하는 프로토콜 능력이 탁월합니다.","['농업 행정 법규 분석 및 문서 작성', '고위 경영진 일정 및 의전 관리', '효율적인 자원 배분 및 예산 집행', '갈등 상황에서의 현실적인 중재안 도출']","주말이면 무등산 자락의 조용한 숲길을 홀로 걷거나, 집에서 좋아하는 인디 밴드의 음악을 크게 틀어놓고 멍하게 시간을 보내며 에너지를 충전합니다.","['제주도 숲길 나홀로 트레킹', '모바일 시뮬레이션 게임 플레이', '양림동 소규모 갤러리 탐방', '취향에 맞는 와인과 함께하는 음악 감상', '반려동물과 함께하는 동네 산책']","현재의 안정적인 소득과 지위를 유지하면서도, 정년 이후에는 자신의 예술적 취향을 접목해 농촌의 공간을 재해석하는 소규모 컨설팅이나 갤러리 카페 운영을 꿈꿉니다.",여자,45,미혼,비현역,혼자 거주,아파트,4년제 대학교,경영·행정·법,일반 비서,광주-남구,광주,대한민국
dd524646c3c6406ab94242f3e117f66c,"공진환 씨는 안양 만안구 아파트 단지의 궂은일을 도맡으며, 입주민 사이의 층간소음 분쟁을 특유의 부드러운 말씨로 중재하는 해결사입니다. 단지 내 고장 난 전등을 갈거나 문손잡이를 고치는 손재주가 좋으며, 틈틈이 화단의 나무들을 살피며 조경 전문가가 되는 상상을 하곤 합니다.","공진환 씨는 주말이면 지인들과 골프채를 잡고 필드에 나가며, 집에서는 텔레비전으로 스포츠 경기를 관람하며 소리를 지르기도 합니다. 저녁 식사 후에는 가족들과 함께 단지 주변 산책로를 천천히 걸으며 하루를 마무리합니다.","공진환 씨는 퇴근 후 거실 탁자에 수천 피스짜리 퍼즐을 펼쳐놓고 조각을 맞추는 몰입의 시간을 즐기며, 가끔 동네 노래방에서 룰라나 쿨의 노래를 부르며 40대 가장의 스트레스를 풉니다. 마음 한편에는 읽지 못한 고전 문학책들에 대한 아쉬움과 예술적인 공간에 대한 동경이 늘 자리 잡고 있습니다.",공진환 씨는 휴가철이면 아내와 아이들을 데리고 전국의 숨은 맛집을 찾아 떠나는 식도락 여행을 가장 큰 즐거움으로 꼽습니다. 유명 관광지보다는 현지인들이 줄 서서 먹는 오래된 노포나 정갈한 시골 밥상을 찾아다니며 가족들의 행복한 표정을 사진으로 남깁니다.,"공진환 씨는 고기 구이보다는 구수한 청국장이나 갖가지 나물이 들어간 비빔밥처럼 속이 편한 한식을 선호하며, 출출할 때는 집 앞 분식집에서 김밥과 떡볶이를 포장해 오곤 합니다. 외식 횟수가 매우 많아 식당 사장님들과 안면을 텄을 정도로 동네의 웬만한 음식점 지리는 꿰고 있습니다.","공진환 씨는 자녀들이 성인이 될 때까지 든든한 버팀목이 되어주고 싶어 하는 다정한 아버지이자, 아내의 말에 귀 기울이는 사려 깊은 남편입니다. 집안의 크고 작은 고장 난 물건들을 직접 고쳐주며 가족들에게 신뢰받는 존재가 되는 것에서 가장 큰 보람을 느낍니다.","공진환 씨는 안양에서 성실하게 내 집 마련의 꿈을 이룬 뒤, 현재는 다정한 성품과 손재주로 아파트 단지를 가꾸며 가족과의 식도락 생활을 즐기는 40대 보안 요원입니다.","안양 만안구의 오래된 골목과 아파트 단지 사이에서 성장하며 이웃 간의 끈끈한 정과 현대적인 도시 생활을 동시에 경험했습니다. 고등학교 졸업 후 빠르게 사회에 뛰어들어 성실하게 자산을 모아 내 집 마련의 꿈을 이뤘지만, 마음 한구석에는 늘 읽지 못한 책과 가보지 못한 낯선 공간에 대한 동경이 자리 잡고 있습니다.","아파트 입주민들의 사소한 불편 사항을 빠르게 캐치해 해결하며, 층간소음 갈등 같은 껄끄러운 상황에서도 상대의 기분을 상하지 않게 달래는 유연한 소통 능력을 갖췄습니다. 단지 내 전등 교체나 간단한 보수 작업 같은 궂은일을 마다하지 않고 묵묵히 처리하는 손재주가 있습니다.","['입주민 민원 중재 및 갈등 관리', '아파트 단지 내 시설물 간단 보수', '효율적인 단지 순찰 경로 최적화', '상황별 유연한 응대 및 커뮤니케이션']","주말이면 가족들과 함께 전국의 숨은 맛집을 찾아다니며, 특히 구수한 청국장이나 나물 비빔밥 같은 정갈한 한식 차림을 즐깁니다. 퇴근 후에는 거실 테이블에 퍼즐 조각을 펼쳐놓고 무아지경으로 맞추거나, 가끔은 동네 노래방에서 90년대 댄스곡을 부르며 쌓인 피로를 풉니다.","['전국의 유명한 나물 정식 맛집 탐방', '가족과 함께하는 1000피스 퍼즐 맞추기', '주말 근교 스크린 골프 라운딩', '동네 분식집의 떡볶이와 튀김 조합 즐기기']","지금의 직장에서 입주민들에게 신뢰받는 관리자로 남으며, 아이들이 성인이 될 때까지 평온한 가정의 울타리가 되어주는 것에 가치를 둡니다. 언젠가 시간이 허락한다면 평소 관심 있던 조경 공부를 배워 단지 내 작은 정원을 직접 가꾸어보고 싶다는 소박한 소망이 있습니다.",남자,42,배우자있음,비현역,배우자·자녀와 거주,아파트,고등학교,해당없음,건물 경비원,경기-안양시 만안구,경기,대한민국
0436e7f66f914f8b86aff96bc8cfb82e,"전라영 씨는 건설 자재 도매업체에서 복잡한 설계 도면을 현장 소장님들이 이해하기 쉬운 언어로 풀어서 설명하며 계약을 성사시키는 숙련된 영업원입니다. 업계의 보수적인 분위기 속에서도 상대의 미세한 눈떨림이나 표정 변화를 읽어내 거래의 결정적인 실마리를 잡지만, 때로는 지나치게 완벽한 서류를 만들려는 고집 때문에 퇴근 시간이 늦어지곤 합니다.","전라영 씨는 주말이면 아이의 손을 잡고 대구 아양기슭 산책로를 천천히 걸으며 나무의 색감과 하늘의 구도를 사진으로 남기는 정적인 활동에서 활력을 얻습니다. 가끔은 건강을 위해 헬스장 1년 회원권을 끊어놓고 의욕적으로 시작하지만, 일주일 만에 운동의 지루함을 이기지 못해 출석을 포기하는 끈기 부족한 모습을 보이기도 합니다.","전라영 씨는 퇴근 후 유튜브로 해외의 독특한 건축 사례를 찾아보는 것으로 하루의 피로를 풀며, 얻은 영감을 바탕으로 거실의 소파와 테이블 배치를 수시로 바꾸는 작은 변화에 집착합니다. 공학 전공자임에도 불구하고 대구미술관의 현대 미술 전시를 관람하며 정답이 없는 예술 세계의 모호함 속에서 오히려 깊은 정서적 해방감을 느낍니다.",전라영 씨는 가족과 함께 팔공산의 울창한 숲길이나 경주의 한적한 고분군을 찾아가 자연이 주는 고요한 풍경을 가만히 응시하는 여행을 즐깁니다. 유명 관광지의 북적임 속에서 인증 사진을 찍기보다 이름 모를 작은 들꽃이나 나뭇잎의 결을 스마트폰 카메라에 정성스럽게 담아내는 시간을 소중히 여깁니다.,"전라영 씨는 주 2~3회 정도 가족과 외식을 하며, 고기 구이보다는 정갈한 나물 반찬이 나오는 한정식집이나 신선한 사시미와 초밥이 나오는 일식당을 주로 방문합니다. 배달 음식은 한 달에 한 번 정도만 시킬 정도로 집밥의 가치를 중요하게 생각하지만, 가끔은 음식의 맛보다 그릇의 배치와 색감 같은 시각적인 완성도에 과하게 신경을 쓰는 경향이 있습니다.","전라영 씨는 대구 동구의 아파트에서 배우자와 아이를 세심하게 보살피며, 아이의 창의성을 키워주기 위해 함께 그림을 그리거나 블록 놀이를 하는 시간을 최우선으로 둡니다. 책임감이 강한 성격 탓에 좋은 엄마가 되어야 한다는 압박감으로 인해 가끔 예민하게 굴 때도 있지만, 이내 배우자의 너그러운 위로에 마음을 풀고 함께 웃어넘깁니다.","전라영 씨는 공학적 논리와 예술적 감성을 동시에 품은 30대 영업직 여성으로, 가족과 함께하는 평온한 일상 속에서 자신만의 건축 큐레이션 브랜드를 꿈꾸는 외유내강형 인물입니다.","대구 동구의 한적한 동네에서 자라며 팔공산의 계절 변화를 가까이서 지켜본 환경이 정서적 밑바탕이 되었습니다. 공학을 전공하며 논리적인 사고방식을 익혔지만, 마음 한편에는 늘 정해진 답이 없는 예술적 세계에 대한 동경을 품고 살아왔습니다.",건설 자재의 복잡한 도면을 빠르게 해석해 거래처 관계자들이 이해하기 쉬운 일상 언어로 풀어내는 능력이 뛰어납니다. 업계의 보수적인 영업 문화 속에서도 상대의 미묘한 표정 변화를 읽어내어 계약의 결정적인 실마리를 찾아내는 감각을 갖췄습니다.,"['건축 도면 해독 및 기술 상담', 'B2B 영업 협상 및 계약 체결', '건설 자재 시장 동향 분석', '고객 심리 기반의 맞춤형 제안', '기술 문서의 비전문가용으로 재구성']",주말이면 아이와 함께 아양기슭 산책로를 걸으며 나무의 색감이나 하늘의 구도를 사진으로 남기는 일에 몰입합니다. 퇴근 후에는 유튜브에서 해외의 독특한 건축 사례를 찾아보며 거실 가구 배치를 수시로 바꾸는 작은 변화에서 스트레스를 해소합니다.,"['건축 및 인테리어 디자인 브이로그 시청', '아양기슭 산책로 풍경 사진 촬영', '정갈한 일본식 가정식 식당 탐방', '나물 위주의 깔끔한 한정식 식사', '가족과 함께 떠나는 숲캉스 여행']","단순한 매출 증대를 넘어, 자신의 공학적 지식과 심미적 안목이 결합된 고효율 건축 자재 큐레이션 브랜드를 직접 운영하고 싶어 합니다. 경제적 여유를 바탕으로 예술적 감성이 묻어나는 작은 개인 사무실을 마련하는 것을 구체적인 목표로 삼고 있습니다.",여자,39,배우자있음,비현역,배우자·자녀와 거주,아파트,4년제 대학교,공학·제조·건설,그 외 일반 영업원,대구-동구,대구,대한민국
c798740c1bb74b3984af4ee04296486e,"윤나라 씨는 당장 거창한 취업 준비보다는 눈에 띄는 단기 아르바이트를 전전하며 시간을 보내고 있으며, 틈틈이 스마트폰으로 좋아하는 가수의 무대 영상을 재구성해 온라인 커뮤니티에 올리며 소소한 반응을 즐깁니다. 나중에는 화성행궁 거리의 분위기를 닮은 작은 빈티지 소품샵을 차려 자신의 감각을 뽐내고 싶어 합니다.",윤나라 씨는 동네 농구 코트에서 경기 흐름을 빠르게 읽어내 동료에게 과감한 패스를 찔러 넣는 센스를 발휘하며 땀 흘리는 시간을 즐깁니다. 운동이 끝난 후에는 친구들과 시끌벅적하게 수다를 떨며 팀의 분위기를 주도하는 메이커 역할을 톡톡히 해냅니다.,윤나라 씨는 화성행궁 근처의 아기자기한 소품샵들을 돌아다니며 수집한 영감을 바탕으로 감각적인 브이로그 영상을 편집해 업로드합니다. 전시회나 박물관에서 낯선 예술 작품을 마주할 때면 풍부한 상상력을 발휘해 자신만의 독특한 해석을 덧붙이는 것을 좋아합니다.,윤나라 씨는 주말이면 친구들의 손을 잡고 용인 에버랜드로 향해 화려한 퍼레이드의 색감과 음악에 완전히 몰입하는 시간을 갖습니다. 때로는 복잡한 도심을 벗어나 이름 모를 숲길을 천천히 걸으며 멍하니 초록빛 풍경을 바라보며 마음을 비워내기도 합니다.,윤나라 씨는 한 달에 한 번 있을까 말까 한 외식 날이면 무조건 지글지글 구운 삼겹살에 소주 한 잔을 곁들이며 친구들과 밤새 이야기를 나눕니다. 2주에 한 번 정도는 집에서 편하게 두툼한 수제 버거나 피자를 배달시켜 먹으며 느긋하게 하루를 마무리합니다.,"윤나라 씨는 수원 장안구의 낡은 다세대 주택에서 부모님과 함께 지내며, 집안일에는 서툴러 방 정리가 엉망인 경우가 많아 어머니께 자주 잔소리를 듣습니다. 하지만 특유의 싹싹함과 애교로 부모님과의 갈등을 유연하게 풀어내며 집안의 활력소 역할을 합니다.","윤나라 씨는 수원 장안구에 거주하며 콘텐츠 제작과 스포츠를 즐기는, 자유분방하고 사교적인 성격의 27세 무직 여성입니다.","수원 장안구의 오래된 골목길 다세대 주택에서 부모님과 함께 지내며, 화성행궁 근처의 작은 소품샵들을 돌아다니며 영감을 얻습니다. 정해진 틀보다는 그때그때 끌리는 감정에 따라 행동하며, 동네 친구들과의 시끌벅적한 모임에서 분위기를 주도하는 역할을 즐깁니다.","스마트폰 앱으로 짧은 브이로그 영상을 감각적으로 편집하거나, 좋아하는 가수의 무대 영상을 재구성해 온라인 커뮤니티에 올리는 재주가 있습니다. 농구 코트 위에서는 경기 흐름을 빠르게 읽고 동료들에게 과감하게 패스를 찔러 넣는 센스를 발휘합니다.","['숏폼 영상 편집', '틱톡 챌린지 기획', '길거리 농구 경기 운영', '디지털 드로잉']","주말이면 친구들과 에버랜드로 달려가 화려한 퍼레이드를 구경하거나, 조용한 숲길을 걸으며 멍하게 풍경을 바라보는 시간을 갖습니다. 밤에는 넷플릭스로 최신 드라마를 정주행하고, 가끔은 소주 한 잔에 삼겹살을 곁들이며 친구들과 밤새 수다를 떱니다.","['넷플릭스 드라마 정주행', '에버랜드 방문', '장안구 근처 산책로 걷기', '길거리 농구 동호회 활동', '인디 밴드 공연 관람']","나중에는 자신의 취향이 듬뿍 담긴 작은 빈티지 소품샵을 열거나, 사람들의 시선을 끄는 콘텐츠 기획자로 이름을 알리고 싶어 합니다. 당장 거창한 계획을 세우기보다는 일단 관심 가는 단기 아르바이트부터 가볍게 시작해 보려 합니다.",여자,27,미혼,비현역,부모와 동거,다세대주택,고등학교,해당없음,무직,경기-수원시 장안구,경기,대한민국
713a9d4e8afb413d955732fd1d973e44,"임나라 씨는 익산 시내 상가 건물의 대리석과 타일 종류에 따라 세제를 달리 사용하는 꼼꼼함으로 관리소장에게 두터운 신뢰를 받으며, 매일 아침 6시 정각에 정해진 구역을 훑는 루틴을 단 한 번도 어긴 적이 없습니다.","임나라 씨는 퇴근 후 뻐근해진 근육을 풀기 위해 동네 목욕탕에서 뜨거운 물에 몸을 담그거나, 아이의 손을 잡고 익산 중앙체육공원 산책로를 천천히 걷습니다.","임나라 씨는 소음이 차단된 방 안에서 팟캐스트를 들으며 상상의 나래를 펴고, 가끔은 전주나 군산의 이름 모를 작은 갤러리를 찾아 다니며 현대 미술 작품의 색감에 몰입합니다.","임나라 씨는 친구와 함께 시티투어 버스 2층 앞좌석에 앉아 도시의 풍경을 내려다보는 것을 좋아하며, 계획 없이 내린 낯선 동네의 골목길에서 발견한 오래된 서점에서 시간을 보냅니다.","임나라 씨는 일주일의 절반 이상을 집 밖에서 해결하며, 정갈한 나물 반찬이 나오는 보리밥 정식이나 진한 크림 소스의 뇨끼 같은 양식 메뉴를 즐겨 찾습니다.","임나라 씨는 익산의 현대적인 아파트 단지에서 남편, 아이와 함께 오순도순 살아가며, 아이가 조금 더 크면 함께 전국 미술관 투어를 다니겠다는 구체적인 꿈을 가슴에 품고 있습니다.","임나라 씨는 익산에서 건물 청소원으로 일하며 성실하게 가정을 꾸려가는 30대 여성으로, 예술에 대한 남다른 애정과 꼼꼼한 일 처리 능력을 동시에 갖춘 인물입니다.","익산의 한옥마을 인근 정취와 현대적인 아파트 단지의 편리함 사이에서 균형을 잡으며, 전문대학 시절 배운 실용적인 지식 위에 자신만의 독특한 미적 관점을 덧입혀 일상을 꾸려갑니다.","건물의 마감재 특성을 정확히 파악해 자재 손상을 줄이면서도 찌든 때를 완벽히 제거하는 세밀한 작업 능력이 있으며, 정해진 구역의 청결 상태를 빈틈없이 유지하는 철저한 루틴을 수행합니다.","['표면 재질별 맞춤 세제 배합', '대형 건물 효율적 청소 동선 계획', '위생 소모품 재고 최적화 관리', '구석진 공간의 오염원 추적 및 제거']","소음이 차단된 방에서 팟캐스트를 들으며 혼자만의 시간을 갖고, 가끔은 친구와 함께 시티투어 버스를 타고 낯선 도시의 이름 모를 작은 갤러리를 찾아다니며 영감을 얻습니다.","['건축 및 예술 관련 팟캐스트 청취', '지역 미술관 전시 관람', '익산 중앙시장 골목 산책', '동네 사우나에서 찜질하기', '크림 파스타 맛집 탐방']","현재 직무에서 독보적인 숙련도를 인정받아 현장 관리자로 성장함으로써 가계 소득을 높이고, 아이가 커서 함께 전국 각지의 작은 미술관을 다니는 여유로운 삶을 준비하고 있습니다.",여자,33,배우자있음,비현역,배우자·자녀와 거주,아파트,2~3년제 전문대학,해당없음,건물 청소원,전북-익산시,전북,대한민국
2c023db1a6b84a53868b4831ecb008f9,"서광철 씨는 광주 남구의 연구소에서 산업용 협동 로봇의 촉각 센서를 최적화하여 로봇 팔에 사람 같은 부드러움을 입히는 정밀 제어 전문가입니다. 하드웨어 표준 규격을 깨뜨리는 파격적인 구조 변경을 제안해 공정 효율을 높이는 승부사 기질이 있지만, 정작 자신의 책상 위는 전선과 메모지가 뒤섞인 아수라장인 경우가 많습니다.",서광철 씨는 주말이면 영산강 변에 낚싯대를 드리우고 찌의 미세한 움직임에 집중하며 복잡한 머릿속을 비워내는 정적인 시간을 즐깁니다. 건강을 위해 시작한 필라테스에서는 유연성 부족으로 고군분투하며 자신의 몸이 로봇 팔보다 더 굳어 있다는 사실에 헛웃음을 짓곤 합니다.,"서광철 씨는 양림동의 좁고 고즈넉한 골목길을 거닐다 마음에 드는 한옥 카페에 들어가 스케치북에 눈앞의 정물을 세밀하게 그려 넣는 시간을 사랑합니다. 공학적인 수식과 도면에서 벗어나 흑연의 질감과 여백의 미를 탐구하며, 때로는 동료들에게 기술적 효율보다 인간의 고독에 대해 이야기해 분위기를 묘하게 만듭니다.",서광철 씨는 직장 동료들과 함께 떠나는 여행에서 빡빡한 일정 없이 아무것도 하지 않고 쉬는 휴양형 여행을 고집합니다. 제주도의 조용한 숲속 숙소나 강원도의 한적한 리조트에서 동료들과 술잔을 기울이며 업계 뒷이야기를 나누는 시간을 통해 사회적 에너지를 충전합니다.,"서광철 씨는 일주일에 두세 번 남구의 유명한 돼지갈비 집이나 삼겹살집에서 동료들과 함께 고기를 구우며 하루의 피로를 풉니다. 배달 음식은 한 달에 한 번 이용할 정도로 드물게 찾으며, 시끌벅적한 주점에서 다양한 안주와 함께 소주잔을 기울이는 외식을 즐깁니다.","서광철 씨는 남구의 아파트에서 아내와 아이들과 함께 지내며, 밖에서는 냉철한 연구원이지만 집에서는 아이들의 엉뚱한 질문에 진지하게 답해주는 다정한 아버지입니다. 가끔은 집안일보다 자신의 블로그 포스팅이나 책 집필에 몰두해 아내에게 잔소리를 듣기도 하지만, 특유의 유연함으로 금방 분위기를 전환해 화해합니다.","서광철 씨는 정밀한 로봇 제어 기술과 양림동의 예술적 감성을 동시에 품은, 인간 중심의 따뜻한 기술을 꿈꾸는 40대 공학자입니다.","광주 남구 양림동의 고즈넉한 골목 분위기를 좋아하며, 주말이면 오래된 한옥 카페에서 스케치북을 펼쳐놓고 정물을 그리는 시간을 갖습니다. 공학도로서의 이성과 예술적 감수성 사이에서 균형을 잡으며 살아온 덕분에, 기술적인 논의 중에도 인문학적인 관점을 툭 던져 동료들을 놀라게 하곤 합니다.","산업용 협동 로봇의 정밀 제어 알고리즘을 설계하며, 특히 로봇 팔의 움직임을 사람처럼 부드럽게 만드는 촉각 센서 최적화에 능숙합니다. 하드웨어 설계 팀과 소통할 때 기존의 표준 규격에서 벗어난 파격적인 구조 변경을 제안해 공정 효율을 높인 경험이 많습니다.","['협동 로봇 정밀 제어 알고리즘 설계', '촉각 센서 데이터 최적화', '인간-로봇 상호작용 시스템 설계', '임베디드 시스템 통합 제어']","영산강 변에서 찌를 바라보며 잡생각을 비우는 낚시로 스트레스를 풀고, 공복혈당 관리를 위해 남구의 필라테스 센터에서 땀을 흘리지만 유연성 부족으로 늘 쩔쩔맵니다. 퇴근 후에는 라디오 팟캐스트를 들으며 멍하게 낮잠을 자는 짧은 휴식을 가장 소중하게 여깁니다.","['영산강 민물 낚시', '기구 필라테스', '인문학 팟캐스트 청취', '어반 스케치 및 드로잉']","단순히 효율적인 기계를 만드는 것을 넘어, 거동이 불편한 노인들의 일상을 실질적으로 돕는 따뜻한 느낌의 서비스 로봇을 상용화하고 싶어 합니다. 현재는 기술적 성취와 더불어 '인간 중심의 로봇 공학'이라는 주제로 개인 블로그에 기록을 남기며 책 출간을 준비 중입니다.",남자,46,배우자있음,비현역,배우자·자녀와 거주,아파트,대학원,공학·제조·건설,로봇공학 기술자 및 연구원,광주-남구,광주,대한민국
0c72b6a1c2a247e0b24caa1261f4d369,"최상헌 씨는 괴산군 농가들을 누비며 트랙터 엔진 소리만 듣고도 어느 부품이 마모되었는지 단번에 맞히는 베테랑이지만, 최신 스마트 팜 앱의 업데이트 알림이 뜰 때면 돋보기를 쓰고 매뉴얼을 한참 동안 뒤적거리는 모습을 보입니다.","최상헌 씨는 주말마다 지역 배드민턴 동호회 회원들과 셔틀콕을 주고받으며 땀을 흘리고, 경기가 끝난 뒤 서로의 서툰 스매싱 동작을 안주 삼아 시끌벅적하게 수다를 떱니다.","최상헌 씨는 대학 시절 전공한 사회과학적 시선을 통해 괴산 마을의 크고 작은 갈등과 대소사를 조용히 관찰하며, 동네 어르신들의 투박한 말씀 속에 담긴 진심을 읽어내려 노력합니다.","최상헌 씨는 시간이 날 때마다 오랜 친구들과 함께 산막이옛길의 푸른 풍경을 따라 드라이브를 즐기며, 창문을 열고 들어오는 숲 내음을 맡는 것으로 일주일의 피로를 씻어냅니다.","최상헌 씨는 일주일의 절반 이상을 밖에서 식사하며, 특히 단골 중국집에서 얼큰한 짬뽕 국물에 소주 한 잔을 곁들이며 하루의 긴장을 푸는 시간을 가장 소중하게 생각합니다.","최상헌 씨는 마당이 있는 단독주택에서 배우자와 자녀들과 함께 오순도순 살아가며, 가족들의 사소한 고민을 들어줄 때는 한없이 다정하지만 정작 집안의 큰 가구를 바꿀 때는 며칠을 망설이는 신중함을 보입니다.","최상헌 씨는 괴산 농민들의 절대적 신뢰를 받는 농기계 전문가이자, 건강 관리와 특유의 신중함 사이에서 갈등하는 따뜻한 50대 가장입니다.","최상헌은 괴산의 고즈넉한 풍경과 지역 사회의 끈끈한 정서 속에 깊이 뿌리 내리고 살아가며, 대학 시절 전공한 사회과학적 시각을 바탕으로 마을의 대소사를 차분하게 살핍니다. 다만 지나치게 신중한 성격 탓에 정작 중요한 결정 앞에서는 망설이며 시간을 끄는 버릇이 있습니다.","농기계의 복잡한 제원표를 농민들이 이해하기 쉬운 현장 언어로 풀어 설명하고, 고장 난 트랙터의 소리만 듣고도 어느 부품에 문제가 생겼는지 짚어내는 능숙함을 보입니다. 최신 스마트 팜 솔루션이나 복잡한 앱 기반 제어 시스템을 다룰 때는 가끔 당황하며 매뉴얼을 여러 번 반복해서 읽곤 합니다.","['트랙터 및 이앙기 고장 진단 및 응급 조치', '농민 맞춤형 기계 운용 교육', '지역 농협 및 작목반 네트워크 관리', '사회과학 전공을 활용한 효율적인 상담 및 설득 기법']","주말이면 산막이옛길 주변을 드라이브하며 풍경을 감상하고, 동네 친구들과 배드민턴 채를 잡고 땀을 흘린 뒤 단골 중국집에서 짬뽕 국물에 소주 한 잔을 곁들이는 시간을 아낍니다. 최근 혈당 관리를 위해 식단을 조절하려 노력하지만, 고깃집의 지글거리는 삼겹살 냄새 앞에서는 매번 무너지고 맙니다.","['괴산 산막이옛길 주변 풍경 감상 드라이브', '지역 배드민턴 클럽 정기 모임 참여', '단골 중식당에서 즐기는 짬뽕과 소주', '유튜브로 최신 농기계 리뷰 영상 시청', '지역 사회 복지관 반찬 배달 봉사활동']","괴산군 일대에서 농기계 하면 가장 먼저 떠오르는 믿음직한 전문가로 남고 싶어 하며, 자신이 관리하는 농가들이 수확철에 기계 고장 없이 무사히 일을 마치는 것에 가장 큰 보람을 느낍니다. 현재의 안정적인 매출과 신뢰 관계를 유지하며 평온한 은퇴 이후의 삶을 준비하는 데 집중합니다.",남자,51,배우자있음,비현역,배우자·자녀와 거주,단독주택,4년제 대학교,사회과학·언론,농업용 기계장비 기술 영업원,충청북-괴산군,충청북,대한민국
6cb7a7c764894f58b8652dcc20f3e8db,"이순자 씨는 동작구 일대 고객들의 자산 흐름을 꿰뚫는 베테랑 금융 영업원으로, 상대의 미세한 표정 변화만으로도 요구사항을 읽어내 최적의 상품을 제안하며 업계의 두터운 신뢰를 쌓았습니다. 후배들에게는 엄격한 업무 기준을 요구해 때로는 무서운 선배로 통하지만, 결정적인 상황에서는 유연하게 문제를 해결하며 정년 전까지 자신의 실전 노하우를 체계적으로 전수하는 멘토로 기억되길 바랍니다.","이순자 씨는 집 근처 요가 센터에서 매일 아침 몸을 깨우며 굳어있던 근육과 마음의 긴장을 풀어내고, 필라테스로 체형의 균형을 잡는 일에 전념합니다. 운동 후 마시는 미지근한 물 한 잔과 함께 느끼는 적당한 근육통에서 살아있음을 느끼며, 몸의 정렬이 맞지 않을 때 느끼는 불편함을 참지 못해 끊임없이 자세를 수정합니다.","이순자 씨는 거실 베란다의 작은 화단에 심은 제라늄과 로즈마리 잎을 매만지며 복잡한 머릿속을 비워내고, 조용한 클래식 음악을 틀어놓고 낮잠을 청하며 휴식을 취합니다. 때로는 인터넷 영상으로 새로운 원예 기법을 배우며 화단 규모를 조금씩 넓혀가며, 정성껏 가꾼 꽃이 만개했을 때 느끼는 성취감을 일상의 가장 큰 기쁨으로 삼습니다.","이순자 씨는 가족들과 함께 강원도 평창의 울창한 숲길을 천천히 걷거나 남해의 푸른 바다 풍경을 멍하니 바라보며 일상의 스트레스를 씻어냅니다. 북적이는 관광지보다는 자연의 소리만 들리는 조용한 곳에서 가족의 손을 잡고 걷는 시간을 소중히 여기며, 여행지의 풍경을 정성스럽게 사진으로 남겨 기록하는 습관이 있습니다.","이순자 씨는 2주에 한 번 정갈한 일식집에서 신선한 사시미와 초밥을 즐기며, 평소에는 고기를 뺀 나물과 두부 중심의 한식당을 찾아 건강한 한 끼를 챙깁니다. 일주일에 한 번은 가족들과 함께 배달 앱으로 간편식을 시켜 먹으며 주방 일에서 잠시 해방되는 시간을 갖지만, 자극적인 양념이 많은 음식은 건강을 위해 조심스럽게 피합니다.","이순자 씨는 동작구 아파트에서 배우자와 자녀들을 위해 든든한 경제적 울타리가 되어주며, 가족 모두가 만족하는 안락한 가정 환경을 만드는 데 온 힘을 쏟습니다. 다만 자신의 기준이 매우 확고해 때로는 가족들에게도 단호하게 선을 긋는 모습이 차갑게 느껴질 때가 있으며, 가족의 사소한 실수에도 예민하게 반응해 분위기를 무겁게 만들기도 합니다.","이순자 씨는 능숙한 처세술과 단단한 자아를 가진 금융업 베테랑으로, 철저한 자기관리와 가족에 대한 책임감 속에 내면의 예민함을 숨기고 살아가는 중산층 여성입니다.","80년대 전문대학 졸업 후 금융업에 뛰어들어 서울의 급격한 성장기를 몸소 겪었으며, 현재는 동작구의 자가 아파트에서 가족과 함께하며 중산층의 안정적인 삶을 유지하고 있습니다. 사교적인 성격으로 모임의 중심에 서는 것을 즐기지만, 내면에는 자신만의 엄격한 기준이 있어 타인에게 쉽게 휘둘리지 않는 단단한 자아를 가지고 있습니다.","수십 년간 금융 영업 현장에서 다져온 고객 심리 파악 능력과 정교한 자산 관리 설계 능력을 통해 고소득을 유지하고 있으며, 상대의 요구사항을 빠르게 분석해 최적의 상품을 제안하는 협상 기술이 탁월합니다. 업무 처리에 있어서는 책임감이 강해 실수가 적으며, 상황에 따라 유연하게 대처하면서도 필요한 순간에는 단호하게 선을 긋는 효율적인 관계 관리 능력을 보여줍니다.","['VIP 고객 자산 포트폴리오 설계', '금융 상품 시장 흐름 분석', '고객 심리 기반의 설득 협상', '장기 고객 관계 유지 및 관리', '효율적인 업무 우선순위 설정']","동작구 인근 요가 센터에서 매일 아침 수업에 참여하며 혈압과 혈당을 세심히 관리하고, 거실 베란다에 작은 화단을 만들어 제라늄과 로즈마리를 가꾸며 일상의 긴장을 해소합니다. 주말에는 가족과 함께 강원도 평창의 숲길을 걷거나 남해의 조용한 바다 풍경을 감상하며 마음의 안정을 찾고, 가끔은 정갈한 일식집에서 가족들과 조용히 식사를 즐깁니다.","['아침 요가 및 필라테스', '베란다 원예 가꾸기', '강원도 숲길 산책과 자연 감상', '가족과 함께하는 국내 자연 여행', '정갈한 일식 전문점 방문']","현재의 전문성을 바탕으로 업계에서 신뢰받는 베테랑의 위치를 공고히 하며, 은퇴 전까지 후배 영업원들이 본받을 수 있는 실질적인 영업 노하우를 체계적으로 전수하는 멘토가 되고자 합니다. 경제적 여유를 기반으로 가족 모두가 만족할 수 있는 완벽한 노후 생활 기반을 완성하는 것에 집중하고 있습니다.",여자,58,배우자있음,비현역,배우자·자녀와 거주,아파트,2~3년제 전문대학,해당없음,그 외 일반 영업원,서울-동작구,서울,대한민국
3d4e2648b39943cba232d05819947e4f,"이주완 씨는 정년 퇴직 후 공식적인 직함은 없지만, 단양읍 마을 곳곳의 삐걱거리는 문고리를 고치고 꽉 막힌 하수구를 뚫어주는 동네 맥가이버로 통하며 이웃들의 자잘한 집수리 요청을 해결해 줍니다.",이주완 씨는 무릎 보호대를 챙겨 차고 단양강 잔도길의 시원한 강바람을 맞으며 매일 일정한 걸음 수를 채우는 것으로 건강 관리를 대신하고 있습니다.,"이주완 씨는 마을 회관 노래방 기계 앞에서 임영웅의 노래를 열창하며 분위기를 띄우고, 집에서는 유튜브로 대어 낚는 법을 다룬 영상을 시청하며 시간을 보냅니다.",이주완 씨는 명절에 내려온 자식들과 손주들의 손을 잡고 에버랜드 같은 대형 테마파크나 동물원을 방문해 아이들이 좋아하는 모습을 지켜보는 여행을 가장 즐깁니다.,"이주완 씨는 일주일에 한 번 단골 고깃집에서 지글지글 구운 삼겹살에 쌈을 싸 먹고, 보름에 한 번쯤은 롯데리아 햄버거 세트를 배달시켜 콜라와 함께 즐기는 소소한 일탈을 합니다.","이주완 씨는 사별 후 적막한 단독주택에 혼자 살고 있지만, 명절마다 찾아올 손주들에게 줄 용돈을 미리 봉투에 넣어두며 건강하고 인자한 할아버지로 기억되기를 바랍니다.","이주완 씨는 충북 단양의 정겨운 이웃들과 어울리며 손재주와 흥으로 살아가는, 건강 회복을 꿈꾸는 60대 독거 어르신입니다.","단양의 조용한 마을에서 평생을 보내며 이웃들과 끈끈하게 지내왔고, 중학교 졸업 후 일찍부터 생업에 뛰어들어 몸으로 부딪히며 살아온 세대의 투박함과 정이 배어 있습니다.",동네의 낡은 문고리를 고치거나 막힌 배수구를 뚫는 등 손재주가 좋아 주변 사람들의 자잘한 집수리 요청을 도맡아 해결해주곤 합니다.,"['낡은 문고리 및 경첩 교체', '간단한 배관 누수 확인', '마을 행사 사회 및 분위기 조성', '스마트폰 유튜브 검색 및 영상 재생']","마을 회관에서 최신 트로트 노래를 부르며 흥을 돋우거나, 유튜브로 낚시 영상을 보며 시간을 보내고 이주일에 한 번쯤은 햄버거 세트를 배달시켜 먹는 소소한 일탈을 즐깁니다.","['유튜브 낚시 채널 시청', '동네 노래방 애창곡 부르기', '단양읍내 고깃집 외식', '지역 사우나에서 낮잠 자기']","당뇨와 혈압 관리를 위해 매일 단양강 잔도길을 한 바퀴 도는 습관을 들이고, 명절에 찾아올 손주들에게 건강하고 인자한 할아버지로 기억되고 싶어 합니다.",남자,68,사별,비현역,혼자 거주,단독주택,중학교,해당없음,무직,충청북-단양군,충청북,대한민국
095fea24f8194d8dae49d7eb87bbcd62,"김문길 씨는 현재 직업은 없지만, 교육학을 전공한 영향으로 집안의 모든 서류와 물건을 학기별 계획표처럼 철저하게 분류해 보관하는 습관이 있습니다. 동네 어르신들이 복잡한 행정 절차로 어려워할 때면 어느새 나서서 내용을 체계적으로 정리해 알기 쉽게 설명해 주곤 합니다.","김문길 씨는 주말이면 동래구 주민들과 함께 금정산 산책로를 천천히 오르며 계절의 변화를 살핍니다. 격렬한 운동보다는 호흡을 가다듬으며 풍경을 감상하는 느린 걸음을 즐기며, 걷기 끝에 들르는 온천장 목욕탕의 뜨거운 물속에서 하루의 피로를 풉니다.","김문길 씨는 마당 한편에 마련한 작은 화단에 이름 모를 야생화와 소담한 채소들을 정성껏 심고 가꿉니다. 매일 아침 가지치기를 하고 흙을 고르는 작업에 몰두하며, 단정하게 다듬어진 정원을 보며 마음의 평온을 얻는 소박한 예술적 만족감을 누립니다.","김문길 씨는 친구들과 함께하는 여행을 앞두고 방문할 장소, 이동 시간, 식당 메뉴까지 시간 단위로 상세히 적은 여행 일정표를 직접 작성합니다. 화려한 관광지보다는 탁 트인 바다나 고즈넉한 숲길처럼 자연 풍경이 아름다운 곳을 찾아가 조용히 사색하는 시간을 갖습니다.","김문길 씨는 일주일에 한 번, 동네 단골 중식당에서 짜장면 한 그릇을 비우거나 삼겹살집에서 지인들과 소주를 곁들이는 외식을 낙으로 삼습니다. 배달 음식은 주 1회 정도로 제한하며, 자극적인 맛보다는 익숙하고 정갈한 한식 차림을 선호하는 입맛을 가지고 있습니다.","김문길 씨는 부산 동래구의 오래된 단독주택에서 아내와 함께 서로의 일상을 존중하며 조용히 살아갑니다. 아내와 함께 마당의 잡초를 뽑거나 거실에 앉아 TV를 보는 평범한 시간 속에서 깊은 유대감을 느끼며, 가끔은 서로에게 무심한 듯하면서도 세심하게 배려하는 관계를 유지합니다.","김문길 씨는 동래구의 단독주택에서 정원을 가꾸고 당뇨 관리를 위한 산책을 실천하며, 절제와 규칙이 있는 소박한 일상을 살아가는 전직 교육 전공자입니다.","부산 동래구의 오래된 단독주택 단지에서 거주하며, 온천장 인근의 고즈넉한 분위기와 지역 사회의 유대감을 소중히 여깁니다. 교육학을 전공하고 오랫동안 교육계의 가치관을 접해온 덕분에 예의와 격식을 갖추는 태도가 몸에 배어 있습니다.","복잡한 정보나 상황을 체계적으로 정리해 상대방이 이해하기 쉽게 설명하는 능력이 탁월하며, 여행 계획이나 가계부 같은 기록물을 오차 없이 꼼꼼하게 관리합니다.","['학습 및 활동 계획 수립', '체계적인 문서 정리 및 기록', '명확한 정보 전달 및 설명', '일정 최적화 및 시간 관리']","온천장 근처의 단골 목욕탕에서 뜨거운 물에 몸을 담그며 시간을 보내고, 주말에는 친구들과 금정산 산책로를 따라 걸으며 풍경을 감상합니다. 가끔은 동네 중식당에서 짜장면을 먹거나 삼겹살집에서 소주 한 잔을 곁들이며 지인들과 담소를 나눕니다.","['온천장 목욕탕 방문', '금정산 둘레길 산책', '마당 화초 가꾸기', '동네 친구들과의 소주 한 잔']",사회적 성취보다는 당뇨 관리를 위해 매일 정해진 시간에 걷기를 실천하며 건강한 신체 리듬을 유지하는 것에 집중합니다. 마당이 있는 집의 작은 화단을 정성껏 가꾸어 계절의 변화를 관찰하는 소박한 일상의 안정을 지향합니다.,남자,61,배우자있음,비현역,배우자와 거주,단독주택,4년제 대학교,교육,무직,부산-동래구,부산,대한민국
a928af940cd64a84add23bcb63cd6b81,"강태용 씨는 공주시의 낡은 지명과 유래를 집요하게 수집하여 체계적으로 분류하는 개인 기록가로 살아가며, 수집한 자료를 엮어 자신만의 소박한 문집을 완성하는 일에 모든 정성을 쏟습니다.","강태용 씨는 계룡산 자락의 익숙한 숲길을 정해진 코스대로 묵묵히 걷거나, 정적인 삼림욕을 통해 복잡한 생각을 정리하며 몸의 긴장을 푸는 시간을 갖습니다.","강태용 씨는 오래된 서적의 먼지를 털어내고 내용을 정교하게 분류하는 작업에서 희열을 느끼며, 공주의 옛 이야기를 꼼꼼하게 기록하는 집요한 탐구심을 가지고 있습니다.","강태용 씨는 주말이면 오래된 소형차를 몰아 공주 외곽의 한적한 저수지를 천천히 돌며, 마음 맞는 친구와 함께 말없이 풍경을 바라보는 고요한 여행을 즐깁니다.","강태용 씨는 2주에 한 번꼴로 단골 한식집에서 고기가 들어가지 않은 정갈한 나물 정식을 먹거나, 가끔은 조용한 주점에서 가벼운 안주와 함께 시간을 보냅니다.","강태용 씨는 결혼하지 않고 제민천의 낡은 건물 2층에서 홀로 지내며, 가족이라는 울타리 대신 자신이 수집한 기록물들과 정서적 유대감을 나누는 고요한 삶을 선택했습니다.","강태용 씨는 공주의 옛 기록을 수집하며 정적인 삶을 살아가는, 고집스럽지만 평온한 50대 미혼 남성입니다.","공주 제민천 인근의 오래된 상가 건물 2층에 거처를 마련해 살며, 백제 문화권의 정적인 분위기와 지역 특유의 느린 호흡을 삶의 기본값으로 삼고 있습니다.","전공을 살려 낡은 서적의 내용을 체계적으로 분류하고 정리하는 데 능숙하며, 공주의 옛 지명과 유래를 꼼꼼하게 기록해 두는 습관이 있습니다.","['공주 지역 고지도 분석', '개인 소장 도서 목록화', '인문학적 텍스트 요약', '정기적인 가계부 기록']","계룡산 자락의 호젓한 숲길을 정해진 코스로 걷거나, 주말이면 차를 몰아 외곽의 한적한 저수지 주변을 천천히 돌며 풍경을 감상합니다.","['제민천 주변 산책', '유튜브 다큐멘터리 시청', '피부 보습 관리', '외곽 저수지 드라이브']",경제적 이득을 위한 일자리보다는 자신이 수집한 지역 기록물들을 엮어 작은 개인 문집을 완성해 세상에 내놓는 소박한 성취를 꿈꿉니다.,남자,52,미혼,비현역,혼자 거주,비주거용 건물 내 주택,4년제 대학교,예술·인문,무직,충청남-공주시,충청남,대한민국
2802de0948544b429730009d80865056,"김금옥 씨는 금융사 상담원으로 근무하며 하루 수십 통의 항의 전화를 받지만, 기계적인 친절함 뒤에 단단한 벽을 세워 감정을 철저히 분리합니다. 정해진 매뉴얼을 토씨 하나 틀리지 않고 읊으며 고객의 화를 잠재우는 일에 능숙하지만, 퇴근길에는 목소리가 잠겨 헛기침을 자주 하는 버릇이 있습니다.","김금옥 씨는 거창한 운동 대신 친구들과 무등산 자락의 완만한 산책로를 천천히 걸으며 동네 소식을 나누는 것으로 체력을 관리합니다. 숨이 턱 끝까지 차는 등산보다는 그늘진 벤치에 앉아 바람을 쐬는 시간을 즐기며, 가끔 무릎이 쑤실 때면 파스를 붙이고 집 근처 공원을 한 바퀴 돕니다.","김금옥 씨는 거실 소파에 깊숙이 몸을 묻고 임영웅의 노래를 크게 틀어놓은 채 가사 하나하나에 자신의 삶을 투영하며 눈시울을 붉힙니다. 화려한 전시회나 공연장보다는 TV 프로그램의 음악 무대를 챙겨보는 것을 즐기며, 마음에 드는 곡은 휴대폰에 저장해 출퇴근길에 반복해서 듣습니다.",김금옥 씨는 오랜 친구들과 함께 전남 보성이나 담양의 조용한 펜션을 예약해 아무런 일정 없이 푹 쉬다 오는 여행을 즐깁니다. 빡빡한 관광지 순례보다는 깨끗한 침구에서 낮잠을 자고 지역 특산물 시장을 구경하는 느긋한 일정 속에서 진정한 휴식을 찾습니다.,"김금옥 씨는 한 달에 한 번, 친구들과 무등산 인근 식당에서 고사리와 도라지가 듬뿍 들어간 나물 비빔밥을 먹으며 소소한 행복을 느낍니다. 가끔 기분 전환을 위해 파스타나 리조또 같은 양식당을 찾기도 하지만, 결국 입맛은 구수한 된장찌개와 갓 지은 솥밥으로 돌아오는 전형적인 한국인의 입맛을 가졌습니다.","김금옥 씨는 수십 년을 함께 산 남편과 특별한 대화 없이도 서로의 필요를 알아채는 무던한 관계를 유지하며, 북구의 아파트 단지 내에서 조용히 늙어가는 삶에 만족합니다. 가끔은 무심한 남편의 말투에 서운함을 느끼지만, 정해진 시간에 함께 식탁에 앉아 텔레비전을 보는 일상에서 안정감을 얻습니다.","김금옥 씨는 광주 북구의 안정된 일상 속에서 금융 상담원으로서의 책임감과 임영웅의 노래, 그리고 소박한 이웃 관계를 통해 삶의 평온을 유지하는 50대 여성입니다.","광주 북구의 조용한 아파트 단지에서 수십 년간 뿌리를 내리고 살며, 이웃집 숟가락 개수까지 알 정도로 끈끈한 관계를 유지하는 전형적인 지역 공동체 중심의 삶을 살아왔습니다.","금융권 전화 상담 업무를 수행하며 상대의 목소리 톤만으로도 요구 사항을 빠르게 파악하고, 고성이 오가는 상황에서도 평정심을 유지하며 정해진 매뉴얼대로 정확하게 안내합니다.","['복잡한 금융 약관의 쉬운 풀이', '악성 민원인 감정 케어 및 대응', '정확하고 빠른 고객 데이터 입력', '상담 스케줄 및 처리 내역 관리']","가끔 친구들과 무등산 인근의 나물 비빔밥 집에서 식사를 하고, 저녁에는 시원한 맥주 한 캔을 곁들이며 임영웅의 노래를 틀어놓고 하루의 피로를 풉니다.","['유튜브로 듣는 트로트 메들리', '동네 친구들과의 끝없는 수다', '거실 소파에서 즐기는 오후 낮잠', '주말 저녁 TV 드라마 시청']","이제는 승진보다는 매달 정해진 날짜에 꼬박꼬박 들어오는 월급의 안정감을 소중히 여기며, 정년까지 무사히 근무해 배우자와 함께 평온한 노후를 맞이하는 것을 목표로 합니다.",여자,58,배우자있음,비현역,배우자와 거주,아파트,2~3년제 전문대학,해당없음,전화 상담원,광주-북구,광주,대한민국
eb80b0791d984f039ffdfb2742446ff4,"박은영 씨는 사회과학과 언론학을 전공한 지식을 바탕으로 지역 봉사 단체에서 복잡한 공지문을 정갈하게 작성하고 의견을 조율하는 실무를 도맡으며, 최근에는 상담 자격증 공부에 매진해 타인의 마음을 보듬는 정서적 지지자가 되려 합니다.",박은영 씨는 주말 아침마다 양재천 산책로를 천천히 걸으며 계절마다 바뀌는 나뭇잎의 색깔과 물결의 흐름을 세밀하게 관찰하는 것으로 일상의 활력을 얻습니다.,"박은영 씨는 매일 아침 배달되는 뉴스레터의 문장들을 꼼꼼히 분석해 세상의 흐름을 읽고, 기분이 울적할 때는 집 근처 노래방에서 90년대 가요를 부르며 억눌린 감정을 해소합니다.","박은영 씨는 복잡한 도심을 벗어나 가족들과 함께 탁 트인 숲이나 바다 같은 자연 풍경을 찾아 떠나며, 그곳에서 고요하게 풍경을 감상하며 내면의 평온을 되찾는 시간을 소중히 여깁니다.","박은영 씨는 반포동의 작은 빵집에서 갓 구워낸 천연 발효종 빵을 사와 가족과 함께 나누어 먹으며, 외식을 할 때는 정갈한 나물 위주의 한식 차림을 선택합니다.","박은영 씨는 서초구 아파트에서 배우자와 함께 생활하며 가족의 안녕을 최우선으로 여기지만, 정작 본인의 마음은 작은 일정 변경에도 쉽게 지치고 불안해하는 섬세한 성격을 가지고 있습니다.","박은영 씨는 서초구에 거주하며 가족과 지역 사회를 위해 헌신하고, 상담사라는 새로운 꿈을 향해 나아가는 사려 깊지만 내면은 여린 46세 여성입니다.","서초구 양재천 주변의 차분한 분위기 속에서 일상을 보내며, 학창 시절 전공한 사회과학적 시선으로 세상을 보지만 이제는 가족의 안녕과 실질적인 살림 운영에 더 집중합니다. 뉴스레터를 꼼꼼히 챙겨 읽으며 세상 돌아가는 일에 밝지만, 정작 본인의 마음은 작은 갈등이나 갑작스러운 일정 변경에도 쉽게 지치는 편입니다.","복잡한 정보를 빠르게 요약해 핵심만 전달하는 능력이 뛰어나며, 정갈한 문장으로 공지문을 작성하거나 의견을 조율하는 일에 능숙합니다. 지역 사회 봉사 단체에서 활동하며 사람들의 요구사항을 정확히 파악해 실무적인 해결책을 제시하는 역할을 주로 맡습니다.","['정보 요약 및 텍스트 구조화', '커뮤니티 갈등 조정 및 중재', '효율적인 가계 예산 수립 및 관리', '공공기관 행정 서류 작성']","주말 아침 양재천 산책로를 따라 걸으며 계절의 변화를 살피고, 반포동의 작은 빵집에서 천연 발효종 빵을 사와 가족과 나누는 시간을 소중히 여깁니다. 가끔은 마음이 답답할 때 집 근처 노래방에서 좋아하는 옛 노래를 부르며 스트레스를 해소합니다.","['양재천 수변 산책', '시사 잡지 및 뉴스레터 탐독', '지역 복지관 정기 봉사활동', '천연 발효빵 맛집 탐방', '가족과 함께하는 수목원 여행']","거창한 성공보다는 내면의 평온을 유지하며 사회에 작은 보탬이 되는 활동을 찾고 있으며, 최근에는 상담 관련 자격증을 준비하며 누군가의 이야기를 들어주는 정서적 지지자가 되기를 희망합니다.",여자,46,배우자있음,비현역,기타2세대,아파트,4년제 대학교,사회과학·언론,무직,서울-서초구,서울,대한민국
15294236ba30454e840b6256f9aef1ca,"이철원 씨는 부산의 소규모 유통업체에서 수십 년간 자재 장부를 관리하며 단 1원의 오차도 허용하지 않는 철저함을 몸에 익혔고, 지금도 집안의 삐걱거리는 의자나 낡은 문고리를 직접 수리하는 실용적인 손재주를 발휘합니다.","이철원 씨는 해가 뜨기 전 금정산 자락의 흙길을 천천히 밟으며 새벽 공기를 마시고, 정해진 산책 코스를 완주하며 하루를 시작하는 규칙적인 습관을 가지고 있습니다.","이철원 씨는 매일 아침 배달된 종이 신문의 바스락거리는 촉감과 잉크 냄새를 즐기며 세상 돌아가는 소식을 꼼꼼히 읽고, 중요한 기사에는 빨간 펜으로 밑줄을 긋는 습관이 있습니다.","이철원 씨는 친목회 회원들과 함께 조용한 온천 마을이나 숲속 휴양지로 여행을 떠나, 복잡한 관광지를 돌아다니기보다 한곳에 머물며 온전한 휴식을 취하는 시간을 보냅니다.","이철원 씨는 일주일에 두세 번 배우자와 함께 단골 일식집에서 정갈한 초밥이나 회 한 접시를 먹으며, 고기가 들어가지 않은 담백한 한식 정식을 즐기는 소박한 외식 생활을 합니다.","이철원 씨는 아내와 함께 조용한 일상을 공유하며, 가끔 놀러 오는 손주들에게 낡은 물건을 고치는 법이나 세상 살아가는 이치를 무뚝뚝하지만 다정하게 전해주며 존재감을 느낍니다.",이철원 씨는 평생을 꼼꼼한 장부 정리와 규칙적인 생활로 일구어낸 부산 금정구의 실용적이고 정갈한 어르신입니다.,"부산 금정구의 가파른 골목길과 정겨운 시장 풍경 속에서 수십 년을 나고 자라며, 격동의 현대사를 몸소 겪어낸 세대입니다. 화려한 말솜씨나 명분보다는 눈에 보이는 실리와 정해진 도리를 다하는 것을 미덕으로 여기며, 보수적이지만 상황에 따라 유연하게 대처하는 법을 익혔습니다.","오랜 기간 소규모 유통업체에서 자재 관리와 장부 정리를 도맡아 하며, 단 1원의 오차도 허용하지 않는 꼼꼼한 계산 능력과 재고 관리 노하우를 갖췄습니다. 집안의 낡은 문고리를 교체하거나 삐걱거리는 의자를 수리하는 등 실용적인 손재주가 뛰어납니다.","['수기 장부 기록 및 정산', '간단한 가구 및 가전 수리', '효율적인 창고 적재 및 정리', '지역 상권 물가 분석']","새벽녘 금정산의 맑은 공기를 마시며 천천히 산책하는 것을 즐기며, 동네 단골 목욕탕에서 따뜻한 물에 몸을 녹이며 생각에 잠기는 시간을 소중히 여깁니다. 종이 신문의 바스락거리는 촉감을 좋아해 매일 아침 꼼꼼히 기사를 읽으며 세상 돌아가는 형편을 살피고, 가끔은 배우자와 함께 정갈한 초밥이나 회 한 접시를 즐깁니다.","['금정산 등산 및 산책', '종이 신문 정독', '동네 대중목욕탕 방문', '제철 생선회 시식', '오후의 짧은 낮잠']",사회적 성취보다는 매일 정해진 시간에 일어나 신문을 읽고 건강을 챙기는 규칙적인 일상을 유지하는 것에 가장 큰 가치를 둡니다. 자신이 가진 생활의 지혜와 실무적인 팁들을 손주들이 필요로 할 때 적절히 전해주며 소소한 존재감을 느끼길 원합니다.,남자,79,배우자있음,비현역,배우자와 거주,다세대주택,고등학교,해당없음,무직,부산-금정구,부산,대한민국
537202f95a4e4f0b934ac9eb0235355d,"최경순 씨는 대구 군위의 금속가공 현장에서 도면의 작은 오차 하나까지 잡아내어 안전 지침서로 옮겨 적는 깐깐한 관리자입니다. 원칙을 철저히 지키는 성격 탓에 현장 작업자들과 가끔 마찰을 빚기도 하지만, 퇴직 전까지 후배들을 위한 실무 사고 예방 사례집을 완성하겠다는 목표 하나로 매일 작업장을 꼼꼼히 살핍니다.",최경순 씨는 주말마다 마당에 나가 유튜브에서 배운 최신 정원 가꾸기 기법을 적용하며 잡초를 하나하나 뽑아내는 정적인 신체 활동을 즐깁니다. 특별한 운동 기구 없이도 매일 정해진 경로로 집 주변을 산책하며 몸의 긴장을 풀고 생각을 정리하는 시간을 갖습니다.,최경순 씨는 집안에 클래식 음악을 잔잔하게 틀어놓고 오래된 서적을 읽으며 복잡한 마음을 가라앉히는 정적인 휴식을 취합니다. 최근에는 정원 가꾸기 영상을 통해 자연의 색감과 배치를 공부하며 자신의 마당을 작은 예술 작품처럼 가꾸는 것에 몰입하고 있습니다.,"최경순 씨는 가족들과 함께 전국의 유명한 노포를 찾아다니며 지역 특색이 담긴 음식을 맛보는 식도락 여행에서 가장 큰 즐거움을 느낍니다. 여행지에서도 일정표를 꼼꼼하게 작성해 동선을 최적화하며, 정갈한 상차림이 나오는 식당을 찾아내는 것을 여행의 핵심으로 삼습니다.","최경순 씨는 한 달에 한 번 남편과 함께 정갈한 나물 정식이나 얼큰한 짬뽕을 먹으러 외출하며, 배달 음식은 두세 달에 한 번 시켜 먹을 정도로 집밥 중심의 생활을 합니다. 술과 담배를 멀리하며 식재료의 원산지와 조리법이 투명한 한식당을 찾는 깔끔한 식습관을 유지합니다.","최경순 씨는 집안 모든 물건이 지정된 위치에 있어야 직성이 풀리는 성격 탓에, 남편이 리모컨 하나만 잘못 둬도 지적하는 꼼꼼함으로 가족들을 때로는 숨 막히게 합니다. 하지만 이러한 완벽주의는 가족을 안전하게 보호하려는 책임감에서 비롯된 것이며, 평소에는 조용히 남편의 곁을 지키는 든든한 버팀목이 되어줍니다.","최경순 씨는 대구 군위에서 금속가공 안전관리자로 근무하며, 공학적 논리와 철저한 자기관리로 삶의 질서를 세우는 73세의 전문직 여성입니다.","대구 군위의 조용한 환경에서 공학을 전공한 여성으로서의 자부심과 논리적인 사고방식을 지녔습니다. 집안 모든 물건의 위치가 정해져 있을 만큼 규칙적인 생활을 하며, 가끔은 지나치게 꼼꼼한 성격 탓에 가족들이 숨 막혀 하기도 하지만 이를 본인의 책임감이라고 믿습니다.","금속 가공 현장의 위험 요소를 즉각적으로 찾아내어 개선하는 안전 관리 능력이 탁월합니다. 이론에 충실한 나머지 현장의 유연한 대처가 필요한 상황에서 다소 경직된 판단을 내릴 때가 있지만, 복잡한 설비 도면을 빠르게 분석해 구체적인 안전 지침서를 작성하는 일에는 독보적입니다.","['산업안전보건법 기준 현장 적용', '금속 가공 설비 위험성 평가', '공정별 안전 수칙 매뉴얼 작성', '사업장 안전 점검 및 지도']","주말이면 남편과 함께 근처 식당의 정갈한 나물 정식이나 짬뽕 같은 중식을 찾아다니며 입맛을 돋웁니다. 집에서는 유튜브로 최신 정원 가꾸기 영상을 보며 마당의 잡초를 정리하거나, 클래식 음악을 틀어놓고 조용히 책을 읽으며 에너지를 회복합니다.","['지역 맛집 탐방 및 음식 기록', '유튜브 원예 영상 시청', '단독주택 마당 정원 관리', '클래식 음악 감상']",자신이 관리하는 사업장에서 단 한 건의 인명 사고도 발생하지 않도록 완벽한 안전 체계를 구축하는 것에 집중합니다. 퇴직 전까지 후배 관리자들이 참고할 수 있는 실무 중심의 사고 예방 사례집을 완성해 두고 싶어 합니다.,여자,73,배우자있음,비현역,배우자와 거주,단독주택,대학원,공학·제조·건설,그 외 산업 안전 및 위험 관리원,대구-군위군,대구,대한민국
dc14e14f2add4faba253f634292c5a1f,"이지영 씨는 강원도 영월의 거친 땅을 평생 일궈온 베테랑 농부이자 살림꾼으로, 제철 나물을 구분하고 장을 담그는 일에는 누구보다 엄격한 기준을 가지고 집안을 운영합니다.","이지영 씨는 매일 아침 무릎 상태를 살피며 마을 입구까지 천천히 산책하고, 텃밭에서 깻잎과 고추 사이의 잡초를 하나하나 뽑아내며 체력을 유지합니다.","이지영 씨는 마당 구석구석에 어떤 작물이 잘 어울릴지 고민해 배치하는 정원 가꾸기를 즐기며, 낡은 가구들을 적재적소에 재배치해 집안 효율을 높이는 노련한 감각을 발휘합니다.","이지영 씨는 자녀들과 함께 강원도의 깊은 산세나 탁 트인 풍경을 찾아다니며, 차창 밖으로 스쳐 지나가는 초록빛 숲을 가만히 응시하는 것만으로도 충분한 휴식을 얻습니다.","이지영 씨는 2주에 한 번 가족들과 함께 갈비찜 같은 고기 요리를 외식으로 즐기고, 일주일에 몇 번은 배달로 주문한 빵을 곁들여 오후의 한때를 보냅니다.","이지영 씨는 사별 후 친인척들과 함께 단독주택에서 북적이며 살아가며, 명절에 내려올 손주들에게 먹일 정갈한 나물 반찬과 고기 요리를 미리 준비하는 일에서 가장 큰 보람을 찾습니다.","이지영 씨는 영월의 자연과 함께 나이 들어온 85세의 실용적인 어르신으로, 텃밭 가꾸기와 이웃과의 교류, 그리고 가족에 대한 사랑으로 일상을 채워갑니다.","영월의 깊은 산세 속에서 나고 자라며 척박한 땅을 일궈온 세월이 몸에 배어 있습니다. 초등학교 졸업 후 곧바로 가사와 농사일에 뛰어들었기에, 책 속의 지식보다는 계절의 변화와 흙의 촉감으로 세상을 배우며 살아온 실용적인 태도를 가지고 있습니다.","마당 구석구석 어떤 작물이 잘 자랄지 훤히 꿰뚫고 있으며, 제철 나물을 무치고 장을 담그는 손맛이 일품입니다. 집안의 낡은 가구들을 적재적소에 배치해 효율적으로 살림을 꾸리는 노련한 안목을 갖추고 있습니다.","['제철 나물 무침 및 전통 장 담그기', '텃밭 작물 재배 및 병충해 관리', '효율적인 농가 살림 살이', '마을 공동체 내 갈등 중재']","집 뒤편 작은 텃밭에서 깻잎과 고추를 가꾸며 잡초를 뽑아내는 시간에 가장 마음이 편안합니다. 마을 회관에 들러 이웃들과 소소한 동네 소식을 나누고, 가끔 읍내 빵집에서 달콤한 단팥빵을 사다 드시는 소소한 즐거움을 누립니다.","['텃밭 채소 가꾸기', '마을 회관 이웃들과의 담소', '영월강변 산책로 걷기', '동네 빵집 단팥빵 쇼핑']",거창한 성취보다는 매일 아침 무릎 통증 없이 마을 입구까지 가볍게 산책하는 일상을 유지하는 것에 집중합니다. 손주들이 명절에 내려왔을 때 넉넉하게 먹일 수 있는 정갈한 상차림을 준비하는 것이 현재의 가장 큰 보람입니다.,여자,85,사별,비현역,친인척과 거주,단독주택,초등학교,해당없음,무직,강원-영월군,강원,대한민국
2dfa83d399014dacbd6bfac48cbe2395,"전수민 씨는 연천군 농업 경영체의 살림꾼으로, 복잡한 정부 보조금 신청 서류를 막힘없이 처리하고 엑셀 시트에 원 단위까지 세밀하게 기록하는 실무 능력을 갖추고 있습니다. 다만 업무 방식이 상황에 따라 움직이는 편이라, 책상 위에는 처리해야 할 서류 뭉치들이 무질서하게 쌓여 있어 가끔 필요한 메모를 찾는 데 한참이 걸리기도 합니다.","전수민 씨는 주말이면 가족들과 함께 배드민턴 라켓을 들고 인근 공원에서 땀을 흘리며 일주일간 쌓인 예민함을 털어냅니다. 필라테스 수업 시간에는 강사의 지시를 충실히 따르려 애쓰지만, 동작이 조금만 어려워지면 금세 집중력이 흐트러져 멍하니 천장을 바라보는 버릇이 있습니다.","전수민 씨는 육아와 업무로 지친 저녁, 유튜브에서 최신 요리 레시피나 인테리어 소품 영상을 찾아보며 대리 만족을 느낍니다. 손재주가 좋아 집안 곳곳을 아기자기하게 꾸미려 노력하지만, 정작 정리정돈에는 서툴러 예쁜 소품들이 집안 여기저기에 어지럽게 흩어져 있습니다.","전수민 씨는 아이들의 에너지를 발산시키기 위해 가족 모두가 참여하는 체험형 레포츠 여행을 계획하고 실행합니다. 낯선 장소에 대한 불안감 때문에 미리 세부 일정표를 짜두지만, 막상 현장에서는 아이들의 돌발 행동이나 시부모님의 컨디션에 따라 일정을 쉽게 변경하는 유연함을 보입니다.","전수민 씨는 일주일에 한 번, 전곡리 일대의 일식집에서 정갈한 초밥 세트를 주문해 먹으며 일상의 소소한 행복을 만끽합니다. 평소에는 한식 고깃집에서 가족들과 배불리 먹는 것을 선호하며, 일주일에 한 번 배달 앱으로 떡볶이나 치킨을 시켜 먹으며 육아의 고단함을 달랩니다.","전수민 씨는 시부모님과 자녀 사이에서 갈등이 생기지 않도록 중간에서 말을 부드럽게 전달하는 완충제 역할을 수행합니다. 집안의 실질적인 결정권을 쥐고 합리적으로 이끌어가지만, 감정의 파도가 크게 오는 날에는 예민함이 극에 달해 가족들 앞에서 갑자기 침묵에 빠지기도 합니다.","전수민 씨는 연천군에서 농업 경리로 근무하며 대가족의 경제와 행정을 책임지는 34세 여성으로, 실용적인 판단력과 예민한 감수성을 동시에 지닌 인물입니다.","연천군 전곡읍의 한적한 분위기 속에서 대가족과 함께 살며, 시부모님과 자녀 사이의 가교 역할을 수행하는 동시에 집안의 실질적인 행정과 경제권을 쥐고 움직이는 생활 방식에 익숙합니다.","농업 경영체 등록부터 정부 보조금 신청까지 복잡한 행정 절차를 막힘없이 처리하며, 엑셀을 활용해 농장의 수입과 지출 내역을 원 단위까지 세밀하게 기록하고 관리합니다.","['농업 보조금 신청 및 행정 서류 작성', '엑셀 기반의 농가 지출 및 수입 관리', '법무 행정 서류 검토 및 처리', '농가 세무 신고 및 증빙 관리']","주말이면 전곡읍 인근의 필라테스 센터에서 굳은 몸을 풀며 마음의 긴장을 가라앉히고, 가끔 가족들과 함께 전곡리 일대의 일식집에서 정갈한 초밥 세트를 먹으며 소소한 행복을 느낍니다.","['기구 필라테스', '가족과 함께하는 배드민턴', '유튜브 레시피를 활용한 저녁 식사 준비', '지역 일식 맛집 탐방']","현재 맡은 경리 업무의 프로세스를 단순화하여 업무 효율을 높이고, 이를 통해 확보한 여유 시간으로 자녀의 교육 환경을 개선하거나 효율적인 자산 운용 방안을 찾는 것에 집중하고 있습니다.",여자,34,배우자있음,비현역,배우자·자녀·부모와 거주,단독주택,4년제 대학교,경영·행정·법,경리 사무원,경기-연천군,경기,대한민국
f06f9e6e282b40e1adfcdf0d24263881,"이미숙 씨는 수십 년간 공공기관에서 근무하며 닳고 닳은 행정 전문가로, 까다로운 민원인이 소리를 질러도 눈 하나 깜빡하지 않고 관련 법령 조항을 조목조목 짚어주는 냉철함을 가졌습니다. 요즘은 퇴직 전 자신의 모든 실무 노하우를 담은 업무 매뉴얼을 정리하는 데 집착하며, 후배들이 같은 실수를 반복하지 않도록 꼼꼼하게 가이드라인을 작성하고 있습니다.",이미숙 씨는 거창한 운동보다는 해 질 녘 유성구의 조용한 주택가 골목을 천천히 산책하며 하루의 스트레스를 털어내는 시간을 소중히 여깁니다. 베란다 텃밭의 상추와 방울토마토가 시들지 않게 매일 아침 분무기로 물을 뿌려주는 정성스러운 관리가 그녀에게는 가장 편안한 신체 활동입니다.,이미숙 씨는 화려한 전시회보다는 거실 소파에 기대어 TV 프로그램의 자막 하나하나를 유심히 살피거나 유튜브에서 정원 가꾸기 영상을 찾아보며 시간을 보냅니다. 가끔은 온라인 쇼핑몰에서 예쁜 화분이나 원예 도구를 구경하며 베란다 정원을 어떻게 더 조화롭게 배치할지 구상하는 일에 몰두합니다.,"이미숙 씨는 가족들과 함께 전국 각지의 숨은 맛집을 찾아다니는 식도락 여행을 가장 좋아하며, 방문 전 반드시 블로그 리뷰와 메뉴 구성, 주차 가능 여부를 철저히 조사해 경로를 짭니다. 단순히 유명한 곳보다는 현지인들이 즐겨 찾는 정갈한 한정식집이나 오래된 노포를 찾아다니는 것을 즐깁니다.","이미숙 씨는 대전의 성심당 같은 유명 빵집의 신제품이 나오면 가족들과 함께 줄을 서서라도 맛보는 빵 투어를 즐기며, 평소에는 나물이나 두부 위주의 정갈한 한식을 선호합니다. 배달 음식의 자극적인 맛과 일회용품 쓰레기를 싫어해 한 달에 한 번 정도만 아주 신중하게 메뉴를 골라 주문합니다.","이미숙 씨는 배우자와 자녀들에게 잔소리를 아끼지 않는 엄격한 면이 있지만, 결정적인 순간에는 가족들의 의견을 존중하고 조용히 뒤에서 챙겨주는 든든한 버팀목 역할을 합니다. 주말이면 함께 식탁에 둘러앉아 도란도란 이야기를 나누는 시간을 무엇보다 중요하게 생각하며, 가족 간의 화목을 위해 세심하게 분위기를 살핍니다.","이미숙 씨는 유성구에서 공직 생활을 하며 쌓은 절제미와 합리성을 바탕으로, 베란다 텃밭과 빵집 투어라는 소소한 기쁨을 누리는 외유내강형의 50대 여성입니다.",유성구의 차분한 주거 환경 속에서 공공행정직으로서의 절제된 삶과 합리적인 가계 관리를 조화롭게 유지하며 살아왔습니다.,"수십 년간 다져온 행정 실무 경험으로 복잡한 법적 절차를 실무에 맞게 효율적으로 적용하며, 갈등이 있는 민원 상황에서도 감정에 휘둘리지 않고 명확한 대안을 제시합니다.","['정부 전자 문서 시스템 숙달', '행정 절차법 기반의 규정 검토 및 적용', '부서 간 이해관계 조율 및 협상', '효율적인 공공 예산 집행 및 관리']","베란다에 작은 상추와 방울토마토 텃밭을 가꾸며 소소한 수확의 기쁨을 느끼고, 주말이면 가족과 함께 대전의 유명한 빵집들을 돌아다니며 새로운 메뉴를 맛보는 시간을 즐깁니다.","['베란다 텃밭 채소 가꾸기', '갑천변 산책로 걷기', '전국의 숨은 나물 정식 맛집 탐방', '건강 관리 관련 유튜브 영상 시청']","퇴직 전까지 그동안 쌓은 행정 노하우를 체계적으로 매뉴얼화하여 후배들이 시행착오를 줄일 수 있도록 돕고, 명예롭게 공직 생활을 마무리하는 것에 집중하고 있습니다.",여자,57,배우자있음,비현역,배우자·자녀와 거주,아파트,4년제 대학교,경영·행정·법,국가행정 사무원,대전-유성구,대전,대한민국
55d37bfad4d94de5b72f965bbaef7687,"이희숙 씨는 정식 직업은 없지만, 수십 년간 강진의 살림꾼으로 활약하며 꼬막무침과 갓김치를 기가 막히게 버무려내는 손맛 전문성을 갖추고 있습니다. 이희숙 씨는 고장 난 밥솥이나 전등 같은 낡은 가전제품을 투박한 손으로 뚝딱 고쳐 쓰며 실용적인 생활의 지혜를 발휘합니다.","이희숙 씨는 오후의 나른함을 이기지 못해 텔레비전 소리를 자장가 삼아 낮잠을 청하다가, 해가 질 무렵 아파트 단지 주변을 천천히 산책합니다. 이희숙 씨는 격렬한 운동보다는 무릎에 무리가 가지 않는 선에서 동네 한 바퀴를 도는 정도로 몸을 움직입니다.",이희숙 씨는 거실의 낡은 텔레비전 앞에 앉아 일일 드라마의 전개에 일희일비하며 시간을 보내는 것이 가장 큰 낙입니다. 이희숙 씨는 화려한 예술 작품보다는 읍내 시장의 북적거림과 친구들과 나누는 수다 속에서 삶의 생동감을 느낍니다.,이희숙 씨는 명절이나 가족 모임 때 자녀들의 손을 잡고 다산초당이나 고산 윤선도의 유적지 같은 역사적인 장소를 느릿하게 거닙니다. 이희숙 씨는 낯선 곳으로의 모험보다 익숙한 가족들과 함께 과거의 흔적을 살피며 마음의 평안을 찾습니다.,이희숙 씨는 일주일에 한 번 강진읍내 식당에서 나물 반찬이 정갈하게 나오는 보리밥 정식을 먹으며 친구들과 밀린 이야기를 나눕니다. 이희숙 씨는 보름에 한 번 정도는 손주들이 좋아하는 바삭한 치킨을 배달시켜 먹으며 입맛의 변화를 즐깁니다.,"이희숙 씨는 사별 후 적막한 아파트에서 홀로 지내지만, 가끔 찾아오는 자녀와 손주들을 위해 갓 담근 김치를 정성껏 챙겨줍니다. 이희숙 씨는 자녀들에게 폐를 끼치고 싶지 않다는 강한 독립심을 가지고 있으면서도, 전화 한 통 없는 날에는 깊은 외로움을 느낍니다.","이희숙 씨는 강진에서 홀로 아파트에 거주하며, 손맛 좋은 살림 솜씨와 고혈압에 대한 불안감을 동시에 안고 살아가는 70대 여성입니다.",강진의 갯내음과 흙내음이 섞인 환경에서 자라며 초등학교 시절 이후로는 살림과 육아라는 실전 공부에 매진해 왔습니다. 격변의 시대를 지나오며 몸에 밴 생활력과 전남 지역 특유의 넉넉한 정서가 깊게 배어 있습니다.,"정확한 계량컵보다는 눈대중과 손끝 감각으로 꼬막무침과 갓김치를 맛있게 버무려내며, 낡은 가전제품을 간단히 고쳐 쓰는 실용적인 재주가 있습니다.","['지역 제철 식재료를 활용한 남도 음식 조리', '손끝 감각을 이용한 김치 및 장아찌 담그기', '효율적인 가계부 관리와 장보기', '동네 어르신들 사이의 갈등 중재']","느지막이 일어난 오후에 텔레비전 소리를 배경 삼아 얕은 잠을 청하고, 일주일에 한 번은 읍내 식당에서 친구들과 나물을 곁들인 정식을 먹으며 시시콜콜한 이야기를 나눕니다.","['임영웅의 노래 가사 음미하며 듣기', '강진 다산초당 주변 천천히 걷기', '일일 드라마 전개 예측하며 시청하기', '자녀들과 함께하는 역사 유적지 나들이']","갑작스러운 건강 악화에 대한 불안감이 있어 매일 혈압을 꼼꼼히 체크하며, 자녀들에게 짐이 되지 않고 지금처럼 내 집에서 평온하게 노후를 보내는 것에 마음을 둡니다.",여자,74,사별,비현역,혼자 거주,아파트,초등학교,해당없음,무직,전라남-강진군,전라남,대한민국
f0ac82ea3db94fd28073cc9d9e44851a,"권성근 씨는 좁은 트럭 적재함에 박스를 빈틈없이 쌓아 올리던 물류 현장의 감각을 여전히 기억하며, 이제는 집 앞 아파트 경비실이나 동네 마트 배달원처럼 적당히 몸을 움직여 용돈을 벌 수 있는 소일거리를 찾고 있습니다. 삐걱거리는 문틀이나 고장 난 수도꼭지를 공구함 하나로 뚝딱 고쳐내는 손재주가 있지만, 정작 자신의 무직 상태가 주는 무료함은 고치지 못해 매일 오후를 무거운 정적 속에서 보냅니다.","권성근 씨는 거창한 운동보다는 오후의 깊은 낮잠이나 거실 소파에서의 휴식을 진정한 회복이라 믿으며, 가끔 가족들을 따라나선 여행지에서 산책로를 느릿하게 걷는 것으로 신체 활동을 대신합니다. 숨이 턱 끝까지 차오르는 격렬한 활동보다는 적당히 몸이 뻐근해질 정도의 가벼운 움직임을 즐기며, 무리한 활동 후에는 반드시 진한 커피 한 잔으로 피로를 풉니다.","권성근 씨는 평일 오후 거실 소파에 누워 지직거리는 화면 속의 옛날 영화를 틀어놓고 그 시절의 감상에 젖어드는 시간을 소중히 여깁니다. 화려한 최신 예술 작품보다는 눈에 보이는 실용적인 가치를 믿기에, 가끔 영화관을 찾아 관람하는 영화 역시 익숙한 서사와 투박한 감성이 담긴 작품들 위주로 선택합니다.",권성근 씨는 배우자와의 관계가 서먹해진 지금도 명절이나 특별한 날이면 가족들과 함께 강원도나 남해의 한적한 바닷가를 찾아 탁 트인 풍경을 바라보며 마음의 짐을 내려놓습니다. 정해진 일정표대로 움직이는 패키지 여행보다는 발길 닿는 대로 걷다 마음에 드는 나무 아래서 한참을 머무는 느긋한 여행 방식을 고수합니다.,"권성근 씨는 2주에 한 번 정도 서구청 인근의 단골 삼겹살집을 찾아 지글지글 익어가는 고기에 소주를 곁들이며 스트레스를 풀고, 가끔은 깔끔한 초밥이나 돈카츠 같은 일식으로 입가심을 합니다. 배달 음식은 한 달에 한 번 정도 치킨을 시켜 먹는 수준으로 드물며, 대부분의 식사는 냉장고에 있는 간단한 반찬과 밥으로 때우는 소박하고 단조로운 식단을 유지합니다.","권성근 씨는 배우자와 별거하며 인천 서구의 아파트에서 홀로 지내고 있지만, 가끔 자녀들의 전화를 받거나 손주들을 만나러 갈 때면 평소의 무뚝뚝한 모습은 사라지고 넉살 좋은 할아버지의 얼굴로 변합니다. 혼자 지내는 고요함에 익숙해졌으면서도, 문득 거실의 빈자리를 느낄 때면 서랍 속에 넣어둔 가족사진을 꺼내 보며 짧은 한숨을 내뱉곤 합니다.","권성근 씨는 인천 서구의 투박한 공단 정서와 물류 현장의 성실함을 몸에 익힌 50대 남성으로, 현재는 별거의 외로움과 무직의 무료함을 옛 영화와 동창들과의 술자리로 달래며 소박한 재취업을 꿈꾸는 현실적인 인물입니다.",인천 서구의 공단 지역 분위기 속에서 성장하며 실용적이고 눈에 보이는 가치를 중시하는 성향이 형성되었습니다. 배우자와 별거하며 혼자 지내는 시간이 많아지면서 청라호수공원 벤치에 앉아 지나가는 사람들을 구경하며 무료함을 달래는 일상이 익숙해졌습니다.,오랜 시간 물류 현장에서 일하며 좁은 공간에 최대한 많은 짐을 효율적으로 쌓는 적재 노하우를 몸으로 익혔습니다. 집안의 삐걱거리는 문틀이나 물이 새는 수도꼭지 정도는 공구함만 있으면 능숙하게 손봐서 사용합니다.,"['물류 창고 재고 관리', '효율적인 적재 동선 설계', '간단한 가정 내 시설 보수', '현장 인력 간의 갈등 조율']","주말이면 고교 동창들과 서구청 인근 삼겹살집에서 소주잔을 기울이며 옛이야기를 나누고, 평일 오후에는 거실 소파에 누워 옛날 영화를 틀어놓은 채 깊은 낮잠에 빠지곤 합니다.","['청라호수공원 풍경 감상', '고교 동창들과의 술자리', '거실에서 TV 영화 시청', '동네 일식집에서 초밥 먹기']","이제 와서 거창한 성공을 꿈꾸기보다, 집 근처 아파트 단지의 보안 요원이나 소규모 마트 배달직처럼 적당히 몸을 움직여 용돈을 벌 수 있는 안정적인 소일거리를 찾고 있습니다.",남자,50,배우자있음,비현역,혼자 거주 (배우자 별거),아파트,고등학교,해당없음,무직,인천-서구,인천,대한민국
880388a5fceb415f94160b512e3604c1,"정혜원 씨는 대전의 관제소에서 레이더 화면 속 선박들의 궤적을 정밀하게 분석하며 단 한 건의 충돌도 허용하지 않는 무결점의 하루를 만드는 데 집중합니다. 정혜원 씨는 공학적 지식을 발휘해 복잡한 시스템 오류를 빠르게 해결하며, 불필요한 절차를 줄여 퇴근 후 아이들과 보낼 시간을 확보하려 노력합니다.",정혜원 씨는 주말이면 아이들의 손을 잡고 식장산 전망대까지 가벼운 트레킹을 하며 땀을 흘리는 시간을 즐깁니다. 정혜원 씨는 거창한 운동 계획을 세우기보다 가족과 함께 야외에서 몸을 움직이는 레포츠 활동을 통해 일상의 활력을 얻습니다.,정혜원 씨는 거실 소파에 깊숙이 파묻혀 유튜브로 최신 가젯 리뷰를 챙겨보거나 어린 시절부터 익혀온 전략 시뮬레이션 게임의 복잡한 유닛 배치를 고민하며 밤을 보냅니다. 정혜원 씨는 음악 감상이나 TV 시청으로 머릿속을 비워내며 정적인 휴식과 지적인 유희를 동시에 챙깁니다.,정혜원 씨는 가족 모두가 참여할 수 있는 스포츠 중심의 여행지를 선택해 함께 땀 흘리고 즐기는 일정을 짭니다. 정혜원 씨는 유명 관광지를 훑는 여행보다 아이들과 함께 활동적인 체험을 할 수 있는 곳으로 목적지를 정해 떠납니다.,정혜원 씨는 일주일에 한 번 외식 메뉴로 고기 대신 나물이 가득 들어간 비빔밥을 선택해 건강한 한 끼를 챙깁니다. 정혜원 씨는 배달 음식을 시킬 때는 고민 없이 바삭한 치킨을 주문해 가족들과 함께 나누어 먹는 소소한 즐거움을 누립니다.,"정혜원 씨는 다정한 남편이자 아빠지만, 집안의 서류 뭉치나 잡동사니를 제자리에 두지 않아 아내에게 매일같이 잔소리를 듣는 덜렁이입니다. 정혜원 씨는 퇴근 후 아이들의 눈높이에서 함께 대화하며 심리적 여유를 찾으려 노력하는 다정한 성격입니다.","정혜원 씨는 대전에서 근무하는 베테랑 선박교통 관제사로, 철저한 업무 능력과 달리 집에서는 정리정돈에 서툰 인간적인 면모를 지닌 40대 가장입니다.","대전 동구의 오래된 골목 정서와 현대적인 도시 분위기가 섞인 환경에서 생활하며, 대학원 시절의 학구적인 분위기보다는 실질적으로 작동하는 시스템의 효율성을 신뢰합니다. 90년대 말 PC 통신부터 시작해 디지털 전환기를 거쳐온 세대로서 기기 조작에 능숙하지만, 정작 집안의 서류 뭉치나 잡동사니를 정리하는 일에는 서툴러 아내의 잦은 핀잔을 듣곤 합니다.",레이더 화면 속 수많은 선박의 움직임을 실시간으로 분석해 충돌 위험을 미리 예측하고 안전한 항로를 지정하는 정밀한 관제 능력을 갖추고 있습니다. 공학적 기반 지식을 활용해 복잡한 해상 교통 시스템의 기술적 오류를 빠르게 잡아내고 현장에 즉각 적용 가능한 해결책을 제시합니다.,"['실시간 해상 교통 흐름 분석', '선박 충돌 예방 및 항로 관제', '항만 시스템 기술 운용', '공학적 설계 도면 및 기술 문서 해석', '긴급 상황 무선 통신 대응']","주말이면 가족들과 식장산 전망대까지 가벼운 트레킹을 다녀오거나 근처 한식집에서 나물 비빔밥을 즐겨 먹습니다. 평일 밤에는 거실 소파에 깊숙이 파묻혀 유튜브로 최신 IT 기기 리뷰 영상을 보거나, 오래전부터 즐겨온 전략 시뮬레이션 게임을 하며 하루의 긴장을 해소합니다.","['식장산 가족 트레킹', '전략 시뮬레이션 PC 게임', '최신 가전제품 리뷰 영상 시청', '동네 단골집 비빔밥 외식', '일요일 오후의 긴 낮잠']","조직 내에서의 급격한 승진이나 화려한 성과보다는, 자신이 담당하는 관제 구역에서 단 한 건의 사고도 발생하지 않는 무결점의 일상을 유지하는 것에 가치를 둡니다. 업무 프로세스를 조금 더 간결하게 개선해 퇴근 후 아이들과 함께 시간을 보낼 수 있는 심리적 여유를 확보하는 것이 가장 큰 관심사입니다.",남자,42,배우자있음,비현역,배우자·자녀와 거주,아파트,대학원,공학·제조·건설,선박교통 관제사,대전-동구,대전,대한민국
9b843936d6134f2d997fd5eb6488e3e9,"김정원 씨는 사천의 요양원 현장에서 어르신들의 눈빛 하나, 손떨림 한 번만 보고도 컨디션 난조를 알아채는 베테랑 요양 보호사입니다. 때로는 책임감이 과해 퇴근 후에도 담당 어르신의 상태가 걱정되어 잠을 설치곤 하지만, 현장에서의 유연한 대처 능력만큼은 동료들 사이에서도 인정받습니다.",김정원 씨는 거창한 운동 대신 집 마당에서 반려견과 함께 동네 한 바퀴를 천천히 산책하며 하루의 피로를 풉니다. 요양 보호 업무로 인해 손목과 허리에 무리가 갈 때면 틈틈이 스트레칭을 하며 굳은 몸을 돌봅니다.,김정원 씨는 정적인 전시회보다는 거실 소파에 누워 최신 유행하는 한국 드라마를 정주행하거나 유튜브의 건강 정보 영상을 보는 시간을 가장 아낍니다. 가끔 친구들과 모여 수다를 떨며 세상 돌아가는 이야기를 나누는 것이 그녀에게는 가장 큰 문화 생활입니다.,김정원 씨는 주말이면 가족들을 태우고 진주나 창원의 유명한 빵집을 찾아다니며 맛있는 빵을 쇼핑하는 소소한 여행을 즐깁니다. 낯선 해외 여행지보다는 익숙한 경남 지역의 숨은 맛집과 예쁜 카페를 찾아다니는 실속형 나들이를 즐깁니다.,"김정원 씨는 고기보다는 나물이나 생선 위주의 깔끔한 한식 식단을 즐기며, 주 2~3회 가족들과 함께 외식을 하며 유대감을 쌓습니다. 특히 빵에 진심이라 진주의 유명 베이커리에서 갓 구운 소금빵이나 단팥빵을 잔뜩 사 들고 오는 것이 일주일의 낙입니다.","김정원 씨는 사천의 단독주택에서 남편, 자녀와 함께 북적이며 살아가며, 투박하지만 깊은 애정으로 가족들을 챙깁니다. 자녀들의 성장을 위해 자신의 욕심은 뒤로 미뤄두는 헌신적인 어머니지만, 가끔은 남편의 무심한 태도에 서운함을 느끼며 혼자 삭이곤 합니다.","김정원 씨는 사천에서 요양 보호사로 일하며 가족을 위해 헌신하는, 실속 있고 책임감 강한 40대 어머니입니다.","사천의 한적한 주택가에서 이웃들과 소소한 정을 나누며 살아가며, 겉치레보다는 실속 있는 생활 방식을 지향합니다. 고등학교 졸업 후 빠르게 사회생활을 시작해 가정을 꾸려온 만큼, 현실적인 생계 감각과 가족을 향한 책임감이 깊게 배어 있습니다.","요양 보호사로서 어르신들의 신체적 불편함을 세밀하게 읽어내어 돕는 숙련된 케어 능력과, 예상치 못한 돌발 상황에 유연하게 대처하는 현장 적응력을 갖추고 있습니다. 특히 대상자의 작은 안색 변화나 말투에서 건강 이상 징후를 빠르게 포착하는 감각이 좋습니다.","['거동 불편 대상자 체위 변경 및 이동 보조', '당뇨 및 고혈압 환자 맞춤형 식단 관리', '대상자 정서적 안정을 위한 공감 대화법', '가정 내 위생 관리 및 주변 환경 정돈']",주말이면 가족들과 함께 진주나 창원 쪽으로 나가 유명한 빵집의 메뉴를 하나씩 맛보는 소소한 외출을 즐깁니다. 집에서는 반려견의 털을 빗겨주거나 유튜브에서 건강 관리법 영상을 찾아보며 조용히 휴식을 취합니다.,"['근교 지역 유명 베이커리 투어', '반려견과 함께하는 동네 산책', '유튜브 건강 상식 및 생활 팁 시청', '가족과 함께하는 대형 마트 쇼핑']","현재의 직무에서 성실함을 인정받아 안정적인 고용 상태를 유지하는 것에 집중하며, 시간이 날 때 관련 심화 교육을 이수해 전문성을 보완하고자 합니다. 무리한 직급 상승보다는 정년까지 큰 탈 없이 일하며 자녀들의 성장을 뒷받침하는 것을 현실적인 목표로 삼고 있습니다.",여자,47,배우자있음,비현역,배우자·자녀와 거주,단독주택,고등학교,해당없음,요양 보호사,경상남-사천시,경상남,대한민국
94fee63df38942818105418bf155ff52,"장윤희 씨는 울산의 한 건축 설계 사무소에서 인허가 서류의 쉼표 하나까지 꼼꼼하게 챙기며, 동료들이 놓치기 쉬운 법규 변경 사항을 조용히 메모해 전달하는 사무실의 살림꾼입니다. 책상 위에 서류 폴더를 색깔별로 완벽하게 분류해두고 업무를 처리하지만, 가끔 너무 완벽을 기하려다 퇴근 시간이 훌쩍 지나버리는 고집스러운 면이 있습니다.",장윤희 씨는 주말마다 등산화 끈을 꽉 조여 매고 영남알프스 가지산이나 신불산의 능선을 천천히 오르며 일주일 동안 쌓인 마음의 짐을 비워냅니다. 땀을 푹 뺀 뒤에는 동네 단골 사우나의 뜨거운 온탕에 몸을 담그고 멍하니 시간을 보내는 순간을 일주일 중 가장 기다립니다.,"장윤희 씨는 퇴근 후 침대 위에 엎드려 네이버 웹툰의 로맨스 판타지 장르를 정주행하며 현실의 피로를 잊고, 모바일 게임 속 자신의 캐릭터를 정성껏 꾸미는 일에 몰두합니다. 매일 정해진 시간에 수행해야 하는 일일 퀘스트를 하나라도 놓치면 찝찝함에 잠을 이루지 못하는 강박적인 취향을 가지고 있습니다.","장윤희 씨는 부모님을 모시고 전주나 담양 같은 식도락 여행지를 찾아다니며, 지역 특산물로 만든 정갈한 한정식 차림을 함께 나누는 시간을 즐깁니다. 여행 계획을 짤 때 엑셀 파일로 시간 단위의 일정표를 만들어 공유하지만, 정작 현지에서 예상치 못한 맛집 줄 서기 상황이 닥치면 당황하며 안절부절못합니다.","장윤희 씨는 한 달에 한 번 정도 가족들과 함께 울산 남구의 유명한 돼지갈비 집을 찾아 외식을 하며, 평소에는 집 근처 분식집에서 떡볶이와 김밥 한 줄로 가벼운 끼니를 해결합니다. 이주일에 한 번 배달 앱으로 치킨을 시켜 먹으면서도, 플라스틱 용기가 쌓이는 것을 보기 싫어 식사 후 곧바로 설거지와 분리수거를 완벽하게 끝내야 직성이 풀립니다.","장윤희 씨는 매주 토요일이면 부모님 댁을 방문해 밀린 빨래를 돕고 냉장고 속 유통기한 지난 식재료를 정리하며 자식으로서의 도리를 다하는 것에 큰 가치를 둡니다. 무뚝뚝한 성격 탓에 애정 표현은 서툴지만, 부모님이 좋아하시는 제철 과일을 잊지 않고 챙겨가는 세심함으로 가족들의 깊은 신뢰를 받고 있습니다.","장윤희 씨는 울산 남구에서 자가 주택을 보유한 채 건축 설계 사무소의 살림꾼으로 일하며, 영남알프스 등산과 웹툰으로 스트레스를 해소하는 정갈하고 책임감 강한 40대 미혼 여성입니다.","장윤희 씨는 울산 남구의 조용한 다세대주택 단지에서 자신만의 정갈한 질서를 세워 생활하며, 매주 주말이면 부모님 댁에 들러 집안일을 돕고 함께 식사하며 가족 간의 유대감을 확인하는 시간을 가장 소중하게 여깁니다.","건축 설계 사무소의 복잡한 인허가 서류와 법적 증빙 자료들을 한 치의 오차 없이 분류하고 관리하며, 동료들이 놓치기 쉬운 세세한 법규 변경 사항을 꼼꼼하게 챙겨 업무의 공백을 메웁니다.","['건축 인허가 서류 체계적 분류', '최신 관련 법규 업데이트 및 적용', '행정 절차 누락 방지 체크리스트 운용', '사무실 운영 비용 및 소모품 정밀 관리']","주말이면 영남알프스 등산로를 천천히 걸으며 일주일 동안 쌓인 마음의 짐을 털어내고, 퇴근 후 집에서는 침대에 누워 웹툰을 정주행하거나 모바일 게임의 일일 퀘스트를 완벽하게 클리어하며 소소한 성취감을 얻습니다.","['영남알프스 둘레길 산책', '네이버 웹툰 최신화 정주행', '모바일 수집형 게임 퀘스트 수행', '가족과 함께하는 전라도 지역 맛집 탐방', '동네 사우나에서 즐기는 반신욕']","현재의 안정적인 소득과 자가 주택을 잘 유지하면서, 사무실 내에서 누구도 대체할 수 없는 '가장 정확한 살림꾼'으로 신뢰받으며 정년까지 평온하게 직장 생활을 이어가는 것이 목표입니다.",여자,46,미혼,비현역,혼자 거주,다세대주택,고등학교,해당없음,그 외 법률 관련 사무원,울산-남구,울산,대한민국
4df86b5d4f19476d9bc234b9aca307ec,"정명자 씨는 젊은 시절 전문대학을 졸업하고 사회생활을 하며 다진 꼼꼼한 일 처리 능력을 여전히 자랑스럽게 여기며, 집안의 모든 대소사를 계획적으로 관리하는 생활 전문가로서의 면모를 보입니다.","정명자 씨는 무리한 운동 대신 도봉산의 흙길을 천천히 밟으며 건강을 유지하고, 매주 목요일이면 단골 사우나에서 뜨거운 탕에 몸을 담그며 친구들과 수다를 떠는 것으로 일주일의 피로를 풉니다.",정명자 씨는 아침에 눈을 뜨자마자 유튜브로 임영웅의 노래 영상을 틀어놓고 가사를 조용히 따라 부르며 하루를 시작하는 소박한 음악적 취향을 가지고 있습니다.,"정명자 씨는 자녀들의 손을 잡고 경주 불국사나 부여 낙화암 같은 유적지를 방문해 옛이야기를 나누는 여행을 즐기며, 화려한 관광지보다 고즈넉한 분위기가 흐르는 장소에서 마음의 평안을 찾습니다.","정명자 씨는 제철 나물을 무쳐 담백한 식단을 차리는 데 능숙하며, 손주들이 놀러 오는 날이면 미리 메모해 둔 도봉구 근처의 정갈한 일식집으로 데려가 정성스러운 식사를 대접합니다.","정명자 씨는 사별 후 혼자 지내며 적막함을 느끼기도 하지만, 방학 때면 집안을 가득 채우는 손주들의 웃음소리를 기다리며 아이들이 좋아할 간식을 미리 준비하는 다정한 할머니입니다.","정명자 씨는 도봉산 자락에서 평생을 살아오며 꼼꼼한 살림 솜씨와 단정한 성품을 유지하고, 소박한 일상 속에서 가족과 친구들과의 유대를 소중히 여기는 70대 여성입니다.","도봉산 자락의 한적한 동네에서 오래 살며 서울의 팽창을 지켜보았고, 전문대학을 졸업하며 당시 여성으로서는 드물게 전문 지식을 쌓아 사회생활을 했던 기억이 삶의 자부심으로 남아 있습니다.","가계부를 십 원 단위까지 꼼꼼하게 기록해 집안 살림을 효율적으로 꾸려왔으며, 제철 식재료를 활용해 자극적이지 않고 담백한 나물 반찬을 만드는 데 능숙합니다.","['가계부 작성 및 효율적인 자금 관리', '제철 나물 및 한식 밑반찬 조리', '동네 경로당 회계 및 명부 정리', '스마트폰을 활용한 유튜브 영상 검색 및 시청']","임영웅의 노래가 나오는 유튜브 영상을 보며 하루를 시작하고, 매주 목요일이면 단골 사우나에서 친구들과 만나 소소한 일상을 나눕니다. 가족들과 함께 경주 불국사나 부여 낙화암 같은 유적지를 천천히 둘러보는 여행에서 마음의 평온을 얻습니다.","['임영웅 노래 감상 및 영상 시청', '도봉구 내 단골 사우나 방문 및 친목 도모', '경주, 부여 등 국내 역사 유적지 답사', 'TV 건강 정보 프로그램 시청 및 실천']","공복 혈당 관리를 위해 매일 도봉산 둘레길을 걷는 습관을 유지하고, 손주들이 방학 때 찾아오면 함께 갈 수 있는 정갈한 일식집 목록을 미리 메모해 둡니다.",여자,77,사별,비현역,혼자 거주,다세대주택,2~3년제 전문대학,해당없음,무직,서울-도봉구,서울,대한민국
b4d8a344c8314d4cba10f15dff650e54,최지은 씨는 법학과 경영학 전공 지식을 활용해 복잡한 보험 약관의 독소 조항을 찾아내거나 부동산 계약서를 꼼꼼하게 분석해 주변 지인들의 실무적인 고민을 해결해 줍니다. 현재는 전일제 직장으로의 갑작스러운 복귀보다는 집에서 할 수 있는 행정 사무 대행이나 소규모 상담 업무를 통해 천천히 사회적 소속감을 되찾으려는 계획을 세우고 있습니다.,최지은 씨는 주말마다 성북천 주변의 한적한 길을 천천히 걸으며 복잡한 마음을 정리하고 신체 활동량을 채웁니다. 가끔은 가족들과 함께 롯데월드 같은 놀이공원을 방문해 넓은 부지를 돌아다니며 활동적인 시간을 보내는 것으로 일상의 활력을 얻습니다.,"최지은 씨는 국립현대미술관의 기획 전시를 찾아다니며 작품이 주는 정적인 분위기 속에서 심리적 위안을 얻는 시간을 즐깁니다. 예술적 이론을 파고들기보다 작품이 주는 직관적인 느낌과 전시 공간이 주는 쾌적함에 집중하며, 마음에 드는 작품 앞에서는 한참을 머물며 사진으로 기록을 남깁니다.",최지은 씨는 가족들과 함께 지역 축제가 열리는 곳이나 문화 예술 공연장이 있는 도시로 짧은 여행을 떠나 현지의 정취를 만끽합니다. 유명한 지역 맛집을 미리 리스트업하고 쾌적한 숙소를 예약하는 등 세부적인 일정을 꼼꼼하게 짜는 과정에서 성취감을 느낍니다.,최지은 씨는 평일 저녁이면 도미노피자의 프리미엄 피자나 맘스터치의 버거 세트를 주문해 넷플릭스 드라마와 함께 즐기는 시간을 하루 중 가장 기다립니다. 외식을 할 때는 지글지글 소리가 나는 삼겹살집이나 정갈한 한정식집을 찾아 가족들과 풍성한 식사를 나누며 유대감을 다집니다.,"최지은 씨는 이혼 후 마음이 잘 맞는 지인과 함께 오피스텔에서 거주하며 서로의 독립적인 영역을 존중하는 새로운 형태의 공동체 생활을 꾸려가고 있습니다. 동시에 친정 가족들과는 매우 긴밀한 관계를 유지하며, 주말마다 함께 시간을 보내는 것을 통해 정서적 안정감을 얻습니다.","최지은 씨는 성북구에 자가를 보유한 30대 후반의 전공자로서, 현재는 예술 향유와 휴식을 통해 삶의 균형을 찾으며 완만한 사회 복귀를 준비하는 현실적이고 세심한 성격의 소유자입니다.","성북동의 한적한 골목과 대학가 특유의 분위기에 익숙하며, 이혼 후 마음이 맞는 지인과 오피스텔에서 함께 생활하며 정서적 안정과 독립적인 일상을 동시에 꾸려가고 있습니다.","법학과 경영학 전공 지식을 바탕으로 복잡한 보험 약관이나 부동산 계약서를 꼼꼼하게 분석하며, 주변 사람들의 고민을 듣고 실무적인 해결책을 제시하는 데 능숙합니다.","['법률 및 행정 문서 분석', '효율적인 일정 및 예산 관리', '대인 관계 갈등 중재', '실무 중심의 문서 작성']","평일 저녁에는 넷플릭스로 최신 드라마를 몰아보며 도미노피자나 맘스터치 같은 배달 음식을 즐기고, 주말에는 가족과 함께 국립현대미술관 전시를 관람하거나 성북천 주변을 천천히 산책합니다.","['성북천 및 동네 골목 산책', '국립현대미술관 전시 관람', '넷플릭스 드라마 정주행', '지역 플리마켓 소품 쇼핑', '동네 삼겹살집 맛집 탐방']","급하게 전일제 직장으로 복귀하기보다, 자신의 전공 역량을 살려 재택으로 가능한 행정 사무 대행이나 소규모 상담 업무를 통해 사회적 소속감을 천천히 회복하고자 합니다.",여자,39,이혼,비현역,비친족 동거,주택 이외의 거처,4년제 대학교,경영·행정·법,무직,서울-성북구,서울,대한민국
fc20b43d4eb548a9be111fb6ec617a6f,"신의교 씨는 대리석 광택기 소음 속에서도 오염물의 성질을 단번에 파악해 세제를 배합하는 베테랑 건물 청소원입니다. 관악구 일대의 오피스텔과 소형 사무실을 전문으로 하는 대행 업체를 직접 차리겠다는 목표를 가지고, 동료들의 기분을 살피며 업무 강도를 유연하게 조절하는 현장 리더의 모습을 보입니다.",신의교 씨는 헬스장 같은 정형화된 운동 대신 남편과 남한산성 성곽길을 천천히 드라이브하고 걷는 것으로 체력을 유지합니다. 몸을 많이 쓰는 직업 특성상 격렬한 활동보다는 찜질방에서 식혜를 마시며 몸을 지지는 휴식을 진정한 회복이라 믿습니다.,신의교 씨는 퇴근 후 거실에 누워 유튜브로 옛날 무한도전 영상을 반복해서 보며 깔깔거리는 시간에서 가장 큰 정서적 위안을 얻습니다. 가끔은 친구들과 함께 서울의 고궁이나 문화유적지를 돌아다니며 옛 건축물들이 주는 묵직한 분위기를 감상하곤 합니다.,신의교 씨는 복잡한 해외여행보다는 남편이나 친구와 함께 서울 시내 구석구석을 누비는 시티투어 버스를 타는 것을 즐깁니다. 주말이면 차를 몰아 자연명승지로 떠나 탁 트인 풍경을 보며 일주일간 현장에서 쌓인 먼지와 스트레스를 씻어냅니다.,"신의교 씨는 굽네치킨의 고추바사삭을 주문해 놓고 예능 프로그램을 보는 것이 일주일 중 가장 기다려지는 낙입니다. 고기 구이보다는 나물이나 찌개 중심의 한식당에서 식사를 해결하는 경우가 많으며, 배달 앱의 단골 목록에는 이미 여러 치킨집과 백반집이 가득합니다.","신의교 씨는 관악구의 가파른 언덕길이 있는 동네에서 남편과 함께 오순도순 살아가며 서로의 든든한 버팀목이 되어주고 있습니다. 정규 교육보다는 삶의 현장에서 배운 정을 바탕으로, 남편의 사소한 투정까지 다 받아주는 너그러운 성격입니다.","신의교 씨는 관악구에서 건물 청소 전문가로 일하며 자가 주택을 보유한, 소탈하고 정이 많은 30대 후반의 여성입니다.","관악구의 가파른 언덕길과 다세대 주택들이 밀집한 환경에서 생활하며 몸으로 부딪히는 삶의 방식을 익혔습니다. 정규 교육 과정보다는 현장에서의 실무와 이웃들과의 끈끈한 정을 통해 세상을 배웠으며, 주변 사람들의 어려움을 그냥 지나치지 못하는 골목 문화의 정서를 가지고 있습니다.","대리석 광택 작업부터 산업용 고압 세척기 운용까지 건물 관리의 전 과정을 능숙하게 처리합니다. 오염물의 성질에 따라 어떤 세제를 배합해야 자재 손상 없이 얼룩을 지울 수 있는지 정확히 알고 있으며, 함께 일하는 동료들의 기분을 살피며 업무 강도를 유연하게 조절하는 능력이 탁월합니다.","['대리석 연마 및 광택 작업', '산업용 고압 세척기 운용', '오염원별 맞춤형 세제 배합', '현장 작업 인력 스케줄 관리']","주말이면 남편과 함께 남한산성 성곽길을 드라이브하며 숲 공기를 마시고, 저녁에는 집 근처 찜질방에서 식혜를 마시며 뭉친 근육을 풉니다. 퇴근 후에는 유튜브로 예전 무한도전 영상을 틀어놓고 굽네치킨 고추바사삭을 먹으며 하루의 스트레스를 날립니다.","['남한산성 성곽길 드라이브', '동네 찜질방에서 식혜 마시기', '유튜브 고전 예능 시청', '굽네치킨 고추바사삭 주문하기']",지금처럼 현장 경험을 탄탄히 쌓아서 나중에는 관악구 인근의 오피스텔과 소형 사무실을 전문으로 관리하는 소규모 청소 대행 업체를 직접 운영하며 독립적인 경제 활동을 이어가고 싶어 합니다.,여자,39,배우자있음,비현역,배우자와 거주,주택 이외의 거처,고등학교,해당없음,건물 청소원,서울-관악구,서울,대한민국
49c4247933cd4cb4adee5b74b6bdef37,"류은정 씨는 달성군청에서 민원인의 복잡한 요구사항을 명쾌하게 정리해 주는 베테랑 행정 사무원이며, 공문서의 오타 하나까지 잡아내는 철저함으로 후배들의 신뢰를 한 몸에 받습니다. 다만 타인의 편의를 먼저 생각하는 성격 탓에 정작 본인의 점심시간이나 휴식은 뒷전으로 미루고 업무를 처리하는 버릇이 있습니다.","류은정 씨는 집 근처 비슬산 자락의 완만한 산책로를 천천히 걸으며 하루의 잡념을 비워내고, 격렬한 운동보다는 몸에 무리가 가지 않는 가벼운 보행을 통해 건강을 관리합니다.","류은정 씨는 퇴근 후 거실 소파에 기대어 TV 프로그램의 정갈한 영상미를 감상하거나, 유튜브에서 대구 시내의 숨은 초밥집 정보를 수집하며 소소한 시각적 즐거움을 찾습니다.","류은정 씨는 고등학교 동창들과 함께 경주 황리단길의 오래된 한정식집이나 부산 해운대의 노포를 찾아다니며, 제철 식재료로 만든 정갈한 음식을 맛보는 식도락 여행에 몰두합니다.","류은정 씨는 일주일에 다섯 번 이상 가족들과 외식을 즐기며, 특히 달성군 근처의 질 좋은 한우 전문점에서 고기를 굽거나 대구 시내의 예약제 일식당에서 신선한 초밥을 먹는 시간을 가장 아낍니다.","류은정 씨는 남편과 자녀들이 함께 사는 아파트에서 가족의 화목을 최우선으로 여기며, 퇴근길에 정성스럽게 고른 일식 메뉴를 식탁에 올리며 자녀들과 소소한 일상을 공유합니다.","류은정 씨는 원칙과 배려를 동시에 갖춘 달성군의 베테랑 공무원으로, 정갈한 일식과 한식을 즐기며 가족 및 친구들과의 유대를 통해 삶의 평온을 찾는 50대 여성입니다.",달성군 비슬산 자락의 아파트 단지에서 오래 거주하며 지역 사회의 보이지 않는 질서와 이웃 간의 유대감을 중요하게 여깁니다. 대학 시절 법학을 전공하며 체득한 원칙 중심의 사고와 대구 지역 특유의 정직하고 무뚝뚝하지만 속 깊은 정서가 함께 녹아 있습니다.,"민원인의 까다로운 요구사항 속에서도 핵심을 빠르게 짚어내어 복잡한 행정 절차를 이해하기 쉽게 안내하며, 갈등이 격해지기 전에 상대의 기분을 살펴 상황을 유연하게 매듭짓습니다. 공문서의 오타 하나까지 잡아낼 만큼 꼼꼼한 일 처리 능력을 갖추고 있지만, 정작 본인의 휴식 시간은 제대로 챙기지 못하는 경향이 있습니다.","['복잡한 행정 법령의 실무 적용 및 해석', '민원인 갈등 중재 및 심리적 완충 역할', '정확하고 표준화된 공공 문서 작성', '효율적인 부서 내 일정 및 자원 관리']","주말마다 고등학교 동창들과 함께 경주나 부산의 유명한 노포를 찾아다니며 제철 식재료로 만든 한정식을 맛보는 여행을 즐깁니다. 평소에는 유튜브에서 대구 시내의 숨은 일식당이나 정갈한 초밥집 리스트를 저장해두고, 퇴근길에 가족들과 함께 방문해 소소한 대화를 나눕니다.","['전국 유명 노포 및 한정식 맛집 탐방', '동네 산책로를 따라 걷는 가벼운 유산소 운동', '유튜브를 통한 최신 외식 트렌드 및 식당 정보 수집', '가족과 함께하는 주말 외식 및 카페 나들이']",치열한 승진 경쟁에서 벗어나 후배 공무원들이 시행착오를 줄일 수 있도록 돕는 실무 가이드 역할을 하며 평온하게 공직 생활을 마무리하고자 합니다. 퇴직 후에는 그동안 미뤄왔던 개인적인 공부를 시작하며 사회적 지위가 아닌 온전한 개인으로서의 일상을 설계하는 것에 집중하고 있습니다.,여자,52,배우자있음,비현역,배우자·자녀와 거주,아파트,4년제 대학교,경영·행정·법,지방행정 사무원,대구-달성군,대구,대한민국
0ccfce1ba8cb48cab06295f8d1e35bf5,"이은경 씨는 성수동의 작은 공연장 대관부터 아티스트 섭외까지 모든 공정을 꼼꼼하게 챙기며, 행사 당일 음향 사고 같은 돌발 상황에서도 빠르게 예비 장비를 투입해 수습하는 베테랑 기획자입니다. 관객들이 공연 후 잔잔한 위로를 얻고 돌아가게 만드는 세심한 큐레이션에 집착하며, 지역 주민들이 일상에서 누릴 수 있는 고품격 클래식 소품집 시리즈를 구상하고 있습니다.","이은경 씨는 주말 아침이면 남편과 함께 아차산 둘레길의 흙냄새를 맡으며 걷고, 서울숲 산책로에서 계절의 변화를 살피며 복잡한 머릿속을 정리합니다. 평소 체력이 약해 금방 숨이 차오르기도 하지만, 가족들과 함께하는 등산만큼은 포기하지 않고 끝까지 완주하며 성취감을 느낍니다.","이은경 씨는 퇴근 후 넷플릭스의 범죄 다큐멘터리를 시청하며 현실적인 사건 해결 과정을 분석하고, 성수동 붉은 벽돌 거리의 갤러리들을 돌며 최신 전시의 시각적 흐름을 메모합니다. 화려한 기교보다 공간이 주는 정서적 안정감을 중시하며, 이를 자신이 기획하는 음악회의 무대 구성에 그대로 녹여내려 노력합니다.",이은경 씨는 가족들과 함께 강원도 양양이나 충남 예산의 온천으로 여행을 떠나 뜨거운 물에 몸을 담그고 일주일간의 업무 피로를 씻어내는 시간을 가장 아낍니다. 여행지를 정할 때 숙소의 청결도와 주변 식당의 실제 방문 후기를 꼼꼼하게 대조하며 실패 없는 가족 여행을 설계하는 계획성을 보입니다.,"이은경 씨는 2주에 한 번 가족들과 함께 동네 한우 전문점에서 육즙 가득한 등심을 구워 먹으며 대화를 나누고, 가끔 기분 전환이 필요할 때만 아이들이 좋아하는 두툼한 수제 버거를 주문합니다. 배달 음식은 거의 시키지 않으며 정성스럽게 차린 집밥의 온기를 유지하려 애쓰지만, 가끔 쌓인 설거지 더미를 보며 한숨을 쉬곤 합니다.","이은경 씨는 성동구 아파트에서 배우자와 자녀들을 위해 든든한 울타리가 되어주며, 아이들의 학교 생활과 사소한 고민을 세심하게 들어주는 다정한 어머니입니다. 가족 간의 조화를 중요하게 생각하여 명절이나 기념일이면 정성스러운 손편지를 쓰고 작은 이벤트를 준비하는 꼼꼼함으로 가족들의 신뢰를 받습니다.","이은경 씨는 성수동의 트렌드를 읽는 예리함과 가족을 향한 따뜻한 책임감을 동시에 가진, 현실적이고 세심한 공연 기획자입니다.","성수동의 붉은 벽돌 카페 거리와 서울숲 산책로가 일상이 된 환경에서, 유행하는 전시와 공연의 흐름을 기민하게 살피며 실질적인 트렌드를 분석하는 삶을 삽니다.","공연 대관부터 출연진 섭외, 예산 집행까지의 전 과정을 세밀하게 조율하며, 현장의 돌발 변수 속에서도 빠르게 현실적인 대안을 찾아내어 상황을 수습하는 능력이 탁월합니다.","['공연 제작 예산 최적화', '아티스트 섭외 및 매니지먼트', '공연장 대관 및 운영 관리', '제작 공정 일정 설계']","주말이면 가족들과 아차산 둘레길을 걷고, 평일 저녁에는 성수동 인근의 피부 관리 샵을 방문하거나 넷플릭스의 최신 다큐멘터리를 시청하며 하루의 긴장을 풉니다.","['아차산 등산 및 산책', '최신 피부 관리 및 에스테틱', '넷플릭스 다큐멘터리 시청', '가족과 함께하는 온천 여행']","단순한 상업적 흥행을 넘어, 관객들이 일상에서 실제로 위로를 얻을 수 있는 소규모 고품격 음악회 시리즈를 기획하여 지역 사회의 문화적 만족도를 높이는 성취를 이루고자 합니다.",여자,44,배우자있음,비현역,배우자·자녀와 거주,아파트,2~3년제 전문대학,해당없음,공연·영화 및 음반 기획자,서울-성동구,서울,대한민국
4d8f4bc608044123b6f860ab54705ee5,"최현택 씨는 공연장 구석에서 복잡한 조명 콘솔의 수치를 세밀하게 조정하며 무대 위의 공기를 바꾸는 조명기사로, 현장의 전기 사고를 빠르게 잡아내는 해결사 능력을 갖췄습니다. 협력 업체 직원들과의 관계를 매끄럽게 유지하면서도 필요한 큐시트의 변경 사항을 정확하게 관철시키는 노련함을 보입니다.","최현택 씨는 격렬한 운동보다는 주말이면 가족들과 남한산성 인근으로 가벼운 드라이브를 떠나 숲길을 걷는 정적인 활동에서 활력을 얻습니다. 평소 업무 특성상 무거운 장비를 옮기고 설치하는 육체적 노동이 많아, 여가 시간에는 최대한 몸의 긴장을 푸는 산책과 휴식을 선호합니다.","최현택 씨는 조명기사라는 직업적 관점에서 연극과 영화를 관람하며, 작품의 메시지보다 빛의 각도나 색온도가 배우의 감정선을 어떻게 살리는지를 먼저 분석하는 습관이 있습니다. 가끔은 분석적인 시각을 내려놓고 노래방에서 좋아하는 노래를 부르며 업무로 쌓인 스트레스를 해소합니다.",최현택 씨는 친목 모임 회원들과 함께 서울 시티투어 버스를 타고 도심의 랜드마크를 순회하며 계획된 경로를 따라 효율적으로 여행하는 것을 즐깁니다. 낯선 해외 여행지보다는 익숙한 도시의 새로운 면모를 발견하는 시내 관광에서 심리적 안정감과 만족감을 느낍니다.,"최현택 씨는 주 5회 이상 외식을 하며 가족들과 함께 정갈한 초밥 정식이나 나물 위주의 한식을 즐기지만, 배달 음식은 위생과 건강 문제로 몇 달에 한 번 시킬 정도로 꺼립니다. 혈당 관리를 위해 밥양을 줄이고 채소 위주로 식사하는 꼼꼼함을 보이지만, 술자리에서는 분위기에 휩쓸려 과음을 하는 모순적인 모습이 있습니다.","최현택 씨는 부모님과 처자식을 모두 부양하는 대가족의 가장으로서, 분당의 연립주택이라는 한정된 공간에서 발생하는 가족 간의 갈등을 중재하며 묵묵히 자신의 자리를 지킵니다. 아이들에게는 다정한 아빠가 되고 싶어 하지만, 때로는 가장으로서의 책임감에 짓눌려 쉽게 예민해지거나 걱정에 잠기곤 합니다.","최현택 씨는 분당에서 가족을 부양하며 성실하게 일하는 30대 후반의 조명기사로, 현실적인 안정과 가족의 행복을 최우선으로 여기는 실용주의자입니다.","분당의 계획도시 환경에서 성장하며 효율성과 체계적인 시스템에 익숙해졌지만, 현재는 연립주택에서 부모님과 처자식을 모두 부양하며 가장으로서의 현실적인 무게감을 견디고 있습니다. 디지털 전환기에 청소년기를 보내어 새로운 기기 도입에 거부감이 없으며, 실질적인 이득과 효율을 따지는 태도가 생활 전반에 스며들어 있습니다.","무대 조명 콘솔의 복잡한 프로그래밍을 통해 극의 흐름에 맞는 조도를 세밀하게 조절하며, 현장에서 발생하는 갑작스러운 전기 계통 오류를 빠르게 찾아내 해결합니다. 큐시트를 분석해 조명 전환 타이밍을 정확하게 맞추는 감각이 뛰어나며, 협력 업체와의 조율 과정에서 상대의 기분을 상하지 않게 하면서도 필요한 요구사항을 명확히 전달합니다.","['조명 콘솔 프로그래밍', '무대 전기 배선 및 안전 관리', '큐시트 분석 및 타이밍 설계', '현장 임기응변 및 장비 유지보수']","주말이면 가족들과 남한산성 인근으로 드라이브를 나가거나, 동호회 회원들과 함께 서울 시내 구석구석을 누비는 시티투어 버스 여행을 즐깁니다. 평소 식단 관리가 필요한 상태라 외식 때는 기름진 고기보다는 정갈한 초밥 정식이나 나물 위주의 한정식을 주로 선택하며, 스트레스가 쌓인 날에는 혼자 집 근처 산책로를 걷습니다.","['남한산성 드라이브', '서울 시티투어 버스 여행', '대학로 소극장 연극 관람', '정갈한 일식 및 한정식 탐방', '동네 산책로 걷기']","화려한 예술적 성취보다는 업계에서 실력을 인정받아 안정적인 고정 계약처를 많이 확보하고, 후배 조명기사들을 이끄는 신뢰받는 메인 감독으로 자리 잡고자 합니다. 무리한 확장보다는 현재의 소득 수준을 유지하며 가족들이 안정적으로 거주할 수 있는 자가 마련을 최우선 과제로 삼고 있습니다.",남자,38,배우자있음,비현역,배우자·자녀·부모와 거주,연립주택,4년제 대학교,서비스,조명기사,경기-성남시 분당구,경기,대한민국
7c939ddbe8ff4133a7d92fc183d92e78,"정미란 씨는 하남의 학교에서 예체능 교사로 근무하며, 학생들의 엉성한 동작 하나까지 세밀하게 잡아내 교정해 주는 예리한 감각을 가졌습니다. 학부모들의 까다로운 민원 앞에서도 학교 규정집을 조목조목 짚어주며 합의점을 찾아내는 능숙함을 보이지만, 정작 본인의 수업 자료집을 만들 때는 완벽주의 기질 때문에 밤을 지새우곤 합니다.",정미란 씨는 주말 오후면 미사경정공원의 산책로를 천천히 걸으며 복잡한 머릿속을 정리합니다. 야구 시즌이 되면 거실 소파에 파묻혀 시원한 캔맥주를 마시며 응원 팀의 경기를 관람하는 것이 일주일의 가장 큰 낙입니다.,"정미란 씨는 음악 감상을 통해 정서적 안정을 찾으며, 교내 예술 행사를 기획할 때 분 단위로 쪼개진 세부 일정표를 짜는 데 탁월한 능력을 발휘합니다. 예술적 감수성과 실무적인 꼼꼼함이 공존하여 동료 교사들 사이에서 믿음직한 조력자로 통합니다.",정미란 씨는 방학 기간을 이용해 전국 곳곳의 교육 연수 기관을 찾아다니며 새로운 교수법을 익히는 공부하는 여행을 즐깁니다. 여행지에서는 반드시 가족들과 함께 지역의 자연 명승지를 방문해 사진을 남기며 휴식을 취합니다.,"정미란 씨는 일주일에 한 번 정도 가족들과 함께 나물 비빔밥이나 청국장 같은 담백한 한식을 외식 메뉴로 선택합니다. 배달 음식으로는 갓 구운 빵이나 디저트류를 즐겨 찾으며, 식후에는 반드시 따뜻한 차 한 잔으로 마무리하는 루틴이 있습니다.","정미란 씨는 배우자와 자녀들을 위해 헌신하며 안정적인 가정 환경을 조성하는 데 힘쓰는 어머니이자 아내입니다. 책임감이 강해 집안일을 빈틈없이 처리하지만, 가끔은 아이들의 사소한 말다툼에도 마음이 쉽게 요동쳐 혼자만의 시간이 절실해지곤 합니다.","정미란 씨는 하남 미사에 거주하며 예체능 교사로 일하는, 꼼꼼한 책임감과 섬세한 예민함을 동시에 지닌 40대 여성입니다.","70년대생으로서 겪은 치열한 교육 경쟁의 기억과 현재 하남 미사 지구의 정돈된 주거 환경이 공존하는 삶을 삽니다. 책임감 있게 가정을 이끌면서도 마음 한구석에는 작은 변화에도 쉽게 요동치는 예민함이 있어, 혼자 조용히 욕조에 몸을 담그고 생각에 잠기는 시간을 통해 심리적 균형을 잡습니다.","학생들의 서툰 동작을 빠르게 캐치해 교정해 주는 감각이 좋으며, 교내 행사의 세부 일정표를 빈틈없이 짜서 동료들과 공유합니다. 학부모의 무리한 요구에도 침착하게 학교 규정을 설명하며 서로 납득할 수 있는 절충안을 찾아내는 능숙한 대화법을 갖추고 있습니다.","['학생 맞춤형 실기 지도 및 피드백', '교내 행사 기획 및 세부 일정 관리', '학부모 갈등 조정 및 상담 커뮤니케이션', '교과 과정 기반의 실용적 수업 자료 제작']","주말 오후에는 미사경정공원 산책로를 따라 느릿하게 걷거나, 동네 단골 베이커리 카페에서 갓 구운 소금빵을 골라 담으며 소소한 행복을 느낍니다. 프로야구 시즌이 되면 거실 TV 앞에 앉아 시원한 맥주 한 캔과 함께 응원하며 일주일간 쌓인 직장 스트레스를 털어냅니다.","['미사경정공원 산책 및 자연 경관 감상', '동네 유명 베이커리 카페 투어', '프로야구 경기 시청 및 응원', '동네 사우나에서 즐기는 반신욕과 휴식', '가족과 함께 떠나는 테마 여행']","거창한 승진보다는 현재 맡은 수업의 질을 높여 학생들이 피부로 느끼는 성장을 돕는 것에 보람을 느낍니다. 방학 때마다 전국 각지의 교육 연수를 찾아다니며 최신 교수법을 익히고, 이를 수업에 바로 적용해 볼 수 있는 실용적인 수업 자료집을 완성하고 싶어 합니다.",여자,47,배우자있음,비현역,배우자·자녀와 거주,아파트,2~3년제 전문대학,해당없음,예체능 교사,경기-하남시,경기,대한민국
e274d9ebdee34cf183d329e21259e982,"유혁인 씨는 전기와 가스 안전 매뉴얼의 딱딱한 텍스트를 한눈에 들어오는 도표와 그림으로 재구성하는 능력이 뛰어나며, 산업 안전 지도사 자격증을 취득해 전문 평가 위원으로 전향하여 소득을 높이겠다는 구체적인 커리어 로드맵을 실행 중입니다.","유혁인 씨는 땀 흘리는 격렬한 운동보다는 주말에 가평이나 포천의 숲길을 천천히 걷는 삼림욕을 즐기며, 자연 속에서 정적으로 머무는 시간을 통해 신체적, 정신적 피로를 해소합니다.","유혁인 씨는 아이가 잠든 깊은 밤, 화려한 RGB 조명이 빛나는 고사양 컴퓨터 앞에 앉아 최신 게임의 정교한 그래픽을 감상하거나 자신의 캠핑 기록을 블로그에 세밀하게 기록하며 혼자만의 세계를 구축합니다.",유혁인 씨는 마음 맞는 친구들과 함께 포천 아트밸리나 가평의 조용한 계곡을 찾아가 장작 타는 소리를 들으며 멍하니 풍경을 바라보는 시간을 통해 일상의 소음을 지워냅니다.,"유혁인 씨는 일주일에 대여섯 번은 집 근처 고깃집에서 두툼한 삼겹살을 굽거나 육즙이 가득한 수제 버거 집을 찾아다니며 식사를 해결하며, 배달 음식은 일주일에 한 번 정도로 제한합니다.","유혁인 씨는 배우자와 떨어져 지내며 민락동 아파트에서 홀로 아이를 돌보고 있으며, 퇴근 후 엉망이 된 거실을 치우고 아이를 씻기는 고된 육아 전쟁 속에서도 책임감 있게 가장의 역할을 수행합니다.","유혁인 씨는 전문적인 안전 교육 역량을 갖춘 직장인이자, 육아의 고단함을 캠핑과 게임으로 달래며 더 나은 경제적 미래를 설계하는 현실적인 30대 가장입니다.","의정부 민락동의 전세 아파트에서 아이를 홀로 돌보며, 퇴근 후 밀린 집안일과 육아 사이에서 현실적인 균형을 잡으려 애쓰는 경기 북부 직장인의 일상을 삽니다.","전기 및 가스 안전 교육 과정을 설계하고, 복잡한 공학적 매뉴얼을 초보자도 한눈에 이해할 수 있도록 도식화하여 전달하는 능력이 탁월합니다.","['전기 안전 교육 커리큘럼 설계', '산업 안전 보건법 행정 처리', '기술 교육생 성취도 평가 관리', '공학 매뉴얼 시각화 자료 작성']","주말이면 가평이나 포천의 숲속 캠핑장에서 장작을 태우며 시간을 보내고, 아이가 잠든 밤에는 고사양 PC로 게임을 하며 혼자만의 시간을 즐깁니다.","['포천 인근 숲속 캠핑', '로스트아크 레이드 참여', '의정부 지역 고기집 탐방 블로그 기록', '수락산 둘레길 산책']","실무 경험을 바탕으로 산업 안전 지도사 자격증을 취득하여, 교육 운영직에서 전문 평가 위원으로 직무 범위를 넓히며 소득 수준을 높이고자 합니다.",남자,30,배우자있음,비현역,자녀와 거주 (배우자 별거),아파트,4년제 대학교,공학·제조·건설,교육 및 훈련 사무원,경기-의정부시,경기,대한민국
983b9205415e4d2ca623ae4a309a55e1,"박세린 씨는 공공기관의 복잡한 공문서 양식을 한글 프로그램의 표 기능을 활용해 순식간에 정리해내는 능력이 탁월합니다. 민원인의 무리한 요구에는 단호하게 선을 그으면서도, 처리 속도를 높여 정시 퇴근을 사수하는 실무 중심의 태도로 동료들 사이에서 일 처리가 깔끔하다는 평을 듣습니다.","박세린 씨는 퇴근 후 집 근처 관악산 자락의 산책로를 걷거나, 주말이면 친구들과 배드민턴 채를 들고 지역 체육관을 찾아 가벼운 내기 경기를 즐깁니다. 평소에는 헬스장에서 정해진 루틴대로 무거운 덤벨을 들어 올리며 체력을 기르는 시간을 갖습니다.","박세린 씨는 침대에 누워 아이패드로 굿노트 다이어리를 꾸미거나, 좋아하는 일러스트레이터의 화풍을 따라 하며 디지털 드로잉으로 하루의 기분을 기록합니다. 시간이 날 때면 넷플릭스에서 최신 화제작을 몰아보거나 독립영화관을 찾아가 독특한 미장센의 영화를 감상하며 영감을 얻습니다.","박세린 씨는 친구들과 함께 서울 시티투어 버스를 타고 도심의 랜드마크를 순회하며, 사회관계망서비스에 올릴 감각적인 사진을 찍는 여행 방식을 즐깁니다. 낯선 곳으로 떠나기보다 이미 검증된 서울의 유명 장소들을 구석구석 탐방하며 도시의 세련된 분위기를 만끽합니다.","박세린 씨는 주말 한 끼는 정갈한 나물 비빔밥이나 청국장 같은 고기 없는 한식당을 찾아 식사하고, 배달 음식으로는 꾸덕한 크림 파스타나 마르게리타 피자 같은 양식 메뉴를 주문합니다. 자극적인 맛보다 재료 본연의 맛이 살아있는 깔끔한 상차림을 즐기며 식사 후에는 꼭 작은 조각 케이크를 곁들입니다.","박세린 씨는 신림동의 좁은 골목길이 익숙한 다세대 주택에서 부모님과 함께 지내며, 가풍에 따라 낭비 없이 효율적으로 시간을 쓰는 습관을 지녔습니다. 부모님과는 대체로 원만한 관계를 유지하지만, 가끔은 보수적인 가치관 차이로 인해 방 문을 닫고 혼자만의 시간을 갖기도 합니다.","박세린 씨는 관악구 신림동의 정서와 성수동의 트렌드를 동시에 품은 채, 공공행정의 효율성을 추구하며 알찬 삶을 꿈꾸는 20세 직장인입니다.","관악구 신림동의 다세대 주택 밀집 지역에서 나고 자라 동네 골목의 정서와 현대적인 서울의 속도를 동시에 익혔습니다. 실용적인 가치를 중시하는 가풍 속에서 효율적으로 시간을 쓰는 법을 배웠으며, 최근에는 성수동이나 한남동의 팝업 스토어를 찾아다니며 최신 트렌드를 일상에 접목하는 것에 흥미를 느낍니다.","공공기관의 행정 업무를 빠르게 처리하는 능력이 뛰어나며, 특히 한글 프로그램의 복잡한 표 작성과 공문서 양식 맞춤에 능숙합니다. 민원인을 응대할 때 상대의 요구사항을 빠르게 파악해 현실적인 대안을 제시하면서도, 정해진 규정 밖의 요구에는 단호하게 선을 긋는 유연한 대처 능력을 갖췄습니다.","['정부 전자 문서 시스템 활용 및 공문서 작성', '민원인 요구사항 분석 및 실무적 해결책 제시', '엑셀을 활용한 행정 데이터 정리 및 통계 산출', '효율적인 업무 우선순위 배분 및 스케줄 관리']","주말이면 친구들과 함께 성수동의 편집숍을 구경하거나 핫플레이스 카페에서 사진을 찍으며 시간을 보냅니다. 집에서는 아이패드로 간단한 디지털 드로잉을 하거나 다이어리를 꾸미며 생각을 정리하고, 스트레스가 쌓인 날에는 헬스장에서 고강도 인터벌 트레이닝으로 땀을 흘리며 잡념을 없앱니다.","['성수동 및 한남동 팝업 스토어 투어', '아이패드를 이용한 디지털 다이어리 꾸미기', '헬스장 고강도 인터벌 트레이닝', '친구들과 함께하는 모바일 팀전 게임', '넷플릭스 최신 시리즈 몰아보기']","업무 처리 속도를 높여 퇴근 후의 삶을 온전히 보장받는 효율적인 직장 생활을 지향합니다. 거창한 승진보다는 조직 내에서 '일 처리 깔끔하고 믿음직한 사람'이라는 평판을 유지하며, 실무 전문성을 쌓아 행정 절차를 간소화하는 매뉴얼을 만드는 성취를 맛보고 싶어 합니다.",여자,20,미혼,비현역,부모와 동거,다세대주택,2~3년제 전문대학,해당없음,공공행정 전문가,서울-관악구,서울,대한민국
2962168f0b8146939656d30d6dfaeb79,"김보경 씨는 법과 경영을 전공해 복잡한 계약서의 독소 조항을 빠르게 잡아내는 능력이 있으며, 화려한 성공보다는 정시 퇴근이 보장되는 오산 인근 기업의 사무직으로 입사해 예측 가능한 일상을 꾸리는 것을 목표로 오산시립도서관에서 구직 활동을 합니다.","김보경 씨는 격렬한 운동 대신 오산천 산책길을 천천히 걸으며 생각을 정리하는 것을 즐기며, 가끔은 깊은 낮잠으로 에너지를 보충하며 정적인 휴식을 취합니다.","김보경 씨는 니콘 카메라를 들고 조용한 숲길의 빛과 그림자를 포착하는 사진 작업에 몰두하며, 집에서는 넷플릭스로 최신 다큐멘터리를 시청하며 시간을 보냅니다.",김보경 씨는 주말이면 친한 친구들과 함께 강원도 인제나 평창의 깊은 산세를 찾아가 탁 트인 자연 풍경을 감상하며 일상의 답답함을 해소합니다.,"김보경 씨는 일주일에 대여섯 번 동네 단골 일식집을 찾아 두툼한 등심 돈카츠를 주문해 먹으며, 가끔은 집 근처 백반집에서 고기 없는 나물 정식을 즐깁니다.","김보경 씨는 부모님과 함께 전세 아파트에서 거주하며, 평소에는 무뚝뚝해 보이지만 집안의 복잡한 행정 서류 처리나 계약 관련 업무를 도맡아 해결하는 듬직한 아들입니다.","김보경 씨는 실리와 안정을 최우선으로 여기는 23세 취준생으로, 철저한 지출 관리와 정적인 취미를 통해 삶의 균형을 유지하고 있습니다.","오산천 주변의 한적한 분위기 속에 살아왔으며, 대학 졸업 후 취업 준비 기간이 길어지면서 집 근처 도서관과 카페를 오가는 단순한 일상에 익숙해져 있습니다. 20대 초반의 디지털 감각을 갖췄으면서도, 전공의 영향으로 매사 효율성과 실리를 먼저 따지는 성향이 몸에 배어 있습니다.","복잡한 약관이나 계약서에서 자신에게 불리한 조항을 빠르게 찾아내며, 엑셀을 활용해 한 달 치 생활비와 지출 내역을 항목별로 정밀하게 기록하고 관리합니다.","['계약서 독소 조항 분석', '엑셀 기반 지출 관리', '행정 문서 기초 작성', '효율적인 일정 최적화']","주말에는 친구들과 함께 조용한 숲길이나 바닷가를 찾아 다니며 풍경 사진을 남기고, 평일에는 동네 단골 일식집에서 두툼한 돈카츠를 먹으며 시간을 보냅니다.","['풍경 사진 촬영', '콘솔 게임', '오산천 산책', '일식 맛집 탐방']","사회적 명성보다는 정시 퇴근이 확실하고 업무 범위가 명확한 경기도 인근의 기업 사무직으로 입사하여, 예측 가능한 안정적인 삶의 궤적을 만드는 것에 집중하고 있습니다.",남자,23,미혼,비현역,기타2세대,아파트,4년제 대학교,경영·행정·법,무직,경기-오산시,경기,대한민국
e71047894396447b8441cf91aaed3328,"안동혁 씨는 섭씨 수백 도의 열처리로 온도를 1도 단위로 정밀하게 제어하던 꼼꼼한 손끝을 가졌지만, 지금은 구미 국가산업단지의 구인 공고를 매일 새로고침하며 정년이 보장되는 중견기업 생산직 자리를 간절히 기다리고 있습니다. 작업 지시서의 작은 오차도 용납하지 않는 완벽주의적 성향 덕분에 전 직장에서는 신뢰받는 조작원이었으나, 가끔은 너무 세세한 부분에 집착해 작업 속도가 더뎌지는 버릇이 있습니다.","안동혁 씨는 땀 흘리는 격렬한 운동보다는 집에서 보드게임이나 바둑을 두며 머리를 쓰는 정적인 휴식 시간을 보냅니다. 친구들과 함께 맛집을 찾아 걷는 음식 관광 외에는 딱히 운동이라 할 만한 활동이 없어, 최근 들어 부쩍 체력이 떨어졌음을 느끼며 가끔은 동네 산책 정도만으로도 쉽게 숨이 차곤 합니다.","안동혁 씨는 침대에 누워 스마트폰으로 최신 웹툰을 정주행하거나 유튜브 영상들을 띄워놓고 낮잠을 자는 시간을 가장 큰 행복으로 여깁니다. 화려한 전시회나 공연보다는 일상적인 소재를 다룬 웹툰의 서사에 깊게 몰입하며, 마음에 드는 작가의 다음 화가 올라오기를 기다리는 것이 유일한 삶의 낙입니다.","안동혁 씨는 대구 서문시장의 납작만두나 떡볶이 같은 길거리 음식을 섭렵하기 위해 친구들과 함께 대구 시내로 나들이 가는 것을 즐깁니다. 방문할 식당 리스트를 미리 꼼꼼하게 작성해 동선을 짜지만, 막상 현장에 도착하면 함께 간 친구의 의견에 밀려 원래 가려던 곳 대신 다른 식당으로 향하는 배려 섞인 우유부단함을 보입니다.","안동혁 씨는 구미 시내의 숨은 일식당을 찾아다니며 두툼한 돈카츠나 신선한 초밥을 즐겨 먹는 일식 애호가입니다. 평소에는 고기 중심의 한식당에서 든든하게 배를 채우는 것을 좋아하며, 배달 음식보다는 직접 식당에 가서 갓 나온 음식을 먹는 현장감을 중요하게 생각합니다.","안동혁 씨는 부모님의 따뜻한 보살핌 속에서 자라 예의가 바르고 다정하며, 집안의 크고 작은 심부름을 도맡아 하는 효자 아들입니다. 가족들과 함께 거실에 모여 TV를 보며 도란도란 이야기를 나누는 시간을 소중히 여기지만, 구직 기간이 길어지면서 부모님의 기대 섞인 질문에는 말끝을 흐리며 시선을 피하는 미안함을 가지고 있습니다.","안동혁 씨는 금속 열처리 분야의 숙련도를 갖춘 구미의 22세 청년으로, 다정한 성격과 꼼꼼한 일 처리 능력을 갖췄으나 현재는 안정적인 정년 보장 일자리를 찾는 중인 실업 상태입니다.","구미 국가산업단지의 공장 굴뚝과 활기찬 노동 현장을 보며 자랐고, 부모님의 보살핌 아래 가정적인 분위기 속에서 예의 바르게 성장했습니다.","금속의 성질을 변화시키는 열처리로의 온도를 정밀하게 제어하고, 작업 지시서의 오차 없이 공정을 완수하는 꼼꼼함을 발휘합니다.","['열처리로 온도 정밀 제어', '금속 재질별 냉각 공정 관리', '산업 안전 매뉴얼 준수', '정밀 측정 기기 조작']","친구들과 함께 대구 서문시장의 먹거리나 구미 시내의 일식당을 찾아다니며, 집에서는 밀린 웹툰을 보며 낮잠을 자는 소소한 휴식을 즐깁니다.","['지역 맛집 탐방', '일본식 돈카츠 투어', '네이버 웹툰 감상', '보드게임 카페 방문']","다시 현장으로 돌아가 숙련공으로서의 입지를 다지고, 정년이 보장되는 탄탄한 중견기업의 생산직으로 자리 잡기를 희망합니다.",남자,22,미혼,비현역,부모와 동거,아파트,2~3년제 전문대학,해당없음,"전직 금속 열처리로 조작원, 현재 구직중",경상북-구미시,경상북,대한민국
9d50cf025f674d8fb631cb282cd66374,"남종원 씨는 낡은 복사기와 팩스 기기를 마치 오랜 친구처럼 능숙하게 다루며, 산더미처럼 쌓인 종이 서류 속에서 십 년 전 문서를 단번에 찾아내 동료들을 놀라게 하는 사무실의 숨은 해결사입니다. 새로운 협업 툴 도입에는 적응이 더뎌 진땀을 빼지만, 서류 한 장의 누락도 허용하지 않는 꼼꼼함으로 묵묵히 자신의 자리를 지킵니다.","남종원 씨는 주말이면 낡은 등산화를 신고 광교산 숲길을 천천히 오르며 나무껍질의 질감과 흙 내음을 살피고, 평일 저녁에는 동네 당구장에서 큐대를 잡고 공의 각도를 계산하며 복잡한 머릿속을 비워냅니다.",남종원 씨는 거창한 예술 전시보다는 거실 소파에 기대어 TV 속 다큐멘터리를 시청하며 세상 돌아가는 모습을 관찰하는 시간을 즐깁니다. 화려한 그림보다 팔달문 시장 골목의 빛바랜 간판이나 오래된 건물들이 주는 투박한 정취에서 마음의 안정을 찾습니다.,"남종원 씨는 친목 모임 회원들과 함께 전국의 이름난 명산이나 호수 주변을 찾아다니며, 탁 트인 자연 풍경을 배경으로 기념사진을 찍고 수다를 떠는 소박한 여행을 즐깁니다. 계획을 세우기보다 일행이 이끄는 대로 따라가는 편이지만, 정작 쉬어갈 때쯤이면 남들이 보지 못하는 작은 야생화에 발걸음을 멈추곤 합니다.","남종원 씨는 2주에 한 번 정도 가족들과 함께 동네 고깃집에서 지글거리는 삼겹살에 쌈을 싸 먹는 외식을 즐기며, 일주일에 한 번은 짜장면이나 짬뽕 같은 중식 배달 음식을 시켜 소소한 별미를 맛봅니다.","남종원 씨는 수원 팔달구의 연립주택에서 아내와 자녀들과 함께 어울려 살며, 겉으로는 무뚝뚝하고 단호한 모습이지만 속으로는 가족들의 일거수일투족을 세심하게 살피는 전형적인 한국의 아버지입니다. 때로는 자신의 원칙을 가족에게 강요해 서먹한 분위기를 만들기도 하지만, 말없이 과일 접시를 내밀며 화해의 손길을 건넵니다.","남종원 씨는 수원 팔달문 시장의 정취를 간직한 채 성실하게 살아온 사무 보조원으로, 소박한 일상 속에서 내면의 평온과 도리를 중시하는 조용한 성격의 소유자입니다.","수원 팔달문 시장 근처의 오래된 골목 정취 속에서 나고 자라, 도시의 급격한 변화를 몸소 겪으며 내실을 기하는 삶의 태도를 갖게 되었습니다. 고등학교 졸업 후 일찍이 사회생활을 시작하며 겪은 고단함과 성실함이 몸에 배어 있으며, 타인의 시선보다는 스스로 정한 삶의 도리와 원칙을 지키는 것을 중요하게 생각합니다.","수십 년간 사무 보조 업무를 수행하며 복잡하게 얽힌 서류 뭉치 속에서 필요한 문서를 단번에 찾아내는 직관적인 아카이빙 능력을 갖추고 있습니다. 최신 소프트웨어 활용에는 서툴지만, 팩스와 복사기 같은 구형 사무 기기를 능숙하게 다루며 누락된 서류 한 장까지 꼼꼼하게 챙기는 세밀함을 보입니다.","['종이 문서 기반의 체계적 분류 및 보관', '오래된 행정 서식 작성 및 관리', '사무 기기 유지보수 및 기본 조작', '단순 반복 업무의 효율적 처리']","동네 당구장에서 큐대를 잡고 공의 궤적에 집중하며 잡념을 비워내거나, 주말이면 광교산의 숲길을 천천히 걸으며 계절의 변화를 관찰합니다. 동네 목욕탕의 뜨거운 탕 속에 몸을 담그고 땀을 빼며 일주일의 피로를 씻어내는 시간을 가장 소중하게 여깁니다.","['동네 당구장에서의 4구 게임', '광교산 둘레길 산책 및 풍경 감상', '주 1회 지역 사우나 방문 및 반신욕', '거실 소파에서의 낮잠과 TV 시청']","직급 상승이나 경제적 도약보다는 현재의 자리를 무탈하게 지키며 정년까지 평온하게 마무리하는 것에 집중하고 있습니다. 갑작스러운 업무 변화보다는 익숙한 일과를 유지하며, 동료들과 적당한 거리를 유지하면서도 신뢰받는 조력자로 남기를 바랍니다.",남자,62,배우자있음,비현역,배우자·자녀와 거주,연립주택,고등학교,해당없음,사무 보조원,경기-수원시 팔달구,경기,대한민국
2550dd8d416e4c97a3501c28bab95e36,"김정기 씨는 낡은 가죽 수첩에 집안의 모든 소모품 교체 주기와 가족들의 기념일을 촘촘하게 기록하며, 아파트라는 작은 왕국의 질서를 유지하는 정교한 관리자로서의 자부심을 가지고 있습니다.","김정기 씨는 주말마다 광양만 낚시터에 앉아 찌의 미세한 떨림을 멍하니 바라보는 정적인 낚시와, 아파트 단지 내 벤치를 목적지로 삼아 이웃들과 안부를 나누는 느릿한 산책을 일과로 삼습니다.","김정기 씨는 빛바랜 옛 사진들 옆에 그 시절의 공기가 느껴지는 짧은 메모를 정갈한 글씨로 덧붙여, 손주들이 나중에 꺼내 볼 수 있는 단 하나의 가족 기록 앨범을 완성하는 일에 몰두하고 있습니다.","김정기 씨는 자녀들의 안내를 받아 정해진 경로를 따라 걷는 종교 성지순례 여행을 통해 마음의 평온을 찾고, 가족들과 함께 이동하며 나누는 대화에서 삶의 위안을 얻습니다.","김정기 씨는 한 달에 한 번 정갈한 나물과 찌개가 나오는 한식당을 방문하며, 주 1회 배달되는 신선한 모둠 초밥의 식감을 즐기는 등 자극적이지 않은 식단을 선호하는 입맛을 가졌습니다.","김정기 씨는 평생을 함께한 배우자와 거주하며, 겉으로는 무뚝뚝해 보일 때가 많지만 수첩에 적어둔 손주들의 사소한 특징까지 기억해 챙겨주는 세심한 할아버지의 면모를 지니고 있습니다.","김정기 씨는 광양의 성장기를 거쳐온 자부심과 꼼꼼한 기록 습관을 바탕으로, 평온한 일상과 가족에 대한 사랑을 가꾸는 82세의 신사입니다.","김정기 님은 광양만의 짠 바람과 제철소의 성장기가 교차하던 시절을 온몸으로 겪으며 성장했습니다. 당시로서는 드물게 고등학교를 졸업하며 가졌던 배움에 대한 자부심이 삶의 중심을 잡는 기준이 되었고, 이제는 정든 아파트 단지 내 벤치에서 이웃들과 나누는 소소한 안부가 가장 큰 일상이 되었습니다.",수십 년간 이어온 꼼꼼한 기록 습관 덕분에 집안의 모든 일정을 손바닥 보듯 꿰고 있습니다. 낡은 수첩에 적어 내려간 가족들의 기념일과 소모품 교체 시기는 집안의 질서를 유지하는 그만의 정교한 시스템입니다.,"['수기 가계부 및 일정 관리', '생활 가전 간단 수리', '지역 사회 갈등 중재', '전통 낚시 매듭법']",주말이면 광양만 인근 낚시터에서 찌가 미세하게 움직이는 것을 멍하니 바라보며 시간을 보냅니다. 일주일에 한 번 배달 앱으로 주문하는 모둠 초밥을 기다리는 설렘과 정오 무렵 거실 소파에서 즐기는 달콤한 낮잠을 삶의 작은 보상으로 여깁니다.,"['광양만 바다 낚시', '배달 앱으로 일식 주문하기', '가족과 함께하는 성지순례', '동네 공원 느리게 걷기', '정오의 낮잠']",손주들이 나중에 꺼내 볼 수 있도록 집안의 빛바랜 사진들을 정리해 이름과 날짜를 적은 앨범을 완성하고 싶어 합니다. 거창한 회고록보다는 그 시절의 공기가 느껴지는 짧은 메모를 곁들이는 일에 몰두하고 있습니다.,남자,82,배우자있음,비현역,배우자와 거주,아파트,고등학교,해당없음,무직,전라남-광양시,전라남,대한민국
f7d2722ddad544fdae807b809ae55cac,"정문석 씨는 진주 지역 농업 단체에서 일반 비서로 근무하며, 공학 전공을 살려 낡은 비닐하우스 골조나 관수 시설의 결함을 꼼꼼하게 짚어내는 현장의 해결사 역할을 합니다. 행정 서류를 완벽하게 매뉴얼화하는 습관이 있어 동료들에게 깐깐하다는 소리를 듣지만, 그만큼 업무 처리 하나는 빈틈없다는 평가를 받습니다.","정문석 씨는 주말마다 진주 시내 배드민턴 클럽에서 셔틀콕을 주고받으며 땀을 흘리고, 밤에는 거실 소파에 깊숙이 파묻혀 UFC 격투기 영상의 타격감에 몰입하며 일주일의 스트레스를 날립니다. 경기 흐름을 분석하는 논리적인 시각을 가졌지만, 정작 본인의 경기가 풀리지 않을 때는 라켓을 바닥에 툭 내려놓는 작은 버릇이 있습니다.","정문석 씨는 집 뒷마당 텃밭에서 고추와 상추 사이의 잡초를 하나하나 손으로 뽑아내며 정돈된 풍경이 주는 시각적 평온함을 즐깁니다. 오래된 팝송이나 트로트를 배경음악 삼아 흙을 만지는 시간을 통해 복잡한 머릿속을 비워내며, 정갈하게 가꿔진 자연의 조형미에서 예술적 만족감을 느낍니다.",정문석 씨는 지역 친목회 회원들과 함께 지리산 자락의 한적한 숲길을 걷거나 남강의 물줄기를 따라 조성된 산책로를 천천히 거닐며 계절의 변화를 관찰합니다. 화려한 관광지보다는 이름 없는 작은 정자나 고즈넉한 사찰의 처마 끝을 바라보며 멍하게 시간을 보내는 정적인 여정을 즐깁니다.,"정문석 씨는 일주일에 한 번 가족들과 함께 동네 보리밥집에서 나물 비빔밥과 청국장을 먹으며 소박한 식사를 하고, 가끔은 야식으로 바삭한 프라이드치킨을 시켜 맥주와 함께 곁들입니다. 자극적인 양념보다는 재료 본연의 맛이 살아있는 한식을 선호하며, 식사 후에는 반드시 따뜻한 숭늉으로 입가심을 해야 직성이 풀립니다.","정문석 씨는 무뚝뚝한 경상도 아버지의 모습이 남아 있어 다정한 말 한마디가 서툴지만, 자녀들이 좋아하는 반찬을 슬그머니 식탁에 올려두는 방식으로 사랑을 표현합니다. 아내와는 가끔 가치관 차이로 티격태격하면서도, 함께 텃밭을 가꾸며 나누는 소소한 대화 속에서 중년의 안정을 찾아갑니다.","정문석 씨는 진주에서 농업 행정과 공학적 소양을 결합해 일하는 성실한 직장인이자, 배드민턴과 UFC 그리고 텃밭 가꾸기로 삶의 균형을 잡는 보수적이고 꼼꼼한 50대 가장입니다.","진주 남강의 정취와 보수적인 지역 정서 속에서 성장하며 예의와 절제를 중시하는 태도가 몸에 배어 있습니다. 공학 전공자로서의 논리적인 사고방식을 유지하면서도, 농촌 사회 특유의 끈끈한 인맥 관계를 유연하게 조율하는 법을 익혔습니다.",농업 관련 행정 업무를 처리하면서 공학적 지식을 활용해 시설물의 효율적인 배치나 간단한 설비 보수를 직접 진단하고 관리합니다. 현장의 요구사항을 정확하게 파악해 문서화하는 능력이 뛰어나 조직 내에서 신뢰를 받습니다.,"['농업 시설물 유지보수 진단', '행정 문서 효율화', '현장-사무 간 의사소통 조율', '기초 설비 도면 해석']","집 뒷마당의 작은 텃밭에서 고추와 상추를 가꾸며 잡초를 뽑는 시간에서 마음의 평온을 찾습니다. 주말이면 지역 배드민턴 클럽에서 땀을 흘리고, 저녁에는 유튜브로 UFC 경기 영상을 찾아보며 스트레스를 풉니다.","['텃밭 가꾸기', '지역 배드민턴 동호회 활동', 'UFC 경기 시청', '남강 변 산책']",현재 맡고 있는 조직의 운영 체계를 매뉴얼화하여 후임자가 시행착오 없이 적응할 수 있는 안정적인 환경을 만들고자 합니다. 퇴직 후에는 소규모 주말농장을 체계적으로 운영하며 소소한 수익을 낼 수 있는 기반을 닦고 있습니다.,남자,58,배우자있음,비현역,배우자·자녀와 거주,단독주택,4년제 대학교,공학·제조·건설,일반 비서,경상남-진주시,경상남,대한민국
d9d15a4976554f4dbd4c7c400777a910,박준우 씨는 도면의 1밀리미터 오차도 허용하지 않던 꼼꼼함을 무기로 중견 건설사의 현장 소장 자리를 찾고 있습니다. 박준우 씨는 현장 인부들의 거친 갈등을 특유의 유연함으로 중재하며 정해진 공기를 반드시 맞추는 책임감 있는 관리자입니다.,박준우 씨는 잡념이 많아질 때면 친구들과 함께 설악산이나 오대산의 험준한 능선을 타며 온몸에 땀을 흘리는 트레킹에 몰입합니다. 박준우 씨는 거친 숨을 몰아쉬며 정상에 오르는 순간에만 비로소 현실의 불안감을 잊고 해방감을 느낍니다.,박준우 씨는 침대에 누워 해외의 독특한 건축 양식을 다룬 다큐멘터리를 보며 공간의 효율성과 구조적 미학을 분석하곤 합니다. 박준우 씨는 저녁 시간마다 정치 평론가들의 영상을 챙겨보며 세상 돌아가는 이치에 대해 나름의 논리를 세우는 시간을 즐깁니다.,박준우 씨는 화려한 관광지보다는 강원도 인제나 평창의 깊은 산골짜기로 떠나 자연의 고요함 속에서 휴식을 취합니다. 박준우 씨는 오랜 친구들과 함께 낡은 등산화를 신고 흙길을 걸으며 지나온 삶의 궤적에 대해 진솔한 이야기를 나눕니다.,박준우 씨는 영통역 근처의 단골 돼지갈비집에서 지글거리는 고기에 소주 한 잔을 곁들이며 하루의 피로를 풉니다. 박준우 씨는 일주일에 딱 한 번 배달 앱으로 짜장면이나 짬뽕을 시켜 먹으며 소소한 일탈을 즐기는 식습관을 가지고 있습니다.,박준우 씨는 수원 영통의 계획도시 아파트에서 연로하신 어머니와 단둘이 살며 집안의 궂은일을 도맡아 처리합니다. 박준우 씨는 마흔 중반의 미혼 남성으로서 어머니가 은연중에 내비치는 결혼에 대한 아쉬움을 느낄 때마다 묵묵히 설거지를 하며 상황을 회피하곤 합니다.,박준우 씨는 토목 시공의 전문성과 꼼꼼함을 갖췄지만 현재는 구직의 불안함 속에서 어머니를 모시며 소박한 일상을 살아가는 40대 남성입니다.,"수원 영통구의 계획된 도시 풍경 속에서 어머니를 모시며 조용히 생활합니다. 40대 중반의 미혼 남성으로서 사회적 기대와 개인의 현실 사이에서 오는 괴리감을 느끼지만, 겉으로는 늘 차분하고 예의 바른 태도를 유지하며 이웃들과 원만한 관계를 맺고 있습니다.",토목 시공 현장에서 도면의 오차 하나까지 잡아내던 꼼꼼함과 체계적인 공정 관리 능력을 갖추고 있습니다. 현장 인력들의 갈등을 중재하며 공기를 맞추는 유연한 소통 능력과 안전 규정을 철저히 준수하는 책임감이 몸에 배어 있습니다.,"['토목 시공 공정 설계 및 관리', '현장 안전 보건 관리 체계 구축', 'CAD를 활용한 토목 도면 검토', '다양한 이해관계자 간의 현장 조율', '건설 폐기물 및 자원 관리']","퇴근 후의 습관처럼 영통역 근처 단골 고기집에서 소주 한 잔을 곁들이거나, 침대에 누워 유튜브의 건축 다큐멘터리와 정치 평론 영상을 보며 시간을 보냅니다. 가끔 친구들과 함께 강원도 산간 지역으로 트레킹을 떠나 땀을 흘리며 잡념을 털어내곤 합니다.","['유튜브 건축 및 토목 기술 영상 시청', '동네 단골 식당에서의 반주', '친구들과 함께하는 주말 산행 및 트레킹', '전국 유명 노포 방문', '스마트폰을 이용한 간단한 가계부 작성']","지나치게 화려한 곳보다는 자신의 숙련도를 인정받으며 안정적으로 정년까지 일할 수 있는 중견 건설사의 현장 소장을 꿈꿉니다. 공백기 동안 느낀 불안함을 발판 삼아, 이전보다 더 내실 있고 원칙을 지키는 관리자로 복귀하고 싶어 합니다.",남자,44,미혼,비현역,어머니와 동거,아파트,4년제 대학교,공학·제조·건설,"전직 토목시공 기술자, 현재 구직중",경기-수원시 영통구,경기,대한민국
c2a2c7eb37da4fcaa7d2abe1f0e54b5e,"이지영 씨는 현재 전업주부로서 가정의 안정을 돌보고 있지만, 훗날 금정구 골목 어귀에 작은 꽃꽂이 공방을 열어 이웃들과 소소한 성취감을 나누는 꿈을 꿉니다. 거창한 사회적 성취보다는 자녀들의 정서적 지지자가 되는 것에 가치를 두며, 가끔은 집안 정리나 체계적인 일정 관리에서 빈틈을 보이는 느긋한 성격입니다.",이지영 씨는 주말마다 남편의 손을 잡고 금정산의 흙길을 천천히 밟으며 숲의 정취를 느끼는 산책과 등산을 즐깁니다. 숨이 턱 끝까지 차오르는 격렬한 운동보다는 계절마다 옷을 갈아입는 나무들을 구경하며 느릿하게 걷는 시간을 소중히 여깁니다.,"이지영 씨는 거실 테이블에 박경리 작가의 소설 '토지'를 펼쳐 읽거나, 천 피스짜리 풍경 퍼즐 조각을 하나씩 맞춰가며 정적인 시간을 보냅니다. 가끔은 집에서 클래식 음악을 틀어놓고 생각에 잠기거나, 가족들과 함께 최신 영화를 감상하며 정서적 충전을 합니다.",이지영 씨는 가족과 함께 떠나는 여행에서 지역 특산품 매장이나 아기자기한 소품샵을 둘러보며 쇼핑하는 시간을 가장 기다립니다. 화려한 관광지 순례보다는 가족의 손을 잡고 낯선 동네의 시장 골목을 구경하며 마음에 드는 물건을 발견하는 기쁨을 쫓습니다.,"이지영 씨는 제철 나물을 무쳐 짜지 않고 담백한 밑반찬을 차려내는 솜씨가 좋으며, 외식할 때는 정갈한 나물 정식집이나 동네 오래된 빵집의 단팥빵을 찾습니다. 2주에 한 번 정도 배달 음식을 시켜 먹을 때면 메뉴 결정에 한참을 고민하다 결국 늘 먹던 익숙한 음식을 선택하는 버릇이 있습니다.","이지영 씨는 금정구의 단독주택에서 남편과 아이들을 위해 따뜻한 울타리가 되어주며, 가족 간의 갈등이 생기면 상대의 말을 끝까지 들어주는 포용력으로 분위기를 부드럽게 만듭니다. 자녀들이 정서적으로 건강하게 자라길 바라는 마음이 크며, 때로는 너무 세심하게 배려하려다 보니 정작 본인의 요구사항은 뒤로 미루곤 합니다.",이지영 씨는 부산 금정산 자락의 단독주택에서 가족을 돌보며 소박한 일상과 정적인 취미 속에서 평온을 찾는 40대 주부입니다.,금정산 자락의 조용한 주택가에서 오래 거주하며 범어사 주변의 고즈넉한 분위기와 이웃 간의 끈끈한 정에 익숙합니다. 화려한 도심의 삶보다는 집 마당에서 계절의 변화를 느끼고 동네 오래된 빵집의 단골로 지내는 소박한 일상의 안정을 중요하게 여깁니다.,"제철 나물을 활용해 짜지 않고 담백한 밑반찬을 만드는 솜씨가 뛰어나며, 가족들의 컨디션에 맞춰 식단을 유연하게 조정합니다. 갈등이 생겼을 때 상대의 말을 끝까지 듣고 다독여 분위기를 부드럽게 만드는 공감 능력이 탁월합니다.","['제철 나물 무침 및 밑반찬 조리', '가족 간 갈등 중재 및 정서적 지지', '효율적인 가계 지출 관리', '지역 사회 커뮤니티 네트워킹']","주말이면 남편과 함께 금정산 둘레길을 천천히 걸으며 숲의 공기를 마시고, 하산 후에 마시는 시원한 막걸리 한 잔의 여유를 즐깁니다. 집에서는 거실 테이블에 1,000피스 풍경 퍼즐을 펼쳐두고 며칠에 걸쳐 천천히 조각을 맞추거나 박경리 작가의 소설을 읽습니다.","['금정산 둘레길 산책', '1,000피스 풍경 퍼즐 맞추기', '한국 근현대 소설 읽기', '성당 공동체 봉사 활동']",거창한 사회적 성취보다는 자녀들이 정서적으로 건강하게 성장하도록 돕는 든든한 버팀목이 되는 것에 만족합니다. 나중에는 동네 작은 공방에서 꽃꽂이를 배우거나 소규모로 운영하며 이웃들과 소소한 성취감을 나누고 싶어 합니다.,여자,42,배우자있음,비현역,배우자·자녀와 거주,단독주택,고등학교,해당없음,무직,부산-금정구,부산,대한민국
caa8ad62e5d943b78d3947615b22c301,"정재영 씨는 대구 달서구의 한 보험사 상담센터에서 고성을 지르는 고객의 말을 묵묵히 들어주며 상황을 반전시키는 베테랑 상담원입니다. 복잡한 약관을 성서 지역 사투리가 섞인 친근한 말투로 쉽게 풀어내어 민원을 해결하지만, 퇴근 시간만 되면 누구보다 빠르게 컴퓨터 전원을 끄고 자리를 뜨는 철저한 성격입니다.",정재영 씨는 주말이면 합천호의 고요한 물가에 낚싯대를 드리우고 몇 시간이고 멍하게 앉아 잡어 한 마리에 일희일비하는 시간을 보냅니다. 평일 저녁에는 집 앞 대중목욕탕 사우나의 뜨거운 열기 속에서 뻐근한 허리 근육을 풀며 동네 사람들과 시시콜콜한 이야기를 나누는 것으로 활동량을 채웁니다.,"정재영 씨는 적막한 거실을 채우는 라디오의 DJ 목소리에 귀를 기울이며 옛 노래를 흥얼거리거나, 유튜브에서 최신 낚시 릴의 성능을 비교 분석한 영상을 꼼꼼히 챙겨 봅니다. 화려한 예술 작품보다는 TV 예능 프로그램 속 출연자들의 재치 있는 입담에 크게 웃으며 일상의 스트레스를 털어냅니다.",정재영 씨는 명절이나 특별한 날이면 자녀들과 함께 강원도 설악산이나 남해의 해안선을 따라 드라이브하며 탁 트인 자연 풍경을 보는 것으로 마음의 정화를 경험합니다. 북적이는 관광지 투어보다는 조용한 숲길을 걷거나 바다 냄새를 맡으며 가족들과 도란도란 이야기를 나누는 정적인 시간을 소중히 여깁니다.,"정재영 씨는 일주일에 한 번, 단골 고깃집에서 지글지글 익어가는 돼지갈비에 소주를 곁들이며 일주일의 피로를 씻어냅니다. 금요일 밤이면 스마트폰 앱으로 브랜드 치킨을 주문해 텔레비전 앞에 앉아 닭다리를 뜯으며 한 주를 마무리하는 것을 자신만의 소중한 의식으로 삼고 있습니다.","정재영 씨는 이혼 후 홀로 아파트에서 지내며 느끼는 외로움을 자녀들에게 짐이 되지 않으려는 무뚝뚝한 배려로 숨기곤 합니다. 가끔 연락이 오는 자녀들에게 넉살 좋게 괜찮다고 답하지만, 텅 빈 집안에 라디오 소리를 크게 켜두는 모습에서 숨길 수 없는 그리움이 묻어납니다.","정재영 씨는 대구 달서구에서 보험 상담원으로 일하며 낚시와 사우나로 외로움을 달래고, 내 집 마련의 꿈을 위해 성실히 저축하는 넉살 좋은 50대 남성입니다.","정재영 씨는 대구 달서구 성서 지역의 도시화 과정을 몸소 겪으며 성장했고, 현재는 퇴근 후 집 근처 단골 고깃집에서 소주 한 잔을 기울이며 하루의 피로를 푸는 일상을 보냅니다. 혼자 지내는 아파트 거실에는 늘 라디오 소리가 흐르며, 가끔 찾아오는 적막함을 달래기 위해 동네 모임이나 지인들과의 만남에서 특유의 넉살로 분위기를 주도하며 활력을 얻습니다.","수만 건의 보험 상담 전화를 처리하며 다져진 능숙한 말솜씨로, 격양된 고객의 감정을 빠르게 진정시키고 복잡한 보험 약관을 상대방의 눈높이에 맞춰 쉽게 풀어서 설명합니다. 상대의 작은 말투 변화만으로도 요구 사항을 정확히 짚어내어 갈등을 해결하는 순발력과 협상력이 뛰어납니다.","['악성 민원 고객 응대 및 감정 케어', '복잡한 보험 약관의 구어체 변환 전달', '비대면 상황에서의 빠른 니즈 파악', '상황별 맞춤형 설득 및 협상 전략']","주말이면 낚싯대를 챙겨 합천호나 인근 저수지를 찾아 물멍을 하며 복잡한 머릿속을 비우고, 평일 저녁에는 동네 목욕탕 사우나에서 땀을 뺀 뒤 시원한 치킨에 맥주를 곁들이며 TV 예능 프로그램을 시청합니다. 최근에는 스마트폰으로 전국의 낚시 명소 영상을 찾아보고 최신 낚시 장비 리뷰를 챙겨보는 재미에 푹 빠져 있습니다.","['합천호 민물낚시', '동네 목욕탕 사우나 이용', '유튜브 낚시 장비 리뷰 시청', '라디오 팟캐스트 청취', '주 1회 한식당 고기 외식']","정년퇴직 때까지 큰 무리 없이 현재의 직무를 유지하며, 매달 받는 급여를 성실히 저축해 지금의 전세 아파트에서 벗어나 작은 내 집을 마련하는 것에 집중하고 있습니다. 과도한 승진 욕심보다는 동료들과 원만하게 지내며 스트레스 없이 직장 생활을 마무리하는 평온한 노후 준비를 지향합니다.",남자,58,이혼,비현역,혼자 거주,아파트,2~3년제 전문대학,해당없음,전화 상담원,대구-달서구,대구,대한민국
01afa887774a4c29b729d3dc7691fabe,"김정숙 씨는 전남 여수시 웅천동 부녀회에서 살림꾼으로 통하며, 십 원 단위까지 정확하게 맞춘 가계부 기록법을 이웃들에게 전수하는 동네의 실질적인 살림 전문가입니다. 구청에서 운영하는 문해 교육 프로그램에 성실히 출석하며, 배운 내용을 낡은 공책에 빼곡히 옮겨 적어 손주들에게 들려줄 이야기 보따리를 정성껏 가꾸고 있습니다.","김정숙 씨는 매주 화요일 오후가 되면 웅천 친수공원의 바닷길을 따라 천천히 걸으며 친구들과 소소한 일상의 대화를 나눕니다. 빠르게 걷기보다는 주변의 꽃과 나무를 살피며 느긋하게 이동하는 것을 즐기며, 가끔은 스마트폰 만보기 숫자를 채우기 위해 거실을 뱅뱅 도는 엉뚱한 모습도 보입니다.","김정숙 씨는 거실 소파에 앉아 텔레비전 프로그램을 시청하다가도 틈틈이 스마트폰으로 퍼즐 게임의 단계를 하나씩 깨 나가는 작은 성취감에 푹 빠져 있습니다. 구청 인문학 강좌에서 배운 시 구절을 삐뚤빼뚤한 글씨로 수첩에 옮겨 적으며, 잊고 지냈던 소녀 시절의 감수성을 조심스럽게 되살리곤 합니다.","김정숙 씨는 친구들과 함께 전남 지역의 이름난 숲길이나 조용한 바닷가 풍경을 찾아다니며 계절의 변화를 사진으로 남기는 여행을 즐깁니다. 화려한 관광지보다는 나무가 울창한 공원이나 고즈넉한 사찰을 선호하며, 여행지에서 맛본 현지 나물 정식의 간과 양념을 꼼꼼하게 기억해 둡니다.","김정숙 씨는 여수 특산물인 갓김치를 담글 때 소금 한 줌의 양까지 정확히 맞추는 정교한 손맛을 가졌으며, 제철 나물을 무치는 솜씨가 일품입니다. 주 2~3회 정도는 단골 빵집에서 갓 구운 단팥빵을 사서 친구들과 나누어 먹거나, 고기가 들어가지 않은 정갈한 한정식 집에서 식사하며 소소한 행복을 찾습니다.","김정숙 씨는 무뚝뚝한 남편과 함께 아파트에서 생활하며, 가끔은 남편의 고집스러운 성격에 서운함을 느끼지만 정성껏 차린 밥상으로 갈등을 덮어주는 포용력을 보입니다. 손주들이 놀러 오는 날이면 며칠 전부터 장을 보고 특별한 간식을 준비하며, 아이들에게 들려줄 옛날이야기를 거울 앞에서 연습하는 시간이 가장 행복합니다.","김정숙 씨는 여수 웅천동에서 꼼꼼한 살림 솜씨와 따뜻한 이웃 사랑을 실천하며, 배움에 대한 갈망으로 손주들과의 소통을 꿈꾸는 정 많은 60대 여성입니다.",여수 웅천동 아파트에서 바다 내음 섞인 바람을 맞으며 나이 들었습니다. 중학교 졸업 후 일찍부터 가정을 꾸려 전라도 특유의 넉넉한 손맛과 이웃 간의 정을 나누는 문화 속에서 삶의 지혜를 익혔습니다.,"제철 나물을 무치고 갓김치를 담그는 솜씨가 정교해 동네 부녀회에서도 살림꾼으로 통하며, 가계부를 십 원 단위까지 꼼꼼하게 기록해 집안 경제를 빈틈없이 관리합니다.","['여수 갓김치 담그기', '꼼꼼한 가계부 작성', '부녀회 조직 관리', '제철 나물 요리', '집안 정리 정돈']","매주 화요일이면 친구들과 웅천 친수공원을 천천히 걷고, 근처 빵집에서 갓 구운 단팥빵을 나누며 소소한 일상을 공유합니다. 집에서는 텔레비전 프로그램을 보며 모바일 퍼즐 게임을 한 판씩 풀어냅니다.","['웅천 친수공원 산책', '단팥빵 맛집 탐방', '모바일 퍼즐 게임', '동네 친구들과의 수다', '숲길 풍경 감상']","구청에서 운영하는 인문학 강좌나 문해 교육 프로그램에 참여해, 손주들에게 들려줄 재미있는 옛날이야기를 더 풍성하게 준비하고 싶어 합니다.",여자,63,배우자있음,비현역,배우자와 거주,아파트,중학교,해당없음,무직,전라남-여수시,전라남,대한민국
e70e6a83f0ad4b93820803c1220c4a4a,"김백임 씨는 울산 성남동 골목길의 산증인으로, 동네 어르신들 사이의 복잡한 말다툼이 벌어지면 특유의 유연한 처세술로 상황을 정리하는 보이지 않는 중재자 역할을 수행합니다.","김백임 씨는 주말마다 친구들과 태화강 국가정원의 십리대숲 길을 천천히 거닐며, 다리가 조금 뻐근해질 때까지 걷고 수다를 떠는 것으로 일주일의 건강을 챙깁니다.","김백임 씨는 거실 소파에 기대어 TV 속 가수의 노래를 흥얼거리며 시간을 보내고, 이웃들과 나누는 정겨운 잡담 속에서 삶의 희로애락을 나누는 소박한 즐거움을 누립니다.","김백임 씨는 마음 맞는 친구들과 함께 근교로 나들이를 떠나 가벼운 레포츠 활동을 체험하며, 낯선 풍경 속에서 함께 웃고 떠드는 시간 자체에 큰 의미를 둡니다.","김백임 씨는 제철 나물을 무쳐내는 손맛이 일품이며, 한 달에 한 번 남편과 함께 정갈한 일식집에서 식사를 하거나 주 한 번 배달 음식으로 식탁의 변화를 줍니다.","김백임 씨는 무뚝뚝한 남편과 단독주택에서 서로 의지하며 늙어가고 있으며, 자식들에게 심리적이나 경제적 짐이 되지 않으려 스스로 건강을 관리하는 책임감 있는 모습입니다.","김백임 씨는 울산 성남동의 정취 속에서 이웃과 끈끈한 정을 나누며, 소박한 일상과 건강한 노후를 소중히 여기는 지혜로운 어르신입니다.","울산 중구 성남동의 오래된 골목길 정취 속에서 수십 년을 살며, 정규 교육보다는 삶의 현장에서 몸으로 익힌 지혜를 더 신뢰합니다. 이웃들과 반찬을 나누고 사소한 다툼과 화해를 반복하며 끈끈한 정을 쌓아온 세월이 몸에 배어 있습니다.","제철 식재료를 활용해 입맛 까다로운 이들의 취향을 맞추는 손맛이 뛰어나며, 동네 어르신들 사이의 복잡한 갈등 상황에서도 중심을 잡고 중재하는 능숙한 처세술을 가졌습니다. 다만, 가계부 정리나 약 복용 시간을 꼼꼼하게 기록하는 관리 영역에서는 다소 느슨한 면이 있습니다.","['제철 나물 무침과 멸치볶음 등 밑반찬 만들기', '동네 경로당 내 의견 충돌 중재하기', '효율적인 빨래 널기와 집안일 순서 짜기', '스마트폰으로 손주 사진 전송하고 영상통화 하기']","주말이면 친구들과 함께 태화강 국가정원의 둘레길을 천천히 걸으며 수다를 떠는 시간을 가장 기다립니다. 집에서는 낮잠을 자거나 TV 프로그램을 보며 시간을 보내고, 가끔은 동네 사우나에서 따뜻한 물에 몸을 담그며 일주일의 피로를 풉니다.","['태화강 국가정원 산책하며 꽃 구경하기', '동네 목욕탕에서 친구들과 근황 나누기', '임영웅의 노래를 따라 부르며 흥 돋우기', '일주일에 한 번 자녀가 보내준 배달 음식 즐기기', '초밥이나 회덮밥 같은 일식당 방문하기']","거창한 성취보다는 매일 아침 가벼운 산책을 거르지 않고, 주변 친구들과 건강하게 늙어가는 소소한 일상을 유지하는 것에 가치를 둡니다. 자식들에게 심리적, 경제적 짐이 되지 않도록 스스로 건강을 관리하며 평온한 노후를 보내고자 합니다.",여자,79,배우자있음,비현역,배우자와 거주,단독주택,초등학교,해당없음,무직,울산-중구,울산,대한민국
e71c8c67c626461393cddd401b314d80,"김석원 씨는 완주군 봉동읍 아파트 단지 경로당의 실질적인 질서 유지자이자 살림꾼으로, 동네 사람들의 대소사를 훤히 꿰뚫고 무례한 행동을 하는 이들에게는 가차 없이 훈계를 내놓습니다. 김석원 씨는 매일 아침 정해진 시간에 일어나 집안 구석구석을 정돈하는 규칙적인 일과를 자신의 가장 중요한 임무로 여기며 흐트러짐 없는 하루를 시작합니다.","김석원 씨는 베란다 텃밭에서 흙을 만지며 상추와 깻잎을 무성하게 키워내는 정적인 활동에서 삶의 활력을 얻으며, 주말이면 마음 맞는 친구들과 함께 대둔산의 단풍길을 천천히 거닙니다. 김석원 씨는 무리한 운동 대신 자연 풍경을 감상하며 걷는 것을 즐기고, 오후에는 낮잠으로 체력을 보충하며 여유롭게 하루를 보냅니다.","김석원 씨는 완주군청 노인복지관에서 서예 붓을 잡고 한 자 한 자 정성껏 글씨를 쓰며 마음을 가다듬고, 뒤늦게 시작한 한글 공부에 매진하여 손주에게 보낼 짧은 편지를 서툴게 연습합니다. 김석원 씨는 TV 속 일일 드라마의 얽히고설킨 갈등 상황에 깊이 몰입해 주인공과 함께 분노하거나 안타까워하며 감정을 솔직하게 쏟아냅니다.","김석원 씨는 친목 단체 회원들과 함께 버스를 대절해 전국의 명산을 찾아다니며 붉게 물든 단풍이나 푸른 숲의 풍경을 감상하는 나들이를 즐깁니다. 김석원 씨는 낯선 곳으로의 모험보다 익숙한 동료들과 함께 떠나는 안전한 여행을 선호하며, 여행지에서 마주하는 자연의 경이로움 앞에서 조용히 생각에 잠기곤 합니다.","김석원 씨는 직접 키운 깻잎과 상추로 정갈한 한식 상차림을 차려내며 며느리와 손주들의 식단을 매섭게 챙기고, 가끔 외식으로는 고기 없는 나물 위주의 한정식이나 짜장면 같은 중식을 선택합니다. 김석원 씨는 입맛이 까다로워 간이 맞지 않는 음식에는 즉각적으로 불만을 드러내지만, 본인이 정성껏 무쳐낸 나물 반찬에는 강한 자부심을 가지고 있습니다.","김석원 씨는 사별 후 아파트에서 며느리, 손주들과 함께 3세대가 어우러져 살며, 집안의 최고 어른으로서 엄격한 기준을 제시하면서도 손주들의 작은 성취에는 누구보다 기뻐합니다. 김석원 씨는 표현이 서툴고 때로는 단호하게 선을 긋지만, 밤늦게 들어오는 손주를 위해 몰래 간식을 챙겨두는 투박한 정을 품고 있습니다.","김석원 씨는 완주군 봉동읍의 강단 있는 어른으로, 엄격한 생활 습관과 깊은 가족애를 동시에 지닌 채 서예와 원예로 노년을 풍요롭게 가꾸는 분입니다.","완주군 봉동읍의 흙먼지 날리던 길에서 나고 자라며 전쟁과 가난의 시대를 온몸으로 통과했고, 이제는 아파트 단지 내 경로당에서 동네 사람들의 대소사를 꿰뚫고 있는 완고한 어른입니다. 정이 많으면서도 예의 없는 행동에는 가차 없이 선을 긋는 호남 지역 특유의 강단 있는 성격이 생활 전반에 배어 있습니다.","베란다 텃밭에서 상추와 깻잎을 무성하게 키워내며, 집안 어른으로서 며느리와 손주들의 식단을 엄격하게 챙기는 살림 솜씨가 매섭습니다. 흙을 만지는 감각이 좋아 시들어가는 화초도 적절한 시기에 물과 거름을 주어 다시 살려내는 능력이 있습니다.","['베란다 텃밭 작물 재배', '제철 나물 무침과 밑반찬 제조', '집안 대소사 일정 조율', '전통 방식의 고추장 담그기']","완주군청에서 운영하는 노인 복지관 프로그램에 참여해 서예 붓을 잡고, 주말이면 친한 친구들과 함께 대둔산의 단풍이나 풍경을 보러 나들이를 다닙니다. 가끔은 짜장면 한 그릇을 배달시켜 먹으며 TV 속 일일 드라마의 갈등 상황에 깊이 몰입해 함께 분노하거나 한숨을 쉽니다.","['대둔산 풍경 감상 나들이', '복지관 서예 교실', 'TV 일일 드라마 시청', '동네 친구들과의 전화 수다']","늦게나마 시작한 한글 공부를 통해 손주에게 서툴지만 직접 쓴 짧은 편지를 건네주고 싶어 하며, 매일 아침 정해진 시간에 일어나 집안을 정돈하는 규칙적인 일상을 끝까지 지켜내고자 합니다.",여자,89,사별,비현역,기타3세대,아파트,초등학교,해당없음,무직,전북-완주군,전북,대한민국
7bd8bcf4b17247de9b3a552348f41d56,"한주미 씨는 대학에서 인문학을 전공하고 현재는 육아로 인해 경제활동을 쉬고 있지만, 아이가 성장한 후 영등포구 어느 조용한 골목에 자신의 심미안을 담은 작은 큐레이션 서점을 열어 사람들의 마음을 읽어주는 공간을 만들겠다는 구체적인 계획을 세우고 있습니다. 평소 주변 사람들의 다툼을 조용히 중재하는 능력이 탁월해, 미래의 가게에서도 손님들의 숨은 취향을 세밀하게 분석해 딱 맞는 책을 추천하는 큐레이터로서의 삶을 기대합니다.","한주미 씨는 주말 아침이면 여의도 한강공원의 시원한 바람을 맞으며 천천히 호흡을 가다듬고 조깅을 하며 몸의 감각을 깨우는 시간을 가집니다. 격렬한 스포츠보다는 자신의 속도에 맞춰 걷고 뛰는 과정을 통해 복잡한 생각을 정리하고, 무거워진 몸을 조금씩 움직이며 일상의 활력을 되찾습니다.",한주미 씨는 대학 시절 배운 인문학적 소양을 바탕으로 평소 집에서 정적이 흐르는 시간을 활용해 밀도 높은 독서를 즐기며 텍스트 속에 숨겨진 맥락을 분석하는 일에 몰두합니다. 영등포의 낡은 시장 골목에서 발견한 오래된 간판이나 여의도의 기하학적인 빌딩 숲에서 느껴지는 미묘한 조형미를 사진으로 기록하며 자신만의 심미안을 가꿉니다.,"한주미 씨는 낯선 해외 여행지보다는 익숙한 도시의 새로운 면모를 발견하는 시티투어를 즐기며, 친한 친구들과 함께 서울의 숨겨진 골목길이나 새로 생긴 복합문화공간을 탐방하는 일정을 짭니다. 유명한 관광 명소를 빠르게 훑기보다 작은 카페에 앉아 지나가는 사람들을 구경하며 그 도시의 공기와 분위기를 천천히 음미하는 시간을 소중히 여깁니다.","한주미 씨는 주 2~3회 정도 외식을 하며, 정갈한 나물 정식이 나오는 한식당에서 건강한 한 끼를 먹거나 분위기 있는 이탈리안 레스토랑에서 진한 크림 파스타를 즐기며 친구들과 밀린 이야기를 나눕니다. 배달 음식은 보름에 한 번 정도만 시켜 먹을 정도로, 가급적 직접 식당을 찾아가 공간이 주는 분위기와 맛을 동시에 경험하는 것을 즐깁니다.","한주미 씨는 영등포의 자가 주택에서 남편과 아이들을 키우며 가정을 돌보고 있으며, 때로는 육아로 인한 예민함이 올라오기도 하지만 특유의 유연함으로 가족 간의 갈등을 차분하게 중재하며 화목한 분위기를 유지합니다. 주말이면 아이들의 손을 잡고 집 근처 시장 구경을 가거나 거실에 모여 소소한 일상을 공유하며 깊은 정서적 유대감을 쌓습니다.","한주미 씨는 인문학적 통찰력과 세심한 중재 능력을 갖춘 39세 전업주부로, 고도비만이라는 건강 과제를 안고 있으면서도 여의도 한강공원 조깅과 독서를 통해 내면의 밀도를 높이며 미래의 독립 서점 운영을 꿈꾸는 인물입니다.","영등포의 오래된 시장 골목과 여의도의 현대적인 빌딩 숲이 공존하는 환경에서 생활하며, 대학 시절 인문학을 전공하며 다져진 심미안으로 일상의 작은 부분에서도 의미를 찾아내는 습관이 있습니다.","텍스트의 숨은 맥락을 짚어내는 분석력이 뛰어나며, 주변 사람들의 갈등 상황에서 양측의 입장을 차분하게 정리해 합리적인 접점을 찾아내는 중재 능력이 좋습니다.","['인문학적 텍스트 분석', '소규모 사교 모임 기획', '정서적 공감 및 경청', '효율적인 가계 자산 관리']","주말마다 여의도 한강공원에서 천천히 호흡을 가다듬으며 조깅을 하고, 평일에는 친한 친구들과 함께 정갈한 나물 정식집이나 분위기 있는 이탈리안 레스토랑에서 밀린 이야기를 나누며 시간을 보냅니다.","['한강공원 야간 조깅', '서울 시내 숨은 갤러리 투어', '최신 에세이 탐독', '전통 찻집 방문']","당장의 화려한 복귀보다는 아이가 어느 정도 성장한 후, 자신의 취향을 온전히 담아낸 작은 독립 서점이나 큐레이션 숍을 운영하며 삶의 밀도를 높이는 삶을 꿈꿉니다.",여자,39,배우자있음,비현역,배우자·자녀와 거주,주택 이외의 거처,4년제 대학교,예술·인문,무직,서울-영등포구,서울,대한민국
e1c786cc42dd4ca7a7551188e012dca1,"이양훈 씨는 울산 동구의 화학 공장에서 수십 년간 여과기를 다뤄온 베테랑으로, 기계가 내는 미세한 쇳소리만 듣고도 어느 밸브가 헐거워졌는지 단번에 맞히는 직관을 가졌습니다. 현장 안전 수칙을 교본처럼 지키며 후배들을 위해 자신만의 노하우를 낡은 수첩에 꼼꼼히 적어 내려가는 완벽주의적 성향을 보입니다.","이양훈 씨는 주말이면 오래된 자전거를 끌고 슬도 해안길의 짠 바람을 맞으며 페달을 밟아 복잡한 머릿속을 비워냅니다. 베란다의 작은 플라스틱 화분들에 깻잎과 고추를 심어 매일 아침 물을 주며, 잎사귀 하나하나의 상태를 살피는 정적인 시간에서 평온함을 찾습니다.",이양훈 씨는 퇴근 후 거실 소파에 깊숙이 몸을 묻고 유튜브에서 옛 가요 무대 영상이나 낚시 관련 영상을 찾아보며 시간을 보냅니다. 화려한 예술 작품보다는 동네 시장 골목의 투박한 간판이나 세월이 묻은 공장 외벽의 색감에서 삶의 진한 정서를 느낍니다.,"이양훈 씨는 아내의 손을 잡고 전국 각지의 숲길이나 바닷가를 찾아가 조용히 풍경을 감상하며 일상의 긴장을 내려놓습니다. 유명 관광지의 북적임보다는 이름 모를 한적한 시골길을 천천히 걷는 것을 좋아하며, 가족과 함께 찍은 풍경 사진을 휴대폰 배경화면으로 설정해 두고 자주 들여다봅니다.","이양훈 씨는 일주일에 한 번 아내와 함께 동네 백반집에서 청국장이나 나물 비빔밥 같은 소박한 한식을 즐기며 식사 시간을 갖습니다. 가끔은 단골 포장마차에서 시끌벅적한 분위기에 취해 소주와 함께 꼼장어 구이를 곁들이며, 특유의 사교성으로 주변 테이블 사람들과 스스럼없이 어울립니다.","이양훈 씨는 오랜 세월 곁을 지켜준 아내와 함께 아파트에서 단란하게 지내며, 무뚝뚝한 말투 속에서도 아내가 좋아하는 간식을 슬쩍 사다 놓는 세심함을 가졌습니다. 집안의 크고 작은 결정은 아내의 의견을 따르면서도, 가족의 안녕과 건강에 대해서는 때때로 고집스러운 면모를 드러내며 보호자 역할을 자처합니다.","이양훈 씨는 울산 공단의 성실한 숙련공이자, 자전거와 텃밭을 가꾸며 소박한 행복을 찾는 다정한 가장입니다.","울산 동구의 거친 공단 분위기 속에서 청춘을 보냈으며, 현대중공업과 주변 공장들이 만들어낸 특유의 노동 문화와 끈끈한 동료애를 삶의 중심에 두고 살아왔습니다. 동네 시장의 오래된 식당에서 소주잔을 기울이며 지역 사회의 변화를 체감하는 것을 즐기며, 성실함이 곧 최고의 가치라고 믿는 세대적 특성을 가지고 있습니다.","화학물 여과기와 분리기 조작 분야에서 수십 년간 몸담아, 기계의 미세한 진동이나 소리만으로도 어느 부품에 문제가 생겼는지 직관적으로 알아차리는 숙련도를 갖추고 있습니다. 꼼꼼한 성격 덕분에 복잡한 밸브 조작 순서를 단 한 번의 실수 없이 수행하며, 현장의 안전 수칙을 철저하게 준수하는 정석적인 작업 방식을 고수합니다.","['화학물 분리기 압력 조절 및 제어', '여과 시스템 누출 지점 청음 진단', '공정 안전 매뉴얼 최적화 및 적용', '산업용 필터 교체 주기 관리']","주말이면 슬도 해안길을 따라 자전거 페달을 밟으며 복잡한 마음을 정리하고, 아파트 베란다에 작은 텃밭을 만들어 깻잎과 고추를 정성껏 가꿉니다. 일주일의 피로와 스트레스가 쌓이면 단골 동네 목욕탕의 뜨거운 탕에 몸을 담가 긴장을 풀고, 가끔 동료들과 포장마차에서 시끌벅적하게 분위기를 주도하며 스트레스를 해소합니다.","['슬도 해안도로 자전거 라이딩', '베란다 텃밭 채소 가꾸기', '동네 목욕탕 사우나 이용', '단골 포장마차에서의 친목 도모']",퇴직 전까지 자신이 맡은 공정에서 단 한 건의 안전사고도 발생하지 않게 관리하는 것을 최우선 목표로 삼고 있습니다. 후배 작업자들이 겪을 시행착오를 줄여주기 위해 자신만이 알고 있는 기계 조작의 세세한 팁들을 개인 수첩에 기록해 전수해주고 싶어 합니다.,남자,61,배우자있음,비현역,배우자와 거주,아파트,고등학교,해당없음,화학물 여과기 및 분리기 조작원,울산-동구,울산,대한민국
a5c57e89821a4087b958ac7944ca0795,"오채원 씨는 수학 전공자답게 엑셀의 복잡한 수식과 수치 데이터를 처리하는 데 능숙하며, 전직 공무원으로서 행정 절차를 매끄럽게 밟아내는 업무 능력을 갖추고 있습니다. 오채원 씨는 공적인 문서에서는 한 치의 오차도 허용하지 않는 꼼꼼함을 보이지만, 정작 자신의 책상 위는 서류와 필기구가 뒤섞여 엉망인 모습으로 주변 사람들을 당황시키곤 합니다.",오채원 씨는 이른 아침이나 해 질 녘에 북한강 물길을 따라 천천히 조깅하며 복잡한 생각을 정리합니다. 오채원 씨는 특별한 운동 기구 없이도 가벼운 산책과 러닝을 통해 일상의 활력을 찾고 몸의 리듬을 맞춥니다.,오채원 씨는 읍내 단골 네일숍에서 최신 유행하는 화려한 디자인의 아트 네일을 받으며 시각적인 만족감을 얻습니다. 오채원 씨는 친구들과 모여 '스플렌더' 같은 보드게임을 하며 치밀하게 전략을 짜는 과정에서 지적인 즐거움을 느낍니다.,오채원 씨는 운전석에 앉아 가평의 구불구불한 길을 따라 드라이브하며 창밖으로 펼쳐지는 푸른 자연 풍경을 감상합니다. 오채원 씨는 마음이 맞는 친구나 연인과 함께 조용한 숲길을 걷거나 탁 트인 강변에서 시간을 보내는 여행을 즐깁니다.,"오채원 씨는 일주일에 두세 번 읍내 식당에서 나물 비빔밥이나 된장찌개 같은 정갈한 한식을 먹습니다. 오채원 씨는 가끔 출출할 때 집 근처 분식집에서 떡볶이와 김밥을 포장해 오거나, 일주일에 한 번 정도 편하게 배달 음식을 시켜 먹습니다.","오채원 씨는 가평 자라섬 근처의 오래된 집에서 할머니, 부모님과 함께 살며 할머니가 들려주는 옛날이야기에 귀를 기울입니다. 오채원 씨는 집안의 막내로서 가족들의 전폭적인 사랑을 받지만, 때로는 어른들의 지나친 관심이 답답해 혼자만의 드라이브를 떠나 숨통을 틉니다.","오채원 씨는 수학적 분석력과 행정 실무 능력을 겸비한 구직자로, 가평의 자연 속에서 3세대 가족과 함께하며 소소한 취미와 사회적 관계를 통해 삶의 균형을 찾는 23세 청년입니다.","가평군 자라섬 인근의 조용한 마을에서 3세대가 함께 어우러져 살며, 할머니의 옛날이야기를 듣고 자란 정서가 깊게 배어 있습니다. 집안의 막내로서 어른들의 사랑을 듬뿍 받으면서도, 가끔은 답답함을 느껴 가평읍내나 청평면으로 드라이브를 나가며 숨통을 틉니다.","수학 전공자답게 복잡한 수치 데이터를 다루는 데 능숙하며, 전직 행정 사무원 경험을 살려 공문서 작성과 행정 절차를 막힘없이 처리합니다. 다만 꼼꼼한 업무 처리 능력에 비해 개인 소지품이나 책상 주변을 정리하는 습관은 다소 부족해 늘 주변이 어수선한 편입니다.","['한글 엑셀 서식 최적화', '공공기관 행정 문서 작성', '데이터 통계 분석', '스마트 기기 활용 지도']","주말이면 친구들과 모여 '스플렌더' 같은 보드게임을 즐기거나, 북한강 변을 따라 가볍게 조깅하며 머리를 식힙니다. 기분 전환이 필요할 때는 읍내 네일숍에서 화려한 아트 디자인을 받거나 동네 사우나에서 뜨거운 물에 몸을 담그며 피로를 풉니다.","['북한강 변 조깅', '전략 보드게임', '시즌별 네일 아트', '동네 사우나 방문', '가평 인근 드라이브']","공공기관에서의 경험을 바탕으로 다시 안정적인 직장에 들어가는 것을 목표로 하며, 자신의 수리적 분석 능력을 발휘할 수 있는 사무직 구직 활동에 매진하고 있습니다. 단순히 월급을 받는 것보다 동료들과 원만하게 지내며 활기차게 일할 수 있는 조직 문화를 중요하게 생각합니다.",여자,23,미혼,비현역,기타3세대,주택 이외의 거처,4년제 대학교,자연과학·수학,"전직 국가행정 사무원, 현재 구직중",경기-가평군,경기,대한민국
6ef593f313874e0cbf0538284d330d85,"김석기 씨는 은퇴 후에도 수십 년간 몸에 밴 꼼꼼함을 버리지 못해, 집안의 모든 제사와 생일을 빨간 펜으로 표시한 커다란 벽걸이 달력을 매일 아침 확인하며 하루의 일정을 빈틈없이 관리합니다.","김석기 씨는 일산서구의 동네 배드민턴 클럽에서 셔틀콕을 쫓으며 땀을 흘리고, 경기가 끝나면 단골 사우나의 뜨거운 탕 속에 몸을 깊숙이 담가 하루의 피로를 씻어내는 시간을 가장 기다립니다.","김석기 씨는 거실 소파에 앉아 TV 역사 다큐멘터리를 시청하며 옛 성현들의 삶을 되짚어보고, 가끔은 돋보기를 쓰고 신문의 사설을 정독하며 세상 돌아가는 이치에 대해 조용히 생각에 잠깁니다.","김석기 씨는 친목 모임 회원들과 함께 대형 버스를 타고 경주 불국사나 부여 낙화암 같은 역사 유적지를 찾아다니며, 가이드의 설명을 수첩에 꼼꼼히 메모했다가 나중에 가족들에게 들려주는 것을 즐깁니다.","김석기 씨는 고기보다는 정갈한 나물 반찬과 구수한 청국장이 나오는 한식당을 즐겨 찾으며, 가끔은 지인들과 함께 동네 주점에서 가벼운 안주를 곁들이며 도란도란 옛이야기를 나누며 시간을 보냅니다.","김석기 씨는 배우자와 자녀들이 함께 사는 북적이는 집안에서 가족들의 기념일을 단 하루의 오차도 없이 챙기는 살림꾼이며, 평소에는 무뚝뚝해 보여도 손주들의 간식을 몰래 챙겨주는 다정한 할아버지입니다.","김석기 씨는 전후의 가난을 딛고 일궈낸 성실함으로 일산에서 평온한 노후를 보내며, 건강 관리와 가족의 화목을 최우선으로 여기는 세심하고 현실적인 어르신입니다.","전후 복구 시기의 격동을 겪으며 성실함을 최고의 가치로 여기게 되었고, 지금은 일산 호수공원 인근의 정돈된 도시 환경에서 생활하며 과거의 결핍과 현재의 풍요 사이에서 잔잔한 만족감을 느낍니다.","오랜 직장 생활 동안 익힌 꼼꼼한 일정 관리 습관이 남아 있어, 가족들의 기념일이나 집안의 크고 작은 행사를 달력에 적어 오차 없이 챙기는 살림꾼 역할을 합니다.","['가족 행사 일정 관리', '전통 제례 상차림', '일산 지역 지리 및 편의시설 숙지', '갈등 상황에서의 중재 및 경청', '효율적인 가계 지출 기록']",동네 배드민턴 클럽 회원들과 땀을 흘린 뒤 단골 사우나 탕 속에서 최근 다녀온 경주 불국사의 단풍 이야기를 나누며 하루의 피로를 풉니다.,"['일산 지역 배드민턴 동호회 활동', '동네 사우나 정기 방문', 'TV 역사 다큐멘터리 시청', '전국 역사 유적지 탐방', '청국장과 나물 위주의 한식 식사']",당뇨와 고혈압으로 인해 무거워진 몸을 이끌고도 손주들과 함께 동네 산책로를 한 바퀴 완주하는 것을 매일의 작은 목표로 삼고 있습니다.,남자,84,배우자있음,비현역,배우자·자녀와 거주,아파트,고등학교,해당없음,무직,경기-고양시 일산서구,경기,대한민국
49f472cdd405499e98bfe38472bed709,"이진혁 씨는 복잡한 보험 약관의 세부 조항을 낱낱이 분석해 고객이 놓치기 쉬운 보장 범위를 정확히 짚어내는 치밀한 보험 중개인이며, 특유의 부드러운 경청 능력으로 젊은 부부들의 심리적 문턱을 낮추며 신뢰를 쌓고 있습니다.","이진혁 씨는 땀 흘리는 격렬한 운동보다는 퇴근 후 아내와 함께 동네 골목을 천천히 거니는 산책을 유일한 신체 활동으로 삼으며, 주말이면 서울숲의 나무 사이를 가볍게 걷는 정도로 만족합니다.","이진혁 씨는 성수동의 낡은 붉은 벽돌 건물 사이에 숨어 있는 작은 독립 서점에서 희귀한 책을 구경하거나, 거실 소파에 깊숙이 파묻혀 넷플릭스의 범죄 다큐멘터리를 몰아보며 복잡한 머릿속을 식힙니다.",이진혁 씨는 낯선 오지로 떠나는 모험적인 여행보다는 아내와 함께 세련된 도시의 랜드마크를 방문하고 잘 정돈된 거리의 분위기를 만끽하는 시티투어 방식의 여행을 선호하며 가족과의 시간을 최우선으로 합니다.,"이진혁 씨는 주말이면 아내와 함께 정갈한 일본식 초밥이나 돈카츠 전문점을 찾아가고, 평일에는 자극적이지 않은 나물 비빔밥이나 생선구이 같은 고기 없는 한식당에서 정갈한 식사를 즐깁니다.","이진혁 씨는 아내와 함께 성수동의 한적한 카페 창가 자리에 앉아 소소한 대화를 나누는 시간을 가장 소중히 여기며, 서로의 일상을 세심하게 살피고 보듬어주는 다정하고 안정적인 부부 관계를 유지하고 있습니다.","이진혁 씨는 성수동의 감성과 보험 전문가로서의 치밀함을 동시에 지닌 30대 남성으로, 건강 관리라는 숙제를 안고 아내와 함께 소소한 일상의 행복을 가꾸어가는 인물입니다.","성동구 성수동의 낡은 붉은 벽돌 건물과 세련된 팝업스토어가 어우러진 거리 분위기에 익숙하며, 아내와 함께 주말이면 골목 구석구석의 작은 독립 서점을 들르거나 동네 카페의 한적한 창가 자리를 즐깁니다.","복잡한 보험 약관의 세부 조항을 꼼꼼하게 분석해 고객이 놓치기 쉬운 보장 범위를 정확히 짚어내며, 상대방의 이야기를 경청해 심리적 진입장벽을 낮추는 부드러운 상담 능력을 갖췄습니다.","['보험 약관 정밀 분석', '생애 주기별 리스크 설계', '고객 심리 기반 맞춤형 상담', '금융 상품 포트폴리오 구성', '계약 분쟁 조정 및 중재']","퇴근 후 거실 소파에 깊숙이 파묻혀 넷플릭스의 범죄 다큐멘터리를 몰아보며 스트레스를 풀고, 공복혈당 관리를 위해 아내의 손에 이끌려 서울숲 산책로를 천천히 걷습니다.","['서울숲 밤산책', '범죄 다큐멘터리 시청', '유튜브 인테리어 영상 보기', '일식 오마카세 맛집 탐방', '가벼운 홈술']","단순한 영업 실적 달성보다는 젊은 부부들이 생애 첫 보험을 설계할 때 가장 먼저 떠올리는 신뢰받는 전문가가 되고자 하며, 차근차근 관리 고객 수를 늘려 안정적인 개인 중개 법인을 세우는 것을 목표로 합니다.",남자,30,배우자있음,비현역,배우자와 거주,아파트,4년제 대학교,경영·행정·법,보험 중개인,서울-성동구,서울,대한민국
8eb90089c3cf4dcbbcf2769437bf63b4,"허경자 씨는 인천 서구 시장 골목에서 평생 살림을 도맡으며, 제철 나물의 상태만 보고도 산지를 맞히는 눈썰미와 뚝딱 끓여내는 된장찌개 손맛으로 동네에서 인정받는 베테랑 살림꾼입니다.","허경자 씨는 청라 호수공원의 평평한 산책로를 따라 느릿하게 걸으며, 가끔 숨이 차면 벤치에 앉아 흐르는 물과 나무 그림자를 멍하니 바라보며 호흡을 가다듬습니다.",허경자 씨는 매일 저녁 6시가 되면 텔레비전 앞에 앉아 '6시 내고향'에 나오는 낯선 시골 풍경과 정겨운 사람들의 말투를 보며 마음의 위안을 얻습니다.,"허경자 씨는 명절이나 가족 모임 때 자식들의 손을 잡고 강원도나 전라도의 탁 트인 바다와 산을 찾아가, 말없이 풍경을 응시하며 삶의 고단함을 씻어냅니다.","허경자 씨는 일주일에 한 번 배달시키는 떡볶이의 매콤한 맛으로 입맛을 돋우고, 보름에 한 번쯤 배우자와 함께 동네 고깃집에서 지글지글 익어가는 삼겹살을 구워 먹습니다.","허경자 씨는 무뚝뚝한 남편과 함께 낡은 집에서 서로의 숨소리를 들으며 지내고, 가끔 찾아오는 손주들에게 갓 지은 솥밥과 정성껏 무친 나물을 먹이는 시간에서 가장 큰 행복을 느낍니다.","허경자 씨는 인천 서구의 정겨운 시장통 정서를 품은 채, 소박한 신앙심과 알뜰한 살림 솜씨로 평온한 노후를 가꾸어가는 강인한 어머니상입니다.","인천 서구의 오래된 골목과 시장통에서 자식들을 키워내며, 동네 이웃들과 콩 한 쪽도 나눠 먹던 정겨운 공동체 문화 속에서 평생을 보냈습니다. 배움의 기회는 적었지만 삶의 굴곡을 묵묵히 견뎌온 세대의 강인함과 소박한 정서를 가지고 있습니다.","제철 나물을 무치거나 된장찌개를 끓이는 등 손맛이 좋아 주변 친구들에게 레시피를 공유하며, 시장에서 좋은 식재료를 골라내는 눈썰미가 탁월합니다. 복잡한 가계부 대신 머릿속으로 한 달 살림 규모를 정확히 계산해내는 알뜰한 살림 솜씨를 갖췄습니다.","['제철 나물 무침', '된장찌개 맛있게 끓이기', '인천 서구 전통시장 최저가 식재료 찾기', '이웃 간의 갈등을 중재하는 완곡한 말씨']","일요일마다 집 근처 작은 교회에 나가 성경 공부를 하고 교인들과 담소를 나누며, 오후에는 청라 호수공원 벤치에 앉아 흐르는 물과 나무들을 멍하니 바라보며 시간을 보냅니다. 저녁에는 TV 프로그램 '6시 내고향'을 보며 전국 팔도의 풍경을 구경하고, 가끔은 단골 분식집에서 떡볶이를 포장해 와 배우자와 함께 나눠 먹습니다.","['청라 호수공원 느리게 걷기', '교회 구역 예배 참석', ""TV 프로그램 '6시 내고향' 시청"", '동네 친구들과의 수다 떨기', '가족과 함께하는 근교 숲길 나들이']","무릎 관절을 잘 관리해서 매일 아침 동네 공원을 가볍게 한 바퀴 도는 일상을 유지하고, 가끔 찾아오는 손주들에게 따뜻한 밥 한 끼 해 먹이는 소소한 기쁨을 누리고 싶어 합니다. 남은 생은 큰 풍파 없이 지금처럼 마음 편한 사람들과 어울리며 평온하게 보내는 것이 유일한 바람입니다.",여자,73,배우자있음,비현역,배우자와 거주,주택 이외의 거처,초등학교,해당없음,무직,인천-서구,인천,대한민국
60729be3057a4338b870546520058c3e,이의애 씨는 김제시의 한 건물 경비실에서 근무하며 입주민들의 미세한 옷차림 변화나 걸음걸이만으로도 누구인지 단번에 알아맞히는 예리한 관찰력을 가졌습니다. 층간소음으로 고성이 오가는 험악한 상황에서도 특유의 차분한 말투로 양쪽 이야기를 충분히 들어주며 갈등을 잠재우는 노련한 중재자 역할을 수행합니다.,이의애 씨는 김제 지평선의 탁 트인 풍경을 벗 삼아 천천히 발걸음을 옮기는 산책을 즐깁니다. 특히 주말이면 남편의 손을 잡고 벽골제 근처의 흙길을 거닐며 계절이 바뀌는 공기를 마시는 것으로 몸과 마음의 긴장을 풉니다.,이의애 씨는 스마트폰 유튜브 화면 속 임영웅의 노래 영상을 반복해서 재생하며 그 감미로운 목소리에 기대어 하루의 피로를 씻어냅니다. 정규 교육 과정은 짧았지만 가사 한 구절에 담긴 삶의 애환을 깊이 공감하며 자신만의 방식으로 음악을 향유하는 감수성을 지녔습니다.,이의애 씨는 초록빛 들녘이나 잔잔한 물결이 있는 자연 풍경을 찾아 마음 맞는 친구들과 함께 떠나는 여행을 즐깁니다. 익숙하고 편안한 풍경 속에서 도란도란 이야기를 나누며 천천히 걷는 시간을 가장 소중하게 생각합니다.,"이의애 씨는 일주일에 한 번, 나물 반찬이 정갈하게 나오는 한식당을 찾아가 제철 채소의 맛을 즐깁니다. 가끔 입맛이 없을 때는 동네 분식집에서 갓 말아낸 김밥과 떡볶이를 사 먹으며 별미를 즐기고, 2주에 한 번 정도는 남편과 함께 배달 음식으로 편하게 한 끼를 해결합니다.","이의애 씨는 김제시의 단독주택에서 평생을 함께해 온 남편과 서로의 빈틈을 채워주며 조용하고 평온한 노후를 보내고 있습니다. 마을 공동체 속에서 나누고 돕는 정서를 몸소 배우며 성장했기에, 이웃들과 정을 나누는 것을 당연하게 여기며 가족과 이웃이 어우러진 삶을 삽니다.","이의애 씨는 김제의 넓은 들녘을 닮은 너그러움과 경비원으로서의 노련함을 갖춘 채, 임영웅의 노래와 남편과의 산책으로 일상의 행복을 채우는 63세 여성입니다.","김제 지평선의 넓은 들녘에서 나고 자라며 흙과 함께하는 삶에 익숙하며, 정규 교육 기간은 짧았지만 마을 공동체 속에서 서로 돕고 나누는 정서를 몸소 배우며 성장했습니다.","경비실 창 너머로 입주민들의 걸음걸이나 옷차림만 봐도 누구인지 금세 알아차리며, 층간소음 같은 예민한 민원이 발생했을 때 양측의 말을 차분히 들어주며 상황을 가라앉히는 노련함이 있습니다.","['입주민별 맞춤형 민원 응대', '건물 내 취약 구역 육안 점검', '지역사회 인적 네트워크 관리', '효율적인 단지 내 순찰 경로 설정']","유튜브로 임영웅의 노래 영상을 반복해서 찾아보거나, 주말이면 남편과 함께 벽골제 근처를 천천히 거닐며 계절에 따라 변하는 풍경을 눈에 담습니다.","['임영웅 노래 영상 시청', '벽골제 주변 산책', '동네 분식집 떡볶이와 김밥 먹기', '건강 정보 유튜브 채널 구독']",무리한 승진이나 변화보다는 지금처럼 큰 사고 없이 월급날을 맞이하며 남편과 함께 생활비를 보태는 안정적인 일상을 유지하는 것에 만족합니다.,여자,63,배우자있음,비현역,배우자와 거주,단독주택,초등학교,해당없음,건물 경비원,전북-김제시,전북,대한민국
a1f5724cf9ff4d6d844a9feb544929da,정동수 씨는 대덕구 공단 시절의 손재주를 살려 동네 주민들의 고장 난 선풍기나 낡은 전기포트를 뚝딱 고쳐주며 소소한 보람을 찾습니다. 복잡한 설명서 없이도 기계의 내부 구조를 금방 파악해 내는 눈썰미 덕분에 주변에서는 이미 알아주는 맥가이버로 통합니다.,정동수 씨는 주말마다 대청호 인근 단골 낚시터에 앉아 물 위에 떠 있는 찌가 흔들리는 것을 멍하니 바라보며 일주일의 잡념을 비워냅니다.,"정동수 씨는 돋보기를 쓰고 유튜브로 동남아 휴양지의 푸른 바다 영상을 찾아보며, 아내와 함께 떠나고 싶은 곳들을 수첩에 꼼꼼히 메모하는 시간을 즐깁니다.",정동수 씨는 빡빡한 일정의 관광보다는 아내와 함께 고급 리조트에서 온종일 쉬는 휴양 여행을 꿈꾸며 해외 여행지 정보를 수집합니다.,"정동수 씨는 일주일에 네다섯 번은 집 근처 삼겹살집이나 정갈한 초밥집을 찾아 아내와 함께 식사하며, 가끔은 스마트폰 앱으로 치킨을 시켜 먹는 소소한 별미를 즐깁니다.","정동수 씨는 무뚝뚝한 말투로 아내에게 툭툭 말을 던지지만, 아내가 좋아하는 빵집의 단팥빵을 잊지 않고 사 오는 다정한 면모를 지닌 남편입니다.","정동수 씨는 투박한 손재주와 성실함을 가진 대전의 60대 가장으로, 아내와 함께하는 소박한 일상과 건강한 노후를 지향합니다.","대전 대덕구 공단 인근에서 어린 시절을 보내며 학교 공부보다는 현장의 생리를 먼저 익혔고, 평생을 성실한 노동으로 일궈온 세대의 투박함과 단단한 생활력을 가지고 있습니다.","수십 년간 현장에서 다져진 눈썰미로 낡은 기계나 집안의 고장 난 가전제품을 뚝딱 고쳐내며, 복잡한 설명서 없이도 기기의 구조를 빠르게 파악하는 감각이 탁월합니다.","['낡은 가전제품 수리', '간단한 집수리 및 보수', '현장 안전 상태 점검', '효율적인 적재 및 운반']","주말이면 대청호 인근의 단골 낚시터에서 찌를 바라보며 잡념을 비우고, 저녁에는 유튜브로 해외 여행지 영상을 보며 아내와 함께 갈 만한 휴양지를 메모하는 시간을 즐깁니다.","['대청호 민물낚시', '유튜브 해외 여행 채널 시청', '동네 친구들과의 당구 한 게임', '아내와 함께하는 일식집 외식']","거창한 성취보다는 아내와 함께 건강하게 늙어가는 것에 집중하며, 고혈압 관리를 위해 매일 정해진 시간에 동네 산책로를 완주하는 작은 목표를 실천하고 있습니다.",남자,65,배우자있음,비현역,배우자와 거주,아파트,초등학교,해당없음,무직,대전-대덕구,대전,대한민국
5e6b1a0c277c44c79b82a52cb9e68fa2,"권지만 씨는 물류 창고의 배차 시간을 분 단위로 쪼개어 짜던 치밀함과 현장 작업자들의 거친 갈등을 능숙하게 잠재우는 중재력을 겸비한 베테랑입니다. 현재는 잠시 일손을 놓았지만, 산본역 근처의 소규모 시설 관리직이나 운송 업무로 복귀해 다시금 규칙적인 출퇴근의 리듬을 되찾고 가족의 생계를 보조하려는 의지가 강합니다.",권지만 씨는 주말마다 산본 로데오거리의 단골 치킨집에 모여 동네 친구들과 목소리를 높여 KBO 리그 경기를 관람하며 일주일의 스트레스를 풉니다. 응원하는 팀이 결정적인 실책을 저지르면 TV 화면을 향해 혀를 차며 현역 감독 못지않은 날카로운 훈수를 두는 것이 그의 오랜 낙입니다.,권지만 씨는 평일 낮 거실 소파에 깊숙이 파묻혀 유튜브로 낚시꾼들이 대어를 낚는 영상을 멍하게 바라보는 시간에서 가장 큰 정신적 평온을 느낍니다. 화려한 예술 작품보다는 화면 속에서 펼쳐지는 정적인 물결과 찌의 미세한 움직임에 집중하며 자신만의 휴식을 즐깁니다.,"권지만 씨는 친구들과 함께 계획 없이 떠나는 휴양지 여행에서 진정한 해방감을 느끼며, 복잡한 관광 코스보다는 바다가 보이는 펜션 평상에 누워 시간을 보내는 것을 즐깁니다. 낯선 곳에서의 모험보다는 익숙한 지인들과 함께 나누는 술잔과 느긋한 대화 속에서 여행의 묘미를 찾습니다.","권지만 씨는 일주일에 대여섯 번은 집 밖에서 식사를 해결하며, 특히 고기구이보다는 정갈한 나물 반찬이 나오는 보리밥 집이나 김치찌개 전문점을 자주 찾습니다. 배달 음식은 한 달에 한 번 정도 치킨을 시켜 먹는 것으로 제한하며, 직접 식당에 방문해 사람 냄새를 맡으며 식사하는 시간을 소중히 여깁니다.","권지만 씨는 배우자와 자녀들이 함께 사는 아파트에서 가장으로서의 책임감을 느끼며, 무직 상태인 지금도 집안의 고장 난 전등이나 수도꼭지를 묵묵히 수리하곤 합니다. 때로는 자신의 입장을 너무 강하게 밀어붙여 가족들과 미묘한 신경전을 벌이기도 하지만, 결국엔 툭 던지는 농담 한마디로 분위기를 풀어내는 서툰 다정함을 가졌습니다.","권지만 씨는 산본 로데오거리의 폭넓은 인맥과 물류 현장의 실무 능력을 겸비한 40대 가장으로, 꼼꼼한 성격과 사교적인 면모를 통해 삶의 안정적인 궤도를 되찾으려는 인물입니다.","군포 산본역 인근 상가 거리에서 오랜 시간 인맥을 쌓아왔으며, 고등학교 졸업 후 곧바로 현장 업무에 뛰어들어 몸으로 익힌 생활 지혜가 많습니다. 동네 모임의 총무를 도맡아 하며 회비를 십 원 단위까지 꼼꼼하게 관리해 주변의 두터운 신뢰를 받고 있습니다.",물류 창고의 재고 목록을 오차 없이 정리하고 배차 시간을 분 단위로 효율적으로 짜는 능력이 탁월합니다. 현장 작업자들 사이의 갈등을 능숙하게 중재하면서도 정해진 마감 기한은 반드시 지켜내는 추진력을 갖추고 있습니다.,"['물류 재고 관리', '배차 계획 수립', '현장 인력 중재', '자재 비용 산출 및 정산']",주말이면 친구들과 산본 로데오거리의 치킨집에 모여 시원한 생맥주를 마시며 KBO 리그 경기를 관람합니다. 평일 낮에는 거실 소파에 누워 유튜브로 낚시 영상을 보며 깊은 낮잠을 자는 시간에서 가장 큰 평온함을 느낍니다.,"['KBO 프로야구 경기 관람', '산본 로데오거리 치킨집 모임', '유튜브 낚시 채널 시청', '동네 친구들과의 소주 한잔']",갑작스러운 변화보다는 집 근처에서 소규모로 운영하는 시설 관리직이나 운송 업무를 통해 가족의 생계를 보조하며 규칙적인 일상을 되찾고자 합니다.,남자,47,배우자있음,비현역,배우자·자녀와 거주,아파트,고등학교,해당없음,무직,경기-군포시,경기,대한민국
449678c1fc81451e834160e6bf54c5c8,"문현영 씨는 도매 상점에서 오랫동안 근무하며 손님의 눈빛만 봐도 원하는 물건과 적정 가격대를 맞추는 눈썰미 좋은 판매원이며, 언젠가는 김포 시내 작은 골목에 자신만의 감성이 담긴 소품숍을 열어 느긋하게 운영하는 꿈을 꿉니다.","문현영 씨는 주말 오후면 가족들과 함께 김포 아라뱃길을 따라 천천히 걸으며 강변 풍경을 감상하고, 거실 소파에 편하게 누워 텔레비전으로 중계되는 스포츠 경기를 보며 소리를 지르는 시간을 즐깁니다.","문현영 씨는 퇴근 후 침대에 엎드려 일본 만화책의 다음 권 내용을 궁금해하며 페이지를 넘기고, 넷플릭스에서 유행하는 예능 프로그램을 몰아보며 아무 생각 없이 웃는 멍한 휴식을 가장 좋아합니다.",문현영 씨는 휴가철이 되면 남편과 아이들을 데리고 공기 좋은 숲이나 탁 트인 바다로 떠나 멍하니 풍경을 감상하며 일상의 소란스러움을 잊는 시간을 갖습니다.,"문현영 씨는 일주일에 서너 번 동네 단골 고깃집에서 지글거리는 삼겹살에 소주를 마시거나, 가끔은 깔끔한 일식집에서 초밥 세트를 주문해 먹으며 한 주 동안 쌓인 스트레스를 풉니다.","문현영 씨는 김포 한강신도시 아파트 단지에서 아이들을 키우며 이웃 엄마들과 정겨운 관계를 유지하고, 투덜대면서도 남편과 자녀들이 좋아하는 외식 메뉴를 세심하게 고르는 다정한 어머니이자 아내입니다.","문현영 씨는 김포에서 가족과 함께 살며 도매 상점 판매원으로 일하는, 넉살 좋은 성격과 소소한 취향을 가진 40대 여성입니다.","김포 한강신도시의 아파트 단지에서 자녀를 키우며, 정겨운 이웃 관계와 현대적인 도시 생활의 편리함을 동시에 누리는 삶을 삽니다. 고등학교 졸업 후 곧바로 사회생활을 시작해 이론보다는 현장에서 부딪히며 배운 생활 지혜가 깊으며, 최신 유행을 따라가면서도 결국에는 마음 편한 익숙한 것을 찾는 성향입니다.","도매 상점에서 오랫동안 근무하며 손님의 표정만 보고도 원하는 물건과 적정 가격대를 빠르게 파악하는 눈썰미를 갖췄습니다. 처음 보는 사람과도 금방 말을 섞으며 분위기를 부드럽게 만드는 친화력이 뛰어나, 까다로운 손님의 마음을 돌려놓는 유연한 응대 능력이 탁월합니다.","['고객 심리 파악 및 맞춤 응대', '상품 재고 관리 및 발주', '단골 고객 확보 및 관계 유지', '현장 중심의 가격 협상']","주말이면 가족들과 김포 아라뱃길을 따라 천천히 산책하며 풍경을 감상하고, 저녁에는 동네 단골 고깃집에서 삼겹살에 소주 한 잔을 곁들이며 일주일의 피로를 풉니다. 집에서는 편하게 누워 일본 만화책을 읽거나 넷플릭스로 예능 프로그램을 몰아보며 멍하게 시간을 보내는 휴식을 가장 좋아합니다.","['아라뱃길 가족 산책', '삼겹살과 소주 곁들이기', '일본 만화책 읽기', '넷플릭스 예능 시청', '동네 일식집 탐방']","지금 하는 일에서 큰 갈등 없이 안정적인 소득을 유지하는 것에 만족하지만, 언젠가는 자신의 안목을 살려 작은 소품숍을 운영하며 소소한 성취감을 느끼고 싶어 합니다. 치밀한 사업 계획서를 쓰기보다는 상황이 맞으면 도전해보겠다는 느긋한 마음가짐으로 준비하고 있습니다.",여자,45,배우자있음,비현역,배우자·자녀와 거주,아파트,고등학교,해당없음,그 외 상점 판매원,경기-김포시,경기,대한민국
d123ba8eaa574c84857f0bc613bcc925,"박성훈 씨는 봉선동 골목에서 고장 난 수도꼭지나 삐걱거리는 문손잡이를 뚝딱 고쳐주며 이웃들의 신뢰를 얻고 있으며, 건강을 회복한 뒤에는 구청에서 운영하는 노인 일자리 사업에 참여해 동네 어르신들의 말동무가 되어드리고 싶어 합니다.","박성훈 씨는 주말마다 동네 단골 당구장에서 3쿠션 큐대를 잡고 예리한 각도를 계산하며 승부욕을 불태우고, 평일 오후에는 배드민턴 채를 들고 지역 동호회원들과 땀을 흘리며 활력을 찾습니다.","박성훈 씨는 매일 아침 배달되는 종이신문을 정독하며 세상 돌아가는 이야기를 수집하고, 저녁에는 거실 소파에 깊숙이 기대앉아 TV 속 시사 프로그램에 고개를 끄덕이며 혼자만의 분석에 빠지곤 합니다.","박성훈 씨는 마음 맞는 고향 친구들과 함께 버스를 타고 광주 시내 구석구석을 누비는 시티투어를 즐기며, 익숙한 풍경 속에서도 새로 생긴 카페나 작은 전시 공간을 찾아다니는 소소한 재미를 느낍니다.","박성훈 씨는 일주일에 대여섯 번은 집 밖에서 식사를 해결하며, 구수한 청국장 냄새가 진동하는 보리밥집에서 든든하게 한 끼를 먹거나 가끔은 바삭한 치킨에 콜라 한 잔으로 일상의 스트레스를 풉니다.","박성훈 씨는 마당 한편에 정성껏 일군 텃밭에서 상추와 고추를 키워 아내의 식탁에 올리는 것을 가장 큰 보람으로 여기며, 단독주택의 낡은 곳을 직접 보수하며 아내와 함께 늙어가는 집의 시간을 가꿉니다.","박성훈 씨는 광주 봉선동의 인맥 넓은 마당 주인으로, 당구와 텃밭 가꾸기를 즐기며 건강 회복을 통해 다시 사회로 나갈 준비를 하는 사교적인 중년 남성입니다.","광주 남구 봉선동 인근에서 오랜 세월 거주하며 지역 사회의 유대감을 중요하게 여기고, 동네 이웃들과의 소소한 교류를 통해 삶의 활력을 얻는 전형적인 지역 기반의 생활 양식을 가지고 있습니다.","단독주택을 직접 관리하며 익힌 간단한 집수리 능력이 뛰어나고, 사교적인 성격을 바탕으로 동호회 회원들의 이해관계를 조율해 모임을 매끄럽게 이끄는 운영 능력이 있습니다.","['LED 전등 및 스위치 교체', '수전 교체 및 간단한 누수 조치', '배드민턴 동호회 경기 대진표 작성', '지역 내 맛집 리스트 작성 및 예약 관리']","마당 한쪽에 작은 텃밭을 일궈 상추와 고추를 직접 키우며, 주말이면 친구들과 함께 동네 단골 당구장에서 3쿠션 경기를 즐기거나 청국장과 보리밥 같은 소박한 한식 메뉴로 외식을 합니다.","['마당 텃밭 작물 가꾸기', '동네 당구장에서의 3쿠션 경기', '남구청 주변 산책로 조깅', '지역 신문 읽으며 시정 소식 확인하기', '반려견과 함께하는 동네 골목 산책']","현재는 경제 활동을 쉬고 있지만, 공복혈당 수치를 낮추기 위해 노력하며 건강을 회복한 뒤 동네 어르신들을 돕는 사회공헌 일자리나 가벼운 소일거리를 찾아 다시 사회적 관계를 확장하고 싶어 합니다.",남자,56,배우자있음,비현역,배우자와 거주,단독주택,고등학교,해당없음,무직,광주-남구,광주,대한민국
722e732b31db4adcb0646dd7132060db,"홍란영 씨는 물류 창고의 거친 현장 분위기 속에서도 법학 전공자다운 꼼꼼함으로 외주 계약서의 작은 오타 하나까지 잡아내며, 까다로운 상사의 기분을 세심하게 살피는 능숙한 비서로 통합니다.","홍란영 씨는 주말이면 아이의 손을 잡고 남양주 물의 정원 산책로를 천천히 걸으며 숲의 향기를 맡거나, 수종사로 향하는 완만한 길을 오르며 복잡한 머릿속을 정리합니다.","홍란영 씨는 잠들기 전 침대 머리맡에 둔 일본 만화 단행본의 종이 질감을 느끼며 현실의 압박감을 잊고, 팟캐스트에서 흘러나오는 나지막한 목소리에 의지해 겨우 잠을 청합니다.","홍란영 씨는 가끔 마음 맞는 친구들과 함께 강원도 평창의 전나무 숲길이나 제주도의 한적한 오름을 찾아가, 아무런 계획 없이 풍경을 바라보며 정서적 허기를 채웁니다.","홍란영 씨는 퇴근길에 동네 김밥집에서 멸치김밥과 떡볶이를 포장해 아이와 나누어 먹거나, 주말 외식으로는 나물 반찬이 정갈하게 나오는 보리밥집을 즐겨 찾습니다.","홍란영 씨는 다산신도시의 교육 환경에 민감하게 반응하며 아이의 성장을 살피는 동시에, 집안의 쿠션 색상이나 커튼의 주름 하나까지 완벽하게 맞추려는 강박적인 모습으로 불안한 마음을 달랩니다.","홍란영 씨는 이성적인 업무 처리 능력과 내면의 깊은 불안함을 동시에 지닌 채, 남양주에서 아이와 함께 아늑한 보금자리를 가꾸며 살아가는 40대 한부모 여성입니다.","남양주 다산신도시의 아파트 단지 주변에서 아이의 교육 환경을 세심히 살피며 정착해 살고 있습니다. 법학과 경영학을 공부한 이성적인 면이 있지만, 혼자 아이를 키우며 느끼는 막연한 불안함 때문에 집안의 가구 배치나 소품 하나하나를 아늑하고 완벽하게 꾸미는 데 집착하는 경향이 있습니다.","물류 창고의 복잡한 운송 일정과 외주 업체 계약서를 꼼꼼하게 검토하고, 상사의 까다로운 요구사항을 유연하게 조율해 업무 공백을 메웁니다. 법학 전공 지식을 활용해 사소한 약관 오류나 행정적 허점을 빠르게 찾아내어 발생 가능한 사고를 미연에 방지합니다.","['운송 계약서 법적 검토', '다각도 일정 최적화 및 조율', '물류 행정 프로세스 관리', '갈등 중재 및 커뮤니케이션']","주말이면 아이 손을 잡고 남양주 물의 정원이나 수종사 근처를 걸으며 복잡한 마음을 비워내고, 밤에는 침대에 누워 일본 만화 단행본을 읽으며 현실의 긴장을 풉니다. 잠들기 전 팟캐스트의 잔잔한 목소리를 들으며 하루 동안 곤두섰던 신경을 가라앉히는 시간을 갖습니다.","['남양주 물의 정원 산책', '일본 만화 단행본 수집', '심리 상담 관련 팟캐스트 청취', '동네 분식집 맛집 탐방']","현재의 소득 수준을 안정적으로 유지하며 업무 스트레스를 줄여 아이와 함께 보내는 저녁 시간을 더 확보하려 합니다. 갑작스러운 변수에 예민하게 반응하는 성격을 보완해, 어떤 돌발 상황에서도 흔들리지 않는 능숙한 관리자로 인정받아 정년까지 무탈하게 근무하는 것을 최우선으로 삼습니다.",여자,40,이혼,비현역,자녀와 거주 (한부모),아파트,4년제 대학교,경영·행정·법,일반 비서,경기-남양주시,경기,대한민국
2d85ebca373c4846acc7610d78335bdc,"박춘혁 씨는 옥천 5일장에서 손님들의 발걸음 소리와 표정만 보고도 오늘 어떤 물건이 잘 나갈지 짐작해 자리를 잡으며, 낡은 가계부의 칸 하나하나를 오차 없이 채워 넣는 수기 장부 기록에 자부심을 느낍니다.",박춘혁 씨는 장날의 고된 노동으로 퉁퉁 부은 다리를 풀기 위해 주말이면 옥천 인근의 낮은 산을 오르거나 동네 사우나의 뜨거운 탕 속에 몸을 담그며 묵은 피로를 씻어냅니다.,"박춘혁 씨는 잠들기 전 유튜브에서 북유럽풍 거실 꾸미기 영상을 넋 놓고 보다가, 갑자기 엉덩이가 들썩여 거실의 낡은 소파와 탁자 위치를 밤늦게 몇 번이고 다시 옮기곤 합니다.","박춘혁 씨는 오랜 친구들과 함께 대전 성심당 같은 유명 빵집을 찾아가 갓 구운 빵 냄새를 맡으며, 평소에 접하기 힘든 화려한 디저트 조각을 접시에 담아 나누어 먹는 시간을 가장 기다립니다.","박춘혁 씨는 고기 요리보다는 나물무침이나 된장찌개 같은 담백한 한식을 즐기며, 보름에 한 번 정도 배달 앱으로 주문하는 달콤한 생크림 빵으로 일주일의 스트레스를 해소합니다.","박춘혁 씨는 전월세 아파트에서 남편과 자녀들과 함께 부대끼며 살아가며, 자신의 욕심보다는 자식들이 사회에서 제 몫을 다하며 안정적으로 자리 잡는 것을 인생의 마지막 숙제로 여기고 있습니다.","박춘혁 씨는 옥천 시장의 흐름을 읽는 눈과 꼼꼼한 장부 기록 습관을 가진, 가족의 안녕과 소박한 주거 개선을 꿈꾸는 성실한 50대 여성입니다.","충북 옥천의 조용한 마을에서 나고 자라며 중학교 졸업 후 바로 생업에 뛰어들었던 세대의 삶을 살았습니다. 일요일마다 지역 교회 식구들과 교류하며 정서적 유대감을 쌓고, 오래된 이웃들과의 신뢰를 무엇보다 소중히 여깁니다.","5일장의 유동 인구 흐름을 정확히 읽어내어 물건을 배치하며, 단 한 푼의 오차도 허용하지 않는 꼼꼼한 수기 장부 기록 습관을 갖추고 있습니다. 손님의 표정만 보고도 원하는 물건을 빠르게 짐작해 제안하는 능력이 탁월합니다.","['지역 시장 상권 분석 및 입지 선정', '철저한 수기 매출 및 재고 관리', '고객 맞춤형 상품 추천 및 응대', '효율적인 이동 판매 동선 설계']",유튜브에서 인테리어 영상을 찾아보며 거실 가구 배치를 조금씩 바꾸는 것에 소소한 즐거움을 느낍니다. 가끔 친구들과 함께 대전의 유명한 빵집을 찾아다니며 평소 접하지 못한 디저트를 맛보는 시간을 갖습니다.,"['유튜브 인테리어 소품 활용법 시청', '대전 지역 빵집 투어', '금강변 산책로 걷기', '지역 복지관 반찬 봉사활동']",무리한 사업 확장보다는 현재의 매출 규모를 안정적으로 유지하며 자녀들의 뒷바라지를 마무리하는 것에 집중하고 있습니다. 매달 조금씩 저축해 전세금을 올리거나 더 쾌적한 주거 환경을 마련하는 현실적인 목표를 가지고 있습니다.,여자,58,배우자있음,비현역,배우자·자녀와 거주,아파트,중학교,해당없음,노점 및 이동 판매원,충청북-옥천군,충청북,대한민국
b8d3ce353b7d4d6ca9004a95f6c62ed9,"권채림 씨는 인문학적 소양을 살려 개인 블로그에 조용한 기록을 남기며, 언젠가 수지구 골목의 작은 공방이나 프리랜서 에디터로 활동하며 마음의 안식을 찾으려 합니다. 급격한 사회 진출보다는 자신의 속도에 맞춘 소규모 업무부터 천천히 시작하고 싶어 하며, 때로는 무직 상태가 주는 막연한 불안함에 침대 위에서 시간을 보내기도 합니다.","권채림 씨는 직접 뛰는 운동보다는 거실 소파에 편하게 기대어 TV로 야구 경기를 관람하며 응원하는 시간을 즐깁니다. 건강을 위해 필라테스 매트 위에 서기도 하지만, 몸을 움직이는 고통보다는 경기의 흐름을 지켜보는 정적인 즐거움에 더 깊이 몰입합니다.","권채림 씨는 예술 전공자의 시선으로 집안 구석구석에 아기자기한 오브제를 배치해 자신만의 심미적인 공간을 가꿉니다. 마음이 차분해지는 밤이면 블로그에 섬세한 문체로 일상의 단상을 적어 내려가거나, 취향에 맞는 팟캐스트를 들으며 정서적인 충족감을 채웁니다.",권채림 씨는 연인이나 친구와 함께 조용한 휴양지로 떠나 아무런 계획 없이 온전한 휴식을 취하는 여행을 즐깁니다. 유명 관광지를 바쁘게 돌아다니기보다 푹신한 호텔 침구 속에서 늦잠을 자고 느긋하게 브런치를 먹으며 에너지를 회복하는 시간을 소중히 여깁니다.,"권채림 씨는 일주일에 두세 번 수지구 인근의 이자카야를 찾아 야키토리에 시원한 맥주 한 잔을 곁들이며 친구들과 수다를 떱니다. 배달 음식은 한 달에 한 번 정도만 주문할 정도로 드물게 이용하며, 주로 고깃집이나 분위기 좋은 주점에서 사람들과 얼굴을 마주하며 식사하는 것을 좋아합니다.","권채림 씨는 배우자와 함께 한쪽 부모님을 모시고 아파트에서 살며, 가족 구성원 사이의 미묘한 감정 변화를 읽어내 부드럽게 조율하는 역할을 맡고 있습니다. 부모님에 대한 효심과 배우자에 대한 배려 사이에서 균형을 잡으려 노력하지만, 때로는 집안의 분위기를 맞추는 과정에서 심리적인 소모를 느끼기도 합니다.","권채림 씨는 용인 수지에 거주하며 예술적 감성과 공감 능력을 갖췄지만, 무직 상태의 불안함과 건강 관리의 어려움을 겪고 있는 20대 후반의 여성입니다.","용인 수지구의 정돈된 주거 단지 분위기 속에서 성장했으며, 예술 전공자 특유의 심미안으로 집안 곳곳에 작은 소품들을 배치해 둡니다. 배우자와 함께 살면서도 한쪽 부모님을 모시고 있어 가족 간의 세심한 감정 조율과 배려가 일상화된 환경에서 생활합니다.",상대방이 말하지 않은 서운함을 빠르게 캐치해 부드럽게 다독이는 공감 능력이 뛰어납니다. 인문학적 소양을 바탕으로 개인 블로그에 일상의 단상을 차분하고 섬세한 문체로 기록하는 습관이 있습니다.,"['갈등 중재 및 감정 케어', '에세이 형태의 짧은 글쓰기', '전시회 큐레이팅 기초 지식', '상대방의 니즈를 파악하는 경청']","주말 저녁이면 수지구 인근의 이자카야에서 친구들과 야키토리를 먹으며 밀린 이야기를 나눕니다. 건강을 위해 집 근처 필라테스 센터에 등록했지만, 마음이 무거운 날에는 수업을 빼먹고 침대에서 팟캐스트를 듣거나 TV로 야구 경기를 봅니다.","['수지구 동네 이자카야 탐방', '기구 필라테스', 'KBO 프로야구 시청', '심리학 관련 팟캐스트 청취', '인테리어 소품 수집']",너무 치열하지 않은 환경에서 자신의 감각을 활용할 수 있는 작은 공방 운영이나 프리랜서 에디터로 활동하며 심리적 안정을 찾길 원합니다. 갑작스러운 변화보다는 천천히 적응할 수 있는 소규모 업무부터 다시 시작하려는 마음을 가지고 있습니다.,여자,29,배우자있음,비현역,배우자·편부모와 거주,아파트,4년제 대학교,예술·인문,무직,경기-용인시 수지구,경기,대한민국
12e4b1b66dae49d6b2a2ba5d87a148e7,"장순화 씨는 정식 직업은 없지만, 부산 연제구 시장통에서 수십 년간 깎고 흥정하며 다져온 생활력으로 집안 살림을 경영하는 베테랑 살림꾼입니다. 쌈짓돈을 쪼개어 한 달 식단을 짜는 꼼꼼함은 웬만한 경리 직원보다 정확하며, 동네 이웃들 사이에서 알뜰한 살림 팁을 전수하는 비공식 상담사 역할을 합니다.","장순화 씨는 동네 배드민턴 클럽 회원들과 셔틀콕을 주고받으며 땀을 흘리는 시간에 가장 생기가 돌며, 가끔은 아파트 단지 내 공터에서 줄넘기를 하며 심폐 기능을 관리합니다. 운동 후에는 시원한 물 한 잔을 들이켜며 동료들과 누가 더 많이 움직였는지 내기하는 소소한 경쟁을 즐깁니다.",장순화 씨는 돋보기를 쓰고 유튜브 화면 속 임영웅의 무대 영상을 반복해서 돌려보며 가사를 나지막이 따라 부르는 것으로 마음의 위안을 얻습니다. 집 근처 공원의 꽃나무나 계절마다 바뀌는 산의 색감을 가만히 응시하는 정적인 감상에 몰입하며 시간을 보냅니다.,"장순화 씨는 친목회 친구들과 함께 전국의 숲길이나 남해의 푸른 바다를 찾아다니며, 풍경 좋은 곳에서 단체 사진을 찍어 카카오톡 프로필 사진을 바꾸는 일을 낙으로 삼습니다. 정겨운 민박집에 짐을 풀고, 여행지마다 그 지역 특산물 시장을 들러 젓갈이나 나물의 품질을 꼼꼼히 따져보고 구매합니다.","장순화 씨는 쪽파를 듬뿍 썰어 넣은 동래파전과 짭조름한 젓갈을 곁들인 밥상을 차려 입맛 까다로운 남편의 끼니를 40년 넘게 책임져 왔습니다. 평소에는 제철 나물로 소박하게 식사하지만, 일주일에 한 번 배달되는 바삭한 후라이드 치킨은 그녀가 일주일 내내 기다리는 유일한 별미입니다.","장순화 씨는 연제구의 오래된 아파트에서 무뚝뚝한 남편과 함께 살며, 말하지 않아도 통하는 눈빛으로 서로의 건강 상태를 살피는 묵직한 애정을 나눕니다. 가끔은 남편의 고집에 울컥해 며칠간 말을 섞지 않는 냉전 상태에 빠지기도 하지만, 결국 정성껏 차린 밥상 한 그릇으로 자연스럽게 화해합니다.","장순화 씨는 부산 연제구에서 억척스러운 생활력과 정을 간직한 채, 건강 관리와 소소한 취미 생활을 즐기며 살아가는 70대 베테랑 주부입니다.","연제구의 오래된 아파트 단지에서 수십 년을 살며 부산 특유의 억척스러움과 정을 동시에 배웠습니다. 정규 교육은 짧았지만, 시장통에서 물건값을 깎고 살림을 꾸려온 세월이 곧 그녀의 교과서였습니다.","제철 나물과 젓갈을 활용해 입맛 까다로운 남편의 식탁을 40년 넘게 책임져 왔습니다. 특히 동래파전처럼 손이 많이 가는 지역 음식을 능숙하게 만들어 내며, 소액의 생활비로 한 달 식단을 짜는 가계부 관리에 능합니다.","['제철 식재료 손질', '부산식 밑반찬 만들기', '효율적인 가계부 작성', '반려견 건강 관리', '배드민턴 기본 스텝']","동네 배드민턴 클럽에서 셔틀콕을 주고받으며 땀을 흘리고, 집에서는 유튜브로 최신 트로트 영상을 찾아보며 시간을 보냅니다. 일주일에 한 번은 단골 사우나에서 뜨거운 탕에 몸을 담그고 이웃들과 밀린 이야기를 나누는 시간이 가장 기다려집니다.","['지역 배드민턴 동호회 활동', '유튜브 트로트 영상 시청', '동네 사우나 단골 방문', '반려견 산책시키기', '전국의 수목원 탐방']",매일 아침 혈압약을 챙겨 먹으며 큰 병 없이 무탈하게 지내는 것을 가장 중요하게 생각합니다. 동네 친구들과 함께 전국의 숲길과 바다를 찾아다니며 소소한 추억을 쌓는 일에 만족합니다.,여자,73,배우자있음,비현역,배우자와 거주,아파트,초등학교,해당없음,무직,부산-연제구,부산,대한민국
5933a1dadb844e79a43a93ac12143995,"박공행 씨는 현재 무직 상태이지만, 행정학 전공자로서의 꼼꼼함을 살려 동창회 총무를 맡아 회계 장부를 한 치의 오차 없이 정리하거나 지인들의 복잡한 공공기관 서류 접수를 도와주며 보람을 느낍니다. 서대문구 대학가에서 쌓아온 노련한 처세술 덕분에 모임 내에서 의견 충돌이 발생하면 적절한 유머와 논리로 분위기를 유연하게 만드는 중재자 역할을 수행합니다.","박공행 씨는 격렬한 운동 대신 낮잠으로 체력을 충분히 보충한 뒤, 가벼운 바람막이를 걸치고 안산 자락길의 흙길을 걷는 것으로 일상의 활력을 유지합니다. 무리한 등산보다는 완만한 경사를 따라 주변 풍경을 감상하며 걷는 것을 즐기며, 일정한 보폭을 유지하며 걷는 자신만의 리듬을 중요하게 생각합니다.","박공행 씨는 오후의 나른한 낮잠에서 깨어나 거실 소파에 깊숙이 기대어 KBS 역사 다큐멘터리나 세계의 자연 경관을 다룬 프로그램을 시청하며 시간을 보냅니다. 특별한 예술 활동을 하지는 않지만, 다큐멘터리 속의 정갈한 영상 구도나 체계적으로 정리된 역사적 사실들을 분석하며 듣는 것에 깊은 흥미를 느낍니다.","박공행 씨는 고교 시절부터 알고 지낸 친구들과 함께 강원도 평창의 전나무 숲길이나 가평의 아침고요수목원처럼 탁 트인 자연경관을 찾아 떠나는 여행을 즐깁니다. 멋진 산세 앞에서 잠시 침묵하며 풍경을 감상한 뒤, 인근 식당에서 시원한 소주 한 잔을 곁들이며 옛 추억을 나누는 것이 그의 전형적인 여행 방식입니다.","박공행 씨는 일주일에 두세 번 아내와 함께 집 근처 식당에서 구수한 청국장이나 나물 비빔밥 같은 고기 없는 한식을 정갈하게 차려 먹습니다. 가끔 입맛이 없을 때는 단골 중국집에서 짜장면과 탕수육을 배달시켜 먹으며, 젓가락질 하나에도 격식을 차리는 습관이 배어 있습니다.","박공행 씨는 서대문구 아파트에서 아내와 단둘이 생활하며, 서로의 일상을 존중하면서도 가끔은 사소한 집안일 분담 문제로 가벼운 말다툼을 벌이기도 합니다. 평소에는 무뚝뚝한 표정으로 일관하지만, 아내가 좋아하는 단팥빵이나 떡을 기억했다가 외출 길에 슬쩍 사다 놓는 다정한 구석이 있습니다.","박공행 씨는 서대문구에 거주하며 행정적 꼼꼼함과 노련한 사회적 경험을 갖춘, 낮잠과 산책 그리고 소박한 인간관계의 유대감을 소중히 여기는 60대 남성입니다.","서대문구의 오래된 대학가 정취 속에서 청년기를 보냈으며, 행정학 전공자 특유의 체계적인 사고방식과 격식을 중시하는 태도가 삶의 전반에 스며들어 있습니다.","오랜 사회생활로 다져진 노련한 처세술을 갖추고 있어, 모임 내 갈등 상황을 유연하게 중재하거나 복잡한 행정 절차를 막힘없이 처리하는 능력이 뛰어납니다.","['이해관계 조정 및 갈등 중재', '격식 있는 공문서 작성', '효율적인 조직 관리 및 운영', '예의를 갖춘 비즈니스 커뮤니케이션']","낮잠으로 에너지를 충전한 뒤 거실 소파에서 다큐멘터리를 시청하며, 가끔 마음 맞는 친구들과 교외로 나가 탁 트인 산세를 감상하며 소주 한잔을 곁들입니다.","['안산 자락길 산책', '단골 중식당에서 짬뽕 먹기', 'TV 시사 프로그램 시청', '전국 명산 풍경 사진 찍기']","사회적 성취보다는 현재의 평온함을 유지하는 데 집중하며, 안산 자락길을 꾸준히 걸어 혈압을 관리하고 지인들과의 유대감을 깊게 다지는 소박한 일상을 지향합니다.",남자,63,배우자있음,비현역,배우자와 거주,아파트,4년제 대학교,경영·행정·법,무직,서울-서대문구,서울,대한민국
d68be8d7f0624cae976ca2a9d7b51b14,"김병섭 씨는 중소기업의 세무 신고와 급여 계산을 전담하며 엑셀 시트의 수식 하나가 틀어지는 꼴을 못 봐 밤을 새워서라도 오차를 찾아내는 집요한 회계 사무원입니다. 꼼꼼하게 정리된 증빙 서류 뭉치를 볼 때 희열을 느끼지만, 정작 본인의 책상 위는 영수증과 포스트잇이 어지럽게 널브러져 있는 모순을 가지고 있습니다.","김병섭 씨는 주말 아침마다 도봉산 둘레길의 흙길을 밟으며 러닝을 하고, 동네 친구들과 땀 흘리며 농구 한 게임을 뛰는 것으로 일주일 치의 육아 스트레스를 날려버립니다. 운동 중에는 누구보다 적극적으로 코트를 누비지만, 정작 경기가 끝나면 금방 숨이 차서 벤치에 널브러져 있는 체력적 한계를 보입니다.","김병섭 씨는 퇴근 후 소파에 파묻혀 네이버 웹툰의 최신 회차를 정주행하며 현실의 고민을 잠시 잊고, 가끔은 아이를 재운 뒤 조용한 거실에서 추리 소설을 읽으며 시간을 보냅니다. 화려한 예술 전시보다는 서사 구조가 뚜렷한 영화나 만화책 속 세상에 몰입하며 소소한 심리적 위안을 얻습니다.","김병섭 씨는 주말마다 아내와 아이의 손을 잡고 대전 성심당이나 강릉의 유명 빵집처럼 줄을 서야 먹을 수 있는 전국의 빵지순례 명소를 찾아다니는 식도락 여행을 즐깁니다. 여행 계획을 짤 때는 엑셀을 활용해 분 단위로 일정을 짜지만, 막상 현지에서 맛있는 냄새에 이끌려 계획에 없던 식당에 불쑥 들어가는 의외의 면모가 있습니다.","김병섭 씨는 일주일의 절반 이상을 밖에서 해결하며, 특히 퇴근길에 들르는 동네 치킨집의 바삭한 후라이드 치킨에 시원한 맥주 한 잔을 곁들이는 시간을 가장 아낍니다. 고기구이보다는 정갈하게 나오는 나물 비빔밥이나 청국장 같은 한식당의 식사를 즐기며 식탁 위의 소박한 정취를 누립니다.","김병섭 씨는 방학동 골목의 정겨운 분위기 속에서 아이를 키우며, 주말이면 놀이터에서 아이와 함께 땀 흘려 놀아주는 다정한 아빠이자 집안의 대소사를 묵묵히 챙기는 든든한 남편입니다. 책임감이 강한 만큼 아이의 학업 성취도나 치솟는 물가에 대해 남몰래 한숨을 쉬며 밤잠을 설칠 때가 많습니다.","김병섭 씨는 도봉구에서 성실하게 일하며 가족의 행복과 내 집 마련이라는 꿈을 향해 묵묵히 걸어가는, 꼼꼼한 회계 사무원이자 다정한 30대 가장입니다.","도봉구 방학동 일대에서 나고 자라 동네의 정겨운 분위기를 좋아하며, 어린 자녀를 키우는 아빠로서 주말마다 가족과 함께 시간을 보내는 것에 큰 가치를 둡니다. 책임감이 강해 집안의 대소사를 꼼꼼하게 챙기지만, 한편으로는 아이들의 교육이나 가계 경제에 대한 걱정을 늘 품고 사는 전형적인 한국의 젊은 가장입니다.","중소기업의 세무 신고와 급여 계산을 전담하며, 엑셀 수식 하나까지 철저하게 검토해 오차 없는 장부를 만드는 일에 능숙합니다. 실무 경력을 바탕으로 복잡한 증빙 서류를 빠르게 정리하고 누락된 내역을 끝까지 찾아내는 집요함이 있습니다.","['부가가치세 및 법인세 신고 실무', '급여 계산 및 4대 보험 취득·상실 관리', '엑셀을 활용한 회계 데이터 가공', '기업 회계 장부 작성 및 결산']","주말이면 도봉산 둘레길에서 가볍게 러닝을 하며 마음속 걱정들을 털어내고, 퇴근 후에는 소파에 누워 좋아하는 웹툰을 정주행하며 스트레스를 풉니다. 가족들과 함께 전국의 유명한 빵집이나 지역 맛집을 찾아다니며 먹는 즐거움을 누립니다.","['도봉산 둘레길 조깅', '동네 체육관 농구 동호회 활동', '네이버 웹툰 정주행', '가족과 함께하는 전국 빵지순례', '동네 친구들과의 치킨 모임']","지금의 실무 능력을 인정받아 더 규모가 크고 체계적인 기업의 회계팀으로 이직해, 현재의 전세 집을 벗어나 가족들과 함께 살 수 있는 쾌적한 내 집 마련의 꿈을 이루고자 합니다.",남자,36,배우자있음,비현역,배우자·자녀와 거주,주택 이외의 거처,고등학교,해당없음,회계 사무원,서울-도봉구,서울,대한민국
5cdb21a4ad56443ea6886f0b3df30ae4,"진윤주 씨는 강동구 천호동의 좁은 골목에서 소규모 잡화점을 운영하며, 단골들의 미세한 표정 변화만 보고도 필요한 물건을 척척 내어주는 직관적인 응대 능력을 갖추고 있습니다. 진윤주 씨는 꼼꼼한 엑셀 장부 대신 낡은 수첩과 오랜 경험에 의존해 재고를 관리하며, 손님들의 동선을 고려해 상품을 유연하게 배치하는 방식으로 매출을 유지합니다.","진윤주 씨는 강동구청 체육센터의 배드민턴 동호회에서 셔틀콕을 강하게 때려내며 일주일 동안 쌓인 업무 스트레스와 가족 부양의 무게를 털어냅니다. 진윤주 씨는 집 앞 공원에서 가끔 줄넘기를 하며 땀을 흘리지만, 금세 숨이 차오르면 벤치에 앉아 한참 동안 멍하니 쉬는 버릇이 있습니다.",진윤주 씨는 퇴근 후 소파에 깊숙이 파묻혀 유튜브에서 추천하는 중년 건강 관리 영상이나 최신 트로트 가수의 무대 영상을 보며 하루를 마무리합니다. 진윤주 씨는 화려한 전시회나 공연보다는 스마트폰 화면 속에서 펼쳐지는 소소한 일상 브이로그나 드라마 정주행을 통해 심리적인 안정을 찾습니다.,진윤주 씨는 주말이면 형제들을 이끌고 전라남도 순천이나 강원도 평창의 이름난 보리밥집과 나물 정식집을 찾아다니는 식도락 여행에 몰두합니다. 진윤주 씨는 여행지의 유명 관광지를 훑는 것보다 현지인들이 줄 서서 먹는 숨은 맛집의 위치를 정확히 파악해 가족들을 안내하는 일에서 큰 성취감을 느낍니다.,"진윤주 씨는 정갈하게 차려진 산채비빔밥이나 들깨수제비 같은 담백한 한식을 즐기며, 가끔 분위기를 내고 싶을 때는 동네 이탈리안 식당에서 크림 리조또를 주문합니다. 진윤주 씨는 배달 앱으로 일주일에 한 번 정도 간편식을 시켜 먹지만, 2주에 한 번 가족과 함께하는 외식 날에는 식당의 밑반찬 조화와 청결 상태를 세밀하게 살피며 식사합니다.","진윤주 씨는 미혼이지만 형제들의 생계를 책임지는 가장으로서, 때로는 엄격하게 잔소리를 하다가도 어느새 동생들의 용돈을 몰래 챙겨주는 츤데레 같은 면모를 보입니다. 진윤주 씨는 가족들이 모두 모여 식사하는 시간을 가장 소중하게 여기며, 함께 사는 아파트 거실에서 소소한 대화를 나누는 것에서 삶의 의미를 찾습니다.","진윤주 씨는 강동구에서 상점을 운영하며 가족을 부양하는 책임감 강한 가장이자, 배드민턴과 식도락 여행으로 삶의 활력을 찾는 40대 여성입니다.","강동구 천호동 골목의 변화를 지켜보며 성장했고, 전문대 졸업 후 빠르게 현장에 뛰어들어 현재는 함께 사는 형제들의 생계를 책임지며 집안의 실질적인 가장 역할을 수행하고 있습니다.","손님의 작은 표정 변화만으로도 요구 사항을 빠르게 캐치하는 직관적인 응대 능력이 탁월하며, 체계적인 장부 정리보다는 경험에 의존한 유연한 재고 관리와 상품 배치로 매출을 유지합니다.","['단골 고객 성향 분석', '소규모 매장 공간 효율화', '지역 상권 트렌드 파악', '실전 고객 응대 기술']","구청 체육센터에서 배드민턴 라켓을 휘두르며 땀을 흘리고, 가족들과 함께 전국 곳곳의 유명한 보리밥집이나 나물 정식집을 찾아다니는 식도락 여행을 통해 일상의 활력을 얻습니다.","['구청 체육센터 배드민턴', '전국 나물 정식 맛집 투어', '혈당 관리 건강 유튜브 시청', '최신 주말 드라마 정주행']","큰 성공이나 확장보다는 지금의 단골들이 편하게 머무는 공간을 지키고 싶어 하며, 적정한 수익을 유지하면서 가족들과 함께 보내는 시간을 조금씩 늘려가는 안정적인 삶을 꿈꿉니다.",여자,49,미혼,비현역,형제자매와 동거 (가구주),아파트,2~3년제 전문대학,해당없음,소규모 상점 경영자,서울-강동구,서울,대한민국
eda99de539654c9d842f61f88e83f61d,"김혜인 씨는 전문대학에서 배운 행정 실무 능력을 활용해 엑셀 시트에 함수를 걸어 가계부와 여행 일정을 십 원 단위, 분 단위로 꼼꼼하게 정리합니다. 김혜인 씨는 양주시나 의정부시의 작은 사무실에서 정시 퇴근이 보장되는 안정적인 경리직 자리를 찾으며 매일 구인 구직 사이트를 살핍니다.",김혜인 씨는 퇴근 후의 삶이 보장되는 미래를 꿈꾸며 현재는 매일 정해진 시간에 헬스장을 찾아 정직하게 땀을 흘리는 루틴을 지킵니다. 김혜인 씨는 주말이면 직접 운전대를 잡고 경기 북부의 굽이진 시골길을 드라이브하며 탁 트인 풍경 속에서 기분 전환을 합니다.,김혜인 씨는 조용한 아파트 거실에 누워 유튜브로 태국이나 베트남의 북적이는 거리 음식 영상을 보며 낯선 나라의 활기를 대리 체험합니다. 김혜인 씨는 화려한 예술 작품보다는 생활 밀착형 콘텐츠나 사람 냄새 나는 일상 영상을 보며 소소한 즐거움을 찾습니다.,김혜인 씨는 가족 여행을 계획할 때 최저가 항공권 검색부터 현지 숨은 맛집의 위치까지 촘촘하게 짠 동선 표를 엑셀로 만들어 가족들에게 공유합니다. 김혜인 씨는 유명 관광지의 랜드마크를 찍고 오는 것보다 그 지역 사람들만 아는 골목 식당에서 제대로 된 한 끼를 먹는 음식 관광에 집중합니다.,"김혜인 씨는 주말이면 포천의 오래된 한정식집에서 구수한 청국장과 쌉싸름한 나물 비빔밥을 주문해 천천히 식사합니다. 김혜인 씨는 배달 음식은 거의 시키지 않지만, 가끔 기분 전환이 필요한 날에는 갓 구운 피자나 두툼한 수제 버거를 포장해와 혼자 즐깁니다.","김혜인 씨는 적당히 보수적인 부모님의 가르침에 따라 어른들께 예의를 갖추는 것을 중요하게 여기며, 주말마다 부모님을 모시고 포천 전통시장의 활기를 함께 느낍니다. 김혜인 씨는 혼자 거주하며 독립적인 생활을 하지만, 정서적으로는 가족과 함께하는 안정적인 시간에서 큰 위안을 얻습니다.","김혜인 씨는 양주에 거주하며 꼼꼼한 행정 처리 능력과 자기관리 습관을 가진, 안정적인 삶과 내 집 마련을 꿈꾸는 30대 미혼 여성입니다.","양주 옥정신도시의 조용한 아파트에서 거주하며, 주말이면 부모님과 함께 포천의 전통시장이나 인근의 오래된 한정식집을 찾아다니는 습관이 있습니다. 적당히 보수적인 가정 분위기 속에서 자라 예의를 중시하지만, 혼자만의 공간에서는 유튜브로 최신 해외 거리 음식 영상을 보며 대리 만족을 느끼는 일상을 보냅니다.",전문대학 시절 익힌 행정 실무 능력을 바탕으로 가계부나 여행 일정표를 엑셀로 꼼꼼하게 정리하는 습관이 있습니다. 특히 가족 여행을 계획할 때 최저가 항공권 검색부터 현지 숨은 맛집 리스트 작성까지 효율적인 동선을 짜는 데 능숙합니다.,"['엑셀을 활용한 일정 및 예산 관리', '효율적인 여행 경로 설계', '지역별 특색 있는 식당 정보 수집', '기초적인 건강 및 체력 관리']","주말이면 차를 몰고 나가 경기 북부의 시골길을 드라이브하며 나물 비빔밥이나 청국장 같은 담백한 한식을 찾아다닙니다. 평소에는 헬스장에서 무거운 덤벨을 들며 스트레스를 풀고, 가끔은 동네 사우나에서 뜨거운 탕에 몸을 담그며 잡념을 없애는 시간을 갖습니다.","['경기 북부 외곽 드라이브', '나물 비빔밥과 청국장 맛집 탐방', '웨이트 트레이닝을 통한 체력 증진', '동네 사우나에서 즐기는 반신욕', '페퍼로니 피자와 시원한 캔맥주 즐기기']","현재는 무직 상태로 양주나 의정부 인근의 소규모 사무직 일자리를 알아보고 있으며, 퇴근 후의 삶이 보장되는 안정적인 환경을 찾고 있습니다. 월세를 벗어나 작은 내 집을 마련하기 위해 구체적인 저축 계획을 세우고 실천하는 것에 집중하고 있습니다.",여자,32,미혼,비현역,혼자 거주,아파트,2~3년제 전문대학,해당없음,무직,경기-양주시,경기,대한민국
79b2e00a48e44a2e80bf74a41f736280,"최연자 씨는 포항 북구의 낡은 단독주택을 내 집처럼 돌보며, 지붕 누수나 벽지 곰팡이 같은 집안의 구석구석을 놓치지 않고 챙기는 살림의 전문가입니다. 매달 가계부를 쓰며 십 원 단위까지 맞추는 습관이 있으며, 가족들의 생활 리듬을 세밀하게 조율하는 보이지 않는 운영자 역할을 수행합니다.",최연자 씨는 격렬한 운동 대신 영일대 해변 산책로를 따라 천천히 걷는 정적인 움직임을 통해 몸과 마음을 정돈합니다. 가끔 몸이 무거울 때는 집 마당에서 가볍게 스트레칭을 하며 굳은 몸을 풉니다.,최연자 씨는 나른한 오후가 되면 MBC 표준FM 라디오를 켜고 흘러나오는 7080 노래들에 귀를 기울이며 잠시 눈을 붙입니다. 옛 가수의 애잔한 목소리에 젖어 들며 젊은 시절의 기억을 회상하는 시간이 그녀에게는 가장 큰 정서적 위안이 됩니다.,최연자 씨는 가족들과 함께 포항 시티투어 버스에 올라타 평소 가보지 못한 지역의 구석구석을 구경하며 소소한 여행의 기쁨을 누립니다. 낯선 곳으로 멀리 떠나는 모험보다는 익숙한 내 고향의 새로운 면모를 발견하는 느긋한 일정을 즐깁니다.,"최연자 씨는 죽도시장에서 사 온 취나물이나 참나물을 가족들의 건강 상태에 맞춰 적절하게 무쳐내는 손맛이 일품입니다. 평소에는 고기 없는 정갈한 한식을 차려내지만, 보름에 한 번 정도는 가족들과 함께 바삭한 치킨을 시켜 먹으며 소박한 외식을 즐깁니다.","최연자 씨는 자녀들이 사회에 뿌리를 내릴 때까지 묵묵히 뒤에서 뒷바라지하며, 무뚝뚝한 경북 아버지와 자녀 사이에서 완충 지대 역할을 합니다. 가족을 향한 사랑이 깊어 때로는 과한 걱정으로 잔소리를 늘어놓기도 하지만, 결국은 가족의 화목을 최우선으로 생각합니다.","최연자 씨는 포항 북구에서 성실하게 살림을 꾸리며 라디오와 산책으로 마음을 달래는, 가족을 위해 헌신하는 50대 후반의 어머니입니다.",포항 죽도시장의 활기와 경북 특유의 무뚝뚝하지만 깊은 정서를 공유하며 자랐습니다. 고등학교 졸업 후 빠르게 가정생활에 적응하며 전통적인 성 역할과 현대적인 가족 관계 사이에서 조화를 찾으려 노력해온 세대입니다.,가족들의 입맛과 건강 상태에 맞춰 간을 조절하는 제철 나물 무침과 정갈한 밑반찬 만들기에 능숙합니다. 가계부를 꼼꼼히 작성하며 단독주택의 크고 작은 수선 시기를 놓치지 않고 관리하는 살림 솜씨가 좋습니다.,"['제철 나물 및 밑반찬 조리', '꼼꼼한 가계부 작성 및 지출 관리', '단독주택 유지보수 일정 관리', '지역 커뮤니티 내 갈등 중재']",나른한 오후에 MBC 표준FM 라디오에서 흘러나오는 옛 노래를 들으며 짧은 낮잠을 즐깁니다. 가끔 가족들과 함께 시티투어 버스를 타고 포항의 숨은 명소를 둘러보며 기분 전환을 합니다.,"['MBC 표준FM 라디오 청취', '영일대 해수욕장 산책', '가족 동반 지역 시티투어', '낮잠을 통한 정서적 휴식']","자녀들이 사회적으로 안정되게 자리 잡는 과정을 묵묵히 지원하며, 매일 영일대 해수욕장 산책로를 걸어 혈압 수치를 안정적으로 유지하는 소박한 일상을 지키고자 합니다.",여자,59,배우자있음,비현역,배우자·자녀와 거주,단독주택,고등학교,해당없음,무직,경상북-포항시 북구,경상북,대한민국
fb381504dac24925bf01eaa0aed70cea,"조혜숙 씨는 대학원에서 보건복지를 전공한 전문가로서의 자부심이 강하며, 동네 친구들이 복지 혜택을 신청할 때 필요한 서류 작성법과 절차를 정확하게 안내해주는 해결사 역할을 합니다.","조혜숙 씨는 매주 정해진 요일에 백운호수 둘레길을 천천히 걸으며 나무의 색깔 변화를 관찰하고, 동네 사우나에서 지인들과 담소를 나누며 몸의 긴장을 푸는 시간을 갖습니다.","조혜숙 씨는 매일 밤 잠들기 전 정갈한 글씨체로 그날의 사건과 감정을 기록하는 일기 쓰기를 통해 마음을 정리하며, 거실에서 조용히 TV 프로그램을 시청하며 휴식을 취합니다.","조혜숙 씨는 친한 친구들과 함께 강원도 양양의 조용한 리조트로 떠나 바다를 보며 온전히 쉬거나, 남편과 함께 근교로 드라이브를 나가 풍경을 감상하는 휴양 위주의 여행을 즐깁니다.","조혜숙 씨는 외식하는 날이면 친구들과 함께 정갈한 양식당에서 해산물 리조또나 알리오 올리오 파스타를 먹으며, 집에서는 자극적이지 않은 나물 비빔밥과 같은 한식을 직접 준비해 먹습니다.","조혜숙 씨는 오랜 세월 함께한 남편과 서로의 영역을 존중하며 단정한 일상을 공유하지만, 가끔 남편이 물건을 제자리에 두지 않을 때면 보건 전문가다운 꼼꼼함으로 잔소리를 쏟아내곤 합니다.",조혜숙 씨는 보건복지 전공 지식과 철저한 자기관리 능력을 바탕으로 흐트러짐 없는 정갈한 노후를 보내는 의왕시의 품격 있는 어르신입니다.,"조혜숙 님은 여성의 고등 교육이 드물던 시절 대학원을 졸업한 보건복지 전문가로, 전문직 여성으로서의 자부심과 시대적 한계를 동시에 경험하며 성장했습니다. 현재 의왕시 백운호수 인근의 단정한 아파트에서 거주하며, 배운 지식을 일상에 적용해 절제되고 정갈한 생활 양식을 유지하고 있습니다.","보건복지 전공 지식을 바탕으로 당뇨와 고혈압 관리를 위한 식단과 복약 일정을 분 단위로 꼼꼼하게 기록하고 관리합니다. 지역 사회의 복지 혜택이나 행정 절차에 능통하여, 주변 친구들이 어려움을 겪을 때 정확한 서류 작성법과 신청 경로를 안내하는 조언자 역할을 수행합니다.","['만성질환 맞춤형 식단 설계', '사회복지 제도 및 행정 절차 상담', '체계적인 건강 기록지 작성', '효율적인 가계 및 일정 관리', '정밀한 복약 스케줄링']","매주 정해진 요일에 백운호수 둘레길을 천천히 걸으며 계절의 변화를 관찰하고, 가끔 친구들과 만나 정갈한 파스타나 리조또를 내놓는 양식당에서 담소를 나눕니다. 동네 사우나에서 지인들과 어울리며 사회적 유대를 다지지만, 귀가 후에는 반드시 정해진 순서대로 일기를 쓰고 약을 챙겨 먹으며 혼자만의 고요한 시간을 가집니다.","['백운호수 둘레길 산책', '지역 커뮤니티 건강 소모임', '정기적인 사우나 및 목욕', '정갈한 양식 외식과 티타임', '매일 밤 작성하는 감사 일기']","치열했던 사회 활동 시기를 지나, 이제는 자신이 가진 전문 지식을 지역사회 어르신들과 나누는 소규모 건강 상담 봉사를 통해 삶의 의미를 찾고자 합니다. 누군가에게 도움이 되는 동시에 자신의 일상이 흐트러짐 없이 단정하게 유지되는 상태를 지향합니다.",여자,74,배우자있음,비현역,배우자와 거주,아파트,대학원,보건·복지,무직,경기-의왕시,경기,대한민국
8d7a32d0e6c54276be69307d2d4997a2,장순덕 씨는 마을 부녀회 총무를 맡아 십 원 단위까지 정확하게 맞춘 장부를 내밀어 주변의 두터운 신뢰를 받습니다. 전문대학 시절 익힌 꼼꼼함을 살려 읍사무소의 복잡한 복지 신청 서류를 이웃 할머니들이 이해하기 쉽게 풀어서 설명해 주는 마을의 해결사 역할을 합니다.,장순덕 씨는 지역 배드민턴 클럽에 나가 셔틀콕을 주고받으며 땀을 뻘뻘 흘리는 시간을 통해 삶의 활력을 되찾습니다. 운동이 끝난 뒤에는 동네 사우나 뜨거운 탕 속에 몸을 푹 담그고 지인들과 마을 돌아가는 이야기를 나누며 근육의 긴장을 풉니다.,장순덕 씨는 거실 소파에 깊숙이 기대어 TV 드라마의 다음 전개를 예측하며 시간을 보내는 소박한 즐거움을 누립니다. 마이산의 계절 변화가 뚜렷한 풍경을 가만히 응시하며 마음을 정리하는 시간을 통해 정서적인 안정을 찾습니다.,장순덕 씨는 마음 맞는 친구들과 함께 전국의 이름난 수목원이나 숲길을 찾아다니며 맑은 공기를 마시는 여행을 즐깁니다. 화려한 관광지보다는 정갈하게 가꿔진 자연 경관을 천천히 걸으며 사진을 찍고 도란도란 이야기를 나누는 일정에 만족합니다.,장순덕 씨는 일주일에 네다섯 번은 스마트폰 앱으로 집 근처 분식집의 꼬마김밥과 매콤한 떡볶이를 주문해 편하게 식사합니다. 한 달에 한 번 정도는 기분 전환 겸 지역 한우 식당에서 육즙 가득한 갈비를 구워 먹으며 스스로에게 주는 보상을 즐깁니다.,"장순덕 씨는 이혼 후 홀로서기를 선택해 자가 주택에서 오롯이 혼자만의 시간을 보내며 내면의 단단함을 키웠습니다. 가끔 자녀들이나 친척들을 방문해 반가운 인사를 나누지만, 집으로 돌아오는 길에는 다시 정막한 내 집의 안온함이 주는 평온함을 반깁니다.",장순덕 씨는 전북 진안군 마이산 자락에서 전문대 학력의 자부심과 독립적인 성정으로 건강한 노후를 일궈가는 60대 여성입니다.,"진안 마이산 자락의 정취 속에서 오래 살며 지역 공동체의 흐름을 꿰뚫고 있습니다. 당시로서는 드물게 전문대학을 졸업한 학력 덕분에 스스로에 대한 자부심이 강하며, 이는 관습에 얽매이지 않고 이혼 후 홀로서기를 선택한 단단한 내면의 바탕이 되었습니다.",마을 부녀회나 소규모 모임에서 총무를 맡아 가계부 쓰듯 꼼꼼하게 공금을 관리하고 정산하는 일에 능숙합니다. 배운 것을 활용해 복잡한 행정 서류를 읽고 핵심을 파악해 이웃들에게 쉽게 설명해 주는 역할을 자주 합니다.,"['소규모 모임 회계 및 정산', '행정 서류 해석 및 안내', '마을 행사 일정 조율', '효율적인 가계 운영']","지역 배드민턴 클럽에서 땀을 흘리며 활력을 얻고, 가끔은 동네 사우나에서 지인들과 수다를 떨며 피로를 풉니다. 스마트폰 배달 앱으로 집 근처 분식집의 꼬마김밥이나 떡볶이를 주문해 TV를 보며 먹는 시간을 가장 편안해합니다.","['지역 배드민턴 클럽 활동', '동네 사우나 단골 방문', '배달 앱을 이용한 분식 주문', '마이산 주변 풍경 사진 찍기', '오후의 짧은 낮잠']",이제는 사회적 성취보다는 고혈압과 혈당 수치를 안정적으로 관리하며 건강한 노년을 보내는 것에 집중하고 있습니다. 집 마당에 작은 텃밭을 일궈 직접 기른 채소로 소박한 식단을 꾸리는 소소한 성취를 꿈꿉니다.,여자,69,이혼,비현역,혼자 거주,단독주택,2~3년제 전문대학,해당없음,무직,전북-진안군,전북,대한민국
93ea316b2f0e469990e3b7e91457216a,"김남철 씨는 노원구 건설 현장에서 자재 배치와 효율적인 동선을 한눈에 파악하며, 서툰 막내 작업자들의 실수를 너털웃음으로 다독여 공기 내에 작업을 끝마치는 노련한 현장 반장입니다.","김남철 씨는 주말 오후면 거실 소파에 깊숙이 파묻혀 LG 트윈스 경기를 시청하며, 결정적인 실책이 나오면 텔레비전 화면을 향해 쩌렁쩌렁하게 호통을 칩니다.","김남철 씨는 일과를 마친 뒤 낡은 오디오에서 흘러나오는 나훈아의 노래를 흥얼거리며, 복잡한 생각 없이 거실에서 멍하니 낮잠을 자는 시간에서 삶의 평온함을 찾습니다.",김남철 씨는 고향 친구들이 모인 친목회 회원들과 함께 설악산 대청봉의 운해를 감상하거나 남해안의 울창한 편백나무 숲길을 천천히 걸으며 일상의 시름을 털어냅니다.,"김남철 씨는 보름에 한 번 가족들과 함께 동네 삼겹살집에서 지글지글 고기를 구워 먹고, 일주일에 한 번은 스마트폰 앱으로 짜장면과 탕수육 세트를 시켜 간편하게 한 끼를 해결합니다.","김남철 씨는 무뚝뚝한 말투로 밥 먹었냐고 묻는 전형적인 아버지지만, 자녀들이 완전히 자리 잡을 때까지는 기꺼이 경제적 울타리가 되어주려는 책임감이 강한 가장입니다.","김남철 씨는 평생 건설 현장에서 성실하게 일하며 내 집 마련의 꿈을 이룬, 투박하지만 정 많은 노원구의 60대 가장입니다.","초등학교 졸업 후 곧장 건설 현장에 뛰어들어 서울의 도시 개발 과정을 몸으로 겪으며 살아왔습니다. 평생을 성실함 하나로 버텨 노원구에 내 집 마련의 꿈을 이뤘으며, 투박하지만 정이 많고 책임감이 강한 전형적인 그 시대 아버지의 삶을 살아왔습니다.","건설 현장의 전체적인 흐름을 꿰고 있어 자재 배치부터 효율적인 동선 짜기까지 몸이 먼저 반응합니다. 특히 현장에서 발생하는 돌발 상황에 유연하게 대처하며, 서툰 어린 작업자들을 적절히 다독여 일을 마무리 짓는 노련한 현장 관리 능력을 갖추고 있습니다.","['현장 자재 적재 및 운반 최적화', '기초 골조 보조 작업 및 현장 정리', '건설 현장 안전 수칙 실무 적용', '현장 작업자 간 갈등 중재 및 소통']","주말이면 거실 소파에 누워 LG 트윈스 경기를 챙겨보며 소리를 지르고, 동네 사우나에서 친구들과 시원하게 땀을 뺀 뒤 마시는 바나나우유 한 잔에 행복을 느낍니다. 친목회 회원들과 함께 강원도 설악산이나 남해안의 한적한 숲길을 걷는 여행을 즐깁니다.","['KBO 프로야구 경기 시청', '노원구 동네 사우나 단골 방문', '친목회 정기 산행 및 자연 풍경 감상', '임영웅 노래 듣기', '동네 친구들과의 소주 한 잔']","이제는 높은 직급이나 큰 돈보다는 몸 상하지 않게 현역 생활을 잘 마무리하는 것에 집중하고 있습니다. 자녀들이 완전히 자립할 때까지 경제적 버팀목이 되어주며, 동료들에게는 끝까지 믿음직한 사람으로 기억되기를 바랍니다.",남자,60,배우자있음,비현역,배우자·자녀와 거주,아파트,초등학교,해당없음,건설 단순 종사원,서울-노원구,서울,대한민국
08b8b72e3d7b4868b7d6f9ff387a07ec,"박석민 씨는 공무원 시험이나 전문 기술 자격증 취득을 염두에 두고 매일의 학습 분량을 시간 단위로 쪼개 기록하는 습관이 있습니다. 박석민 씨는 정해진 매뉴얼대로 움직이는 환경에서 안정을 느끼며, 남들이 놓치기 쉬운 작은 서류 오타 하나까지 잡아내는 꼼꼼함으로 미래의 직장 동료들에게 신뢰받기를 원합니다.","박석민 씨는 주말마다 노량진 근처 야외 농구코트에서 친구들과 땀을 흘리며, 경기 후에는 자신이 기록한 팀원들의 득점 현황을 단톡방에 공유합니다. 박석민 씨는 헬스장에서 세트 수를 정확히 채우지 못하면 찝찝함에 잠을 이루지 못할 정도로 철저하게 운동량을 관리합니다.",박석민 씨는 동네 코인 노래방 구석진 방에서 성시경이나 박효신의 발라드 곡을 부르며 낮 동안 쌓인 긴장과 불안을 씻어냅니다. 박석민 씨는 자극적인 숏폼 영상 대신 밤늦게까지 잔잔한 분위기의 인디 음악 플레이리스트를 틀어놓고 자신의 생각에 잠기는 시간을 갖습니다.,박석민 씨는 마음이 답답할 때면 친한 친구와 함께 남산 둘레길을 천천히 걸으며 계절마다 변하는 나무의 색깔을 가만히 관찰합니다. 박석민 씨는 유명한 관광 명소를 찾아다니기보다 한적한 숲길이나 조용한 강변에서 풍경을 바라보며 복잡한 머릿속을 정리하는 시간을 소중히 여깁니다.,박석민 씨는 주 2~3회 정도 친구들과 함께 동네 돼지갈비 집을 찾아가 숯불 향 가득한 고기를 배불리 먹으며 스트레스를 풉니다. 박석민 씨는 가끔 기분 전환이 필요할 때 맘스터치의 두툼한 치킨 버거 세트를 주문해 한 끼 식사를 해결합니다.,"박석민 씨는 동작구의 오래된 아파트 단지에서 부모님과 함께 살며, 집안의 크고 작은 고장 난 물건들을 꼼꼼하게 수리해 부모님의 칭찬을 받는 것을 좋아합니다. 박석민 씨는 부모님의 기대에 부응해야 한다는 책임감 때문에 자신의 힘든 점을 솔직하게 말하지 못하고 혼자 삭이는 버릇이 있습니다.","박석민 씨는 동작구에 거주하는 19세 청년으로, 꼼꼼한 성격과 정직한 생활 습관을 가졌지만 성인이 된다는 불안감을 안고 안정적인 미래를 준비하는 신중한 성격의 소유자입니다.","동작구의 오래된 아파트 단지에서 성장하며 입시 경쟁의 잔상과 성인이 된다는 막연한 중압감을 동시에 느끼고 있습니다. 스마트폰 속 익숙한 커뮤니티와 소수의 단톡방에서 심리적 안정감을 찾으며, 유행하는 밈보다는 자신의 내면을 투영할 수 있는 잔잔한 영상물이나 음악에 깊게 몰입합니다.","게임 내에서 복잡한 공략법을 꼼꼼하게 정리해 팀원들에게 공유하거나, 효율적인 운동 루틴을 시간 단위로 짜서 기록하는 습관이 있습니다. 상대방이 놓치기 쉬운 세밀한 부분까지 챙겨 계획의 빈틈을 메우는 능력이 탁월합니다.","['게임 공략 데이터 시트 작성', '개인 맞춤형 운동 스케줄링', '세밀한 일정 및 기록 관리', '온라인 커뮤니티 정보 큐레이션']","주말이면 친구들과 함께 노량진 근처 농구코트에서 땀을 흘리고, 평소에는 집 근처 헬스장에서 정해진 세트 수를 채우며 체중 변화를 꼼꼼히 기록합니다. 마음이 답답할 때는 친구와 함께 남산 둘레길을 걸으며 조용히 풍경을 바라보거나, 코인 노래방에서 좋아하는 발라드 곡을 부르며 쌓인 긴장을 풉니다.","['동네 농구 경기 참여', '헬스 루틴 기록 및 수행', '남산 둘레길 산책', '발라드 곡 가창', '전략 시뮬레이션 게임']","자신의 꼼꼼함과 타인을 배려하는 성향을 살려, 정해진 규칙 안에서 안정적으로 운영되는 전문 기술직이나 공공 서비스 분야의 진입을 조심스럽게 준비하고 있습니다. 갑작스러운 변수보다는 예측 가능한 환경에서 누군가에게 신뢰받는 구성원이 되는 것을 최우선으로 생각합니다.",남자,19,미혼,비현역,부모와 동거,아파트,고등학교,해당없음,무직,서울-동작구,서울,대한민국
b3786df8814046188a1658237b4a4236,"최정규 씨는 전자부품 라인의 수율을 엑셀 시트로 정밀하게 추적하며, 갑작스러운 설비 고장에도 빠르게 공정 순서를 바꾸는 능숙함을 보입니다. 현장 작업자들에게는 깐깐한 기준을 요구하며 업무를 밀어붙이지만, 정작 자신의 책상 위에는 서류와 간식 봉지가 어지럽게 널려 있는 모순적인 모습을 보입니다.",최정규 씨는 주말마다 거실 소파에 깊숙이 파묻혀 맨체스터 시티의 경기를 시청하며 펩 과르디올라 감독의 전술 변화를 꼼꼼하게 분석합니다. 직접 경기장에 가는 번거로움보다는 집에서 다양한 각도의 중계 화면을 통해 경기의 흐름을 읽는 정적인 관람 방식을 고수합니다.,최정규 씨는 어머니의 손을 잡고 용산의 국립중앙박물관을 찾아 특별 전시의 유물들을 말없이 오랫동안 응시하며 마음의 평온을 찾습니다. 화려한 현대 미술보다는 세월의 흔적이 묻어나는 고전적인 작품 앞에서 자신의 내면을 정리하는 시간을 즐깁니다.,최정규 씨는 가족과 함께 지역의 미술관이나 박물관을 찾아다니는 정적인 여행을 통해 일상의 긴장감을 해소합니다. 낯선 관광지에서의 모험보다는 이미 검증된 전시 경로를 따라 천천히 걷는 방식을 통해 심리적 안정감을 얻습니다.,"최정규 씨는 2주에 한 번 정도 집 근처 김밥천국에 들러 매콤한 떡볶이와 참치김밥을 주문해 먹으며 소소한 해방감을 느낍니다. 거창한 외식보다는 익숙한 맛의 분식을 선호하며, 배달 음식을 시킬 때도 늘 먹던 메뉴만을 고집하는 경향이 있습니다.","최정규 씨는 계양구의 조용한 주택에서 어머니와 함께 살며, 어머니가 차려주시는 집밥과 손때 묻은 가구들이 주는 안락함 속에서 정서적 지지를 받습니다. 때로는 어머니와의 관계에서 오는 의존성과 독립심 사이에서 갈등하며, 혼자만의 방으로 숨어들어 복잡한 감정을 추스르곤 합니다.",최정규 씨는 안정적인 직장과 가정 환경 속에서 정적인 취미와 내밀한 불안을 동시에 안고 살아가는 30대 후반의 생산관리직 남성입니다.,"인천 계양구의 조용한 주택가에서 어머니와 함께 생활하며, 집 근처의 오래된 가게들을 다니는 익숙한 일상에서 안정을 찾습니다. 내면의 불안감이 커서 낯선 환경보다는 손때 묻은 가구들이 놓인 집안의 편안한 분위기를 선호하며, 가끔은 정리되지 않은 방 안에서 혼자만의 시간을 보내며 감정을 추스릅니다.","전자부품 생산 라인의 전체 공정 스케줄을 설계하고, 엑셀 시트를 활용해 일일 생산 수율과 불량률을 정밀하게 추적합니다. 현장 작업자들과의 협력 과정에서 자신의 기준을 명확히 전달하면서도, 갑작스러운 기계 고장이나 자재 수급 문제 같은 돌발 상황이 발생하면 그에 맞춰 유연하게 작업 순서를 변경합니다.","['ERP 기반 공정 관리', '생산 수율 분석 및 최적화', '제조 공정 스케줄링', '전자부품 품질 관리 기준 수립']","주말 오후면 거실 소파에 누워 프리미어리그 경기를 챙겨보며 전술 분석에 몰입하고, 어머니와 함께 국립중앙박물관의 특별 전시를 관람하며 조용히 작품을 살핍니다. 외식할 때는 주로 집 앞 김밥천국에서 떡볶이와 김밥을 주문해 간단히 먹으며 소소한 만족감을 느낍니다.","['프리미어리그 중계 시청', '국립중앙박물관 전시 관람', '동네 분식집 메뉴 탐방', '집에서 즐기는 정적인 휴식']","무리한 승진이나 직종 전환보다는 현재 맡은 생산관리 분야에서 대체 불가능한 숙련도를 쌓아 조직 내에서 입지를 굳히고자 합니다. 예기치 못한 변화로 인한 스트레스를 줄이기 위해, 업무 프로세스를 완전히 체득하여 심리적 여유를 갖고 정년까지 안정적으로 근무하는 것을 목표로 삼습니다.",남자,38,미혼,비현역,어머니와 동거,주택 이외의 거처,4년제 대학교,공학·제조·건설,생산관리 사무원,인천-계양구,인천,대한민국
6bdd7d7a74a14145b18f6f8fa4850ae9,"강부영 씨는 제주시의 골목 구석구석을 꿰고 있는 지리를 바탕으로 지인들에게 최적의 외출 동선을 짜주는 데 능숙하지만, 정작 자신의 커리어 앞에서는 망설이며 집 근처에서 소소하게 시작할 수 있는 작은 가게 창업을 조심스럽게 꿈꿉니다.","강부영 씨는 주말마다 동네 볼링장에서 친구들과 왁자지껄하게 내기 게임을 즐기고, 가끔은 무거운 몸을 이끌고 제주시 해안도로를 따라 천천히 조깅하며 땀을 흘리곤 합니다.","강부영 씨는 조용한 오후면 집 근처 도서관에서 가벼운 에세이를 읽으며 시간을 보내고, 읽은 내용을 바탕으로 친구들과 카페에서 한참 동안 수다를 떨며 자신의 감정을 솔직하게 표현합니다.","강부영 씨는 부모님을 모시고 제주 내의 동식물원이나 테마파크를 찾아다니며 가족사진을 찍어주는 것을 즐기고, 여행지의 세부 일정을 꼼꼼하게 짜서 부모님이 편안하게 이동하시도록 챙깁니다.","강부영 씨는 일주일에 두세 번은 단골 흑돼지 전문점에서 두툼한 고기에 소주를 곁들이고, 가끔은 깔끔한 초밥집을 찾아 정갈한 일식 코스를 즐기며 미식의 즐거움을 누립니다.","강부영 씨는 마흔이 넘은 나이에도 부모님과 함께 살며 집안의 궂은일을 도맡아 하고, 부모님의 잔소리를 너털웃음으로 넘기며 가족 중심의 안정적인 일상을 유지하고 있습니다.","강부영 씨는 제주시의 인간관계망 중심에서 분위기를 주도하는 사교적인 성격이지만, 건강 관리와 진로 결정 앞에서는 소심해지는 40대 미혼 남성입니다.","제주시내에서 나고 자라 이웃 간의 정이 두터운 분위기에 익숙하며, 부모님과 함께 오래된 자가 아파트에서 지내며 가족 중심의 안정적인 생활을 이어가고 있습니다.","모임의 성격에 맞춰 사람들의 기분을 세심하게 살피며 분위기를 띄우는 능력이 탁월하고, 제주시 곳곳의 숨은 맛집이나 효율적인 외출 동선을 짜는 데 능숙합니다.","['모임 분위기 주도 및 아이스브레이킹', '제주시 지역 맛집 및 명소 큐레이팅', '동네 소모임 일정 조율 및 관리', '생활 체육 종목별 기본 규칙 숙지']","주말이면 친구들과 함께 볼링장에서 내기를 하거나, 저녁에는 동네 단골 고깃집에서 소주잔을 기울이며 밀린 이야기를 나누는 시간을 가장 소중하게 여깁니다.","['제주시 내 볼링장 투어 및 경기', '가족과 함께하는 에코랜드 나들이', '동네 농구 코트에서의 가벼운 경기', '일식 초밥집 탐방 및 식도락', '밤늦게까지 이어지는 친구들과의 전화 통화']","갑작스러운 환경 변화보다는 자신이 잘 아는 분야에서 소소하게 시작할 수 있는 소자본 창업이나, 사람들과 가볍게 교류하며 마음 편히 다닐 수 있는 일자리를 조심스럽게 찾고 있습니다.",남자,43,미혼,비현역,부모와 동거,아파트,고등학교,해당없음,무직,제주-제주시,제주,대한민국
898535680bcd462a811f546294906d72,천상민 씨는 물류 센터의 복잡한 입출고 흐름을 엑셀의 다중 함수로 정밀하게 분석해 최적의 배차 경로를 설계하는 통계 사무원입니다. 현장 직원들의 거친 요구사항을 논리적인 지표로 다듬어 경영진이 납득할 수 있는 보고서로 만들어내는 능력이 탁월합니다.,천상민 씨는 주말 오후면 스마트폰으로 잔잔한 재즈 리스트를 틀어놓고 집 근처 탄천 산책로를 천천히 걷습니다. 땀 흘리는 격렬한 운동보다는 천천히 발걸음을 옮기며 복잡한 머릿속을 비워내는 정적인 시간을 통해 심신을 회복합니다.,천상민 씨는 밤늦은 시간 PC 앞에 앉아 정교한 수 싸움이 필요한 전략 시뮬레이션 게임의 세계에 깊이 몰입합니다. 평소에는 차분한 성격이지만 게임 속에서는 치밀하게 전략을 짜고 승리를 쟁취하는 과정에서 지적 유희와 카타르시스를 느낍니다.,천상민 씨는 가끔 모든 사회적 연락을 잠시 끊어낸 채 경주나 부여의 고분군을 홀로 찾아가 고요하게 거닙니다. 오래된 유적지가 주는 적막함 속에서 가장으로서의 책임감을 잠시 내려놓고 오롯이 자신만의 생각에 잠기는 시간을 소중히 여깁니다.,천상민 씨는 퇴근길 단골 일식집에서 바삭한 가츠동을 주문해 조용히 식사하며 하루의 피로를 풉니다. 주 4회 이상 외식을 즐기며 고기구이 같은 무거운 음식보다는 정갈한 일식이나 나물 위주의 한식 식단을 선호하여 가볍게 식사합니다.,"천상민 씨는 성남 중원구의 아파트에서 배우자와 자녀를 부양하며 묵묵히 가장의 책임을 다하고 있습니다. 평소 감정 표현이 많지 않고 무덤덤한 편이지만, 가족들이 더 나은 환경에서 살 수 있도록 물류 운영 관리자로 성장하겠다는 야무진 목표를 품고 있습니다.","천상민 씨는 성남에서 물류 통계 전문가로 일하며 가족의 안정을 위해 헌신하지만, 홀로 떠나는 역사 여행과 전략 게임으로 내면의 고독을 달래는 40대 가장입니다.","성남 중원구의 낡은 주택가와 신축 아파트가 공존하는 분위기 속에서 생활하며, 퇴근길 단골 일식집에서 가츠동을 주문해 조용히 식사하는 시간을 소중히 여깁니다. 가족을 부양하는 가장의 책임감을 짊어지고 있지만, 가끔은 모든 연락을 끊고 경주나 부여의 고분군을 홀로 거닐며 생각에 잠기곤 합니다.","물류 센터의 복잡한 입출고 흐름을 숫자로 치환해 최적의 배차 경로를 설계하고, 엑셀의 다중 함수를 활용해 창고 적치 효율을 소수점 단위까지 정밀하게 산출합니다. 현장 직원들의 거친 요구사항을 논리적인 통계 보고서로 다듬어 경영진이 납득할 수 있는 지표로 만들어내는 데 능숙합니다.","['엑셀 피벗 테이블 및 고급 함수 활용', '물류 흐름 데이터 분석', '배차 최적화 통계 산출', '현장 요구사항의 지표화 및 보고서 작성']","주말이면 스마트폰으로 잔잔한 재즈 리스트를 틀어놓고 동네 공원을 천천히 산책하며 머릿속을 비우거나, 밤늦게 PC 앞에 앉아 전략 시뮬레이션 게임의 정교한 수 싸움에 몰입합니다. 고혈압 약을 복용하면서도 습관적으로 피우는 담배 한 대와 퇴근 후 들이켜는 차가운 캔맥주 한 캔의 작은 쾌락 사이에서 아슬아슬한 균형을 잡고 있습니다.","['전략 시뮬레이션 게임', '재즈 음악 감상', '역사 유적지 단독 여행', '동네 공원 야간 산책', '가벼운 반주와 함께하는 일식 식사']","현재의 통계 사무 전문성을 더욱 갈고닦아 물류 운영 관리자로 성장함으로써, 전세 집을 벗어나 가족들이 마음 편히 뿌리 내릴 수 있는 내 집 마련의 꿈을 이루고자 합니다. 급격한 변화보다는 기존의 업무 프로세스를 조금씩 효율적으로 개선하며 조직 내에서 대체 불가능한 실무자로 남기를 원합니다.",남자,44,배우자있음,비현역,배우자·자녀와 거주,아파트,4년제 대학교,서비스,통계 사무원,경기-성남시 중원구,경기,대한민국
fa265b48f66e4c70bb1b0387aba49b46,"강예영 씨는 뷰티케어 전공자로서 피부 타입별 정밀 분석에 집착하며, 스스로 설정한 높은 기준을 충족하기 위해 취업 준비 기간을 길게 잡고 프리미엄 에스테틱 샵의 수석 아티스트가 되기를 꿈꾸는 완벽주의적 예비 전문가입니다.","강예영 씨는 땀 흘리는 격렬한 운동보다는 친구들과 광교 호수공원을 천천히 거닐며 계절의 변화를 기록하는 정적인 산책을 즐기며, 신체적 단련보다는 시각적 충족감을 얻는 활동에 집중합니다.","강예영 씨는 장안구 인근의 작은 독립 서점에서 에세이를 읽으며 소모된 감정을 회복하고, 낡은 필름 카메라의 셔터를 누르며 찰나의 빛과 색감을 수집하는 아날로그적 취미에 몰두합니다.","강예영 씨는 연인이나 친구와 함께 인적이 드문 숲길이나 조용한 바닷가 같은 자연 풍경을 찾아 떠나며, 화려한 관광지보다는 풍경 사진을 찍기에 적합한 고요한 장소에서 머무는 것을 선호합니다.","강예영 씨는 주 2~3회 외식을 하며 정갈한 나물 비빔밥 같은 자극 없는 한식을 찾아다니지만, 극심한 스트레스를 받는 날에는 롯데리아의 버거 세트를 주문해 먹으며 즉각적인 만족감을 얻습니다.","강예영 씨는 수원 장안구의 아파트에서 친척들과 함께 살며 집안 어른들이 강조하는 예의범절과 보수적인 규칙을 따르는 동시에, 자신의 방 안에서는 누구의 간섭도 받지 않는 독립적인 세계를 구축하려 노력합니다.","강예영 씨는 뷰티 전문가를 꿈꾸는 완벽주의적 성향의 21세 청년으로, 보수적인 가족 환경과 자유로운 예술적 취향 사이에서 섬세하게 균형을 잡으며 살아가는 인물입니다.","수원 장안구의 한 아파트에서 친척들과 함께 거주하며, 집안 어른들의 기대와 자신의 독립심 사이에서 미묘한 균형을 잡으며 성장했습니다. 겉으로는 사교적이고 밝은 대학생의 모습이지만, 정해진 규칙과 예의를 중시하는 집안 분위기 속에서 형성된 보수적인 생활 습관과 섬세한 눈치껏 행동하는 태도가 몸에 배어 있습니다.","뷰티케어 전공자답게 피부 타입별 정밀 분석과 그에 맞는 맞춤형 관리법을 체계적으로 적용하는 능력이 뛰어납니다. 특히 작은 각도 차이로 인상이 변하는 메이크업의 디테일을 집요하게 파고들어, 주변 지인들의 퍼스널 컬러를 정확히 찾아내고 최적의 스타일을 제안하는 데 능숙합니다.","['퍼스널 컬러 정밀 진단', '피부 타입별 맞춤 기초 케어 루틴 설계', 'TPO별 정교한 메이크업 시술', '뷰티 트렌드 분석 및 큐레이션']","주말이면 친구들과 광교 호수공원의 계절 변화를 필름 카메라로 기록하고, 평일 저녁에는 장안구 인근의 작은 독립 서점에서 고른 에세이를 읽으며 소모된 감정을 회복합니다. 가끔은 롯데리아의 버거 세트로 스트레스를 풀거나, 정갈한 나물 비빔밥 같은 자극 없는 한식 식당을 찾아다니며 마음의 안정을 찾습니다.","['필름 카메라를 이용한 자연 풍경 출사', '동네 독립 서점 탐방 및 독서 기록', '최신 개봉 영화 N차 관람 및 분석', 'SNS 뷰티 콘텐츠 수집 및 홈케어 실습']","단순한 취업보다는 본인의 높은 기준을 충족시킬 수 있는 프리미엄 에스테틱 샵이나 유명 브랜드의 수석 아티스트로 인정받는 것을 목표로 합니다. 완벽한 결과물을 내놓아야 한다는 강박이 있어 준비 기간이 길어지고 있지만, 그만큼 완성도 높은 커리어를 쌓아 대체 불가능한 전문가가 되고 싶어 합니다.",여자,21,미혼,비현역,가구주+기타친인척,아파트,2~3년제 전문대학,해당없음,무직,경기-수원시 장안구,경기,대한민국
e9ebd7e544f24f2ca24b0ceec8f19dd3,"박성재 씨는 부천 소사구의 낡은 가전제품들을 수집해 뚝딱 고쳐 쓰는 재주가 있으며, 언젠가 동네 골목에 작은 수리점을 열어 이웃들의 고장 난 물건을 고쳐주며 소소하게 수익을 올리는 삶을 꿈꿉니다.","박성재 씨는 볕이 좋은 오후면 자전거를 끌고 굴포천 변을 따라 느릿하게 페달을 밟으며, 저녁에는 거실 텔레비전 앞에 앉아 야구 경기 하이라이트를 챙겨보는 것으로 하루의 무료함을 달랩니다.","박성재 씨는 유튜브에서 기계 분해 영상이나 생활 꿀팁 영상을 찾아보며 시간을 보내고, 가끔은 동네 작은 문구점에서 산 조립식 장난감을 맞추며 복잡한 생각 없이 몰입하는 시간을 갖습니다.",박성재 씨는 아내나 고향 친구들과 함께 강원도 평창의 숲길이나 전남 순천만 습지처럼 탁 트인 자연 풍경을 보러 떠나 멍하니 풍경을 감상하며 쉬는 여행을 즐깁니다.,"박성재 씨는 일주일에 한 번 외식하는 날이면 단골 식당에서 구수한 청국장 찌개에 밥을 쓱쓱 비벼 먹고, 한 달에 한 번 배달시키는 치킨의 바삭한 껍질을 뜯으며 소소한 행복을 느낍니다.","박성재 씨는 부천 소사구의 아파트에서 아내와 함께 단출하게 지내며, 무뚝뚝한 성격 탓에 살가운 표현은 서툴지만 고장 난 집안 물건을 말없이 고쳐놓는 방식으로 애정을 표현합니다.","박성재 씨는 뛰어난 손재주와 현실적인 감각을 지닌 부천의 30대 남성으로, 소소한 일상의 안락함과 작은 수리점의 꿈을 간직하며 살아갑니다.","부천 소사구의 오래된 주택가와 아파트 숲 사이에서 성장하며, 학교 공부보다는 시장통 사람들의 생생한 대화와 삶의 요령을 배우는 데 더 익숙한 환경에서 지냈습니다.","복잡한 매뉴얼 없이도 기계의 구조를 직관적으로 파악해 고장 난 소형 가전을 수리하거나, 중고 시장의 흐름을 읽어 가치 있는 물건을 적절한 가격에 구해오는 능력이 있습니다.","['소형 가전제품 분해 및 수리', '중고 물품 가치 감정', '자전거 체인 및 브레이크 정비', '지역 상권 최저가 탐색']","날씨가 좋은 날이면 자전거를 타고 굴포천 길을 따라 천천히 달리며 주변 풍경을 살피고, 가끔은 동네 단골 식당에서 구수한 청국장 찌개에 밥을 비벼 먹습니다.","['굴포천 자전거 라이딩', '프로야구 하이라이트 분석 시청', '동네 목욕탕 사우나에서 휴식', '유튜브 자연 풍경 영상 감상']",거창한 직함보다는 본인의 손재주를 활용해 동네 사람들이 편하게 들를 수 있는 작은 수리점을 차려 소소한 수익을 올리며 지내고 싶어 합니다.,남자,38,배우자있음,비현역,배우자와 거주,아파트,초등학교,해당없음,무직,경기-부천시 소사구,경기,대한민국
74cc6b0ceecd47199f9bf22c68bda89a,"이혜진 씨는 인문학 전공자로서의 분석력을 살려 재택 교정 교열 일을 준비하며, 틈틈이 마크라메 작품을 만들어 소규모 클래스 창업을 위한 커리큘럼을 짜고 있습니다. 가끔 완벽주의 성향 때문에 문장 하나를 붙잡고 몇 시간씩 고민하다 정작 마감 시간을 아슬아슬하게 맞추는 습관이 있습니다.",이혜진 씨는 격렬한 운동 대신 성북천의 계절 변화를 느끼며 천천히 걷는 산책으로 하루의 피로를 풉니다. 가끔은 아이와 함께 집 근처 작은 공원을 돌며 가벼운 스트레칭으로 굳은 몸을 펴는 시간을 갖습니다.,"이혜진 씨는 동대문 종합시장에서 직접 고른 원단으로 정교한 자수를 놓거나, 성북동의 조용한 카페에서 전시 도록을 읽으며 영감을 얻습니다. 매듭 하나하나에 집착하는 마크라메 공예를 할 때면 주변의 소음조차 잊을 만큼 깊이 몰입하는 모습을 보입니다.",이혜진 씨는 마음 맞는 친구들과 함께 도심 속 쇼핑몰이나 예쁜 소품샵이 많은 거리를 여행하며 자신의 취향에 맞는 물건을 수집합니다. 유명 관광지를 쫓기보다 숨겨진 빈티지 숍의 독특한 소품을 찾아내는 과정에서 큰 즐거움을 느낍니다.,"이혜진 씨는 2주에 한 번 정도 정갈한 나물 정식 같은 고기 없는 한식당을 찾거나 분위기 좋은 파스타 집에서 양식을 즐깁니다. 주 1회 배달 음식을 시켜 먹을 때는 주로 아이가 좋아하는 메뉴를 선택하며, 정작 본인은 소박한 집밥을 챙겨 먹습니다.","이혜진 씨는 이혼 후 성북구 아파트에서 아이를 홀로 키우며, 아이의 교육 환경을 지켜주기 위해 묵묵히 가정을 이끌어갑니다. 때로는 부모 역할을 동시에 수행해야 한다는 압박감에 밤잠을 설치기도 하지만, 아이와 함께 읽는 책 한 권에서 깊은 위안을 얻습니다.","이혜진 씨는 성북동의 고즈넉한 분위기를 닮은 인문학적 감수성을 지닌 예술가 지망생이자, 아이를 위해 강인하게 삶을 일궈가는 단단한 어머니입니다.","성북천의 계절 변화를 지켜보며 걷는 일상에 익숙하며, 대학 시절 인문학을 전공하며 기른 정적인 취향과 성북동 특유의 고즈넉한 분위기가 삶의 태도에 배어 있습니다.","복잡한 매듭법이 필요한 마크라메 공예를 정교하게 수행하며, 방대한 양의 인문학 텍스트를 읽고 핵심을 짚어 자신만의 언어로 갈무리하는 능력이 탁월합니다.","['마크라메 및 섬유 공예', '인문학적 텍스트 분석', '효율적인 가계 예산 수립', '세밀한 수작업 및 조립']","동대문 종합시장에서 마음에 드는 실과 원단을 골라 집에서 자수를 놓거나, 주말 오후 성북동의 조용한 카페에서 친구와 함께 최신 전시회 도록을 살펴보며 시간을 보냅니다.","['프랑스 자수 및 소품 제작', '성북천 주변 산책', '온라인 인문학 강좌 수강', '취향 기반의 소품 쇼핑']","아이의 교육 환경을 유지하면서도 전공 역량을 살릴 수 있는 재택 교정 교열 작업이나, 소규모 공예 클래스를 운영하는 1인 창업을 구체적으로 준비하고 있습니다.",여자,43,이혼,비현역,자녀와 거주 (한부모),아파트,4년제 대학교,예술·인문,무직,서울-성북구,서울,대한민국
7a97857c41f944d29ad9828492fae2f2,"박상훈 씨는 구미 국가산업단지의 정돈된 도시 분위기 속에서 성장해 행정법과 판례를 빠르게 요약하는 능력을 갖췄으며, 현재는 공공기관 사무직 진입을 위해 집에서 관련 자격증 취득에 매진하고 있습니다.","박상훈 씨는 주말이면 친구들과 함께 야구 경기장에 가서 열렬히 응원하며 스트레스를 풀거나, 조용히 금오산 산책로를 따라 걸으며 복잡한 머릿속을 정리합니다.","박상훈 씨는 잠들기 전 네이버 웹툰의 최신 회차를 모두 몰아보는 것으로 하루의 피로를 씻어내며, 최신 유행하는 케이팝 음악을 크게 틀어놓고 리듬을 타는 것을 즐깁니다.","박상훈 씨는 연인이나 친구와 함께 강원도나 제주도의 탁 트인 자연 풍경을 찾아 떠나는 여행을 즐기며, 멋진 풍경 앞에서 사진을 찍어 기록하는 일에 몰두합니다.","박상훈 씨는 청국장이나 보리밥 같은 담백한 한식당을 자주 찾으며, 술을 전혀 마시지 않음에도 불구하고 분위기가 좋은 주점에서 친구들과 맛있는 안주를 나눠 먹으며 시간을 보냅니다.","박상훈 씨는 구미시의 자가 아파트에서 부모님과 함께 거주하며, 특유의 외향적인 성격 덕분에 부모님과 격의 없이 소통하며 친밀한 관계를 유지하고 있습니다.","박상훈 씨는 꼼꼼한 법학 전공자의 면모와 화려한 유흥을 즐기는 청년의 모습이 공존하는, 구미에 거주하는 취업 준비생입니다.","구미 국가산업단지의 계획도시 분위기 속에서 성장했으며, 4년제 대학에서 법과 행정을 공부하며 효율적인 시스템과 규칙의 중요성을 체득한 환경에서 지냈습니다.","방대한 양의 판례나 행정 지침서에서 필요한 정보를 빠르게 찾아내어 요약하고, 이를 누구나 보기 쉽게 문서화하는 꼼꼼한 처리 능력을 갖추고 있습니다.","['법률 조문 핵심 요약', '행정 문서 체계적 작성', '엑셀을 이용한 일정 관리', '데이터 분류 및 정리']","금오산 저수지 주변의 풍경을 감상하며 걷는 시간을 소중히 여기고, 가끔은 대구의 유명한 클럽에서 친구들과 어울리며 에너지를 발산하거나 집에서 최신 웹툰을 몰아봅니다.","['금오산 저수지 산책', '최신 웹툰 정주행', '대구 지역 클럽 방문', '스포츠 경기 분석 및 베팅', '자연 풍경 사진 촬영']",전공을 살려 공공기관이나 법무법인의 사무직으로 입사하기 위해 관련 자격증 취득과 시험 공부에 매진하고 있습니다.,남자,23,미혼,비현역,부모와 동거,아파트,4년제 대학교,경영·행정·법,무직,경상북-구미시,경상북,대한민국
79269208558e4a09a10ee6de3114b59a,"김상열 씨는 수원 도매 시장에서 공학적 지식을 활용해 복잡한 부품 도면을 비전공자도 알기 쉽게 설명하며 거래처 사장님들의 절대적인 신뢰를 받는 베테랑 영업원입니다. 김상열 씨는 특유의 쾌활함으로 처음 본 사람과도 금세 형, 동생 하며 지내는 수완을 발휘하며, 새로운 유통 방식이나 아이디어를 현장에 빠르게 적용하는 유연함을 갖췄습니다.","김상열 씨는 저녁마다 광교호수공원의 완만한 산책로를 느릿하게 걸으며 계절마다 변하는 풍경을 스마트폰 카메라에 담는 소소한 활동으로 하루의 피로를 풉니다. 김상열 씨는 숨이 턱 끝까지 차오르는 격렬한 운동보다는 가벼운 산책이나 달콤한 낮잠을 통해 에너지를 충전하며, 가끔 지역 동호회 사람들과 어울려 걷는 시간을 즐깁니다.","김상열 씨는 최신 가전제품이나 IT 기기 리뷰 유튜브 채널을 구독하며 기계의 작동 원리를 분석하고 비교하는 것에 깊은 흥미를 느낍니다. 김상열 씨는 주말이면 가족들과 함께 최신 개봉 영화를 관람하거나 지역 예술 전시회를 찾아다니며 정서적인 환기를 하고, 사진 찍는 취미를 통해 일상의 기록을 남깁니다.","김상열 씨는 아내와 자녀들의 손을 잡고 전국의 이름난 보리밥집이나 청국장 맛집을 찾아다니는 음식 중심의 가족 여행에 진심입니다. 김상열 씨는 유명 관광지를 빠르게 훑는 여행보다 그 지역에서만 맛볼 수 있는 토속 음식의 깊은 맛을 찾는 데 집중하며, 자신만의 세밀한 맛집 지도를 만들어가는 과정에서 성취감을 느낍니다.","김상열 씨는 평소 나물 위주의 한정식이나 구수한 청국장을 즐겨 찾으며, 일주일에 한 번 정도는 가족들과 함께 도미노피자나 맘스터치 같은 패스트푸드로 기분을 전환합니다. 김상열 씨는 배달 음식을 자주 시키지 않지만, 2주에 한 번 정도는 집에서 편하게 최신 메뉴를 주문해 먹으며 소소한 일탈을 즐기는 습관이 있습니다.","김상열 씨는 영통구 아파트 단지에서 배우자, 자녀와 함께 화목하게 거주하며 아이들이 사회에 안정적으로 자리 잡을 때까지 든든한 경제적, 정서적 버팀목이 되어주고 싶어 합니다. 김상열 씨는 다정한 성격으로 집안의 분위기 메이커 역할을 하며, 주말이면 가족들의 입맛을 모두 충족시킬 외식 장소를 선정하는 일을 도맡아 합니다.","김상열 씨는 공학적 분석력과 뛰어난 사교성을 겸비한 수원 영통구의 친근한 도매 영업맨이자, 가족과 함께 전국 맛집 탐방을 즐기는 다정다감한 아버지입니다.","영통구 광교산 자락 근처 아파트에서 오래 살며 이웃들과 두루 친분을 쌓았고, 공대를 졸업해 사물을 기계적인 원리로 분석하려는 습관이 몸에 배어 있습니다. 성격이 쾌활해 동네 어르신들부터 젊은 부부들까지 스스럼없이 어울리며 모임의 분위기를 띄우는 역할을 자처합니다.","도매 영업 현장에서 다져진 수완으로 거래처 사장님들의 가려운 곳을 정확히 짚어내며, 복잡한 공학적 설계 도면을 비전공자도 이해하기 쉽게 풀어 설명하는 능력이 탁월합니다. 처음 보는 사람과도 금세 말을 트고 유대감을 형성하는 영업적 감각이 뛰어납니다.","['산업용 부품 단가 협상', '기술 사양 설명 및 제안', '거래처 네트워크 관리', '고객 요구사항 분석', '효율적인 물류 경로 파악']","주말이면 가족들과 함께 전국의 유명한 보리밥집이나 청국장 식당을 찾아다니며 맛집 지도를 만들고, 평일 저녁에는 유튜브로 최신 전자기기 리뷰 영상을 보며 시간을 보냅니다. 건강 관리를 위해 광교호수공원을 느릿하게 산책하며 계절마다 변하는 풍경을 사진으로 남기는 소소한 즐거움이 있습니다.","['전국 토속 음식점 탐방', '광교호수공원 산책', '최신 IT 기기 영상 시청', '가족과 함께하는 독립 영화 관람', '동네 소모임 주도']","현재의 영업망을 더 견고히 다져 큰 욕심 없이 매달 안정적인 수익을 유지하며, 자녀들이 독립할 때까지 든든한 버팀목이 되어주는 삶을 지향합니다. 무리한 확장보다는 지금껏 쌓아온 인맥을 바탕으로 스트레스 없이 일할 수 있는 소규모 유통 구조를 정착시키려 합니다.",남자,50,배우자있음,비현역,배우자·자녀와 거주,아파트,4년제 대학교,공학·제조·건설,그 외 일반 영업원,경기-수원시 영통구,경기,대한민국
0b947f483cf84dffb72bc2ab2e990ef0,"김상협 씨는 김해 공단에서 30년 가까이 CNC 선반과 정밀 밀링 머신을 다루며, 기계가 내는 미세한 쇳소리만으로도 불량품을 가려내는 베테랑 조작원입니다. 후배들이 실수해도 윽박지르지 않고 묵묵히 해결 방법을 알려주며 현장의 경직된 분위기를 녹이는 완충재 역할을 합니다.","김상협 씨는 퇴근 후 거실 소파에 깊숙이 파묻혀 롯데 자이언츠 경기를 시청하며 소리를 지르거나 아쉬워하는 것으로 하루의 스트레스를 풉니다. 직접 경기장에 가는 일은 드물지만, 집에서 편하게 중계 영상을 보며 선수들의 플레이를 분석하고 혼잣말을 중얼거리는 시간을 가장 아낍니다.","김상협 씨는 거창한 예술 활동 대신 유튜브에서 옛날 가요 무대 영상을 찾아보거나, 낙동강 둔치의 풍경을 멍하니 바라보며 마음을 정리하는 정적인 시간을 즐깁니다. 복잡한 전시회나 공연보다는 길가에 핀 이름 모를 들꽃이나 해 질 녘의 붉은 노을을 가만히 응시하는 것에서 더 큰 위안을 얻습니다.","김상협 씨는 가족들과 함께 전국의 산과 바다를 찾아다니며 탁 트인 자연 풍경을 감상하는 여행을 즐깁니다. 화려한 관광 명소보다는 사람이 적고 공기가 맑은 숲길을 천천히 걷는 일정을 선호하며, 여행지에서 찍은 풍경 사진을 스마트폰에 저장해두고 가끔 꺼내 봅니다.","김상협 씨는 일주일 중 닷새 이상을 집 밖에서 해결하며, 주로 동료들과 함께 김해 시장 근처의 돼지갈비집이나 짜장면과 탕수육을 파는 중식당을 찾습니다. 혼자 사는 집의 적막함이 싫어 일부러 북적이는 식당에서 밥을 먹으며 사람 냄새를 맡는 것을 좋아합니다.","김상협 씨는 배우자와 별거 중이라 넓은 단독주택에 혼자 거주하고 있지만, 명절이나 휴가 때는 가족들을 불러 모아 함께 시간을 보내려 노력합니다. 무뚝뚝한 말투 속에 미안함과 그리움을 숨기고 있으며, 자녀들에게는 언제든 기댈 수 있는 든든한 버팀목이 되어주고 싶어 합니다.","김상협 씨는 김해 금속가공 현장의 숙련된 기술자이자, 가족에 대한 그리움을 롯데 자이언츠 경기와 낙동강 산책으로 달래는 외로운 낭만주의자입니다.","김해의 공단 단지에서 청춘을 보내며 지역 산업의 성장과 함께 나이 들었으며, 무뚝뚝한 경상도 남성들 사이에서 드물게 후배들의 고민을 묵묵히 들어주며 팀의 분위기를 부드럽게 만드는 역할을 자처합니다.","금속의 미세한 변형이나 기계의 작은 소음만으로도 불량 여부를 잡아내며, 정밀 밀링 머신과 CNC 선반을 능숙하게 다뤄 오차 없는 가공품을 생산합니다.","['정밀 CNC 선반 조작', '금속 재질별 가공 특성 파악', '설계 도면 해석 및 치수 측정', '공작기계 유지보수 및 소모품 관리']","퇴근 후 시원한 맥주 한 캔을 곁들여 롯데 자이언츠 경기를 챙겨보고, 주말에는 낙동강 둔치 산책로를 천천히 걸으며 복잡한 생각을 정리합니다.","['롯데 자이언츠 야구 경기 시청', '낙동강 둔치 산책', '유튜브 음식 리뷰 영상 보기', '가족과 함께하는 숲길 여행']","더 높은 직급으로 올라가는 것보다 현재의 숙련도를 유지하면서, 함께 일하는 젊은 직원들이 숨 막히지 않고 즐겁게 일할 수 있는 유연한 현장 분위기를 만드는 데 보람을 느낍니다.",남자,53,배우자있음,비현역,혼자 거주 (배우자 별거),단독주택,고등학교,해당없음,그 외 금속가공 기계 조작원,경상남-김해시,경상남,대한민국
3a7250e03cc04761a246b878d4f676c8,유상인 씨는 은평구의 낡은 다세대주택 골목을 누비며 가스 누출을 잡아내는 베테랑 점검원입니다. 책임감이 강해 점검을 마친 뒤에도 불안한 마음에 밸브를 서너 번씩 다시 조이거나 계량기를 재확인하는 강박적인 습관이 있습니다.,"유상인 씨는 동네 복지관에서 바둑판을 사이에 두고 지인들과 수싸움을 벌이며 시간을 보내는 것을 즐깁니다. 일과 후에는 동네 목욕탕에서 뜨거운 물에 몸을 담가 피로를 풀고, 집으로 돌아와 짧은 낮잠으로 기력을 보충하며 하루를 마무리합니다.","유상인 씨는 손주들이 가르쳐주는 스마트폰 앱의 새로운 기능을 하나씩 익히며 디지털 세상에 조심스럽게 발을 들여놓고 있습니다. 평소에는 TV 프로그램을 통해 세상 돌아가는 이야기를 접하며, 가끔은 조용히 음악을 들으며 생각에 잠기곤 합니다.",유상인 씨는 친목 모임 회원들과 함께 강원도나 전라도의 한적한 산책로를 찾아가 맑은 공기를 마시고 풍경을 감상하는 여행을 다닙니다. 복잡한 관광지보다는 나무가 많고 조용한 숲길을 천천히 걷는 시간을 소중하게 여깁니다.,"유상인 씨는 2주에 한 번 배달 앱으로 짜장면을 시켜 먹으며 소소한 일탈을 즐기고, 한 달에 한 번은 연신내의 작은 파스타 가게에서 아내와 함께 식사를 합니다. 평소 외식으로는 고기를 제외한 나물이나 찌개 중심의 한식당을 찾아갑니다.","유상인 씨는 고등학교 졸업 후 곧바로 생업에 뛰어들어 평생 아내와 자식들을 뒷바라지해온 헌신적인 가장입니다. 이제는 성인이 된 자녀들과 손주들에게 서툴지만 다정하게 마음을 표현하며, 아내를 위해 세심하게 외식 메뉴를 고르는 다정한 남편입니다.","유상인 씨는 은평구에서 가스 점검원으로 성실히 근무하며, 책임감 있는 삶과 소소한 가족의 행복을 소중히 여기는 70대 가장입니다.","불광동 골목길의 변화를 몸소 겪으며 살아왔으며, 고등학교 졸업 후 곧바로 생업에 뛰어들어 가족을 부양해온 책임감이 몸에 배어 있습니다. 최근에는 손주들이 사용하는 스마트폰 앱을 하나씩 배워보며 세상의 변화를 조용히 따라갑니다.","수십 년간 가스 밸브와 계량기를 점검하며 다져진 예리한 관찰력으로 미세한 가스 누출 징후를 잡아내며, 노후 주택의 복잡한 배관 구조를 빠르게 파악해 안전 조치를 취합니다.","['가스 누출 정밀 탐지', '노후 배관 유지보수 및 안전 진단', '가스 사용 안전 수칙 지도', '정밀 계량기 검침 및 오류 수정']","동네 복지관에서 바둑알을 놓으며 지인들과 시간을 보내고, 격주로 배달 앱을 통해 짜장면을 시켜 먹으며 소소한 일탈을 즐깁니다. 한 달에 한 번은 아내를 위해 연신내의 작은 파스타 가게를 찾아가 조용히 식사를 합니다.","['복지관 바둑 대국', '동창회원들과 담양 메타세쿼이아 길 여행', '동네 목욕탕 온탕에서 피로 풀기', '오후 시간의 짧은 낮잠']","담당 구역의 가스 밸브 하나하나를 내 집처럼 살피며 무사고 기록을 이어가는 것에 보람을 느낍니다. 다만, 최근 들어 조금만 일이 꼬여도 쉽게 불안해지는 마음 때문에 점검을 마친 후에도 몇 번을 다시 확인하곤 합니다.",남자,71,배우자있음,비현역,배우자와 거주,다세대주택,고등학교,해당없음,가스 점검원,서울-은평구,서울,대한민국
baaec41148404b4eb9c5bbca6bf8a647,"김지혜 씨는 약국 구석에서 약사들의 고충을 묵묵히 들어주며 신뢰를 쌓는 제약 영업원으로, 복잡한 약리 기전 설명보다는 상대의 표정과 말투에서 심리를 읽어내어 마음을 여는 섬세한 소통법으로 현장을 누빕니다.","김지혜 씨는 주말이면 연수구 배드민턴 클럽에서 셔틀콕을 주고받으며 땀을 흘리고, 때로는 강화도 바닷가에 낚싯대를 드리운 채 아무 생각 없이 물결을 바라보며 머릿속을 비워내곤 합니다.",김지혜 씨는 대학 시절 전공한 인문학적 소양을 바탕으로 송도 센트럴파크 인근 갤러리를 찾아 전시 팸플릿에 적힌 문구 하나하나의 의미를 곱씹으며 예술가의 세계에 깊이 몰입합니다.,"김지혜 씨는 마음 맞는 친구들과 함께 서울 시내의 숨은 명소를 찾아다니는 시티투어를 즐기며, 빡빡한 일정표 없이 발길 닿는 대로 골목길을 누비는 여정에서 예상치 못한 즐거움을 찾습니다.","김지혜 씨는 주 2~3회 배달 앱으로 팟타이와 쌀국수를 시켜 먹으며 넷플릭스 시리즈를 정주행하고, 외식을 할 때는 고기 구이 대신 정갈한 나물 반찬이 나오는 한정식집을 즐겨 찾습니다.","김지혜 씨는 남편과 아이들에게 늘 다정하고 부드러운 말투로 사랑을 표현하지만, 정작 외출 직전에 차 키나 핸드폰을 어디 뒀는지 몰라 집안을 온통 뒤집어 놓는 덜렁거림으로 가족들의 웃음을 자아냅니다.","김지혜 씨는 인문학적 감성과 탁월한 공감 능력을 갖춘 제약 영업원이자, 덜렁거리는 성격 속에 가족에 대한 깊은 애정을 품고 사는 40대 인천 시민입니다.","인천 연수구의 계획도시 분위기와 송도의 세련된 카페 거리를 즐기며, 대학 시절 인문학을 전공해 전시회 팸플릿의 문구 하나에도 의미를 부여하는 감수성을 가지고 있습니다. 평소 다정한 말투로 주변을 챙기지만, 가끔 정해진 약속 시간을 깜빡하거나 가방 속 소지품을 찾지 못해 허둥대는 덜렁거리는 면이 있습니다.",제약 영업 현장에서 상대방의 표정과 말투만으로도 현재 심리 상태를 빠르게 파악해 맞춤형 대화를 이끌어내는 공감 기반의 소통 능력이 탁월합니다. 복잡한 약리 기전보다는 실제 현장에서 약사들이 겪는 고충을 들어주며 신뢰 관계를 구축하는 데 능숙합니다.,"['고객 심리 파악 및 맞춤형 라포 형성', '인문학적 소양을 활용한 스토리텔링 영업', '다양한 연령대와의 유연한 커뮤니케이션', '현장 상황에 따른 즉각적인 대처 능력']","주말이면 연수구 근처 배드민턴 클럽에서 땀을 흘리며 스트레스를 풀고, 가끔은 남편과 함께 강화도 바닷가로 낚시를 떠나 멍하게 시간을 보냅니다. 배달 앱으로 쌀국수나 팟타이 같은 동남아 음식을 시켜 먹으며 밀린 넷플릭스 시리즈를 보는 시간을 가장 아낍니다.","['지역 배드민턴 동호회 활동', '강화도 및 서해안 바다 낚시', '태국 및 베트남 음식 맛집 탐방', '시티투어 버스를 이용한 도심 여행', '최신 팝업 스토어 및 전시 관람']","현재의 낮은 소득 구간을 벗어나 영업 실적을 기반으로 인센티브를 높이거나, 그동안 쌓은 현장 경험을 살려 제약 마케팅 기획 분야로 직무를 확장하고 싶어 합니다. 거창한 성공보다는 가족들과 매달 한 번은 근사한 호텔 뷔페를 갈 수 있는 경제적 여유를 갖는 것이 현실적인 목표입니다.",여자,43,배우자있음,비현역,배우자·자녀와 거주,아파트,4년제 대학교,예술·인문,그 외 일반 영업원,인천-연수구,인천,대한민국
ee79d80d697f4d0185ed69905b160e20,방우향 씨는 인천의 한 요양원에서 치매 어르신들의 돌발 행동을 능숙하게 잠재우며 보호자들의 까다로운 민원까지 매끄럽게 조율하는 베테랑 요양 보호사입니다. 현재의 안정적인 직장 생활에 만족하면서도 자녀들의 대학 등록금을 마련하기 위해 틈틈이 사회복지사 1급 교재를 펼쳐 들며 센터 운영의 실무 체계를 익히는 공부를 병행하고 있습니다.,"방우향 씨는 가족들과 함께 떠나는 여행에서 수상 레저나 가벼운 스포츠 체험 같은 액티브한 활동을 즐기며 일상의 활력을 되찾습니다. 평소에는 체중 때문에 움직임을 귀찮아하다가도, 가족과 함께하는 레포츠 앞에서는 누구보다 적극적으로 몸을 움직이며 즐거워합니다.","방우향 씨는 유튜브에서 배운 프랑스 자수 기법으로 손수건에 작은 꽃송이를 수놓거나 알록달록한 뜨개질 소품을 만드는 시간에 깊이 몰입합니다. 거실 테이블 위에는 항상 정체 모를 실타래와 바늘들이 어지럽게 널브러져 있어 가족들의 잔소리를 듣기도 하지만, 완성된 작품을 주변에 선물하며 뿌듯함을 느낍니다.",방우향 씨는 주말이면 가족들의 손을 잡고 강원도나 제주도의 레포츠 체험장으로 떠나 역동적인 활동을 즐기며 추억을 쌓습니다. 세밀한 계획을 짜기보다 그날그날의 기분에 따라 발길 닿는 대로 움직이는 여행 방식을 즐기며 가족 간의 유대를 다집니다.,"방우향 씨는 격주에 한 번씩 배달 앱으로 떡볶이나 찜닭 같은 매콤한 한식을 시켜 먹으며 스트레스를 풀고, 한 달에 한 번은 남편과 연수구 골목의 소박한 포차에서 노가리에 맥주를 곁들입니다. 평소에는 집에서 정성껏 요리하는 것을 즐기지만, 가끔은 주점의 시끌벅적한 분위기 속에서 사람들과 어울리는 술자리를 통해 에너지를 충전합니다.","방우향 씨는 남편과 두 자녀가 함께 사는 아파트에서 집안의 중심을 잡으며, 아이들이 대학에 진학할 때까지 든든한 버팀목이 되어주려는 강한 모성애를 가지고 있습니다. 때로는 자녀들의 진로 문제로 사소한 갈등을 빚기도 하지만, 특유의 유연함으로 상황을 빠르게 봉합하고 다시 화기애애한 분위기를 만듭니다.","방우향 씨는 인천 연수구에서 가족과 함께하며, 요양 보호사로서의 전문성과 다채로운 손재주를 가진 외유내강형의 40대 여성입니다.","인천 연수구의 계획도시 분위기 속에서 생활하며, 동네 부녀회나 학부모 모임에서 분위기를 주도하는 활발한 성격입니다. 요양 보호사로 근무하며 다양한 어르신들의 삶의 궤적을 접해온 덕분에 웬만한 갈등 상황에서도 허허 웃으며 넘기는 여유와 현실적인 대처 능력이 몸에 배어 있습니다.","거동이 불편한 어르신들의 체위 변경과 식사 보조를 능숙하게 처리하며, 치매 환자의 돌발 행동에도 당황하지 않고 상황을 빠르게 진정시킵니다. 보호자들의 까다로운 요구 사항을 정확히 파악해 시설 운영진에게 전달하고 조정하는 소통 능력이 뛰어납니다.","['욕창 방지를 위한 전문 체위 변경 기술', '치매 환자 맞춤형 의사소통 및 정서 지원', '노인 장기 요양 보험 청구 행정 실무', '보호자 심리 상담 및 갈등 조율']",주말이면 남편과 함께 연수구 근처의 소박한 실내 포차에서 시원한 맥주 한 잔을 곁들이며 일주일의 피로를 풉니다. 유튜브에서 본 최신 프랑스 자수 기법이나 뜨개질 소품 만들기에 푹 빠져 거실 테이블 한쪽이 늘 알록달록한 실타래와 바늘로 가득합니다.,"['유튜브 자수 영상 따라 하며 소품 만들기', '송도 센트럴파크 가족 산책 및 가벼운 배드민턴', '동네 지인들과의 정기적인 카페 수다', '제철 나물을 활용한 건강한 한식 상차림 요리']","현재의 직무에 만족하며 근무하고 있지만, 틈틈이 전공 서적을 살펴 사회복지사 1급 자격증을 취득해 센터 운영의 실무적인 체계를 더 깊이 배우고 싶어 합니다. 무리한 직위 상승보다는 자녀들이 대학에 진학할 때까지 안정적인 소득을 유지하며 가정을 지키는 것을 최우선으로 생각합니다.",여자,44,배우자있음,비현역,배우자·자녀와 거주,아파트,2~3년제 전문대학,해당없음,요양 보호사,인천-연수구,인천,대한민국
dfeb07e0ea1a492e911bf1b32b08ca9d,박상임 씨는 수십 년간 가계부를 한 치의 오차 없이 기록하며 집안 경제를 꾸려온 살림의 전문가입니다. 박상임 씨는 좁은 아파트 베란다의 햇볕이 잘 드는 곳마다 상추와 깻잎을 촘촘하게 심어 사계절 내내 신선한 채소를 수확하는 손재주를 가졌습니다.,박상임 씨는 격렬한 운동 대신 자녀들의 팔짱을 끼고 광명 전통시장의 골목골목을 천천히 걷는 것으로 일상의 활동량을 채웁니다. 박상임 씨는 베란다 화분의 흙을 갈아주고 가지를 치는 원예 활동을 하며 손끝의 감각을 유지하고 몸을 움직입니다.,박상임 씨는 손주들에게 배운 스마트폰 사진 편집 앱으로 음식 사진에 화사한 필터를 입히는 재미에 푹 빠져 있습니다. 박상임 씨는 TV 드라마 속 인물들의 세련된 옷차림과 집안 꾸미기를 유심히 관찰하며 최신 유행을 익힙니다.,박상임 씨는 자녀들이 운전하는 차를 타고 전국의 이름난 산과 바다를 찾아가 탁 트인 풍경을 감상하는 여행을 떠납니다. 박상임 씨는 복잡한 관광지보다는 조용한 숲길을 천천히 산책하며 자연의 소리에 귀를 기울이는 시간을 즐깁니다.,박상임 씨는 2주에 한 번 자녀들과 함께 단골 한식당에서 지글지글 구운 돼지갈비를 먹으며 입맛을 돋웁니다. 박상임 씨는 광명 전통시장의 오래된 분식집에서 갓 말아낸 김밥과 매콤한 떡볶이를 나누어 먹는 소소한 외출을 좋아합니다.,박상임 씨는 사별 후 친인척들과 한집에 어울려 살며 가족들이 기대어 쉴 수 있는 든든한 울타리 역할을 자처합니다. 박상임 씨는 가족 단체 채팅방에 정성껏 만든 밑반찬 사진을 올리며 자식들의 안부를 묻고 화목함을 유지하려 노력합니다.,박상임 씨는 광명시 자가 아파트에서 가족들과 함께하며 절약 정신과 열린 마음으로 노년을 보내는 83세의 강인한 할머니입니다.,"전후의 빈곤했던 시절을 겪으며 성실함과 절약을 몸에 익혔으며, 광명시의 도시화 과정을 함께 지켜보며 살아왔습니다. 정규 교육은 짧았지만 세상 돌아가는 일에 호기심이 많아 손주들이 알려주는 최신 유행이나 디지털 기기 사용법을 배우는 데 거부감이 없습니다.",수십 년간 살림을 도맡아 하며 다져진 꼼꼼한 가계 운영 능력과 식재료 관리 노하우가 탁월합니다. 특히 베란다의 한정된 공간을 효율적으로 활용해 사계절 내내 신선한 채소를 길러내는 손재주를 가지고 있습니다.,"['발코니 텃밭 작물 재배', '명절 및 제사 음식 조리', '효율적인 가계부 작성 및 자산 관리', '전통 방식의 나물 무침과 장 담그기']","동네 목욕탕에서 오랜 지인들과 밀린 이야기를 나누며 긴장을 푸는 시간을 소중히 여깁니다. 2주에 한 번꼴로 자녀들과 함께 광명 전통시장을 돌아보며 제철 식재료를 사고, 가끔은 단골 분식집에서 김밥과 떡볶이를 나누어 먹는 외출을 즐깁니다.","['임영웅의 노래 감상', '광명 전통시장 나들이', '베란다 상추와 방울토마토 가꾸기', '동네 사우나에서 지인들과 담소 나누기']","사회적 성취보다는 가족들이 화목하게 지내는 울타리가 되는 것에 큰 가치를 둡니다. 최근에는 스마트폰으로 사진을 찍고 편집하는 법을 완전히 익혀서, 가족 단체 채팅방에 직접 만든 음식 사진을 멋지게 올리는 소소한 목표를 가지고 있습니다.",여자,83,사별,비현역,친인척과 거주,아파트,초등학교,해당없음,무직,경기-광명시,경기,대한민국
5ac7a57555b748cc9f88b823fad083d6,"양병섭 씨는 울산 남구의 공업 단지 현장에서 잔뼈가 굵은 베테랑 도장공으로, 습도가 높은 날씨에도 도료가 들뜨지 않게 마감하는 특유의 손끝 감각을 가졌습니다. 최근에는 대규모 건설 현장의 소음에서 벗어나 동네의 낡은 빌라나 작은 상가 벽면을 화사하게 바꾸는 소규모 리모델링 작업을 하며, 함께 일하는 후배들에게 현장에서만 알 수 있는 조색 비법을 툭툭 전수하는 여유를 즐깁니다.","양병섭 씨는 주말이면 진하해변의 짠 내 섞인 바람을 맞으며 낚싯대를 드리우고, 물고기가 입질하기를 기다리며 머릿속을 비워내는 시간을 보냅니다. 평일 저녁에는 단골 사우나의 뜨거운 탕 속에 몸을 담그고 이웃들과 세상 돌아가는 이야기를 나누며 땀을 빼는 것으로 하루의 고된 노동 뒤에 오는 피로를 씻어냅니다.","양병섭 씨는 최신 스마트폰으로 유튜브를 섭렵하며 전국 각지의 시티투어 코스를 찾아보고, 영상 속에 등장하는 도시의 세련된 색감과 건축물에 영감을 얻습니다. 정형화된 미술관 관람보다는 길거리의 화려한 간판이나 잘 칠해진 건물 외벽의 조색 상태를 유심히 살피며 자신만의 실용적인 미적 기준을 세우는 것을 즐깁니다.","양병섭 씨는 가족들과 함께 떠나는 시티투어 버스 여행을 가장 좋아하며, 가이드의 설명을 들으며 랜드마크를 빠르게 훑고 다니는 효율적인 여행 방식에 만족합니다. 꼼꼼한 일정표를 짜는 것은 금방 지루해하지만, 여행지에서 우연히 발견한 예쁜 카페나 소품샵에 무작정 들어가는 즉흥적인 탐방에서 예상치 못한 즐거움을 찾습니다.","양병섭 씨는 주 2~3회 정도 가족들과 외식을 하며, 고기구이보다는 나물 반찬이 정갈하게 나오는 보리밥 정식이나 가끔 분위기를 내기 위한 까르보나라 같은 양식 메뉴를 선택합니다. 2주에 한 번 정도는 집에서 편하게 치킨이나 피자를 배달시켜 먹으며 텔레비전 예능 프로그램을 시청하는 소소한 일탈을 즐깁니다.","양병섭 씨는 배우자와 자녀들이 함께 사는 북적이는 집안 분위기 속에서 활력을 얻으며, 농담을 건네며 분위기를 띄우는 넉살 좋은 가장의 역할을 합니다. 평소 가족들의 의견을 잘 수렴하는 협조적인 태도를 보이지만, 집안 벽지 색상이나 인테리어 마감 같은 도장 전문가의 영역에서는 자신의 고집을 분명하게 드러냅니다.","양병섭 씨는 울산에서 잔뼈가 굵은 베테랑 도장공이자, 건강한 생활 습관과 유연한 사고방식으로 가족과 함께하는 일상의 소소한 행복을 추구하는 넉살 좋은 50대 가장입니다.","양병섭 님은 울산 남구의 공업 단지가 팽창하던 시기를 거치며 성장했습니다. 산업 도시 특유의 역동적인 분위기에 익숙하며, 나이가 들어서도 최신 유행하는 말투나 전자기기를 배우는 데 거부감이 없는 유연한 사고방식을 가지고 있습니다.",수십 년간 도장 현장에서 다져진 감각으로 벽면의 미세한 요철을 잡는 퍼티 작업과 정확한 색을 구현하는 조색 능력에 능숙합니다. 특히 습도가 높은 날씨에도 도료가 들뜨지 않게 마감하는 현장만의 세밀한 손끝 감각을 보유하고 있습니다.,"['수성 및 유성 페인트 정밀 도장', '벽면 퍼티 및 표면 평탄화 작업', '현장 맞춤형 색상 조색 기술', '도장 도구 및 장비 유지관리']","주말이면 진하해변 근처에서 낚싯대를 드리우고 시간을 보내며, 단골 사우나에서 이웃들과 세상 돌아가는 이야기를 나누며 에너지를 얻습니다. 최근에는 유튜브로 전국의 시티투어 코스를 찾아보며 가족들과 함께 떠날 다음 여행지를 고르는 재미에 빠져 있습니다.","['진하해변 바다낚시', '동네 사우나 단골 모임', '유튜브 여행 브이로그 시청', '가족 동반 도시 버스 투어']",이제는 대규모 건설 현장보다는 동네의 낡은 빌라나 작은 상가들을 깔끔하게 바꾸는 소규모 리모델링 작업에 흥미를 느낍니다. 정년이라는 압박 없이 본인의 페이스대로 일하며 후배들에게 현장 팁을 전수하는 느긋한 삶을 지향합니다.,남자,59,배우자있음,비현역,배우자·자녀와 거주,주택 이외의 거처,고등학교,해당없음,그 외 건축 도장공,울산-남구,울산,대한민국
6598567261bb4e27b7b26e02acbc1349,"이내윤 씨는 교육학 전공자로서 노션과 캔바를 활용해 아이들의 눈높이에 맞춘 시각 자료를 만드는 데 능숙하며, 정해진 임용 고시 경로 대신 아이들의 개성을 살리는 작은 대안 교육 공간을 직접 운영하고 싶어 합니다.",이내윤 씨는 충주 시내의 헬스장에서 무거운 바벨을 짊어지고 스쿼트를 하며 온몸의 근육을 쥐어짜는 방식으로 머릿속의 복잡한 잡념을 지워버립니다.,"이내윤 씨는 친구들과 함께 코인 노래방의 좁은 방 안에서 뉴진스의 최신곡을 따라 부르며 스트레스를 풀고, 틈틈이 만화책을 읽거나 영화를 보며 시간을 보냅니다.",이내윤 씨는 연인이나 친구의 손을 잡고 경주 불국사나 공주 공산성 같은 고즈넉한 역사 유적지를 거닐며 오래된 건축물이 주는 정취에 젖어드는 여행을 즐깁니다.,이내윤 씨는 자극적인 고기 요리보다 정갈한 나물 비빔밥 같은 한식이나 간단한 김밥과 떡볶이 같은 분식을 즐기며 가끔씩 소소한 외식을 합니다.,"이내윤 씨는 충주 중앙탑 공원 근처에서 부모님, 형제들과 함께 살고 있으며, 부모님이 원하는 임용 고시 준비라는 압박감 때문에 때로는 가족들 몰래 베란다로 숨어듭니다.","이내윤 씨는 충주에 거주하는 22세 교육학 전공자로, 현실적인 취업 압박과 대안 교육이라는 이상 사이에서 방황하며 헬스와 여행으로 마음을 다스리는 청년입니다.","이내윤은 충주 중앙탑 공원 근처의 한적한 분위기 속에서 성장했으며, 부모님의 기대에 따라 교육학을 전공했지만 졸업 후 진로를 결정하지 못한 채 아파트 베란다에서 몰래 담배를 피우며 불안감을 달래는 습관이 있습니다.","캔바나 노션 같은 협업 툴을 활용해 시각적으로 깔끔한 학습 자료를 설계하는 데 능숙하며, 교생 실습 당시 아이들의 눈높이에 맞춰 복잡한 개념을 쉽게 풀어내어 전달하는 법을 익혔습니다.","['디지털 학습 교구 제작', '눈높이 맞춤형 설명', '효율적인 학습 스케줄링', '노션 기반 포트폴리오 관리']","충주 시내 헬스장에서 고중량 스쿼트로 잡념을 없애고, 주말에는 친구들과 경주나 공주의 오래된 궁궐과 유적지를 탐방한 뒤 코인 노래방에서 뉴진스의 노래를 부르며 하루를 마무리합니다.","['고중량 웨이트 트레이닝', '국내 역사 유적지 출사', '코인 노래방', '웹툰 정주행', '디저트 카페 투어']","임용 고시 준비라는 현실적인 압박을 느끼고 있지만, 마음 한편으로는 성적 중심의 교육에서 벗어나 아이들의 개별적인 특성을 존중하는 작은 대안 교육 공간을 직접 운영하는 꿈을 꿉니다.",여자,22,미혼,비현역,부모·형제자매와 동거,아파트,4년제 대학교,교육,무직,충청북-충주시,충청북,대한민국
379982b62fd347949582bbc3be28e157,"서은지 씨는 고전 문헌의 토씨 하나까지 데이터로 옮기는 말뭉치 구축 작업에 매달리며, 논문의 각주 순서가 어긋나면 잠을 이루지 못하는 강박적인 꼼꼼함을 보입니다. 서은지 씨는 불안정한 연구원 신분에서 벗어나 자신의 이름이 박힌 단독 저서를 내고 대학 강단에 서는 날을 꿈꾸며 매일 밤 낡은 서재에서 텍스트와 씨름합니다.",서은지 씨는 헬스장 같은 곳보다는 정릉동의 좁고 굽이진 골목길을 느릿하게 걷으며 계절의 변화를 살피는 산책을 즐깁니다. 서은지 씨는 특별한 운동 기구 없이도 아이의 손을 잡고 동네 작은 공원을 한 바퀴 도는 것으로 하루의 활동량을 채웁니다.,"서은지 씨는 퇴근 후 아이를 재운 뒤 닌텐도 스위치를 켜서 '모여봐요 동물의 숲' 속 마을을 정성껏 가꾸며 현실의 복잡함을 잊습니다. 서은지 씨는 성북구의 오래된 헌책방에서 먼지 쌓인 고서를 발견할 때 가장 큰 희열을 느끼며, 그 속의 고어들을 현대어로 옮기는 작업에 몰입합니다.",서은지 씨는 남편과 함께 창덕궁 후원의 정자를 찾아가 조선 시대 정원 설계의 미학을 분석하며 조용히 시간을 보냅니다. 서은지 씨는 경주나 부여 같은 역사 유적지를 찾아가 그 땅이 가진 시간의 층위를 더듬으며 남편과 낮은 목소리로 대화를 나눕니다.,"서은지 씨는 배달 앱을 거의 쓰지 않고, 주말이면 성북동의 나물 정식집에서 정갈한 산채비빔밥과 된장찌개로 건강한 한 끼를 챙깁니다. 서은지 씨는 가끔 기분 전환이 필요할 때 동네 중식당에서 짜장면과 탕수육을 시켜 먹으며 일주일의 스트레스를 풉니다.","서은지 씨는 다세대주택의 좁은 계단을 오르내리며 아이를 키우는 일상 속에서, 배우자와 함께 육아의 고충을 나누며 끈끈한 유대감을 쌓습니다. 서은지 씨는 아이가 잠든 뒤에야 비로소 연구자로 돌아와 전공 서적을 펼치지만, 아이의 옹알이 소리에 금세 집중력을 잃고 웃음을 터뜨리는 다정한 엄마입니다.","서은지 씨는 성북구의 고즈넉한 분위기 속에서 고전 문헌을 연구하며, 학문적 성취와 소박한 가정생활 사이의 균형을 찾아가는 30대 연구원입니다.","성북구 정릉동의 고즈넉한 골목길을 산책하며 주변의 오래된 서점과 작은 갤러리를 살피는 일상에 익숙합니다. 대학원 시절부터 다져온 인문학적 소양 덕분에 일상의 사소한 풍경에서도 시대적 맥락을 찾아내며, 차분하게 생각을 정리하는 시간을 소중히 여깁니다.","고전 문헌의 언어적 특성을 데이터화하여 분석하는 말뭉치 구축 능력이 뛰어나며, 복잡한 텍스트 속에서 미세한 의미 차이를 포착해내는 정밀한 분석력을 갖추고 있습니다. 각주 하나까지 꼼꼼하게 검토하는 습관으로 연구소 내에서 동료들의 신뢰가 두텁습니다.","['말뭉치 분석 소프트웨어 활용', '고전 문헌 해독 및 현대어 역주', '인문학 학술 논문 작성 및 교정', '언어 데이터 구조화 및 분류']","퇴근 후 아이를 재우고 남편과 함께 '모여봐요 동물의 숲'을 하며 소소하게 마을을 꾸미거나, 성북동의 나물 정식집에서 정갈한 한 끼를 즐깁니다. 주말에는 남편과 함께 창덕궁 후원을 거닐며 조선 시대 정원의 배치를 세밀하게 관찰하는 시간을 보냅니다.","['닌텐도 스위치 힐링 게임', '성북동 나물 정식 및 두부 요리 탐방', '창덕궁 후원 및 고궁 유적지 산책', '중식당의 짬뽕과 꿔바로우 즐기기']","고전 문학의 언어적 변천사를 체계적으로 정리한 단독 저서를 출간하여, 학계에서 인정받는 전임 교수나 책임 연구원으로 자리 잡고자 합니다. 현재의 불안정한 소득 구조를 극복하고 연구에만 전념할 수 있는 안정적인 학술 환경을 구축하는 것이 최우선 과제입니다.",여자,32,배우자있음,비현역,배우자·자녀와 거주,다세대주택,대학원,예술·인문,언어학 및 문학 연구원,서울-성북구,서울,대한민국
63424e9be0414b9987e89917e5f94b1f,"박민진 씨는 학습자의 지루함을 빠르게 포착해 모바일 환경에 최적화된 직관적인 교육 콘텐츠를 설계하며, 매뉴얼에 얽매이지 않는 독창적인 기획안으로 업계에서 인정받고 싶어 하는 31세 상품 기획자입니다.","박민진 씨는 화요일 저녁이면 안산 상록구의 동네 체육관에서 셔틀콕을 주고받으며 땀을 흘리고, 때로는 가벼운 줄넘기로 몸을 풀며 활력을 찾습니다.","박민진 씨는 주말마다 유튜브에서 찾은 생소한 파스타 레시피를 따라 하며 주방을 엉망으로 만들고, 퇴근길 코인 노래방에서 최신 유행곡을 부르며 소리를 지릅니다.",박민진 씨는 연인이나 친구와 함께 한적한 강원도 펜션이나 제주도의 조용한 숙소로 떠나 아무런 계획 없이 온전한 휴식을 취하는 시간을 보냅니다.,"박민진 씨는 일주일에 한 번 동네 식당에서 나물 비빔밥이나 된장찌개를 먹고, 한 달에 한 번쯤은 유명 빵집의 소금빵을 배달시켜 즐깁니다.","박민진 씨는 퇴근 후 아버지와 함께 거실 소파에 앉아 TV 뉴스를 보며 소주잔을 기울이고, 서로 많은 말을 하지 않아도 편안함을 느끼는 시간을 보냅니다.","박민진 씨는 안산에 거주하며 교육 콘텐츠를 기획하는 31세 남성으로, 실용적인 삶의 태도와 개인적인 취향 사이의 균형을 찾는 인물입니다.",안산 상록구의 익숙한 골목길과 아파트 단지 사이에서 성장하며 경기 지역 특유의 실용적인 분위기에 익숙해졌습니다. 퇴근 후 아버지와 함께 거실에서 조용히 TV를 보거나 가끔 소주잔을 기울이며 하루를 마무리하는 일상을 보내고 있습니다.,"학습자의 심리를 분석해 교육 콘텐츠의 흐름을 설계하고, 딱딱한 교재 내용을 모바일 환경에 맞게 직관적인 인터페이스로 구현하는 능력이 있습니다. 특히 사용자가 어디서 지루함을 느끼는지 빠르게 포착해 구성안을 수정하는 감각이 좋습니다.","['교육 앱 사용자 경험 설계', '학습 콘텐츠 커리큘럼 기획', '시장 트렌드 분석 및 상품화', '협업 툴을 활용한 일정 관리']","화요일 저녁이면 동네 체육관에서 셔틀콕을 주고받으며 땀을 흘리고, 주말에는 유튜브에서 본 생소한 파스타 레시피를 따라 하며 주방을 어지럽히곤 합니다. 스트레스가 쌓인 날에는 친구들과 코인 노래방에서 최신 곡을 부르며 소리를 지르거나 방 안에서 스팀 인디 게임의 세계관에 몰입합니다.","['지역 배드민턴 클럽 활동', '퓨전 양식 홈쿠킹', '스팀 인디 게임 수집', '코인 노래방 방문']",학습자가 공부를 의무가 아닌 놀이처럼 느낄 수 있는 혁신적인 교육 상품을 출시해 시장의 반응을 확인하고 싶어 합니다. 정해진 매뉴얼을 따르기보다 자신만의 색깔이 담긴 기획안으로 업계에서 인정받는 기획자가 되는 것을 목표로 합니다.,남자,31,미혼,비현역,아버지와 동거,아파트,2~3년제 전문대학,해당없음,상품 기획자,경기-안산시 상록구,경기,대한민국
ee64e25d9c69457db8ae240647d5c051,"강동주 씨는 수입차 휠 틈새의 찌든 때 하나까지 놓치지 않고 제거해 신차 상태로 되돌리는 정밀 세척 기술에 자부심을 느끼며, 훗날 자신만의 프리미엄 디테일링 숍을 차려 효율적인 작업 공정을 구축하겠다는 구체적인 목표를 가지고 있습니다.","강동주 씨는 주말마다 북한산 둘레길을 천천히 걸으며 복잡한 잡념을 비워내고, 때로는 친구들과 함께 놀이공원을 찾아 소란스러운 분위기 속에서 활력을 얻습니다.",강동주 씨는 퇴근 후 컴퓨터 앞에 앉아 '리그 오브 레전드' 속 챔피언들을 조종하며 친구들과 실시간으로 시시콜콜한 농담을 주고받는 시간을 가장 큰 즐거움으로 여깁니다.,"강동주 씨는 마음이 맞는 친구나 연인과 함께 탁 트인 자연 풍경을 찾아 떠나는 여행을 즐기며, 화려한 관광지보다는 조용한 숲이나 바다를 보며 정서적인 안정을 찾습니다.","강동주 씨는 신촌 골목에 숨은 일식집에서 두툼한 돈카츠를 먹거나, 동네 고깃집에서 지글지글 익는 삼겹살에 소주 한 잔을 곁들이며 하루의 피로를 씻어내는 식도락을 즐깁니다.","강동주 씨는 연희동 인근에서 나고 자라 지역 사회의 정서를 잘 알고 있으며, 현재는 미혼으로 아파트에서 혼자 거주하며 독립적인 삶과 소소한 일상의 평온함을 유지하고 있습니다.","강동주 씨는 서대문구에서 수입차 디테일링 전문가로 일하며, 정교한 기술적 성취와 소박한 개인적 취향 사이에서 균형을 찾아가는 30세 청년입니다.","서대문구 연희동 인근에서 나고 자라며 실용적인 가치를 중요하게 여기는 환경에서 성장했습니다. 일찍이 사회생활을 시작하며 책임감을 익혔지만, 한편으로는 정규 교육 과정 이후에 느낀 배움에 대한 은근한 갈증과 함께 소소한 일상의 안정을 소중히 여기는 성격이 형성되었습니다.",고가의 수입차나 특수 운송 장비의 외관을 신차 상태로 되돌리는 세밀한 세척 기술과 전용 약품 활용 능력이 뛰어납니다. 특히 휠 사이의 찌든 때나 보이지 않는 틈새의 오염을 완벽하게 제거해 작업 결과물을 눈으로 증명하는 꼼꼼한 마무리 작업에 강점이 있습니다.,"['고압 세척기 정밀 조작', '차량 맞춤형 화학 세정제 배합', '디테일링 왁스 코팅 공법', '운송 장비 오염원 분석 및 제거']","주말이면 북한산 둘레길을 천천히 걸으며 머릿속의 걱정을 비워내고, 퇴근 후에는 집에서 '리그 오브 레전드'를 하며 친구들과 시시콜콜한 농담을 나눕니다. 가끔은 신촌의 숨은 일식집에서 두툼한 돈카츠를 먹거나 친구들과 함께 고깃집에서 삼겹살에 소주 한 잔을 곁들이며 하루의 피로를 풉니다.","['북한산 둘레길 트레킹', '리그 오브 레전드 게임', '신촌 인근 일식 맛집 탐방', '친구들과의 삼겹살 회식']","지금은 주어진 장비를 닦는 일에 충실하지만, 언젠가는 자신만의 색깔을 담은 프리미엄 디테일링 숍을 차려 단골손님들과 편하게 소통하며 일하는 삶을 꿈꿉니다. 거창한 성공보다는 매일의 작업 결과물이 주는 성취감을 유지하며, 업무 중 발생하는 스트레스를 줄일 수 있는 효율적인 공정 체계를 만드는 데 관심이 많습니다.",남자,30,미혼,비현역,혼자 거주,아파트,고등학교,해당없음,운송장비 청소원,서울-서대문구,서울,대한민국
8cf4f7f867d14f2088c62b80223a2987,"한연준 씨는 전문직별공사업체에서 엑셀 시트의 소수점 하나까지 꼼꼼하게 맞추며 자재 수급을 관리하고, 거친 현장 반장님들과 본사 지침 사이에서 적절한 타협점을 찾아내는 노련한 조율사입니다. 본인만의 완벽한 공정 매뉴얼을 구축하는 것에 집착하며, 때로는 너무 세밀한 기준을 동료들에게 강요해 분위기를 경직시키기도 합니다.","한연준 씨는 주말마다 북구 지역 배드민턴 클럽에 나가 셔틀콕을 강하게 내리치며 한 주 동안 쌓인 직장 내 스트레스를 해소합니다. 운동 후에는 함께 땀 흘린 회원들과 소박한 안주에 술잔을 기울이며, 신중하게 선택한 소수의 사람과 깊은 유대감을 쌓습니다.",한연준 씨는 잠들기 전 침대에 누워 테크 유튜버들의 최신 스마트폰이나 로봇 청소기 리뷰 영상을 보며 새로운 기술이 주는 정밀한 편리함에 몰입합니다. 예술적인 감흥보다는 기계적인 설계의 효율성과 논리적인 기능 구현 방식에서 더 큰 심리적 만족감을 얻습니다.,"한연준 씨는 어머니를 모시고 부산 시티투어 버스를 타고 광안대교와 해운대를 천천히 둘러보며 도심 속의 여유를 찾는 소박한 여행을 즐깁니다. 낯선 곳으로의 모험보다는 정해진 경로를 따라 움직이는 안정적인 일정을 계획하며, 어머니의 컨디션을 세심하게 살피는 일에 집중합니다.","한연준 씨는 2주에 한 번 정도 외식을 하며, 고깃집보다는 정갈한 나물 반찬이 나오는 보리밥집이나 동네 김밥집에서 간단히 끼니를 해결합니다. 배달 음식은 한 달에 단 한 번 주문할 정도로 절제하지만, 메뉴를 고를 때면 리뷰와 성분을 꼼꼼히 따지는 신중함을 보입니다.","한연준 씨는 부산 북구의 조용한 아파트에서 연로하신 어머니를 모시며, 무뚝뚝한 말투 속에서도 어머니가 좋아하는 반찬을 기억해 챙기는 세심한 효자입니다. 낙동강변 산책로를 함께 걷는 시간 동안은 평소의 날 선 예민함을 내려놓고 오직 어머니의 보폭에 맞춰 천천히 발을 옮깁니다.","한연준 씨는 부산 북구에서 어머니를 모시며 살아가는 꼼꼼한 성격의 건설업 영업 관리직으로, 건강 관리와 자산 유지라는 현실적인 목표를 향해 체계적으로 하루를 살아가는 중년 남성입니다.","부산 북구의 조용한 아파트 단지에서 연로하신 어머니를 모시며 살아갑니다. 낙동강변 산책로를 함께 걷는 일상을 소중히 여기며, 무뚝뚝한 부산 남자의 전형 같지만 집안의 대소사는 세심하게 챙기는 효심 깊은 면모가 있습니다.","전문직별공사업체에서 자재 수급과 외주 업체 조율을 맡아, 소수점 단위의 견적 오차도 허용하지 않는 꼼꼼한 엑셀 관리 능력을 갖췄습니다. 현장 작업자들의 거친 요구와 본사의 지침 사이에서 적절한 타협점을 찾아내는 노련한 협상력을 발휘합니다.","['공사 자재 원가 분석 및 견적서 작성', '외주 협력사 공정 스케줄 관리', '건설 현장 안전 규정 준수 점검', '물량 산출 및 자재 발주 최적화']","공복혈당 수치를 낮추기 위해 매일 밤 아파트 주차장 구석에서 줄넘기를 하며 땀을 흘립니다. 주말이면 북구 지역 배드민턴 클럽에서 셔틀콕을 주고받으며 긴장을 풀고, 잠들기 전 유튜브에서 최신 가전제품 리뷰 영상을 보며 새로운 기술에 대한 호기심을 채웁니다.","['지역 배드민턴 동호회 활동', '혈당 관리를 위한 야간 줄넘기', '최신 IT 기기 및 가전 리뷰 시청', '가족과 함께하는 부산 시티투어 버스 여행']",현재 맡은 공정의 매뉴얼을 완벽하게 표준화하여 누가 와도 실수 없이 운영되는 시스템을 구축하는 것에 집착합니다. 어머니의 노후와 자신의 안정을 위해 자가 아파트의 자산 가치를 유지하며 무사히 정년을 맞이하는 것을 현실적인 목표로 삼고 있습니다.,남자,49,미혼,비현역,어머니와 동거,아파트,2~3년제 전문대학,해당없음,영업 관리 사무원,부산-북구,부산,대한민국
5078b916ca9b4376829e4734744e0d59,"정종민 씨는 전문대학 시절 익힌 행정 실무 능력과 꼼꼼한 가계 운영 노하우를 바탕으로, 청주 상당구청 문화센터나 집 근처 작은 도서관의 보조 강사로 활동하며 지역 사회에 기여하고 싶은 소망을 품고 있습니다.","정종민 씨는 주말이면 가족들의 손을 잡고 우암산 둘레길의 흙길을 천천히 밟으며 계절의 변화를 감상하고, 때로는 가벼운 등산복 차림으로 인근의 낮은 산을 오르며 땀을 흘립니다.","정종민 씨는 거실 소파에 깊숙이 기대어 최신 유행하는 주말 드라마의 반전에 일희일비하며, 가끔은 90년대 추억이 담긴 가요 리스트를 틀어놓고 옛 생각에 잠기곤 합니다.","정종민 씨는 남해나 강원도의 조용한 리조트를 예약해 가족들과 함께 온종일 누워 쉬거나, 근처 바닷가만 가볍게 산책하며心身의 여유를 찾는 휴양 여행을 즐깁니다.","정종민 씨는 평소 나물 비빔밥이나 된장찌개 같은 정갈한 한식 상차림을 직접 준비하며, 일요일 오후에는 아이들이 좋아하는 도미노 피자나 맘스터치 햄버거를 주문해 온 가족이 둘러앉아 먹습니다.","정종민 씨는 자녀들에게는 예의와 도리를 엄격하게 강조하는 교육관을 가졌지만, 정작 아이들이 애교를 부리면 마음이 쉽게 약해져 몰래 간식을 챙겨주는 다정하고 유연한 엄마입니다.",정종민 씨는 청주 상당구에서 살림과 육아에 전념하며 소소한 사회활동과 배움을 통해 삶의 활력을 찾으려는 40대 여성입니다.,"청주 상당구의 고즈넉한 주택가 분위기 속에서 성장하며 예의와 도리를 중시하는 환경에 익숙하지만, 마음 한편으로는 늘 새로운 세상에 대한 호기심을 품고 살아왔습니다.",전문대 시절 익힌 기초 행정 업무 능력과 오랜 시간 살림을 꾸려오며 터득한 효율적인 자원 관리 및 가계 운영 노하우를 갖추고 있습니다.,"['디지털 가계부 활용 지출 관리', '제철 식재료를 활용한 건강식 조리', '지역 커뮤니티 기반 생활 정보 수집', '효율적인 주거 공간 정리 및 수납']","주말이면 가족들과 우암산 둘레길을 천천히 걷고, 평일 오후에는 동네 친구들과 모여 고스톱을 치거나 최신 드라마를 보며 쌓인 스트레스를 풉니다.","['우암산 산책로 걷기', '넷플릭스 최신 드라마 정주행', '동네 지인들과의 화투 모임', '나물 위주의 한식 레시피 연구', '잔잔한 90년대 가요 감상']","거창한 직함보다는 집 근처 작은 도서관이나 구청 문화센터에서 보조 강사로 활동하며, 자신이 배운 것을 나누는 소소한 성취감을 느끼길 원합니다.",여자,44,배우자있음,비현역,배우자·자녀와 거주,아파트,2~3년제 전문대학,해당없음,무직,충청북-청주시 상당구,충청북,대한민국
8234648e8d3f4569830cef2af4a3f488,"남만용 씨는 대구 달성군 하역 현장에서 수십 년간 짐의 무게 중심을 잡으며 공간을 나누는 베테랑으로, 누락된 물건을 귀신같이 찾아내어 현장 소장들의 절대적인 신뢰를 받습니다. 새로 들어온 젊은 일꾼들에게 허리 펴는 법과 효율적으로 적재하는 요령을 투박하게 가르치며 하루의 보람을 느낍니다.","남만용 씨는 달성군 주민센터 배드민턴 동호회에서 셔틀콕을 주고받으며 땀을 흘리는 시간을 가장 기다리며, 경기 후 동료들과 나누는 시시콜콜한 농담에서 삶의 활력을 얻습니다. 가끔은 공원에서 줄넘기를 하며 몸을 풀고, 운동 후 마시는 시원한 보리차 한 잔에 큰 행복을 느낍니다.","남만용 씨는 밤마다 라디오에서 흘러나오는 나훈아의 옛 노래를 들으며 고단한 하루를 달래고, 손주가 깔아준 스마트폰 앱으로 최신 웹툰을 몰래 챙겨 보는 소소한 즐거움에 빠져 있습니다. 투박한 손가락으로 화면을 확대해 가며 만화 속 세상 돌아가는 이야기에 귀를 기울이며 시대의 흐름을 놓치지 않으려 노력합니다.","남만용 씨는 아내와 함께 뜨끈한 물에 몸을 담글 수 있는 유황 온천 여행을 꿈꾸며, 가족들이 다 같이 모여 조용히 쉴 수 있는 한적한 펜션을 찾아 떠나는 휴양을 즐깁니다. 여행 가방을 쌀 때면 하역 전문가답게 물건을 테트리스 하듯 완벽하게 채워 넣어 아내의 감탄을 자아내는 버릇이 있습니다.","남만용 씨는 한 달에 딱 한 번, 아내와 함께 동네 단골 식당에서 청국장이나 보리밥 같은 소박한 한식을 먹으며 외식을 즐기고, 가끔은 친구들과 주점에서 소주잔을 기울이며 회포를 풉니다. 배달 음식은 한 달에 한 번 겨우 시켜 먹으며 스마트폰 앱의 복잡한 주문 과정에 혀를 내두르며 아내에게 도움을 청합니다.","남만용 씨는 평생을 함께해온 아내와 전월세 아파트에서 서로 의지하며 살아가며, 가끔 방문하는 자녀와 손주들을 위해 시장에서 갓 구운 붕어빵이나 과일을 잔뜩 사다 놓는 다정한 할아버지입니다. 무뚝뚝한 경상도 말투로 툭툭 내뱉지만, 아내의 혈압약을 챙겨주거나 잠자리를 살피는 세심한 애정을 가지고 있습니다.","남만용 씨는 대구 달성군 하역 현장의 베테랑이자, 성실한 저축과 소박한 취미로 노후를 꾸려가는 정 많고 꼼꼼한 60대 가장입니다.","대구 달성군의 한적한 동네에서 나고 자라며 몸으로 부딪치는 삶의 지혜를 익혔습니다. 정규 교육은 짧았지만, 시장 상인들과 어울리며 사람을 대하는 법을 배웠고, 투박한 경상도 말투 속에 다정함을 담아 관계를 맺는 법을 터득했습니다.",수십 년간 하역 현장에서 짐을 쌓고 내리며 물건의 무게 중심을 잡고 공간을 효율적으로 나누는 감각을 몸에 익혔습니다. 꼼꼼한 성격 덕분에 상하차 목록에서 누락된 물건을 귀신같이 찾아내 현장 관리자들의 두터운 신뢰를 받습니다.,"['적재 공간 최적화 배치', '하역 물품 수량 정밀 확인', '효율적인 상하차 동선 설계', '현장 안전 수칙 준수 및 관리']","동네 주민센터에서 배드민턴 채를 잡고 땀을 흘린 뒤, 라디오에서 흘러나오는 옛 노래를 들으며 하루를 마무리합니다. 가끔은 손주가 알려준 스마트폰 앱으로 최신 만화를 챙겨 보며 세상 돌아가는 이야기에 귀를 기울입니다.","['주민센터 배드민턴 교실', 'MBC 라디오 청취', '스마트폰 만화 감상', '동네 친구들과의 소규모 술자리']","지금 하는 일을 건강이 허락하는 한 성실히 수행하며, 매달 조금씩 아내와 함께 갈 소박한 온천 여행 자금을 모으고 있습니다. 현장에서 새로 들어오는 젊은 일꾼들에게 효율적인 짐 쌓는 요령을 전수하며 소소한 보람을 찾습니다.",남자,67,배우자있음,비현역,배우자와 거주,아파트,초등학교,해당없음,그 외 하역 및 적재 단순 종사원,대구-달성군,대구,대한민국
a70e1918257f4cd891a7649781f47fa1,"송민수 씨는 부산 신평 공단 한복판에서 윤전인쇄기의 굉음과 잉크 냄새를 맡으며 20년 넘게 현장을 지켜온 숙련공입니다. 기계가 내는 미세한 떨림만으로도 부품 마모를 알아채며, 매뉴얼보다는 자신의 손끝 감각으로 종이 장력을 조절해 인쇄 밀림을 잡아내어 공정 효율을 높이는 작업 반장의 꿈을 꿉니다.","송민수 씨는 따로 시간을 내어 운동하는 것보다 주말에 가족들과 다대포 해변을 천천히 걷거나 새로운 맛집을 찾아 동네 곳곳을 누비는 것으로 활동량을 채웁니다. 묵직한 체구 탓에 조금만 움직여도 숨이 차오르지만, 기계 정비를 위해 공장 구석구석을 빠르게 뛰어다니는 현장 순발력은 여전합니다.",송민수 씨는 바버샵의 의자에 앉아 정교하게 머리를 깎고 포마드로 가르마를 타는 시간에서 최상의 심리적 만족감을 얻습니다. 화려한 전시회보다는 기계의 정밀한 맞물림이나 세련된 수제 버거의 플레이팅 같은 실용적이고 시각적인 미학에 더 큰 관심을 보입니다.,"송민수 씨는 가족들과 함께하는 여행을 중요하게 여기며, 업무상 필요한 시찰이나 회의를 겸해 낯선 도시의 산업 현장을 둘러보는 일정에 흥미를 느낍니다. 정해진 일정표대로 움직이기보다 현지에서 갑자기 발견한 유명한 식당으로 경로를 틀어 가족들을 데리고 가는 즉흥적인 여행 방식을 즐깁니다.","송민수 씨는 다대포 인근의 매운탕집에서 얼큰한 국물에 소주 한 잔을 들이켜거나, 서면의 최신 수제 버거 집을 찾아가 패티의 굽기 정도를 꼼꼼하게 따집니다. 배달 음식의 간편함보다는 직접 식당을 찾아가 활기찬 분위기 속에서 식사하는 것을 좋아해 일주일의 대부분을 외식으로 해결합니다.","송민수 씨는 사하구 아파트에서 아내와 아이들과 함께 북적거리며 살며, 투박한 부산 사투리로 무심하게 말하지만 가족을 위한 외식 메뉴 선정에는 누구보다 진심입니다. 평소에는 가부장적인 면모가 언뜻 보이지만, 자녀들이 원하는 새로운 경험이나 최신 유행하는 문화에는 의외로 너그럽게 반응합니다.","송민수 씨는 부산 사하구의 숙련된 윤전인쇄기 조작원으로, 투박한 현장 기술자의 모습과 세련된 바버샵 스타일을 동시에 가진 중년 남성입니다.","부산 사하구에서 나고 자라 중학교 졸업 후 곧바로 인쇄 현장에 뛰어들어 몸으로 기술을 익혔습니다. 하단이나 신평 공단 일대의 거친 현장 분위기에 익숙하며, 투박한 부산 사투리를 쓰지만 새로운 기계나 방식이 도입되면 누구보다 먼저 호기심을 갖고 달려드는 성격입니다.",고속으로 회전하는 윤전인쇄기의 잉크 농도와 종이 장력을 미세하게 조절해 인쇄 밀림 현상을 잡아내는 데 탁월합니다. 기계가 내는 작은 소음만 듣고도 어느 부품에 마모가 생겼는지 직관적으로 파악해 빠르게 조치합니다.,"['웹 오프셋 인쇄기 정밀 조작', '잉크 점도 및 색상 최적화', '대형 롤지 교체 및 텐션 조절', '인쇄 공정 불량률 분석 및 개선', '기계 설비 예방 정비']","주말이면 가족들과 다대포 인근의 매운탕집을 찾거나, 시내에 새로 생긴 수제 버거 집을 찾아다니며 맛을 평가합니다. 평소 깔끔한 인상을 유지하기 위해 주기적으로 바버샵을 방문해 포마드 스타일로 머리를 정돈하고 관리하는 시간을 즐깁니다.","['지역별 수제 버거 맛집 탐방', '바버샵 스타일링 및 그루밍', '퇴근 후 동료들과의 생맥주 한잔', '다대포 해안 산책로 걷기']",현장에서 쌓은 숙련도에 최신 자동화 시스템을 접목해 공정 효율을 높이는 작업 반장이 되고 싶어 합니다. 딱딱한 매뉴얼보다는 본인의 직관과 경험이 녹아든 효율적인 작업 흐름을 구축하는 것에 성취감을 느낍니다.,남자,42,배우자있음,비현역,배우자·자녀와 거주,아파트,중학교,해당없음,윤전인쇄기 조작원,부산-사하구,부산,대한민국
32ee109f2ee748cfa05eab61606b296d,"김동현 씨는 대형 빌딩의 복잡한 배관 구조를 훑어보고 냉각 효율을 극대화하는 최적 경로를 설계하는 베테랑 공조 기술자입니다. 김동현 씨는 노후한 콤프레셔에서 나는 미세한 소음만으로도 고장 원인을 정확히 짚어내 수리하며, 자신이 현장에서 몸으로 익힌 기술 노하우를 매뉴얼로 정리해 후배들에게 전수하는 지도자를 꿈꿉니다.",김동현 씨는 땀 흘리는 격렬한 운동보다는 주말마다 성당 공동체 식구들과 함께 지역 사회 곳곳을 누비며 걷는 봉사 활동으로 최소한의 움직임을 유지합니다. 김동현 씨는 체중 조절의 필요성을 절감하면서도 쉽게 지치는 체력 탓에 본격적인 운동보다는 가벼운 산책 정도로 만족하며 살아갑니다.,"김동현 씨는 퇴근길에 동네 빵집에서 갓 구운 소금빵의 고소한 향기를 맡으며 하루의 피로를 풀고, 아내와 함께 조용한 성지의 풍경 속에서 묵상하는 정적인 시간을 보냅니다. 김동현 씨는 수원 장안구의 낡은 골목길이 주는 특유의 서정적인 분위기를 좋아해 가끔은 목적지 없이 동네를 거닐며 옛 생각에 잠기곤 합니다.",김동현 씨는 아내의 손을 잡고 전국 각지의 유서 깊은 성지를 찾아다니며 신앙심을 다지고 마음의 평안을 찾는 성지순례 여행을 가장 소중하게 여깁니다. 김동현 씨는 화려한 관광지보다는 고요한 기도처나 작은 성당을 방문해 가족과 함께 낮은 목소리로 대화를 나누는 여정에서 진정한 휴식을 얻습니다.,"김동현 씨는 일주일에 대여섯 번이나 배달 음식이나 외식을 이용하며, 고기류보다는 나물 비빔밥이나 청국장 같은 소박한 한식 식단을 즐겨 찾습니다. 김동현 씨는 식후에 반드시 단팥빵이나 크림빵 같은 달콤한 빵으로 입가심을 해야 직성이 풀리는 지독한 빵 애호가입니다.","김동현 씨는 아내와 함께 성당 활동을 하며 깊은 유대감을 공유하고, 서로의 신앙적 성장을 돕는 친구 같은 부부 관계를 유지하고 있습니다. 김동현 씨는 평소에는 무뚝뚝해 보일 때도 있지만, 퇴근길에 아내가 좋아하는 빵을 잊지 않고 챙겨 오는 세심한 마음을 가진 남편입니다.","김동현 씨는 수원에서 공조기 정비 전문가로 일하며 신앙과 가족, 그리고 빵에 대한 소소한 애정으로 삶을 채워가는 50대 가장입니다.","수원 장안구의 오래된 골목 정서 속에서 성장했으며, 매주 주말이면 성당 공동체 식구들과 함께 지역 사회 봉사 활동을 하며 정서적 유대감을 쌓는 생활을 이어가고 있습니다.","대형 빌딩의 복잡한 배관 구조를 한눈에 파악해 냉각 효율을 높이는 최적의 경로를 설계하고, 노후한 공조기 콤프레셔의 미세한 소음만으로도 고장 원인을 정확히 짚어내 수리합니다.","['산업용 냉동기 배관 정밀 용접', '시스템 에어컨 에너지 효율 최적화 진단', '냉매 누설 탐지 및 긴급 보수', '대형 공조 설비 도면 해석 및 시공']","아내와 함께 전국 각지의 유서 깊은 성지를 찾아다니며 조용히 묵상하는 시간을 갖고, 퇴근길에는 동네 빵집에 들러 갓 구운 소금빵이나 단팥빵을 사서 가족과 나누어 먹습니다.","['국내 성지 순례 여행', '동네 빵집 신메뉴 시식', '지역 사회 친목 모임 참여', '나물 비빔밥 맛집 탐방']","현장에서 몸으로 익힌 기술 노하우를 매뉴얼로 정리해 후배들에게 전수하는 기술 지도자가 되고 싶어 하며, 은퇴 후에는 소규모 유지보수 전문 업체를 운영하며 안정적인 생활을 유지하려 합니다.",남자,50,배우자있음,비현역,배우자와 거주,아파트,고등학교,해당없음,건물용 냉동·냉장·공조기 설치 및 정비원,경기-수원시 장안구,경기,대한민국
ccbd9d64f90f47f0a875b6b0608f5f45,"정동호 씨는 이천 지역 물류 창고의 복잡한 재무제표를 날카롭게 분석하던 전직 회계사로, 최근에는 동네 소상공인들의 세금 고민을 덜어줄 파트타임 자문 자리를 알아보고 있습니다. 업무 처리는 빈틈없지만, 구직 중인 현재는 서류 정리를 며칠씩 미루다 마감 직전에 허겁지겁 처리하는 느슨한 습관이 생겼습니다.","정동호 씨는 주말이면 설봉산 산책로를 천천히 걸으며 계절의 변화를 살피고, 하산 후에는 동네 목욕탕 사우나에서 땀을 푹 빼며 일주일의 피로를 씻어냅니다. 정해진 운동 계획을 철저히 지키기보다는 그날의 기분과 날씨에 따라 움직이는 유연한 생활 방식을 유지합니다.","정동호 씨는 동네 기원에서 바둑판 앞에 앉아 상대의 수를 읽으며 적당한 긴장감을 즐기고, 가끔은 미용실에서 머리 모양을 단정하게 가꾸며 스스로의 만족감을 채웁니다. 원칙을 중시하는 전직 회계사였으나 바둑을 둘 때만큼은 과감하고 변칙적인 수를 시도하며 희열을 느낍니다.",정동호 씨는 친목 모임 회원들과 함께 충청도나 강원도의 온천 휴양지로 떠나 뜨끈한 물에 몸을 담그고 밀린 이야기를 나누며 생활의 적막함을 달랩니다. 화려한 관광지 순례보다는 조용한 숲속 펜션에서 아무것도 하지 않고 멍하게 시간을 보내는 휴식 중심의 여행을 즐깁니다.,"정동호 씨는 보름에 한 번 정도 지인들과 이천 쌀밥 정식집에서 두툼한 돼지갈비를 구워 먹으며 친목을 다지고, 입맛이 없을 때는 짜장면과 탕수육이 포함된 중식 세트를 배달시켜 먹습니다. 평소에는 소박한 한식을 먹지만, 가끔은 기름진 중식의 강렬한 맛으로 일상의 스트레스를 해소하곤 합니다.","정동호 씨는 배우자와 별거하며 이천의 단독주택에서 홀로 지내고 있으며, 집안의 정적을 견디기 위해 일부러 라디오를 크게 틀어놓는 버릇이 있습니다. 가족과 떨어져 지내는 쓸쓸함이 크지만, 이를 겉으로 드러내지 않고 이웃들에게 부드러운 미소와 배려를 건네며 조화롭게 어울립니다.","정동호 씨는 전문적인 회계 지식과 느긋한 은퇴 생활 사이의 균형을 찾으며, 외로움을 사회적 교류와 소소한 취미로 극복하려는 이천의 60대 남성입니다.","대학원에서 법과 경영을 공부하며 논리와 원칙을 체득했지만, 지금은 이천의 한적한 단독주택에서 홀로 지내며 삶의 느슨한 여백을 지나고 있습니다. 배우자와 떨어져 지내는 정적 속에서 오는 외로움을 새로운 취미를 시도하거나 이웃들과 부드럽게 어울리는 것으로 달래며 마음의 균형을 잡고 있습니다.",물류 창고와 운송업체들의 복잡한 자금 흐름을 정리하고 세무 신고를 빈틈없이 처리하는 숙련된 기술을 보유하고 있습니다. 기업의 재무제표 속에 숨겨진 경영 위험 신호를 빠르게 포착하여 실질적인 대안을 제시하는 데 능숙합니다.,"['기업 재무제표 정밀 분석', '물류 산업 특화 세무 신고 대행', '법인 및 개인사업자 경영 컨설팅', '회계 감사 및 리스크 관리']","주말이면 설봉산 산책로를 천천히 걷고, 동네 기원에서는 지인들과 바둑을 두며 적당한 긴장감과 친목을 동시에 즐깁니다. 가끔은 친한 모임 사람들과 함께 온천 여행을 떠나 사우나에서 땀을 빼며 일상의 피로와 마음속 걱정들을 씻어냅니다.","['설봉산 숲길 산책', '동네 기원 바둑 대국', '지역 온천 및 사우나 투어', '오후의 짧은 낮잠과 휴식']",이천 지역의 소규모 자영업자나 중소기업을 돕는 파트타임 세무 자문직을 찾으며 사회적 끈을 유지하려 합니다. 거창한 성취보다는 자신의 전문 지식으로 누군가의 고민을 해결해 줄 때 느끼는 보람과 규칙적인 생활 패턴을 되찾는 것에 가치를 둡니다.,남자,64,배우자있음,비현역,혼자 거주 (배우자 별거),단독주택,대학원,경영·행정·법,"전직 회계사, 현재 구직중",경기-이천시,경기,대한민국
1fa921721df6420aaa9aad5b42591563,"박혜민 씨는 복잡하게 얽힌 네트워크 트래픽을 한눈에 읽어내 최적의 경로를 설계하는 일에서 희열을 느끼며, 동료의 작업물에서 오타 하나만 발견해도 끝내 수정하게 만드는 깐깐한 완벽주의자입니다. 시스템 장애가 터진 긴급한 상황일수록 무섭도록 차분해지지만, 정해진 매뉴얼을 벗어난 임기응변식 처리를 보면 혀를 차는 습관이 있습니다.","박혜민 씨는 주말마다 김포 지역 농구 동호회 코트에서 가드 역할을 맡아 날카로운 패스를 찔러넣으며, 경기 전후로 스트레칭 루틴을 단 1분도 빼놓지 않고 수행합니다. 승부욕이 강해 경기 중 판정이 불명확하면 논리적으로 따지는 바람에 가끔 팀원들 사이에서 분위기가 싸해지기도 합니다.",박혜민 씨는 화려한 전시회나 공연 대신 거실 소파에 깊숙이 파묻혀 다큐멘터리 채널의 건축 설계 프로그램을 시청하며 시간을 보냅니다. 가끔은 복잡한 생각 없이 자연의 소리가 담긴 고화질 풍경 영상을 틀어놓고 멍하게 바라보며 뇌를 비우는 휴식을 취합니다.,박혜민 씨는 아내와 아이들의 손을 잡고 강원도 평창의 전나무 숲길을 천천히 걸으며 흙냄새와 나무 향기를 맡는 정적인 여행을 즐깁니다. 여행 가방을 쌀 때부터 방문할 장소의 동선과 예상 소요 시간을 분 단위로 꼼꼼하게 짠 계획표를 가족들에게 공유합니다.,"박혜민 씨는 퇴근길 집 근처 고기집에서 지글거리는 두툼한 삼겹살에 쌈을 싸 먹으며 하루의 피로를 풀고, 주말 점심에는 동네 분식집의 꼬마김밥과 떡볶이로 간단하게 끼니를 해결합니다. 배달 음식은 한 달에 한 번 정도만 시키며, 주로 식당에 직접 방문해 갓 나온 음식을 먹습니다.","박혜민 씨는 가족들에게 든든한 울타리가 되어주기 위해 성실하게 직장 생활에 매진하며, 아이들이 정해진 시간에 숙제를 끝내고 잠자리에 드는 규칙적인 생활 습관을 갖도록 엄격하게 지도합니다. 무뚝뚝한 성격 탓에 다정한 말은 서툴지만, 아내가 좋아하는 제철 과일을 직접 깎아 내오는 것으로 마음을 표현합니다.","박혜민 씨는 김포에 거주하며 가족의 안정과 기술적 완벽함을 동시에 추구하는, 깐깐하지만 책임감 강한 40대 네트워크 엔지니어입니다.","박혜민 님은 김포 한강신도시의 정돈된 아파트 단지 생활에 익숙하며, 공학 전공자 특유의 논리적인 사고와 대학원 시절의 끈기가 몸에 배어 있습니다. 가족을 위한 안정적인 울타리를 만드는 것을 중요하게 여기며, 일상의 사소한 규칙과 체계를 지킬 때 마음의 평안을 얻는 성향입니다.","대규모 네트워크 망의 트래픽 분산 설계와 서버 최적화에 능숙하며, 시스템 다운 상황에서도 침착하게 원인을 찾아내 복구하는 해결사 역할을 합니다. 다만, 본인의 기준이 매우 높아 동료들의 작업물에서 사소한 빈틈을 발견하면 날카롭게 지적하는 면이 있습니다.","['L3 스위치 및 라우터 최적화 설정', '서버 가상화 기반 인프라 구축', '네트워크 트래픽 분석 및 병목 지점 개선', '시스템 장애 복구 시나리오 설계']","주말이면 김포 지역 농구 동호회원들과 코트를 누비며 땀을 흘리고, 경기가 끝난 뒤에는 동네 사우나의 뜨거운 탕에서 근육을 풀며 피로를 씻어냅니다. 가족들과 함께 강원도 평창의 전나무 숲길을 천천히 걷거나, 퇴근길에 집 앞 고기집에서 두툼한 삼겹살을 구워 먹으며 담소를 나누는 시간을 아낍니다.","['김포시 아마추어 농구 동호회 활동', '평창 전나무 숲길 산책 및 풍경 감상', '동네 목욕탕 냉온탕 반복욕', '거실 소파에서 스포츠 다큐멘터리 시청']","자신이 설계한 네트워크 아키텍처가 업계의 표준 사례로 인용되는 성취를 꿈꾸며, 기술적 권위를 인정받는 수석 엔지니어로 성장하려 합니다.",남자,44,배우자있음,비현역,배우자·자녀와 거주,아파트,대학원,공학·제조·건설,네트워크 시스템 개발자,경기-김포시,경기,대한민국
525bccbd4f194cab9899117620627f2f,"정희정 씨는 상가 바닥 재질만 보고도 어떤 세정제를 써야 얼룩이 가장 빨리 지워질지 바로 알아채며, 좁은 복도에서도 헛걸음 없이 빠르게 청소를 마치는 베테랑입니다. 다만 효율을 너무 따지다 보니 가끔 구석진 곳의 먼지를 놓치고 지나치는 덜렁거리는 면이 있습니다.","정희정 씨는 주말이면 등산복을 갖춰 입고 북한산 둘레길을 걷는 모임에 나가 숲 공기를 마시며 일주일의 피로를 씻어냅니다. 산을 오를 때는 조용히 풍경을 즐기지만, 하산 후 식당에서 막걸리 잔을 기울일 때면 누구보다 솔직하고 시원시원하게 속내를 털어놓습니다.",정희정 씨는 거창한 예술 활동보다는 거실 소파에 누워 유튜브의 짧은 드라마 요약 클립이나 TV 프로그램을 시청하며 소소한 재미를 찾습니다. 최신 유행하는 콘텐츠보다는 중년들의 삶과 애환이 담긴 이야기를 보며 공감하고 눈물짓는 시간을 즐깁니다.,정희정 씨는 동네 지인들과 함께 전국 각지의 숲이나 바다처럼 탁 트인 자연 풍경을 찾아다니는 여행을 통해 마음의 여유를 얻습니다. 꼼꼼하게 짜인 일정표보다는 그날그날의 기분과 날씨에 따라 발길 닿는 대로 움직이는 느긋한 방식을 취합니다.,"정희정 씨는 한 달에 한 번쯤 가족들과 함께 돼지갈비 집에서 외식을 하고, 일주일에 한 번은 집에서 편하게 치킨이나 족발을 배달시켜 먹습니다. 특히 등산 후 먹는 노릇노릇한 해물파전과 시원한 막걸리 한 잔은 그녀가 고된 노동을 견디게 하는 가장 큰 원동력입니다.","정희정 씨는 신월동의 오래된 아파트에서 연로하신 어머니와 남편, 그리고 아직 품을 떠나지 않은 자녀들과 함께 북적이며 살아갑니다. 평생 가족을 위해 헌신해왔기에 자녀들에게 지극정성이지만, 때로는 자신의 고생을 알아주지 않는 가족들에게 서운함을 느껴 툭툭 쏘아붙이는 버릇이 있습니다.","정희정 씨는 가족의 안녕과 자신의 건강한 노후를 위해 묵묵히 청소 도구를 든, 외강내유형의 성실한 우리 시대 어머니입니다.","양천구 신월동의 오래된 아파트 단지에서 어머니를 모시고 살며, 학업보다는 일찍부터 생업에 뛰어들어 가족의 생계를 책임져온 세대의 삶을 살아왔습니다. 평소에는 조용하지만 마음 맞는 동네 지인들과는 가감 없이 속내를 터놓으며 정을 나눕니다.","상가 건물 바닥의 재질에 따라 어떤 세정제를 써야 얼룩이 가장 빠르게 지워지는지 꿰고 있으며, 좁은 공간에서도 동선을 최소화해 빠르게 청소를 끝내는 요령이 좋습니다.","['바닥 자재별 맞춤 오염 제거법', '대형 건물 효율적 청소 동선 설계', '가계부 기반의 알뜰한 생활비 관리', '노인 돌봄 및 수발 노하우']",주말이면 등산 모임 회원들과 북한산 둘레길을 걷고 내려와 근처 식당에서 파전에 막걸리 한 잔을 곁들이며 스트레스를 풉니다. 잠들기 전 유튜브에서 건강 상식 영상을 보거나 짧은 드라마 클립을 보며 시간을 보냅니다.,"['북한산 둘레길 트레킹', '유튜브 건강 상식 채널 시청', '동네 지인들과의 막걸리 모임', '거실 소파에서의 짧은 낮잠']","지금 하는 일을 무리 없이 계속하며 자녀들이 독립할 때까지 안정적인 수입을 유지하는 것에 만족하며, 최근에는 공복혈당 수치를 낮춰 건강하게 정년까지 일하는 것을 최우선으로 둡니다.",여자,54,배우자있음,비현역,배우자·자녀·어머니와 거주,아파트,중학교,해당없음,건물 청소원,서울-양천구,서울,대한민국
b1462f156aa44d0fabee7da161ffe39c,이기석 씨는 인천 연수구 현장에서 수십 년간 벽 속의 미세한 물줄기 소리만으로 누수 지점을 정확히 짚어내는 베테랑 배관공입니다. 이기석 씨는 최근 저탄소 친환경 배관 자재를 연구하며 자신이 가진 정밀한 시공 노하우를 젊은 후배 기술자들에게 체계적으로 전수하기 위해 노력합니다.,"이기석 씨는 주말 오후가 되면 아내의 손을 잡고 송도 센트럴파크의 잘 닦인 산책로를 천천히 거니는 시간을 가집니다. 이기석 씨는 격렬한 운동보다는 무리하지 않는 선에서 몸을 움직이고, 때로는 벤치에 앉아 흐르는 물과 나무를 보며 짧은 낮잠을 청하는 휴식을 즐깁니다.",이기석 씨는 최신 인테리어 잡지를 탐독하거나 유튜브에서 세련된 공간 꾸미기 영상을 찾아보며 현대적인 미적 감각을 익힙니다. 이기석 씨는 낡은 세면대 수전이나 화장실 타일을 직접 교체하며 집안 분위기를 바꾸는 소소한 공사 작업에서 큰 예술적 만족감을 느낍니다.,이기석 씨는 복잡한 도심을 벗어나 탁 트인 자연 풍경을 감상하는 여행을 위해 가족들과 함께 일정을 맞춥니다. 이기석 씨는 유명 관광지를 바쁘게 돌아다니기보다 한적한 숲길이나 바닷가를 천천히 걸으며 계절의 변화를 느끼는 정적인 여행 방식을 고수합니다.,"이기석 씨는 2주에 한 번꼴로 아내와 함께 단골 한우 전문점을 방문해 정갈한 고기 밥상을 즐깁니다. 이기석 씨는 가끔 입맛이 없을 때면 배달 앱으로 치킨을 시켜 먹으며 소소한 일탈을 즐기지만, 평소에는 집에서 소박하게 차려 먹는 한식 위주의 식단을 유지합니다.","이기석 씨는 평생을 함께한 아내와 연수구 아파트에서 서로를 의지하며 조용하고 평온한 노후를 보내고 있습니다. 이기석 씨는 아내의 의견을 경청하고 배려하는 다정한 남편이지만, 집안의 수리나 정비 문제에 있어서는 전문가다운 고집과 분명한 주장을 펼치곤 합니다.","이기석 씨는 인천 연수구에 자가를 마련한 자부심을 가진 베테랑 배관공으로, 정밀한 기술력과 현대적인 인테리어 감각을 동시에 갖춘 외유내강형 인물입니다.","땀 흘려 일한 대가로 연수구에 내 집 마련의 꿈을 이룬 성취감을 소중히 여기며, 보수적인 기술직 세계에서 잔뼈가 굵었지만 최신 인테리어 잡지나 유튜브 영상을 찾아보며 감각을 익히는 유연함을 가진 이기석 님입니다.","벽 너머 보이지 않는 곳에서 발생하는 미세한 누수 지점을 정확히 짚어내며, 복잡하게 얽힌 상하수도 도면을 분석해 오차 없이 관을 배치하는 정밀한 시공 능력을 갖추고 있습니다.","['미세 누수 지점 탐지 및 정밀 진단', '상하수도 배관 설계도면 해석 및 시공', '노후 배관 교체 및 고압 세척 작업', '현장 안전 관리 및 공정 스케줄링']","주말이면 아내와 함께 송도 센트럴파크를 천천히 거닐거나 단골 한우 전문점에서 식사를 즐기며, 집안의 낡은 수전이나 타일을 직접 교체하며 공간의 분위기를 바꾸는 소소한 공사에 몰두합니다.","['송도 센트럴파크 산책 및 풍경 사진 촬영', '집안 수전 및 욕실 타일 셀프 리모델링', '동네 기원에서의 바둑 대국', '가족과 함께하는 전국 자연 경관 여행']","현장에서 쌓은 수십 년의 노하우를 체계적으로 정리해 후배 기술자들에게 전수하고, 최근 관심을 갖기 시작한 친환경 저탄소 배관 자재를 실무 현장에 효율적으로 적용하는 방법을 연구하고 싶어 합니다.",남자,63,배우자있음,비현역,배우자와 거주,아파트,고등학교,해당없음,상·하수 배관공,인천-연수구,인천,대한민국
3cdac4878f4c4888b3167adf9b46bca7,"이동호 씨는 육군 부사관으로서 부대 보급품의 수량 하나까지 철저하게 맞추는 꼼꼼함을 보이지만, 정작 부대 텃밭의 고추나 상추 상태를 진단할 때는 농학 전공 지식을 살려 유연하고 창의적인 재배법을 제안하는 반전 매력이 있습니다. 군대의 엄격한 위계질서 속에서도 부하들의 고충을 들어주며 분위기를 부드럽게 만드는 능숙한 중재자 역할을 수행합니다.","이동호 씨는 주말이면 울산 HD의 경기를 챙겨보며 상대 팀의 빌드업 체계나 전술적 허점을 분석해 친구들에게 열변을 토하는 열혈 팬입니다. 가끔 가족들과 함께 스키장이나 서핑 포인트 같은 레포츠 여행을 떠나 몸을 움직이며 에너지를 발산하고, 경기 결과가 좋지 않은 날에는 밤늦게까지 TV 중계 영상을 돌려보며 아쉬움을 달랩니다.","이동호 씨는 거창한 예술 전시회보다는 태화강 국가정원의 십리대숲을 걸으며 계절마다 바뀌는 잎사귀의 색감과 바람 소리를 감상하는 정적인 시간을 소중히 여깁니다. 성남동의 낡은 골목길에 숨어 있는 오래된 간판들의 투박한 글씨체에서 삶의 흔적을 느끼며, 가끔은 옛 가요의 가사를 곱씹으며 젊은 시절의 향수에 젖어 들기도 합니다.","이동호 씨는 가족들과 함께 강원도 평창의 스키장으로 떠나 눈 위를 가르거나, 여름이면 양양의 바다에서 서핑에 도전하며 활동적인 추억을 쌓는 것을 즐깁니다. 여행지에서도 군인 시절의 습관이 남아 숙소 근처의 지형지물을 먼저 살피거나 효율적인 이동 경로를 짜는 강박적인 모습을 보이지만, 가족들이 좋아하는 맛집 앞에서는 기꺼이 긴 줄을 서는 유연함을 보입니다.",이동호 씨는 한 달에 한 번 가족들과 함께 하는 외식 날이면 무조건 두툼한 돼지갈비집을 찾아 숯불 향 가득한 고기를 구워 먹으며 행복을 느낍니다. 평일 밤에는 일주일에 한 번 꼴로 성남동 단골집에서 갓 튀겨낸 바삭한 후라이드 치킨을 배달시켜 시원한 맥주 한 잔과 함께 일주일간 쌓인 스트레스를 씻어냅니다.,"이동호 씨는 전세 아파트라는 불안정한 주거 환경 속에서도 배우자와 자녀들을 위해 든든한 버팀목이 되어주려 노력하며, 퇴근 후 거실에서 아이들의 학업 고민을 들어주는 다정한 아버지입니다. 다만 자신의 기준이 확고해 자녀들이 납득하지 못하는 결정을 내릴 때면 단호하게 선을 긋는 냉정함을 보여 가족들로부터 가끔 무뚝뚝하다는 소리를 듣기도 합니다.","이동호 씨는 울산에서 근무하는 50대 육군 부사관으로, 철저한 군인 정신과 농학 전공자의 섬세함을 동시에 지닌 채 전역 후 전원생활을 꿈꾸는 소박한 가장입니다.","울산 태화강 국가정원의 계절 변화를 살피며 걷는 시간을 아끼며, 산업 도시 특유의 역동성과 군 조직의 엄격한 규율 사이에서 나름의 유연한 생존 방식을 체득하며 살아왔습니다.","부대 내 보급품 관리와 행정 처리에서 빈틈없는 정확도를 보여주며, 전공 지식을 활용해 부대 인근 텃밭의 작물 상태를 진단하고 효율적인 재배 방법을 제시하는 데 능숙합니다.","['부대 행정 및 자산 관리', '토양 및 작물 재배 지도', '조직 내 갈등 조정 및 중재', '야외 레저 활동 안전 관리']","주말이면 중구 성남동 거리의 오래된 단골 치킨집에서 친구들과 한잔하며 울산 HD의 경기 전술을 분석하고, 평일 저녁에는 동네 사우나에서 땀을 빼며 일주일의 마음 짐을 덜어냅니다.","['울산 HD 경기 직관 및 전술 분석', '태화강변 야간 산책', '동네 목욕탕 단골 모임', '가족과 함께하는 캠핑 및 낚시']","전역 후에는 군복을 벗고 울산 외곽에 작은 주말농장을 일구며, 가족들과 함께 소박한 전원생활의 기틀을 마련하는 구체적인 계획을 세우고 있습니다.",남자,54,배우자있음,현역,배우자·자녀와 거주,아파트,4년제 대학교,농림어업·수의학,육군 부사관,울산-중구,울산,대한민국
67f4e9dc660f4e4fa348de000e91eac1,한수진 씨는 도봉구의 한 부동산 사무실에서 보조로 일하며 방문객의 미세한 표정 변화만 보고도 급매물을 찾는지 실거주를 원하는지 단번에 알아챕니다. 한수진 씨는 동네 어르신들이 토지 경계 문제로 다툴 때면 특유의 능글맞은 말솜씨로 끼어들어 상황을 부드럽게 중재하곤 합니다.,한수진 씨는 거실 TV 앞에 앉아 LG 트윈스 경기를 보며 홈런이 터지는 순간 소파를 쾅 치며 어린아이처럼 환호성을 지릅니다. 한수진 씨는 직접 경기장에 가는 수고 대신 집에서 중계방송을 보며 나름의 전술을 분석하는 시간을 보냅니다.,한수진 씨는 낡은 라디오에서 흘러나오는 조용필의 노래를 나직이 따라 부르며 오후의 나른한 낮잠 속으로 빠져듭니다. 한수진 씨는 길가에 핀 이름 없는 들꽃의 색깔이 유난히 곱다는 생각을 하며 한참을 멍하니 바라보곤 합니다.,한수진 씨는 아내의 손을 잡고 도봉산 자락의 숨은 산책로를 걸으며 계절마다 바뀌는 나뭇잎의 색채를 감상합니다. 한수진 씨는 복잡한 관광지보다는 한적한 숲길을 천천히 거닐며 가족들과 도란도란 이야기를 나누는 시간을 가장 아낍니다.,한수진 씨는 일주일에 대여섯 번은 동네 한우집에서 지글지글 익어가는 갈비를 뜯으며 하루의 피로를 풉니다. 한수진 씨는 매주 금요일이면 아내와 함께 동네 피자집에서 치즈가 흘러넘치는 페퍼로니 피자를 시켜 낯설지만 중독적인 풍미를 즐깁니다.,"한수진 씨는 평생을 함께한 아내에게 더 좋은 것을 해주지 못한 미안함을 맛있는 음식과 다정한 말 한마디로 대신합니다. 한수진 씨는 아내의 잔소리가 시작되면 못 들은 척 딴청을 피우면서도, 아내가 좋아하는 간식을 잊지 않고 챙겨오는 세심함을 보입니다.","한수진 씨는 도봉구 골목의 지혜를 가진 부동산 보조원으로, 아내를 향한 지극한 사랑과 소박한 예술적 감성을 간직한 81세의 남성입니다.","학교 문턱은 밟아보지 못했지만 도봉구의 좁은 골목길과 시장통에서 사람 사는 법을 온몸으로 익혔습니다. 전후의 배고픔을 견뎌낸 세대의 강인함과 함께, 길가에 핀 이름 모를 들꽃 하나에도 마음을 뺏기는 섬세한 감수성을 동시에 품고 살아왔습니다.",부동산 관리 보조로 일하며 방문객의 표정만 보고도 원하는 바를 빠르게 캐치하는 눈썰미를 갖췄습니다. 정식 교육은 없으나 동네 어르신들의 갈등을 부드럽게 중재하는 말솜씨와 도봉산 자락의 지름길을 꿰뚫고 있는 실전 지식에 능숙합니다.,"['방문객 심리 파악 및 응대', '도봉구 지역 내 지형 및 골목길 숙지', '이웃 간 소소한 갈등 중재', '건물 기본 유지보수 및 단순 관리']","TV로 야구 경기를 보며 소리를 지르기도 하고, 조용필의 노래를 흥얼거리며 낮잠을 청하는 시간을 즐깁니다. 일주일에 한 번은 아내와 함께 동네 피자집에서 치즈가 듬뿍 들어간 페퍼로니 피자를 주문해 낯선 풍미를 음미하며 대화를 나눕니다.","['조용필 노래 감상', '프로야구 경기 시청', '아내와 함께하는 페퍼로니 피자 및 햄버거 시식', '도봉산 풍경 감상 산책']",지금처럼 소소한 월급을 받으며 아내에게 맛있는 것을 사줄 수 있는 경제적 여유를 유지하고 싶어 합니다. 거창한 성공보다는 동네 사람들이 한수진 씨라고 친근하게 불러주는 지금의 존재감을 오래도록 지키는 것에 만족합니다.,남자,81,배우자있음,비현역,배우자와 거주,아파트,무학,해당없음,그 외 서비스 관련 단순 종사원,서울-도봉구,서울,대한민국
567763fbcaf8460ca347e59aafa8f4ed,"이이남 씨는 철로 설치 현장에서 설계 도면의 수치를 소수점 단위까지 정확하게 구현하며, 안전모 턱끈 하나까지 규정대로 조여 매는 고집스러운 현장 전문가입니다. 요령을 피우려는 후배들에게는 매뉴얼의 중요성을 엄하게 가르치며, 은퇴 전까지 자신이 맡은 구간에서 무사고 기록을 유지하는 것에 자부심을 느낍니다.","이이남 씨는 주말이면 오래된 자전거를 타고 마곡지구의 현대적인 건물들 사이를 누비며, 다리가 뻐근해질 때까지 한강 변의 갈대숲 사이를 천천히 달리는 것으로 체력을 관리합니다.","이이남 씨는 유튜브에서 현대 미술 전시 해설 영상을 챙겨보며 추상화의 의미를 탐구하고, 길가에 핀 이름 모를 들꽃의 색감을 스마트폰 카메라의 접사 기능을 활용해 세밀하게 기록하는 섬세한 취미를 가졌습니다.","이이남 씨는 아내와 함께 강원도 인제나 평창의 깊은 숲속으로 여행을 떠나, 인위적인 관광지보다는 울창한 전나무 숲길을 묵묵히 걸으며 자연이 주는 고요함과 풍경을 감상합니다.","이이남 씨는 일주일에 한 번 아내와 함께 동네 단골 중식당에서 간짜장과 탕수육을 주문해 나누어 먹으며, 평소에는 집 근처 갈빗집에서 숯불 향 가득한 돼지갈비를 구워 먹는 소소한 외식을 즐깁니다.","이이남 씨는 퇴근 후 아파트 거실에서 배우자와 나란히 앉아 TV를 보며 소소한 일상을 공유하고, 주말이면 자녀들의 집을 방문해 손주들의 재롱을 보며 집안의 어른으로서 듬직한 버팀목 역할을 합니다.","이이남 씨는 정밀한 철로 시공 능력을 갖춘 숙련공이자, 예술적 감수성으로 세상을 관찰하며 건강한 노후를 준비하는 성실한 강서구 주민입니다.","강서구의 오래된 아파트 단지에서 생활하며, 격동의 산업화 시대를 몸소 겪어온 세대의 성실함과 현대적인 감각이 공존합니다. 투박한 현장 일을 업으로 삼아왔지만, 주말이면 한강 변을 거닐며 이름 모를 들꽃의 색감이나 건축물의 선을 유심히 관찰하는 섬세한 시선을 가졌습니다.","수십 년간 철로를 놓으며 단 몇 밀리미터의 오차도 허용하지 않는 정밀한 시공 능력을 갖추었으며, 현장의 안전 수칙을 매뉴얼 그대로 준수하는 철저함을 보입니다. 복잡한 설계 도면을 빠르게 해석해 실제 지형에 맞게 구현하는 현장 감각이 탁월합니다.","['철로 궤도 정밀 정렬 및 설치', '현장 안전 관리 및 위험 요소 분석', '철도 건설 도면 해석 및 실측', '중장비 운용 효율 최적화']","자전거를 타고 강서구 일대를 돌며 발견한 독특한 풍경을 스마트폰 카메라로 담아 기록하고, 유튜브에서 현대 미술 전시 해설 영상을 찾아보며 새로운 관점을 익힙니다. 가끔은 아내와 함께 동네 중식당에서 짜장면을 먹으며 소소한 대화를 나누는 시간을 소중히 여깁니다.","['한강 변 사이클링 및 풍경 사진 촬영', '미술관 전시 관람 및 예술 도슨트 영상 시청', '동네 공원 산책 및 식물 관찰', '전공 서적 및 인문학 도서 독서']",은퇴 전까지 자신이 맡은 구간에서 단 한 건의 안전사고도 발생하지 않도록 완벽한 시공 기록을 남기는 것에 집중하고 있습니다. 후배 작업자들에게 요령보다는 기본 원칙을 지키는 정석적인 작업 방식을 전수하여 현장의 완성도를 높이려 합니다.,남자,68,배우자있음,비현역,배우자와 거주,아파트,고등학교,해당없음,철로 설치원,서울-강서구,서울,대한민국
0938ccbda8f6407da6292abbc5791f74,"김지훈 씨는 공학적 정밀함으로 소규모 빌딩의 리모델링 도면을 훑으며 숨은 가치를 찾아내는 일에 집착하며, 전직 경영 기획자답게 수익률 계산서를 엑셀로 꼼꼼히 정리해 제출하는 습관이 있습니다.",김지훈 씨는 매일 오후 석촌호수 산책로를 느린 걸음으로 걸으며 호수 주변 건물들의 외벽 마감재와 구조를 유심히 관찰하는 독특한 산책 습관을 가지고 있습니다.,"김지훈 씨는 리움미술관의 기획 전시를 관람하며 작품의 구조적 배치에 대해 동료들과 토론하고, 집 거실 벽면에는 김환기 화백의 판화 작품을 걸어두어 심리적 안정을 찾습니다.","김지훈 씨는 친목 모임 회원들과 함께 국립현대미술관의 특별전을 찾아다니며 도슨트의 설명을 꼼꼼히 메모하고, 전시 공간의 동선 설계를 분석하는 여행을 즐깁니다.","김지훈 씨는 일주일에 한 번 정갈한 나물 정식을 먹으러 가거나 가끔 태국 음식점의 팟타이를 주문해 먹으며, 배달 음식으로는 주로 자극적이지 않은 죽이나 샐러드를 선택합니다.","김지훈 씨는 배우자와 별거 중인 적막한 다세대 주택에서 홀로 지내며, 가끔 오는 가족의 연락에 덤덤하게 반응하면서도 집안 곳곳을 작은 소품들로 채우며 외로움을 견뎌냅니다.","김지훈 씨는 공학적 전문성과 예술적 감수성을 동시에 지닌 전직 부동산 전문가로, 송파구에서 홀로 지내며 재취업과 자아실현을 꿈꾸는 50대 후반의 남성입니다.","송파구 석촌호수 인근의 오래된 다세대 주택에서 홀로 지내며, 공학 전공자의 정밀함과 부동산 시장의 생리를 몸소 겪은 세대입니다. 배우자와 떨어져 지내는 적막함을 달래려 거실 벽면을 좋아하는 작가의 판화와 작은 소품들로 채우며 자신만의 심리적 요새를 만들었습니다.","부동산 시장의 흐름을 분석해 수익 모델을 설계하는 경영 기획 능력이 탁월하며, 공학적 배경을 바탕으로 도면과 숫자를 오차 없이 다룹니다. 복잡한 계약서의 독소 조항을 빠르게 찾아내거나, 실행 가능한 단계별 사업 계획서를 작성하는 데 능숙합니다.","['부동산 시장 분석 및 수익성 검토', '세부 사업 실행 계획서 작성', '건축 도면 및 시설 관리 최적화', '다각적 이해관계 조율 및 협상']",주말이면 친목 모임 사람들과 함께 리움미술관이나 국립현대미술관의 기획 전시를 찾아다니며 작품의 구조적 미학에 대해 토론합니다. 평소에는 유튜브로 재즈 플레이리스트를 틀어놓고 석촌호수 산책로를 천천히 걸으며 머릿속으로 새로운 공간 구성 아이디어를 구상합니다.,"['현대 미술 전시 관람 및 도슨트 투어', '재즈 및 클래식 음악 감상', '석촌호수 주변 야간 산책', '지역 사회 친목 단체 활동']","전공과 경력을 살려 소규모 빌딩의 자산 관리나 리모델링 컨설팅 분야에서 다시금 자신의 존재감을 증명하고 싶어 합니다. 단순히 소득을 올리는 것을 넘어, 자신의 꼼꼼한 설계가 실제 공간의 가치를 높이는 과정을 통해 성취감을 얻고자 합니다.",남자,58,배우자있음,비현역,혼자 거주 (배우자 별거),다세대주택,4년제 대학교,공학·제조·건설,"전직 경영 기획 사무원, 현재 구직중",서울-송파구,서울,대한민국
f7ab510db1f14af199a38b0b89f5be0b,백성환 씨는 건설 현장에서 콘크리트 강도 시험기를 꼼꼼히 살피며 설계 도면의 1밀리미터 오차까지 잡아내는 품질 관리 전문가입니다. 백성환 씨는 건설품질관리기술사 자격증을 취득해 전문 감리 영역으로 진출하여 자신의 몸값을 높이겠다는 구체적인 계획을 세우고 퇴근 후 전공 서적과 씨름합니다.,백성환 씨는 동네 체육공원에서 땀을 뻘뻘 흘리며 거칠게 몸싸움을 벌이는 농구 경기에 몰입하며 일주일의 스트레스를 털어냅니다. 백성환 씨는 헬스장에서 무거운 덤벨을 들어 올리거나 수영장에서 물살을 가르며 몸의 긴장을 푸는 시간을 가집니다.,백성환 씨는 주말이면 대전시립미술관의 정적인 공간을 거닐며 현대 건축의 파격적인 선과 면의 조화를 감상하는 시간을 갖습니다. 백성환 씨는 잠들기 전 침대에 누워 네이버 웹툰의 스릴러 작품들이 주는 서늘한 긴장감에 푹 빠져 시간을 보냅니다.,백성환 씨는 휴가철이면 형제들을 데리고 강원도 설악산이나 남해의 한적한 해안선을 찾아가 탁 트인 자연 풍경을 멍하니 바라봅니다. 백성환 씨는 화려한 관광지보다는 조용한 숲길을 걷거나 파도 소리를 들으며 복잡한 머릿속을 현실적으로 정리합니다.,백성환 씨는 주말 저녁 중구청 근처 고깃집에서 지글지글 익는 삼겹살에 소주 한 잔을 곁들이며 형제들과 밀린 이야기를 나눕니다. 백성환 씨는 퇴근길에 스마트폰 앱으로 치킨이나 족발을 주문해 거실 바닥에 펼쳐놓고 먹는 소박한 배달 음식을 즐깁니다.,백성환 씨는 대전 중구 선화동의 오래된 골목길 단독주택에서 형제들과 함께 살며 집안의 크고 작은 결정권을 쥐고 있는 가구주입니다. 백성환 씨는 때로는 무뚝뚝하게 굴지만 형제들의 미래를 위해 자신의 욕심을 누르고 헌신하는 든든한 버팀목 역할을 합니다.,"백성환 씨는 대전의 건설 현장에서 품질을 책임지는 꼼꼼한 엔지니어이자, 가족을 위해 내 집 마련의 꿈을 키우는 책임감 강한 40대 미혼 남성입니다.",대전 중구 선화동의 오래된 골목길 단독주택에서 형제들과 함께 살며 가계의 중심을 잡고 있습니다. 공학 석사 학위를 가졌지만 정해진 틀보다는 새로운 시각의 건축 미학에 관심이 많아 주말이면 대전시립미술관을 찾아 시간을 보냅니다.,건설 현장의 오차 없는 시공을 위해 콘크리트 강도 시험과 설계 도면 일치 여부를 꼼꼼히 대조합니다. 품질 관리 프로세스 최적화를 통해 현장의 불량률을 낮추는 실무 능력이 탁월합니다.,"['콘크리트 압축 강도 시험 및 분석', 'ISO 9001 품질경영시스템 운용', '시공 도면 검토 및 오차 분석', '현장 안전 품질 감사 및 보고서 작성']","동네 체육공원에서 동호회 사람들과 거칠게 농구 경기를 뛰고, 퇴근 후에는 침대에 누워 네이버 웹툰의 스릴러 장르를 몰아봅니다. 주말 저녁에는 형제들과 함께 중구청 인근 고깃집에서 삼겹살에 소주 한 잔을 곁들입니다.","['동네 야외 코트 농구', '수영장 자유 수영', '스릴러 웹툰 및 만화 감상', '대전 중구 일대 노포 맛집 탐방']",실무 경험을 바탕으로 건설품질관리기술사 자격증을 취득해 전문 감리 영역으로 진출하고자 합니다. 현재의 소득 수준을 높여 가족들이 더 쾌적한 환경에서 살 수 있는 내 집 마련을 계획하고 있습니다.,남자,44,미혼,비현역,형제자매와 동거 (가구주),단독주택,대학원,공학·제조·건설,품질 관리 사무원,대전-중구,대전,대한민국
a644cdaa6cfd46749f408cb2f69532e1,"곽종세 씨는 시흥시의 다세대주택 옥상에서 계절별 꽃을 피워내는 원예 기술과 낡은 목재 가구를 제멋대로 뜯어고치는 손재주를 가졌지만, 공유 정원을 만들겠다는 꿈 앞에서 세부 계획을 세우는 부담감에 짓눌려 무직 상태로 지내고 있습니다.","곽종세 씨는 주말이면 등산화를 신고 가까운 산의 흙길을 밟거나, 몸의 피로를 풀기 위해 동네 사우나에서 뜨거운 물에 몸을 담그고 한숨 자는 것으로 체력을 보충합니다.","곽종세 씨는 젊은 시절 경기 지역 공단의 삭막한 풍경을 캔버스에 담던 감각을 살려 옥상 정원을 가꾸고, 잠들기 전 유튜브로 유럽의 고딕 건축물 영상을 찾아보며 자신만의 상상 세계를 구축합니다.","곽종세 씨는 마음 맞는 친구들과 함께 아산 파라다이스 스파 도고 같은 온천지를 찾아다니며, 전국 구석구석에 숨겨진 노천탕의 특징과 수질 정보를 수집하여 공유하는 여행을 즐깁니다.","곽종세 씨는 2주에 한 번 정도 나물이나 찌개 중심의 한식당을 찾아 식사하고, 평소에는 배달 앱으로 치즈가 듬뿍 들어간 피자나 버거를 시켜 밀린 드라마를 몰아보며 식욕을 채웁니다.","곽종세 씨는 시흥의 다세대주택에서 아내와 자녀들과 함께 살며, 겉으로는 무던한 가장처럼 보이지만 때로는 예민한 감정의 파도가 밀려올 때면 가족들 몰래 옥상 정원으로 올라가 혼자만의 시간에 침잠합니다.","곽종세 씨는 예술적 감수성과 원예 재능을 가졌지만, 새로운 시작에 대한 불안감으로 인해 옥상 정원과 온천 여행이라는 소소한 일상에 머물러 있는 50대 남성입니다.","시흥시 다세대주택 옥상에서 작은 정원을 가꾸며, 젊은 시절 경기 지역 공단 지대의 소란함 속에서도 남몰래 풍경화를 그리던 예술적 감수성을 간직하고 있습니다. 주변의 관습적인 기대보다는 자신이 느끼는 찰나의 색감과 분위기에 더 민감하게 반응하며 살아온 세대입니다.","좁은 베란다에서도 계절마다 다른 꽃을 피워내는 원예 감각이 뛰어나며, 낡은 목재 가구를 자신의 취향에 맞게 뜯어고치는 손재주가 있습니다. 또한 전국 각지의 숨겨진 노천탕이나 조용한 온천 마을의 특징을 꿰고 있는 정보 수집 능력을 갖췄습니다.","['베란다 텃밭 작물 재배', '빈티지 가구 리폼', '전국 온천 및 스파 명소 큐레이션', '스마트폰을 이용한 식물 사진 촬영']","주말이면 마음 맞는 친구들과 아산 파라다이스 스파 도고 같은 온천을 찾아 몸을 녹이고, 평소에는 유튜브로 세계의 독특한 건축 양식을 찾아보며 상상에 빠집니다. 출출할 때는 배달 앱으로 도미노피자의 콰트로 치즈 피자를 시켜 먹으며 밀린 드라마를 몰아봅니다.","['아산 및 수안보 온천 탐방', '시흥 갯골생태공원 느리게 걷기', '유튜브 건축 및 인테리어 다큐멘터리 시청', '반려식물 분갈이와 수형 잡기']",거창한 재취업보다는 동네 이웃들과 소소하게 씨앗과 모종을 나눌 수 있는 작은 공유 정원을 운영하는 꿈을 꿉니다. 다만 새로운 시작에 앞서 느끼는 막연한 불안감과 세부 계획을 세우는 것에 대한 부담감 때문에 구체적인 실행을 계속 미루고 있습니다.,남자,53,배우자있음,비현역,배우자·자녀와 거주,다세대주택,고등학교,해당없음,무직,경기-시흥시,경기,대한민국
bfdb680c9db44c9a8e9f28747d5cd105,"박범진 씨는 중소기업 경리 사무원으로 일하며 엉망으로 얽힌 지출 내역을 엑셀 수식 몇 개로 단숨에 정리해내는 과정에서 쾌감을 느낍니다. 세무 신고 기간이면 강박적일 정도로 서류를 꼼꼼히 챙기며, 사무실 내의 비효율적인 비품 관리 체계를 자신만의 직관으로 단순하게 재배치해 동료들의 업무 시간을 줄여줍니다.",박범진 씨는 거창한 운동 대신 퇴근 후 행궁동의 좁은 골목길을 느릿하게 걷는 것으로 하루의 긴장을 풉니다. 주말이면 친한 친구와 함께 가평의 아침고요수목원을 찾아 흙길을 밟으며 복잡한 머릿속을 비우는 정적인 활동에 몰입합니다.,박범진 씨는 잠들기 전 침대 머리맡에서 김영하 작가의 팟캐스트를 틀어놓고 낯선 세계에 대한 상상을 펼치는 시간을 가장 아낍니다. 무채색의 단조로운 방 안에 포인트가 되는 작은 오브제 하나를 배치하며 공간이 주는 정서적 위안을 탐구합니다.,"박범진 씨는 화려한 관광지보다는 초록빛 숲이나 탁 트인 풍경이 있는 곳을 찾아 친구와 함께 조용히 여행을 떠납니다. 가평의 수목원이나 한적한 숲길을 걸으며 자연이 주는 고요함 속에 자신을 맡기고, 스마트폰 카메라로 풍경 사진 몇 장을 남기는 식으로 추억을 기록합니다.","박범진 씨는 일주일에 대여섯 번은 밖에서 식사를 해결하며, 주로 두툼한 삼겹살집이나 정갈한 초밥집을 찾아다닙니다. 배달 음식은 한 달에 한 번 정도만 시켜 먹을 정도로 귀찮아하며, 직접 식당에 가서 느끼는 공간의 분위기와 음식의 질감을 중요하게 생각합니다.","박범진 씨는 이혼 후 수원 장안구의 아파트에서 홀로 지내며, 집안의 조명을 바꾸거나 작은 소품을 배치하는 일로 마음의 공허함을 채웁니다. 혼자만의 시간을 충분히 가지며 자신만의 안식처를 가꾸는 것에 집착하지만, 문득 찾아오는 외로움에 친구들에게 먼저 연락을 취하곤 합니다.","박범진 씨는 꼼꼼한 경리 업무 능력과 섬세한 예술적 감수성을 동시에 지녔으며, 이혼 후 자신만의 공간을 가꾸며 내면의 안정을 찾아가는 30대 남성입니다.","수원 장안구의 오래된 골목과 현대적인 아파트 단지가 공존하는 동네에서 홀로 지내며, 퇴근 후 행궁동 카페 거리의 한적한 분위기를 통해 정서적 환기를 합니다. 이혼 후 겪은 삶의 변화와 공허함을 집안의 조명이나 작은 소품을 바꾸는 일로 달래며, 자신만의 안식처를 가꾸는 것에 깊은 의미를 둡니다.","복잡하게 얽힌 지출 내역을 엑셀 시트 하나로 깔끔하게 정리해내며, 세무 신고 기간의 긴박한 일정 속에서도 누락 없이 서류를 챙기는 꼼꼼함을 보여줍니다. 사무실 내의 비효율적인 비품 관리 방식을 자신만의 직관으로 단순화하여 동료들의 업무 편의를 돕습니다.","['엑셀을 활용한 효율적인 전표 관리', '법인카드 지출 증빙 및 정산 업무', '사무실 비품 및 재고 최적화 관리', '기초 회계 장부 작성 및 유지']","오늘의집 앱에서 찜해둔 간접 조명과 무채색 침구를 배치해 방 안의 무드를 바꾸고, 주말에는 친한 친구와 가평의 아침고요수목원을 찾아 조용히 숲길을 걷습니다. 잠들기 전 '김영하의 책 읽는 시간' 같은 팟캐스트를 틀어놓고 하루 동안 쌓인 잡념과 불안을 비워냅니다.","['무채색 톤의 미니멀 홈 스타일링', '가평 및 양평 지역의 수목원 산책', '인문학 및 에세이 팟캐스트 청취', '유튜브 인테리어 브이로그 시청']","현재의 낮은 급여 체계에서 벗어나 조금 더 규모 있는 기업의 회계직으로 이직해 경제적 안정을 찾고 싶어 합니다. 동시에 평소 관심 있는 공간 디자인 관련 자격증을 취득해, 언젠가는 자신의 심미적 취향을 반영한 작은 소품 숍을 운영하는 상상을 하곤 합니다.",남자,36,이혼,비현역,혼자 거주,아파트,2~3년제 전문대학,해당없음,경리 사무원,경기-수원시 장안구,경기,대한민국
c1893422bf614139bdf61770c713e30c,김종혁 씨는 공공기관의 낡은 한글 문서 체계를 엑셀 자동화 시트로 바꿔 동료들의 야근을 줄여주며 쾌감을 느끼는 행정 사무원입니다. 김종혁 씨는 정년퇴직이라는 안정적인 목표보다는 자신이 설계한 민원 시스템이 시민들의 손끝에서 매끄럽게 작동하는 순간을 꿈꾸며 책상을 지킵니다.,"김종혁 씨는 퇴근 후 송파구민 체육센터에서 땀을 뻘뻘 흘리며 배드민턴 셔틀콕을 주고받는 시간에서 살아있음을 느낍니다. 김종혁 씨는 가끔 골프채를 잡기도 하지만, 코트 위에서 즉흥적으로 움직이며 셔틀콕을 쫓는 배드민턴의 속도감에 더 몰입합니다.","김종혁 씨는 주말이면 송리단길의 한적한 갤러리들을 정처 없이 걷다가 이름 모를 신진 작가의 추상화 앞에서 한 시간이고 두 시간이고 멍하니 서 있곤 합니다. 김종혁 씨는 대학 시절 천리안과 하이텔을 쓰며 느꼈던 설렘을 기억하며, 지금도 정체불명의 디지털 기기를 보면 매뉴얼을 던져두고 이것저것 눌러보는 버릇이 있습니다.","김종혁 씨는 대학 동창들과 함께 을지로 우래옥이나 장충동 평양면옥 같은 냉면 성지를 찾아다니는 식도락 여행에 진심입니다. 김종혁 씨는 세밀한 여행 계획을 짜는 일에는 쉽게 지쳐버려, 목적지인 식당만 정해두고 그 주변을 발길 닿는 대로 유람하는 방식을 고수합니다.","김종혁 씨는 일주일에 다섯 번 이상 집 밖에서 끼니를 해결하며, 특히 나물 정식 같은 깔끔한 한식이나 분위기 좋은 양식 레스토랑의 파스타를 즐겨 찾습니다. 김종혁 씨는 배달 음식보다는 직접 식당에 가서 공간이 주는 분위기와 함께 음식을 음미하는 시간을 소중히 여깁니다.","김종혁 씨는 이혼 후 송파구의 아파트에서 홀로 지내며, 적막한 집안의 공기를 달래기 위해 퇴근길에 코인 노래방에 들러 조용필의 노래를 열창하곤 합니다. 김종혁 씨는 가족의 빈자리를 느끼기보다 혼자만의 시간을 온전히 누리는 법을 배웠지만, 가끔은 북적이는 모임에서 존재감을 드러내며 외로움을 잊으려 노력합니다.","김종혁 씨는 송파구에 거주하는 40대 후반의 공공행정 사무원으로, 디지털 기기에 능숙한 행정 전문가이자 송리단길의 예술과 전국의 평양냉면을 사랑하는 낭만적인 싱글입니다.","송리단길의 작은 갤러리들을 배회하며 이름 모를 작가의 그림 앞에서 한참을 서 있곤 합니다. 대학 시절 겪은 초기 인터넷의 혼란과 설렘을 기억하며, 지금도 새로운 디지털 기기가 나오면 매뉴얼 없이 이것저것 눌러보는 버릇이 있습니다.",낡은 행정 시스템의 허점을 빠르게 찾아내어 효율적인 디지털 업무 흐름으로 바꾸는 데 능숙합니다. 복잡한 공문서 양식을 직관적인 데이터 시트로 변환해 동료들의 업무 시간을 줄여주곤 합니다.,"['행정 프로세스 디지털 최적화', '네트워크 장애 응급 조치', '데이터 시각화 보고서 작성', '다수 인원 행사 기획 및 진행']","주말이면 대학 동창들과 전국의 숨겨진 평양냉면 맛집을 찾아다니는 식도락 여행을 떠납니다. 퇴근 후에는 송파구민 체육센터에서 배드민턴 셔틀콕을 주고받으며 땀을 흘리고, 가끔은 기분 전환을 위해 코인 노래방에서 옛 노래를 열창합니다.","['전국 평양냉면 맛집 탐방', '송파구민 체육센터 배드민턴', '독립 영화 관람', '주말 골프 라운딩', '코인 노래방']",딱딱한 공공기관의 서식에서 벗어나 시민들이 정말 편하게 느낄 수 있는 사용자 중심의 민원 서비스 체계를 구축하고 싶어 합니다. 정년까지 무난하게 버티기보다 자신이 만든 시스템이 실제 현장에서 어떻게 작동하는지 확인하며 성취감을 느끼길 원합니다.,남자,49,이혼,비현역,혼자 거주,아파트,4년제 대학교,정보통신기술,공공행정 사무원,서울-송파구,서울,대한민국
445c4fa1e2a346648f06ce704e144976,"김계화 씨는 수십 년간 집안 살림을 책임지며 가계부의 십 원 단위까지 정확히 맞추는 치밀함을 가졌으며, 주민센터에서 배운 뜨개질과 자수 기술로 이웃들에게 정성스러운 수제 수세미와 티코스터를 선물하며 소소한 성취감을 얻습니다.","김계화 씨는 매일 아침 운동화를 신고 도봉산 둘레길의 흙길을 밟으며 당뇨 수치를 낮추려 애쓰고, 다리가 붓는 날에는 창동의 단골 목욕탕에서 뜨거운 탕 속에 몸을 담가 근육의 피로를 풉니다.","김계화 씨는 이어폰으로 임영웅의 노래를 무한 반복해 들으며 가사의 의미를 곱씹고, 주민센터 서예 교실에서 붓끝에 온 신경을 집중해 지역 작은 전시회에 출품할 작품을 정성껏 써 내려갑니다.","김계화 씨는 마음 맞는 친구들과 함께 강원도 설악산이나 전남 순천만 습지처럼 풍경이 수려한 곳을 찾아다니며, 계절마다 바뀌는 나뭇잎의 색깔을 관찰하고 사진으로 남기는 일을 즐깁니다.","김계화 씨는 일주일에 한 번 남편과 함께 동네 고깃집에서 삼겹살을 구워 먹으며 일주일의 스트레스를 풀고, 가끔은 시장 입구 분식집에서 매콤한 떡볶이와 김밥 한 줄로 가벼운 별식을 즐깁니다.","김계화 씨는 무뚝뚝한 남편과 전세 아파트에서 함께 살며 집안의 크고 작은 갈등을 특유의 유연함으로 중재하고, 가족의 건강을 위해 식단 관리를 도맡아 하는 집안의 실질적인 지주 역할을 합니다.","김계화 씨는 도봉산의 자연과 서예의 정갈함을 사랑하며, 당뇨라는 건강상의 제약 속에서도 배움과 이웃 간의 정을 놓지 않고 살아가는 60대 여성입니다.","도봉산 자락의 한적한 동네에서 오래 거주하며 계절마다 변하는 자연의 색채를 관찰하는 습관이 몸에 배어 있고, 정식 학업의 기회는 적었지만 삶의 현장에서 겪은 다양한 경험을 통해 이웃 간의 갈등을 유연하게 풀어내는 지혜를 갖추었습니다.","수십 년간 살림을 책임지며 다져온 꼼꼼한 가계부 작성 능력과 더불어, 주민센터의 여러 강좌를 섭렵하며 익힌 실용적인 수공예 기술로 주변 사람들에게 정성 어린 선물을 만드는 데 능숙합니다.","['세부 지출 내역 기록 및 관리', '베란다 텃밭 채소 재배', '지역 커뮤니티 소모임 일정 조율', '전통 매듭 및 자수 공예']","친구들과 창동 인근의 단골 목욕탕에서 밀린 이야기를 나누며 시간을 보내거나, 이어폰으로 임영웅의 노래를 들으며 동네 공원의 꽃과 나무 이름을 하나하나 찾아보는 시간을 즐깁니다.","['도봉산 둘레길 천천히 걷기', '동네 사우나 단골 모임', '트로트 가수의 공연 영상 시청', '주말 교회 봉사활동 및 친교']","당뇨 수치를 안정시키기 위해 매일 정해진 시간에 도봉산 둘레길을 걷는 규칙적인 삶을 유지하며, 주민센터 서예 교실에서 갈고닦은 글씨로 작은 지역 전시회에 작품을 출품하는 목표를 가지고 있습니다.",여자,61,배우자있음,비현역,배우자와 거주,아파트,중학교,해당없음,무직,서울-도봉구,서울,대한민국
c51a0a523edc4aebadeb2ec3f95518e3,"서인학 씨는 용인 공단 금속 제조 현장에서 무거운 철강재를 쌓을 때 본능적으로 최적의 각도를 찾아내며, 꼼꼼하게 적재 순서를 지켜 후배들의 실수를 묵묵히 바로잡아주는 베테랑입니다. 정년까지 사고 없이 일하며 동료들에게 믿음직한 선배로 남으려는 고집스러운 성실함을 보여줍니다.","서인학 씨는 주말이면 가벼운 등산복 차림으로 동네 뒷산을 오르거나 기흥구 골목길을 천천히 산책하며 잡생각을 털어내고, 평일 저녁에는 소파에 누워 짧은 낮잠을 자며 육체적 피로를 풉니다.","서인학 씨는 지인들과 모인 자리에서 오래된 옛 노래를 고집하며 노래방 마이크를 잡고 분위기를 주도하며, 호탕한 웃음소리로 주변 사람들의 기분까지 들뜨게 만드는 사교적인 면모가 있습니다.","서인학 씨는 친구들과 함께 충주 수안보 온천을 찾아 뜨거운 물에 몸을 담그고 뻐근한 근육을 푸는 시간을 가장 아끼며, 익숙한 단골 숙소와 식당만을 고집하며 여행의 편안함을 만끽합니다.","서인학 씨는 퇴근길 단골 중식당에서 얼큰한 짬뽕 국물에 소주 한 잔을 곁들이며 하루의 스트레스를 풀고, 주 5일 가까이 외식을 하며 나물 비빔밥이나 청국장 같은 소박한 한식을 즐겨 찾습니다.","서인학 씨는 사별 후 용인의 오래된 연립주택에서 조카 식구들과 함께 살며, 가끔은 며느리나 조카와 의견 차이로 단호하게 선을 긋기도 하지만 결정적인 순간에는 지갑을 열어 가족들을 챙기는 무뚝뚝한 정을 가졌습니다.","서인학 씨는 용인 기흥의 금속 제조 현장에서 잔뼈가 굵은 베테랑 노동자로, 가족에 대한 책임감과 호탕한 성격을 지닌 60대 가장입니다.","용인 기흥의 오래된 연립주택 단지에서 수십 년을 살며 동네 골목 구석구석의 변화를 꿰고 있으며, 사별 후 조카 식구들과 함께 지내며 적당한 거리감과 친밀함을 유지하는 삶을 삽니다.","1차 금속 제조 현장에서 수십 년간 몸으로 익힌 적재 노하우가 있어, 무거운 철강 자재를 가장 효율적이고 안전하게 쌓는 최적의 각도와 순서를 본능적으로 찾아냅니다.","['철강 자재 적재 최적화', '현장 안전 수칙 숙지', '물류 하역 흐름 관리', '중량물 운반 효율화']","주말이면 지인들과 함께 충주 수안보 온천을 찾아 뜨거운 물에 몸을 녹이고, 저녁에는 단골 중식당에서 짬뽕 국물에 소주 한 잔을 곁들이며 큰 소리로 웃고 떠드는 시간을 즐깁니다.","['수안보 온천 여행', '기흥 호수공원 산책', '노래방 애창곡 부르기', '청국장과 나물 반찬 식사', '동네 지인들과의 술자리']","새로운 직함이나 승진보다는 지금껏 해온 일을 빈틈없이 마무리하여 동료들에게 인정받는 베테랑으로 기억되고, 정년까지 무사히 일하며 가족들의 든든한 경제적 버팀목이 되고자 합니다.",남자,60,사별,비현역,가구주+기타친인척,연립주택,고등학교,해당없음,하역 및 적재 관련 단순 종사원,경기-용인시 기흥구,경기,대한민국
4867f6f0b2c147ac880ff67661a93593,"김현수 씨는 대구 동구의 농산물 유통 센터에서 공학적 지식을 활용해 출하 일정을 촘촘하게 설계하며, 현장 인부들의 투박한 요구사항을 유연하게 조율해 재고 손실을 최소화하는 실무형 관리자로 일합니다.","김현수 씨는 거창한 운동 대신 팔공산 자락의 한적한 산책로를 느릿하게 걷는 것으로 몸을 움직이며, 주말 오후에는 깊은 낮잠을 통해 일주일간 소모된 정신적 에너지를 보충합니다.","김현수 씨는 최신 전자기기의 상세한 스펙을 분석하는 유튜브 리뷰 영상을 보며 시간을 보내고, 가끔은 자기계발 관련 온라인 강의를 시청하며 조용히 자신의 역량을 점검합니다.","김현수 씨는 아이들의 입맛에 맞는 전국의 유명 맛집을 찾아다니는 식도락 여행을 계획하며, 대구 근교의 숨은 밥집을 찾아가 자녀들이 맛있게 먹는 모습을 지켜보는 것에서 가장 큰 만족을 얻습니다.","김현수 씨는 매주 금요일 밤이면 아이들과 함께 동네 치킨집에서 양념치킨을 배달시켜 나누어 먹고, 가끔 하는 외식에서는 고기집 대신 정갈한 나물 반찬이 나오는 한식당을 찾아 소박하게 식사합니다.","김현수 씨는 이혼 후 홀로 두 자녀를 키우며 매일 정해진 시간에 식사를 하고 잠자리에 드는 단조로운 일상을 유지함으로써, 아이들에게 변하지 않는 정서적 울타리가 되어주려 노력하는 아버지입니다.","김현수 씨는 대구에서 농업 생산관리를 하며 자녀들을 위해 안정적인 삶의 기반을 닦으려 노력하는, 무뚝뚝하지만 책임감 강한 40대 가장입니다.","대구 동구의 익숙한 골목과 팔공산 자락의 고요함 속에서 자녀를 홀로 키우며, 삶의 큰 변동보다는 매일 반복되는 단조로운 일과에서 안도감을 얻습니다.","공학적 지식을 바탕으로 농산물 출하 일정과 재고 흐름을 최적화하며, 현장 작업자들과의 마찰을 최소화하는 유연한 공정 관리 능력을 갖췄습니다.","['농산물 재고 관리 시스템 최적화', '생산 공정 효율 분석', '농작물 출하 스케줄링', '현장 인력 운영 및 조율']","주말이면 아이들과 함께 동네 치킨집에서 주문한 음식을 나누어 먹고, 혼자 남은 밤에는 유튜브로 최신 기기 리뷰를 보거나 집 근처 산책로를 천천히 걷습니다.","['유튜브 IT 기기 리뷰 시청', '동구 금호강변 산책', '주 1회 치킨 배달 음식 즐기기', '피부 진정 팩 관리']",지금의 직장에서 신뢰받는 관리자로 남아 자녀들이 성인이 될 때까지 흔들림 없는 경제적 울타리를 만들어주는 것에 집중합니다.,남자,43,이혼,비현역,자녀와 거주 (한부모),아파트,4년제 대학교,공학·제조·건설,생산관리 사무원,대구-동구,대구,대한민국
beb46e0ca2184f838c3c5a866237e40a,"한재섭 씨는 스포츠 센터 경비원으로 일하며 이용객들의 출입 시간과 얼굴을 꼼꼼히 기억해 먼저 인사를 건네는 성실한 관리자입니다. 가끔 발생하는 회원 간의 고성방가나 사소한 다툼 앞에서는 특유의 단호한 말투로 빠르게 상황을 진압하지만, 정해진 매뉴얼에서 벗어난 갑작스러운 지시가 내려오면 당황하며 쩔쩔매는 모습도 보입니다.","한재섭 씨는 주말마다 수리산 등산로를 천천히 오르내리며 머릿속의 복잡한 생각들을 정리하고 마음의 안정을 찾습니다. 평소에는 정적인 휴식을 즐기지만, 가끔은 동네 친구들과 바둑판을 사이에 두고 몇 시간씩 수 싸움을 벌이며 이기기 위해 눈을 가늘게 뜨는 승부욕을 드러냅니다.","한재섭 씨는 스마트폰으로 옛 가요 영상을 찾아보거나 아내와 함께 지역 영화관에서 최신 상영작을 관람하며 소소한 문화생활을 누립니다. 특히 교회 행사 때 사용할 배경 음악이나 영상 자료를 직접 고르고 배치하는 일에 정성을 쏟으며, 자신의 나름대로의 미적 기준을 고집스럽게 적용해 주변의 조언을 무시하기도 합니다.","한재섭 씨는 아내의 손을 꼭 잡고 군포 철쭉축제 같은 지역 행사장을 구석구석 돌아다니며 북적이는 사람 구경을 하는 것을 좋아합니다. 계획 없이 떠나는 여행보다는 이미 유명한 축제 일정에 맞춰 움직이는 것을 편안해하며, 행사장에서 파는 솜사탕이나 씨앗호떡 같은 간식을 꼭 챙겨 먹어야 여행을 다녀왔다고 생각합니다.","한재섭 씨는 군포 시내의 단골 청국장 집에서 구수한 냄새가 배어 나오는 찌개 한 그릇으로 든든한 한 끼를 해결하는 시간을 소중히 여깁니다. 일주일에 한두 번은 동창들과 주점에서 소주잔을 기울이며 옛 추억을 안주 삼아 이야기를 나누고, 가끔은 아내와 함께 배달 앱으로 짜장면을 시켜 먹으며 느긋한 저녁을 보냅니다.","한재섭 씨는 수십 년간 함께 살아온 아내에게 경제적 부담을 주지 않으려 노력하며, 무뚝뚝하지만 말없이 집안의 궂은일을 돕는 남편입니다. 가끔은 자신의 판단이 옳다고 믿어 아내와 사소한 말다툼을 벌이지만, 금세 미안한 마음이 들어 아내가 좋아하는 제철 과일을 슬며시 식탁 위에 올려두곤 합니다.","한재섭 씨는 경기 군포에서 성실하게 경비 업무를 수행하며, 교회 공동체와 오랜 친구들 사이에서 신뢰받는 삶을 살아가는 안정 중심적인 60대 가장입니다.",경기 군포의 오래된 주거 단지에서 수십 년을 보내며 성실함과 안정을 최고의 가치로 여기며 살아왔습니다. 매주 일요일이면 동네 교회의 구역장으로서 교우들의 안부를 챙기고 행사 뒷정리를 도맡아 하며 공동체 내에서 든든한 버팀목 역할을 하고 있습니다.,"스포츠 센터 경비원으로 근무하며 입주민과 이용객들의 얼굴과 출입 시간대를 정확히 기억해 맞춤형 인사를 건네는 세심함을 갖췄습니다. 예상치 못한 시설 고장이나 방문객 간의 사소한 다툼이 발생했을 때, 단호하면서도 차분한 말투로 상황을 빠르게 정리하는 능력이 탁월합니다.","['시설 출입자 명단 및 방문 기록 관리', '단지 내 안전 순찰 및 취약 지점 파악', '민원인 응대 및 갈등 중재', '기초적인 시설물 안전 점검']","주말이면 고등학교 동창들과 군포 시내의 청국장 집이나 단골 주점에서 소주 한 잔을 기울이며 옛 이야기를 나누는 시간을 가장 즐깁니다. 가끔은 수리산 자락을 천천히 걸으며 복잡한 생각을 정리하거나, 지역 축제 기간이면 아내의 손을 잡고 구경거리를 찾아다니며 활력을 얻습니다.","['동네 경로당이나 기원에서 바둑 두기', '수리산 둘레길 산책 및 등산', '아내와 함께 지역 문화 축제 관람', '단골 한식당에서 보리밥과 나물 정식 먹기']",새로운 도전보다는 지금의 안정적인 일상을 유지하며 건강하게 퇴직 시점까지 자리를 지키는 것을 목표로 합니다. 매달 들어오는 월급으로 아파트 관리비를 스스로 해결하며 배우자에게 경제적 부담을 주지 않는 소박한 성취감을 중요하게 생각합니다.,남자,60,배우자있음,비현역,배우자와 거주,아파트,고등학교,해당없음,시설 경비원,경기-군포시,경기,대한민국
1af94a9799e74ae8a6ef18da423250b6,"임혜미 씨는 광주 북구청의 행정 사무원으로서 까다로운 복지 혜택 신청 서류를 민원인들이 한눈에 이해하도록 조목조목 설명해 줍니다. 임혜미 씨는 특히 한글 프로그램의 표 작성과 서식 정리에 능숙해 팀 내에서 문서 작업의 해결사로 통하지만, 정작 본인의 책상 위는 서류 뭉치로 어수선할 때가 많습니다.",임혜미 씨는 격렬한 운동보다는 정적인 휴식을 취하며 에너지를 충전하는 시간을 가집니다. 임혜미 씨는 운동화를 신고 밖으로 나가기보다는 집 근처 사우나에서 땀을 빼거나 아이와 함께 아파트 단지 내를 가볍게 산책하는 정도로 몸을 움직입니다.,임혜미 씨는 퇴근 후 거실 소파에 누워 넷플릭스의 최신 예능 프로그램을 시청하며 하루의 스트레스를 날려버립니다. 임혜미 씨는 유행하는 빠른 템포의 곡보다는 마음을 편안하게 해주는 잔잔한 발라드 곡들을 배경음악처럼 틀어놓는 것을 즐깁니다.,"임혜미 씨는 친구들과 함께 전남 지역의 숨은 맛집을 찾아다니는 식도락 여행을 통해 삶의 활력을 얻습니다. 임혜미 씨는 유명 관광지를 돌아다니는 빡빡한 일정 대신, 현지인들이 추천하는 노포 식당에서 맛있는 음식을 먹고 수다를 떠는 느긋한 여정을 보냅니다.","임혜미 씨는 주말이면 아이와 함께 아파트 상가에서 매콤한 떡볶이를 포장해 오거나, 2주에 한 번씩 가족들과 함께 지글지글 구운 삼겹살집을 방문합니다. 임혜미 씨는 전남대학교 인근의 오래된 식당들이 가진 특유의 정겨운 맛과 투박한 분위기를 무척 아낍니다.","임혜미 씨는 광주 북구의 아파트에서 남편, 아이와 함께 살며 아이의 성장 과정을 하나하나 기록하는 것에 큰 행복을 느낍니다. 임혜미 씨는 승진을 위한 경쟁보다는 퇴근 후 아이와 함께 시간을 보내는 일과 가정의 균형을 최우선으로 생각하며 살아갑니다.",임혜미 씨는 광주 북구에서 안정적인 공무원 생활을 하며 가족과 함께 소소한 일상의 행복을 누리는 다정하고 현실적인 성격의 소유자입니다.,"광주 북구에서 나고 자라 지역 정서에 익숙하며, 전남대학교 인근의 오래된 식당들을 찾아다니는 소소한 즐거움을 누립니다. 어린 시절부터 겪은 이웃 간의 끈끈한 공동체 문화 덕분에 처음 보는 사람과도 금방 스스럼없이 대화를 나누는 친화력을 갖췄습니다.",보건 복지 전공 지식을 바탕으로 복잡한 사회 복지 혜택 신청 절차를 민원인이 이해하기 쉽게 설명하고 안내하는 데 능숙합니다. 한글 프로그램의 표 만들기나 문서 서식 정리를 빠르게 처리하여 팀 내 행정 업무의 효율을 높입니다.,"['민원인 상담 및 응대', '사회복지 서비스 안내', '공공기관 행정 문서 작성', '복지 제도 법령 검색']",주말이면 아이와 함께 집 근처 아파트 단지 내 상가에서 떡볶이를 포장해 먹으며 넷플릭스 예능 프로그램을 시청합니다. 퇴근 후 동네 사우나에서 따뜻한 물에 몸을 담그고 일주일의 피로를 푸는 시간을 가장 아낍니다.,"['넷플릭스 드라마 시청', '광주 시내 고깃집 탐방', '동네 사우나 방문', '뉴진스 노래 듣기']","지금의 안정적인 직장 생활을 유지하면서, 후배들이 업무적으로 믿고 의지할 수 있는 능숙한 선임 공무원이 되고자 합니다. 승진에 매달리기보다 일과 가정의 균형을 유지하며 아이의 성장 과정을 세심하게 지켜보는 삶을 지향합니다.",여자,34,배우자있음,비현역,배우자·자녀와 거주,아파트,4년제 대학교,보건·복지,국가행정 사무원,광주-북구,광주,대한민국
9edecc2284294c1380c5f5928a0c6c72,"문성민 씨는 나주 산단의 금속 공장에서 미세한 균열 하나까지 잡아내는 품질 인증 심사 전문가로 활약하며, 현장 반장님들의 거친 호통 속에서도 능청스럽게 웃으며 필요한 서류를 받아내는 조율 능력을 갖췄습니다. 문성민 씨는 복잡한 서류 뭉치 없이 현장 분위기와 제품 상태만 보고도 합격 여부를 맞히는 전설적인 베테랑 심사원이 되는 날을 꿈꿉니다.",문성민 씨는 헬스장 같은 답답한 공간보다는 주말에 친구들과 함께 영산강 변 캠핑장에서 텐트를 치고 야외 활동을 즐기는 시간을 소중히 여깁니다. 문성민 씨는 거창한 운동 계획을 세우기보다 소풍이나 야유회처럼 자연스럽게 걷게 되는 나들이 활동으로 몸을 움직입니다.,문성민 씨는 금요일 밤이면 동네 노래방에서 최신 유행하는 가요를 목청껏 부르며 일주일간 쌓인 업무 스트레스를 한꺼번에 쏟아냅니다. 문성민 씨는 잠들기 전 조용한 방 안에서 팟캐스트의 소소한 일상 이야기를 들으며 복잡한 마음을 정리하는 정적인 시간에도 깊이 몰입합니다.,문성민 씨는 친구들이나 연인과 함께 초록빛 숲이나 탁 트인 강변 풍경을 찾아 떠나는 정적인 여행에서 마음의 평온을 찾습니다. 문성민 씨는 빽빽한 여행 일정표를 짜기보다 발길 닿는 대로 걷다가 마음에 드는 풍경이 나오면 한참을 멍하니 바라보는 식의 여유로운 여행을 즐깁니다.,문성민 씨는 일주일에 한 번은 꼭 나주 곰탕 거리의 단골집에서 진한 국물에 밥을 말아 먹거나 두툼한 삼겹살을 구워 먹는 한식 외식을 고집합니다. 문성민 씨는 피곤한 평일 저녁이면 습관적으로 배달 앱을 켜서 바삭한 후라이드 치킨을 주문해 맥주 한 잔과 함께 하루를 마무리합니다.,"문성민 씨는 나주에서 어머니를 모시고 살며 집안의 크고 작은 심부름을 도맡아 하는 다정한 아들이자, 동네 어르신들과 스스럼없이 농담을 주고받는 싹싹한 이웃입니다. 문성민 씨는 어머니가 챙겨주는 따뜻한 집밥과 정돈된 가정 환경 속에서 심리적 안정감을 느끼며 미혼의 삶을 이어가고 있습니다.","문성민 씨는 나주에서 금속 품질 심사원으로 일하며 어머니와 함께 사는, 사교적이고 정이 많지만 건강 관리는 조금 미루고 있는 37세 남성입니다.","나주 빛가람도시의 계획된 정돈함과 나주 곰탕 거리의 오래된 정취를 모두 경험하며 성장했습니다. 어머니와 함께 살며 집안의 대소사를 살뜰히 챙기고, 동네 어르신들과도 스스럼없이 농담을 주고받는 다정한 성격 덕분에 주변에서 평판이 좋습니다.",금속 부품의 미세한 결함이나 공정상의 허점을 찾아내어 표준 규격에 맞게 교정하는 일에 능숙합니다. 현장 작업자들의 거친 말투 속에서도 핵심 요구사항을 빠르게 파악해 심사 과정의 마찰을 줄이고 매끄럽게 조율하는 능력이 탁월합니다.,"['공정 품질 표준 분석 및 적용', 'ISO 국제 인증 심사 실무', '금속 재료 표면 결함 판별', '현장 이해관계자 갈등 중재']","주말이면 친구들과 영산강 인근 캠핑장에서 숯불에 두툼한 삼겹살을 굽고, 밤늦게까지 노래방 기계로 최신 가요를 부르며 에너지를 발산합니다. 평일 퇴근 후에는 침대에 누워 팟캐스트의 일상 이야기를 들으며 멍하게 시간을 보내는 휴식을 통해 소모된 마음을 회복합니다.","['영산강변 자동차 캠핑', '최신 가요 노래방 부르기', '일상 주제 팟캐스트 청취', '배달 치킨과 함께하는 맥주 한잔', '주말 오후의 깊은 낮잠']","업계에서 누구나 인정하는 베테랑 심사원이 되어, 복잡한 서류 뭉치 없이도 현장 상태만으로 품질을 꿰뚫어 보는 숙련도를 갖추고 싶어 합니다.",남자,37,미혼,비현역,어머니와 동거,아파트,4년제 대학교,공학·제조·건설,품질 인증 심사 전문가,전라남-나주시,전라남,대한민국
a491b41d5bd94b4ab51fb2e18d8a459f,"전말선 씨는 서초동과 반포동의 미로 같은 골목길을 손바닥 보듯 꿰고 있으며, 뒷좌석 손님의 미세한 미간 찌푸림만 보고도 에어컨 온도를 조절하는 눈치 빠른 운전원입니다. 정해진 노선보다는 그날의 교통 상황에 따라 유연하게 움직이지만, 가끔 차량 정비 기록이나 행정 서류를 꼼꼼히 챙겨야 하는 업무 앞에서는 한숨을 내쉬며 차일피일 미루는 습관이 있습니다.","전말선 씨는 격렬한 운동보다는 주말마다 양재천 산책길을 천천히 걸으며 계절마다 피는 이름 모를 들꽃을 살피는 정적인 활동에서 심리적 안정을 찾습니다. 운동복을 제대로 갖춰 입기보다는 편한 시장 바지를 입고 걷는 것을 좋아하며, 걷다가 예쁜 풍경을 발견하면 한참을 멈춰 서서 사진을 찍느라 동행한 친구들의 재촉을 받기도 합니다.","전말선 씨는 스마트폰 카메라로 길가에 핀 꽃이나 뭉게구름 모양을 찍어 단체 채팅방에 공유하며 소소한 예술적 성취감을 느낍니다. 퇴근 후에는 거실 소파에 누워 TV 드라마의 전개에 과몰입해 함께 울고 웃으며 하루의 긴장을 풀고, 가끔 동네 문화센터의 서예 수업에 나가 붓글씨를 쓰며 어지러운 마음을 다스립니다.",전말선 씨는 화려한 도심을 벗어나 강원도 평창의 전나무 숲이나 제주도의 올레길처럼 초록빛이 가득한 자연 풍경을 찾아 마음 맞는 친구들과 함께 떠나는 여행을 즐깁니다. 빽빽한 일정표를 짜기보다는 발길 닿는 대로 걷다가 마음에 드는 벤치가 나오면 한없이 앉아 쉬어가는 느긋한 여행 방식을 고수합니다.,"전말선 씨는 한 달에 한 번 정도 가족들과 함께 동네 단골 돼지갈비집에서 숯불 향 가득한 고기를 구워 먹으며 가족 간의 유대를 다집니다. 가끔 기분 전환이 필요할 때는 정갈하게 나오는 초밥이나 메밀소바 같은 일식당을 찾지만, 배달 앱의 복잡한 메뉴판을 보는 것이 어려워 늘 시켜 먹던 단골 메뉴만 고집하는 단순함이 있습니다.","전말선 씨는 서초구의 낡은 다세대 주택에서 남편과 자녀들과 함께 북적이며 살아가는데, 가족들의 기분을 세심하게 살피는 다정한 어머니이자 아내입니다. 하지만 평소의 부드러운 모습과 달리 집안 정리가 제대로 되지 않았을 때나 가족들이 약속 시간을 어겼을 때면 갑자기 예민해져 날카로운 말을 뱉고는 금방 후회하며 미안해하는 모순적인 면이 있습니다.","전말선 씨는 강남의 복잡한 길을 누비는 베테랑 운전원으로, 타인에 대한 깊은 배려심과 정서적 예민함을 동시에 지닌 채 소박한 일상의 안정을 찾는 50대 여성입니다.","서초구의 화려한 고층 빌딩 숲 사이, 좁은 골목이 이어진 오래된 다세대 주택가에서 가족들과 부대끼며 살아갑니다. 매일 운전대를 잡고 강남대로의 극심한 정체를 견디며 성실하게 일해온 세월이 삶의 궤적에 고스란히 남아 있습니다.","서초동과 반포동의 복잡한 뒷길 지름길을 훤히 꿰뚫고 있으며, 뒷좌석 손님의 표정만 보고도 기분을 읽어내어 적절한 실내 온도와 음악을 맞추는 세심한 응대 능력이 있습니다.","['강남권 최적 경로 및 지름길 파악', '승객 심리 맞춤형 유연한 응대', '차량 내부 청결 및 쾌적한 환경 유지', '돌발 교통 상황에 대한 침착한 대응']","주말이면 마음 맞는 친구들과 양재천변을 걸으며 계절마다 피는 들꽃을 사진으로 남기고, 동네 단골 사우나의 뜨거운 온탕에 몸을 담가 일주일 동안 쌓인 긴장과 예민함을 씻어냅니다.","['양재천 풍경 및 야생화 사진 찍기', '동네 목욕탕 온탕에서 휴식하기', '거실 소파에서 짧은 낮잠 자기', '최신 일일 드라마 시청하며 감정 이입하기']","큰 욕심 없이 지금처럼 사고 없이 무사히 운행하는 하루하루를 소중히 여기며, 직장 상사와 동료들에게 변함없이 믿음직한 사람으로 인정받아 정년까지 안정적으로 일하는 것입니다.",여자,51,배우자있음,비현역,배우자·자녀와 거주,다세대주택,고등학교,해당없음,승용차 및 승합차 운전원,서울-서초구,서울,대한민국
c375e8a75efa4d529990144942d08dc5,"김민영 씨는 울산 공단 지역의 성장을 지켜보며 수십 년간 내조와 살림을 도맡아 온 전업주부이며, 시장의 제철 나물 가격을 꿰뚫고 가족 입맛에 맞춘 식단을 짜는 생활의 전문가입니다. 최근에는 동네 복지관에서 뜨개질이나 간단한 공예를 배우며 손끝으로 만들어내는 소소한 성취감에 만족하며 시간을 보냅니다.","김민영 씨는 태화강 국가정원의 계절 꽃들을 구경하며 한 시간 남짓 느긋하게 산책하는 시간을 가집니다. 복지관의 가벼운 스트레칭 강좌에 참여해 몸을 풀기도 하지만, 조금만 숨이 차면 금방 근처 벤치에 앉아 가쁜 숨을 고르며 쉬어가는 여유를 부립니다.","김민영 씨는 거실 소파에 기대어 유튜브로 임영웅의 노래 영상을 반복해서 보며 마음의 위안을 얻고, 가사 하나하나에 공감하며 조용히 눈시울을 붉히기도 합니다. 복지관 공예 수업에서 서툴게 빚은 도자기나 직접 뜬 수세미를 자녀들에게 선물하며 소박한 창작의 기쁨을 누립니다.","김민영 씨는 자녀들의 차를 타고 현대백화점 울산점에 들러 쇼핑을 하고 맛있는 음식을 먹는 도심 나들이를 즐깁니다. 가족들과 함께 북적거리는 시장 구경을 하며 제철 식재료를 살피거나, 깔끔하게 정돈된 시내 거리의 분위기를 느끼며 기분 전환을 합니다.","김민영 씨는 제철 나물을 듬뿍 넣은 보리밥 정식을 즐겨 찾으며, 외식할 때는 자녀들이 좋아하는 파스타나 스테이크 같은 양식당의 분위기를 함께 즐깁니다. 집에서는 가족들의 건강을 생각해 저염식 식단을 차려내지만, 정작 본인의 반찬은 짭조름하게 무쳐 먹는 모순된 식습관을 가지고 있습니다.","김민영 씨는 무뚝뚝한 남편과 자녀들 사이에서 부드러운 말투로 갈등을 중재하며 집안의 화목을 이끄는 정신적 지주 역할을 합니다. 손주들이 놀러 오는 날이면 며칠 전부터 메뉴를 고민하고, 아이들이 좋아하는 반찬을 정성껏 준비하며 헌신적인 사랑을 표현합니다.","김민영 씨는 울산 남구에서 가족을 위해 헌신해 온 실속 있는 살림꾼이자, 태화강 산책과 임영웅의 노래로 소소한 행복을 찾는 온화한 성품의 60대 여성입니다.","울산 남구의 오래된 아파트 단지에서 이웃들과 좁은 골목의 정을 나누며 살아왔습니다. 학업보다는 삶의 현장에서 직접 몸으로 부딪히며 배운 실속 있는 생활 방식이 몸에 배어 있으며, 산업 도시 울산의 성장기와 함께하며 성실함과 실용성을 최고의 가치로 여기는 세대입니다.","시장의 제철 식재료를 빠르게 파악해 알뜰하게 장을 보고, 가족들의 건강 상태에 맞춰 간을 조절하는 집밥 차리기에 능숙합니다. 화려한 기술은 없지만, 오랫동안 가정을 꾸려오며 터득한 살림의 요령과 갈등을 부드럽게 중재하는 유연한 대화법을 가지고 있습니다.","['제철 나물 무침', '가계부 중심의 알뜰 소비', '식재료 소분 및 장기 보관', '이웃 간의 갈등 중재']","태화강 국가정원의 산책로를 천천히 걸으며 계절의 변화를 살피고, 유튜브에서 임영웅의 노래 영상을 찾아보며 하루의 피로를 풉니다. 가끔 자녀들의 손을 잡고 현대백화점 울산점에 들러 편안한 외출복을 고르거나, 정갈하게 나오는 보리밥 정식집을 찾아다니는 시간을 소중히 여깁니다.","['태화강 국가정원 산책', '유튜브 트로트 영상 시청', '현대백화점 울산점 쇼핑', '나물 비빔밥 맛집 탐방']","이제는 사회적인 성취보다는 무리하지 않는 선에서 몸과 마음의 평온을 유지하는 것에 집중합니다. 가끔 동네 복지관에서 운영하는 간단한 공예 강좌를 들으며 소소한 성취감을 느끼고, 자녀와 손주들에게 짐이 되지 않는 건강한 노후를 보내는 것이 가장 큰 목표입니다.",여자,64,배우자있음,비현역,배우자와 거주,아파트,중학교,해당없음,무직,울산-남구,울산,대한민국
2035667c45a04b42853d02832d9137c7,"박재학 씨는 영등포의 대형 장비 임대 사업소에서 기름때 찌든 운송 장비를 닦아내며, 보이지 않는 틈새까지 완벽하게 세척해 파트너사들의 신뢰를 받는 베테랑 청소원입니다. 승진에 매달리지 않고 매일 정해진 구역을 묵묵히 치우며 이제 막 일을 시작한 후배들에게 자신만의 기름때 제거 비법을 전수하는 일에서 보람을 찾습니다.","박재학 씨는 동네 배드민턴 클럽의 분위기 메이커로 활약하며, 경기 후에는 단골 사우나의 뜨거운 탕 속에 몸을 담그고 지인들과 세상 돌아가는 이야기를 나누는 시간을 가장 아낍니다. 운동할 때는 누구보다 열심이지만, 가끔 무릎 관절이 뻐근해질 때면 조용히 구석에서 스트레칭을 하며 숨을 고릅니다.","박재학 씨는 설악산의 굽이진 능선이나 문경새재의 울창한 숲길을 걸으며 자연이 주는 정취를 느끼는 정적인 휴식을 즐깁니다. 저녁 시간에는 거실 소파에 깊숙이 파묻혀 텔레비전을 시청하며 하루의 피로를 풀고, 가끔은 옛날 노래 가사를 흥얼거리며 추억에 잠기기도 합니다.","박재학 씨는 아내와 함께 전국의 유명 온천이나 해수욕장을 찾아다니며 아무런 계획 없이 푹 쉬는 휴양 여행을 통해 삶의 활력을 얻습니다. 고요한 자연명승지를 찾아다니며, 여행지에서도 아내가 가고 싶어 하는 곳이라면 어디든 군말 없이 따라나서는 다정한 남편입니다.","박재학 씨는 일주일에 두세 번 아내와 함께 동네 갈빗집이나 한정식집을 찾지만, 메뉴를 정할 때는 ""아무거나 좋다""며 상대방의 선택에 무조건 맞추는 습관이 있습니다. 가끔 기분 전환을 위해 일식집에서 정갈한 초밥이나 회를 즐기며, 대부분의 식사는 집에서 아내와 함께 해결합니다.","박재학 씨는 오랜 세월 함께한 아내와 영등포의 작은 아파트에서 서로를 의지하며 조용하고 평온한 일상을 공유하고 있습니다. 갈등이 생길 것 같으면 먼저 져주고 배려하는 성격 덕분에 집안 분위기는 늘 화목하지만, 가끔은 자신의 속마음을 제대로 표현하지 못해 혼자 삭이는 면도 있습니다.","박재학 씨는 영등포에서 성실하게 장비 청소원으로 일하며 자가 아파트를 보유한, 배려심 깊고 소박한 삶을 지향하는 60대 가장입니다.",영등포의 공장 지대가 상업 지구로 변하는 과정을 몸소 겪으며 성실함이 곧 생존이라는 가치관을 갖게 되었습니다. 모임에서는 늘 다른 사람의 의견에 먼저 맞추느라 정작 자신이 먹고 싶은 메뉴는 말하지 못한 채 허허 웃어넘기는 습관이 있습니다.,대형 운송 장비의 틈새에 낀 찌든 기름때를 효과적으로 제거하는 자신만의 세척 노하우를 가지고 있습니다. 장비의 작은 흠집 하나 놓치지 않는 꼼꼼함 덕분에 관리 업체로부터 작업 결과가 가장 깔끔하다는 평가를 받습니다.,"['산업용 고압 세척기 정밀 운용', '장비별 최적 세정제 배합', '운송 장비 외관 오염 진단', '작업장 안전 점검 및 정리']","주말이면 아내와 함께 문경새재 숲길을 걷거나 설악산의 정취를 느끼며 일주일의 피로를 풉니다. 동네 배드민턴 클럽에서는 특유의 넉살로 서먹한 분위기를 깨뜨리며, 운동 후에는 단골 사우나에서 지인들과 소소한 일상을 공유합니다.","['문경새재 및 설악산 자연 탐방', '지역 배드민턴 동호회 활동', '단골 사우나에서의 친목 도모', 'TV 트로트 프로그램 시청']",현장에서 쌓은 숙련도를 바탕으로 후배들에게 실질적인 도움을 주는 든든한 조력자로 남기를 바랍니다. 무리한 성취보다는 매일 정해진 시간에 출근해 맡은 구역을 깨끗이 치우는 일상의 안정감을 유지하는 것에 만족합니다.,남자,61,배우자있음,비현역,배우자와 거주,아파트,고등학교,해당없음,운송장비 청소원,서울-영등포구,서울,대한민국
c1df90a15fe34fc4929e4e9318026512,"하성은 씨는 교육서비스업 분야의 회계 사무원으로, 엑셀의 복잡한 피벗 테이블과 수식을 활용해 지출 보고서 작성 시간을 획기적으로 줄인 실무의 달인입니다. 업무상 완벽하다는 평판을 유지하는 것을 중요하게 여기며, 불필요한 절차를 걷어내고 정시 퇴근을 통해 가족과의 시간을 확보하는 효율 중심의 직장 생활을 합니다.",하성은 씨는 주말이면 골프채를 잡고 필드에 나가거나 세종 호수공원을 천천히 걸으며 복잡한 생각을 정리하는 시간을 갖습니다. 퇴근 후에는 집 앞 공원에서 가볍게 줄넘기를 하며 땀을 흘리는 것으로 하루의 스트레스를 털어냅니다.,"하성은 씨는 출퇴근길 차 안에서 시사 팟캐스트를 들으며 세상 돌아가는 흐름을 놓치지 않으려 노력하고, 여행지에서 만난 오래된 식당의 투박한 풍경을 사진으로 세밀하게 기록합니다. 정돈된 도시의 삶 속에서 때로는 가공되지 않은 옛 정취가 느껴지는 시각적 기록에 깊은 흥미를 느낍니다.",하성은 씨는 마음 맞는 친구들과 함께 전주 한옥마을 인근의 숨은 맛집이나 군산의 오래된 생선구이 집을 찾아다니는 식도락 여행을 즐깁니다. 관광지의 유명한 랜드마크를 방문하는 일보다 지역 주민들이 인정하는 진짜 노포를 찾아내어 그곳의 제철 음식을 온전히 누리는 과정에 집중합니다.,"하성은 씨는 일주일에 두세 번 정도 정갈한 나물 반찬이 나오는 한식당을 찾으며, 주말 오후에는 동네 유명 빵집에서 갓 구운 소금빵을 사서 커피와 함께 즐깁니다. 배달 음식은 한 달에 한 번 정도만 이용하며, 가급적 직접 매장을 방문해 정성스럽게 차려진 식사를 하는 것을 선호합니다.","하성은 씨는 세종시의 계획된 도시 환경 속에서 아이들을 키우며 정돈된 가정생활을 유지하고, 배우자와는 서로의 영역을 존중하는 합리적인 관계를 맺고 있습니다. 자녀들에게는 명확한 기준을 제시하는 엄격한 면이 있으면서도, 상황에 따라 유연하게 대처하는 어머니로서의 균형감을 유지합니다.","하성은 씨는 세종시에서 효율적인 회계 업무와 체계적인 가계 관리를 통해 안정적인 삶을 꾸려가는, 주관 뚜렷하고 실용적인 40대 여성입니다.","세종시의 계획된 도시 환경에서 자녀를 키우며 정돈된 삶의 질을 유지하는 데 익숙합니다. 대학 시절 언론학을 전공하며 기른 비판적 시각이 있어, 유행하는 정보보다는 출처가 분명하고 실용적인 지식을 선별해 일상에 적용합니다.",교육 서비스업 분야에서 다년간 회계 사무를 담당하며 복잡한 예산 집행 내역을 한눈에 들어오게 정리하는 능력이 탁월합니다. 엑셀의 복잡한 수식과 피벗 테이블을 능숙하게 활용해 매달 반복되는 지출 보고서 작성 시간을 절반으로 단축시켰습니다.,"['교육기관 맞춤형 예산 정산', '엑셀을 활용한 데이터 자동화 보고서 작성', '효율적인 증빙 서류 체계 구축', '실무 중심의 행정 문서 작성']","주말이면 친구들과 함께 전주나 군산의 오래된 노포를 찾아다니며 지역 특색이 담긴 제철 나물 정식이나 생선구이를 즐기고 이를 사진으로 기록합니다. 퇴근길 차 안에서는 팟캐스트를 통해 최신 시사 이슈를 듣거나, 가끔은 세종 호수공원을 천천히 걸으며 복잡한 생각을 정리합니다.","['전국 노포 맛집 탐방 및 사진 기록', '세종 호수공원 새벽 산책', '친구들과의 정기적인 골프 라운딩', '시사 및 인문학 팟캐스트 청취', '동네 유명 베이커리의 신제품 빵 시식']",더 높은 직급으로 올라가는 것보다 현재의 안정적인 소득과 주거 환경을 유지하며 직장 내에서 실무적으로 완벽하다는 평판을 지키는 것에 집중합니다. 업무 프로세스를 더 간소화해 퇴근 후 가족과 보내는 시간을 30분이라도 더 확보하는 것이 일상의 목표입니다.,여자,43,배우자있음,비현역,배우자·자녀와 거주,아파트,4년제 대학교,사회과학·언론,회계 사무원,세종-세종시,세종,대한민국
19ebbdd30b6c4aabbdc2424dfee02b1a,"권호정 씨는 주방의 열기 속에서 고기의 육즙을 완벽하게 가두는 시어링 기술과 진한 풍미의 데미글라스 소스를 뽑아내는 데 자부심을 느끼는 조리사입니다. 권호정 씨는 식재료 하나하나의 낭비를 줄이는 깐깐한 재고 관리 능력을 갖췄지만, 정작 본인의 개인 소지품 정리에는 서툴러 늘 지갑이나 열쇠를 찾는 모습이 보입니다.",권호정 씨는 주말 밤이면 거실 소파에 깊숙이 파묻혀 프리미어리그 맨체스터 시티의 경기를 챙겨보며 일주일의 스트레스를 털어냅니다. 권호정 씨는 응원하는 팀의 전술 분석 영상을 찾아보며 혼자만의 몰입 시간을 갖는 것을 즐깁니다.,권호정 씨는 연희동 골목길의 오래된 단독주택들이 주는 고즈넉한 풍경을 산책하며 사진으로 남기는 소소한 습관이 있습니다. 권호정 씨는 정교하게 짜인 예술 작품보다는 유튜브에서 요리 팁이나 인테리어 영상을 보며 실생활에 적용할 아이디어를 찾는 데 더 몰입합니다.,권호정 씨는 가족들과 함께 해외여행을 떠나면 그 나라의 시장 골목을 누비며 현지 식재료와 길거리 음식을 섭렵하는 음식 관광에 집중합니다. 권호정 씨는 여행 계획을 세울 때 세부 일정보다는 방문할 맛집 리스트를 우선순위에 두고 움직입니다.,"권호정 씨는 평소에는 나물 비빔밥이나 된장찌개 같은 담백한 한식을 즐기며, 외식할 때는 직접 만들지 않는 특색 있는 파스타나 리조또 같은 양식을 선택합니다. 권호정 씨는 2주에 한 번 정도 가족들과 함께 치킨이나 피자를 배달시켜 먹으며 주방의 압박에서 벗어난 식사 시간을 가집니다.","권호정 씨는 아파트 거실에서 아이의 숙제를 도와주고 배우자와 소소한 일상을 나누는 평범하고 안정적인 가정생활에서 가장 큰 행복을 느낍니다. 권호정 씨는 겉으로는 무뚝뚝해 보일 때가 있지만, 가족들을 위해 주말이면 특별한 브런치 메뉴를 정성껏 준비하는 다정한 면모가 있습니다.",권호정 씨는 서대문구에서 양식 조리사로 일하며 가족의 안정과 소박한 내 가게의 꿈을 키워가는 현실적이고 섬세한 가장입니다.,"서대문구 연희동의 조용한 주택가와 대학가 특유의 분위기 속에서 생활하며, 전문대학 시절부터 익힌 실무 중심의 사고방식이 일상 전반에 깊게 자리 잡고 있습니다.","육즙을 가두는 스테이크 시어링과 풍미가 깊은 데미글라스 소스를 만드는 데 능숙하며, 한정된 예산 안에서 식재료 낭비를 줄이는 효율적인 재고 관리 능력을 갖췄습니다.","['미디엄 레어 스테이크 굽기', '프랑스식 기본 소스 조리', '주방 식자재 원가 계산', '양식 메뉴 레시피 표준화']","주말 저녁 TV로 프리미어리그 경기를 챙겨보며 캔맥주를 마시고, 퇴근 후 집 근처 사우나에서 뜨거운 탕에 몸을 담가 주방 일로 쌓인 피로와 긴장을 풀어냅니다.","['EPL 경기 시청', '동네 사우나 방문', '일본 오사카 식도락 여행', '인왕산 가벼운 등산']",화려한 미쉐린 스타보다는 서대문구 인근에서 지역 주민들이 편하게 찾는 작은 규모의 파스타 가게를 차려 가족들과 안정적인 생활을 유지하는 것을 꿈꿉니다.,남자,40,배우자있음,비현역,배우자·자녀와 거주,아파트,2~3년제 전문대학,해당없음,양식 조리사,서울-서대문구,서울,대한민국
b59c9d31ea324c69a0c1eeda224b0e7f,"전지영 씨는 90년대 후반 산업 현장의 거친 분위기 속에서 건축 도면의 밀리미터 단위 오차까지 잡아내던 꼼꼼한 공학도였습니다. 현재는 무직 상태로 지내고 있지만, 소규모 건물의 설비 관리나 기술 자문처럼 매일 정해진 루틴을 수행하며 자신의 전문성을 발휘할 수 있는 안정적인 일터를 조용히 찾고 있습니다.",전지영 씨는 주말마다 동네 볼링장에서 오랜 친구들과 점수판을 앞에 두고 치열하게 경쟁하며 소소한 성취감을 만끽합니다. 평소에는 정해진 산책로를 따라 조깅을 하거나 탁구채를 잡으며 몸을 움직이는 것으로 일상의 무료함을 달랩니다.,전지영 씨는 조용한 저녁 시간이 되면 김광석의 노래를 틀어놓고 옛 추억에 잠기는 시간을 소중히 여깁니다. 최신 유행하는 전시나 공연보다는 TV를 통해 영화를 감상하거나 익숙한 정서가 담긴 음악을 들으며 내면의 평온을 찾습니다.,전지영 씨는 번잡한 관광지 대신 조용한 숲속 휴양지로 홀로 떠나 아무런 계획 없이 쉬는 여행을 즐깁니다. 누구의 방해도 받지 않고 혼자만의 시간을 보내며 일상에서 쌓인 정신적 피로와 예민함을 가라앉히는 휴식형 여행자입니다.,전지영 씨는 2주에 한 번 외식을 할 때면 늘 가던 단골 식당에서 나물 비빔밥이나 청국장 같은 담백한 한식을 주문합니다. 가끔 가볍게 끼니를 해결해야 할 때는 동네 분식집에서 김밥 한 줄과 떡볶이를 선택하며 익숙한 맛에 안주합니다.,"전지영 씨는 아내와 자녀들이 함께 사는 다세대주택에서 가장으로서의 책임감과 무직이라는 현실 사이의 괴리감으로 인해 남모를 심리적 압박을 느낍니다. 가족들에게 짐이 되고 싶지 않아 겉으로는 차분한 척하지만, 집안의 고장 난 곳들을 직접 수리하며 자신의 쓸모를 증명하려 애씁니다.",전지영 씨는 정교한 공학적 기술력과 성실함을 갖췄으나 현재는 삶의 과도기를 지나며 정서적 안정과 소박한 재취업을 꿈꾸는 미추홀구의 40대 가장입니다.,"미추홀구 주안동의 오래된 골목 정서에 익숙하며, 공학 전공자로서 90년대 후반의 산업 현장 분위기를 체득했습니다. 신중한 성격 탓에 새로운 유행을 쫓기보다 오랜 시간 다닌 단골 식당이나 익숙한 동네 산책로를 지키는 생활 양식을 가졌습니다.","건축 도면의 작은 오차까지 잡아내는 꼼꼼함이 있으며, 현장 인력들의 요구사항을 실무적으로 조정하는 능력이 탁월합니다. 공정 관리 계획서를 작성할 때 발생 가능한 변수를 미리 계산해 리스크를 줄이는 데 능숙합니다.","['오토캐드 도면 설계 및 수정', '건축 공정 관리 계획 수립', '현장 안전 점검 및 리스크 분석', '건축 자재 수급 최적화']","주말이면 동네 볼링장에서 오랜 친구들과 점수를 기록하며 소소한 경쟁을 즐기고, 마음이 불안할 때는 수봉공원에서 숨이 턱 끝까지 차오를 때까지 달립니다. 조용한 저녁에는 김광석의 노래를 틀어놓고 동네 목욕탕 온탕에서 땀을 빼며 하루의 긴장을 풉니다.","['주안동 인근 볼링 동호회 활동', '수봉공원 야간 조깅', '김광석 노래 감상', '동네 목욕탕 온탕 휴식', '거실에서 TV 뉴스 시청']",갑작스러운 변화보다는 책임감을 가지고 매일 정해진 루틴을 수행할 수 있는 소규모 시설 관리직이나 기술 자문 역할을 희망합니다. 가족들에게 심리적 부담을 주지 않으면서도 자신의 능력을 증명할 수 있는 안정적인 일터를 찾고 있습니다.,남자,49,배우자있음,비현역,배우자·자녀와 거주,다세대주택,4년제 대학교,공학·제조·건설,무직,인천-미추홀구,인천,대한민국
1465a1f9fb304fa7b9ffe51cc8cadbfc,"김병철 씨는 안동 시내의 구불구불한 골목길과 숨은 지름길을 손바닥 보듯 꿰고 있는 20년 경력의 베테랑 우편집배원입니다. 김병철 씨는 갑작스러운 소나기나 까다로운 민원인의 항의에도 능숙하게 대처하며, 정년퇴직하는 날까지 지금의 평온한 일상을 무사히 지키는 것을 직업적 최우선 가치로 여깁니다.","김병철 씨는 동네 주민센터에서 배드민턴 채를 휘두르며 땀을 흘리는 시간에서 살아있음을 느끼며, 가끔은 집 앞 공원에서 줄넘기를 하며 심폐 지구력을 기릅니다. 김병철 씨는 주말이면 낙동강 변의 한적한 숲길을 천천히 걸으며 복잡한 마음을 정리하고 자연의 정취를 만끽합니다.",김병철 씨는 퇴근 후 거실에 앉아 라디오에서 흘러나오는 사연과 음악을 들으며 혼자만의 정적인 휴식을 즐깁니다. 김병철 씨는 텔레비전 프로그램을 시청하거나 관심 있는 주제의 팟캐스트를 찾아 들으며 세상 돌아가는 이야기를 조용히 흡수합니다.,김병철 씨는 가족들과 함께 차를 몰아 경북 지역의 숨은 명소나 탁 트인 자연 풍경을 찾아 떠나는 여행을 즐깁니다. 김병철 씨는 유명 관광지보다는 사람의 발길이 적은 한적한 산책로나 숲속 길을 찾아가 조용히 풍경을 감상하며 힐링합니다.,"김병철 씨는 주 5일 정도 단골 한식당에서 청국장이나 나물 비빔밥으로 든든하게 한 끼를 해결하며, 가끔 기분 전환이 필요할 때는 롯데리아에서 햄버거 세트를 주문해 먹습니다. 김병철 씨는 배달 음식보다는 직접 식당에 나가 먹는 것을 즐겨 2주에 한 번 정도만 배달 앱을 이용합니다.","김병철 씨는 현재 혼자 거주하며 독립적인 생활을 유지하고 있지만, 명절이나 휴일이면 가족들과 모여 정을 나누고 함께 여행을 떠납니다. 김병철 씨는 안동의 보수적인 가풍 속에서 자라 예의와 격식을 중요하게 생각하며 가족 간의 도리를 다하려 노력합니다.","김병철 씨는 안동의 골목을 꿰고 있는 성실한 우편집배원이자, 건강한 노후와 소박한 전원생활을 꿈꾸는 신중한 중년 남성입니다.","안동의 보수적인 분위기 속에서 자라 예의와 격식을 중요하게 생각하면서도, 혼자만의 공간인 아파트에서 라디오를 틀어놓고 쉬는 정적인 시간을 소중히 여깁니다. 지역 사회의 촘촘한 관계망 속에서 적당한 거리를 유지하며 살아가는 법을 익혔습니다.","안동 시내의 좁은 골목길과 지름길을 꿰고 있어 어떤 주소라도 막힘없이 찾아가며, 우편물을 신속하고 정확하게 분류하는 손놀림이 능숙합니다. 갑작스러운 날씨 변화나 민원인의 까다로운 요구에도 유연하게 대처하며 상황을 정리합니다.","['안동 시내 지리 숙지', '효율적인 우편물 분류', '민원 대응 및 갈등 조정', '이륜차 안전 운행']","동네 주민센터에서 배드민턴 채를 휘두르며 땀을 흘리고, 주말이면 차를 몰아 낙동강 변의 한적한 숲길을 걸으며 마음을 가다듬습니다. 평일에는 단골 식당에서 청국장이나 나물 비빔밥을 먹고, 가끔은 롯데리아에서 햄버거 세트로 끼니를 때우기도 합니다.","['주민센터 배드민턴 동호회 활동', '낙동강변 드라이브 및 삼림욕', '반려동물과 산책하기', '지역 한식당 맛집 탐방']","큰 성공이나 승진보다는 지금의 안정적인 일상을 유지하며 건강하게 정년퇴직하는 것을 최우선으로 둡니다. 공복혈당 관리를 위해 식단을 조절하며, 퇴직 후에는 소박하게 정원을 가꿀 수 있는 작은 집으로 옮길 계획을 세우고 있습니다.",남자,51,미혼,비현역,혼자 거주,아파트,고등학교,해당없음,우편집배원,경상북-안동시,경상북,대한민국
88f80ea8b8504f75b760790b1ce15b57,서영석 씨는 제천 중앙시장 인근에서 낡은 가죽 소파의 뜯어진 박음질을 메우고 장롱 경첩을 정교하게 맞추는 일로 동네 사람들의 신뢰를 받는 가구 수리공입니다. 매일 저녁 손때 묻은 연장들을 하나하나 닦아 정리하며 다음 날 방문할 집들의 수리 목록을 꼼꼼히 메모하는 습관이 있습니다.,"서영석 씨는 땀 흘리는 격렬한 운동보다는 거실 소파에 깊숙이 기대어 스마트폰 숫자 퍼즐 게임의 단계를 하나씩 깨 나가는 시간에서 성취감을 느낍니다. 가끔 무거운 가구를 옮기며 몸을 쓰지만, 그것을 운동이 아닌 고된 노동의 일부로 여깁니다.",서영석 씨는 유튜브로 일본의 작은 가구 공방들이 나무를 다루는 정갈한 영상들을 찾아보며 새로운 접착 기법과 마감 방식을 익히는 것에 몰두합니다. 동네 미용실 원장과 수다를 떨며 세심하게 구레나루를 정리하고 머리 모양을 가꾸는 시간을 통해 자신만의 미적 만족감을 채웁니다.,서영석 씨는 휴일이면 가족들과 함께 제천 의림지의 소나무 숲길을 천천히 걸으며 계절마다 바뀌는 풍경을 감상하는 시간을 소중히 여깁니다. 화려한 관광지보다는 조용한 산책로에서 가족들의 손을 잡고 걷는 평범한 일상에서 정서적 안정을 찾습니다.,"서영석 씨는 일주일에 다섯 번은 집 밖에서 식사를 해결하며, 주로 시장 골목의 청국장 집이나 정갈한 초밥집을 찾아다닙니다. 배달 음식은 가끔 별미로 시켜 먹지만, 직접 식당에 가서 주인장과 가벼운 농담을 주고받으며 식사하는 분위기를 선호합니다.","서영석 씨는 배우자와 함께 살면서도 집안에 비친족 동거인이 함께 지내는 조금 독특한 가족 형태를 유지하며 서로의 영역을 존중하며 살아갑니다. 때로는 집안의 작은 갈등에 예민하게 반응하며 걱정을 쏟아내지만, 결국은 가족의 화목을 위해 먼저 손을 내미는 다정한 가장입니다.",서영석 씨는 제천에서 성실하게 가구를 고치며 소박한 일상의 행복과 정갈한 외모 가꾸기를 즐기는 60대 가장입니다.,"제천 중앙시장 인근에서 오랫동안 터를 잡고 살며, 학교 공부보다는 현장에서 몸으로 부딪쳐 익힌 삶의 요령이 더 많습니다. 전월세 아파트에 거주하며 매달 나가는 월세와 공과금 고지서를 꼼꼼히 확인하며 생활하는 소시민적인 면모가 강합니다.","낡은 가죽 소파의 뜯어진 박음질을 티 안 나게 메우거나, 수평이 맞지 않는 오래된 장롱의 경첩을 정교하게 조정하는 데 능숙합니다. 나무의 결만 보고도 어떤 접착제를 써야 단단하게 붙을지 바로 판단해내는 현장 감각이 뛰어납니다.","['가죽 소파 리폼 및 보수', '원목 가구 수평 조절', '빈티지 가구 경첩 교체', '목재 전용 접착제 배합', '가구 구조 진단 및 수선']","작업 후 집에서 스마트폰으로 퍼즐 게임을 하며 잡념을 없애고, 유튜브로 일본의 작은 가구 공방 영상을 찾아보며 시간을 보냅니다. 가끔 동네 미용실에서 정성스럽게 머리를 다듬으며 외모를 가꾸는 시간을 즐깁니다.","['모바일 퍼즐 게임', '일본 인테리어 유튜브 시청', '정밀한 헤어 커트 및 관리', '청풍호 주변 풍경 사진 찍기', '동네 지인들과의 소모임']",거창한 사업 확장보다는 제천 지역 사회에서 '믿고 맡길 수 있는 수리공'이라는 평판을 유지하며 건강이 허락하는 한 소소하게 일하는 것을 목표로 합니다. 손때 묻은 연장들을 하나하나 최상의 상태로 관리하며 내일의 작업량을 조율하는 것에서 만족을 느낍니다.,남자,63,배우자있음,비현역,비친족 동거,아파트,중학교,해당없음,가구 수리원,충청북-제천시,충청북,대한민국
319b99b4172b48ab98ebaa7dba449ac6,"이성택 씨는 구미 공단 인근에서 수십 년간 바늘을 잡았으며, 손님의 체형만 훑어봐도 수선 치수를 정확히 짚어내는 숙련된 양복 제조원입니다. 정작 본인의 일감은 뒤로 미룬 채 단골들이 가져오는 해진 옷가지들을 다 고쳐주느라 매일 밤 늦게까지 낡은 재봉틀의 진동을 느끼며 작업합니다.",이성택 씨는 거창한 운동 대신 동네 골목길을 천천히 산책하거나 마음 맞는 친구들과 함께 낮은 산등성이를 오르는 것으로 몸을 움직입니다. 주말이면 낡은 소나타 운전석에 앉아 한참을 달리는 드라이브를 통해 일상의 정체된 기운을 털어내곤 합니다.,이성택 씨는 텔레비전 앞에 앉아 임영웅이나 영탁이 나오는 트로트 프로그램을 멍하게 시청하며 하루의 피로를 풉니다. 정교한 옷감의 결을 살피고 바느질 선을 한 땀 한 땀 맞추는 과정 자체를 하나의 예술처럼 여기며 평생을 보냈습니다.,이성택 씨는 오래된 소나타를 몰고 문경새재나 주왕산의 굽이진 길을 따라가며 창밖으로 펼쳐지는 산세를 감상하는 여행을 즐깁니다. 고향 친구들과 함께 조용한 숲길을 걷거나 탁 트인 자연 풍경 앞에 차를 세우고 한참을 바라보며 생각에 잠기곤 합니다.,"이성택 씨는 두세 달에 한 번 겨우 외식을 하며 주로 동네 한식집에서 돼지갈비를 구워 먹거나 가끔 치킨 한 마리를 배달시켜 먹습니다. 평소에는 집에서 간단히 끼니를 해결하며, 자극적인 맛보다는 투박하고 익숙한 고향의 맛이 느껴지는 음식을 찾습니다.","이성택 씨는 평생 미혼으로 지내며 구미의 아파트에서 홀로 시간을 보내지만, 가끔 시간을 내어 친척들을 방문해 무뚝뚝하게 안부를 묻습니다. 혼자 지내는 적막함에 익숙하면서도, 가족 모임 때면 짐짓 챙겨주는 척하며 주변 사람들의 필요를 먼저 살피는 다정한 면이 있습니다.","이성택 씨는 구미에서 평생 양복을 지어온 무뚝뚝하지만 정 많은 기술자로, 당뇨와 비만을 안은 채 낡은 차와 트로트를 벗 삼아 살아가는 60대 독신 남성입니다.","구미 공단 지역의 성장기를 거치며 무뚝뚝한 경상도 사투리가 몸에 배어 있으며, 고등학교 졸업 후 곧바로 기술을 익혀 평생을 옷감과 함께한 세대의 정직함을 가지고 있습니다.","손님의 체형을 눈대중으로 훑어 수선 치수를 정확히 짚어내며, 오래된 재봉틀의 미세한 진동만으로 실 장력이 어긋난 것을 알아차리고 즉시 바로잡습니다.","['맞춤 양복 패턴 설계', '원단별 바느질 기법', '체형 보정 수선', '재봉틀 정밀 조율']","주말이면 오래된 소나타를 끌고 문경새재나 주왕산의 굽이진 길을 따라 드라이브하며 산세를 감상하고, 저녁에는 소파에 기대어 트로트 프로그램을 보며 멍하게 시간을 보냅니다.","['문경새재 숲길 산책', '트로트 가수 노래 듣기', '외곽 드라이브', '동네 친구들과의 수다']","단골들의 사소한 부탁을 거절하지 못해 정작 본인의 일감은 밀려나곤 하지만, 그들이 고맙다며 건네는 캔커피 하나에 만족하며 작은 수선집을 소박하게 운영하고자 합니다.",남자,63,미혼,비현역,혼자 거주,아파트,고등학교,해당없음,양복 제조원,경상북-구미시,경상북,대한민국
5c1f632516b34e56a89b3672e11456cc,"김건훈 씨는 통신 장비의 신호 간섭을 잡아내는 최적화 설계에 능숙한 연구원으로, 복잡한 회로도 속의 아주 작은 오차까지 집요하게 찾아내어 시스템 안정성을 확보하는 꼼꼼한 분석력을 갖췄습니다. 실무에서의 독보적인 전문성을 바탕으로 팀 내에서 대체 불가능한 기술 고문의 위치에 오르기를 꿈꾸며, 당장 현장에 적용해 성과를 낼 수 있는 실용적인 기술 구현에 매진합니다.","김건훈 씨는 일주일에 두 번, 동네 체육센터에서 셔틀콕을 주고받는 배드민턴 경기를 통해 직장에서 쌓인 정신적 압박감을 땀으로 씻어냅니다. 주말에는 거실에 편하게 누워 UFC 같은 격투 스포츠 경기를 시청하며 타격감 넘치는 경기 흐름에 몰입하는 시간을 즐깁니다.",김건훈 씨는 잠들기 전 침대 머리맡에서 인문학 서적을 읽거나 유튜브에서 IT 기기 리뷰 영상을 시청하며 조용히 하루를 마무리합니다. 화려한 현대 미술보다는 세월의 흔적이 묻어나는 오래된 기록물이나 정돈된 텍스트에서 마음의 평온을 찾습니다.,김건훈 씨는 가족들과 함께 경주 대릉원의 고분군이나 부여 정림사지 오층석탑을 천천히 거닐며 아이들에게 역사 이야기를 들려주는 여행을 즐깁니다. 화려한 관광지보다는 고요한 유적지에서 과거의 발자취를 따라가며 가족 간의 유대감을 쌓는 시간을 소중히 여깁니다.,김건훈 씨는 주 5일 가까이 퇴근길에 가족들과 함께 동네 돼지갈비집이나 짜장면 전문점을 방문해 외식을 하며 하루의 피로를 풉니다. 배달 음식의 번거로움과 쓰레기 처리를 싫어해 웬만하면 직접 식당을 찾아가 갓 나온 따끈한 음식을 먹는 방식을 고집합니다.,"김건훈 씨는 한 집에서 부모님과 아내, 아이들까지 함께 사는 대가족의 가장으로서 세대 간의 갈등을 조율하는 완충 지대 역할을 수행합니다. 자녀의 성적표 하나에 가슴 졸이면서도, 연로하신 부모님의 건강 상태를 세밀하게 살피는 책임감 강한 아버지이자 아들로 살아갑니다.","김건훈 씨는 수지구 아파트에서 대가족을 부양하며 통신 기술 분야의 전문성을 쌓아가는, 책임감 강하고 현실적인 40대 가장입니다.","수지구의 정돈된 아파트 단지에서 자녀 교육과 부모님 부양이라는 가장의 무게를 짊어지고 살아가며, 어린 시절 겪은 PC통신의 추억과 현재의 초고속 네트워크 세상을 동시에 이해하는 세대입니다.","통신 장비의 신호 간섭을 최소화하는 최적화 설계에 능숙하며, 복잡한 회로도 속에서 작은 오차를 찾아내어 시스템 안정성을 확보하는 꼼꼼한 기술적 분석력을 갖췄습니다.","['5G 네트워크 최적화 및 설계', 'RF 회로 분석 및 트러블슈팅', '통신 프로토콜 검증 및 표준화', '기술 사양서 및 설계 문서 작성']","주말이면 가족들과 경주나 부여의 고분군을 천천히 둘러보며 역사 이야기를 나누고, 퇴근 후에는 동네 체육센터에서 땀 흘리며 배드민턴 셔틀콕을 주고받는 시간으로 업무 스트레스를 털어냅니다.","['경주와 부여의 역사 유적지 답사', '수지구 지역 배드민턴 클럽 활동', '고전 소설 및 경제 서적 탐독', '격투기 경기 하이라이트 시청']","실무 전문성을 바탕으로 팀 내에서 대체 불가능한 기술 고문의 위치에 오르는 것을 목표로 하며, 급격한 기술 변화 속에서도 가족의 생계를 안정적으로 유지할 수 있는 실질적인 성과를 내는 데 집중합니다.",남자,44,배우자있음,비현역,배우자·자녀·부모와 거주,아파트,대학원,정보통신기술,그 외 통신공학 기술자 및 연구원,경기-용인시 수지구,경기,대한민국
