uuid,age,sex,occupation,district,persona,hobbies_and_interests_list
03b4f36a18e6469386d0286dddd513c8,74,남자,하역 및 적재 관련 단순 종사원,광주-서구,"전기태 씨는 광주 서구에서 평생 하역 일을 하며 살아온 70대 가장으로, 투박한 손마디에 삶의 흔적이 배어 있는 성실하고 사교적인 인물입니다.","['무등산 둘레길 산책', '동네 대중사우나 이용', '전통시장 맛집 탐방', '트로트 프로그램 시청', '가족과 함께하는 경주나 부여 역사 유적지 여행']"
73f75d42a3934626b0d9a4bff062715a,71,여자,회계 사무원,서울-서초구,최은지 씨는 서초구에서 부동산 회계 사무원으로 일하며 경제적 자립과 사교적인 삶을 동시에 누리는 당찬 70대 여성입니다.,"['경복궁과 창덕궁 고궁 산책', '트로트 경연 프로그램 시청', '동네 공원 나무 그늘 아래서 낮잠 자기', '청국장이나 나물 비빔밥 같은 담백한 한식집 탐방']"
89eca80b88284888ad94c84f56777680,73,남자,무직,서울-양천구,"안상식 씨는 목동에서 평생을 성실함과 규칙으로 무장해 온, 꼼꼼한 가계부와 나훈아의 노래가 어울리는 정갈한 노신사입니다.","['고궁 및 역사 유적지 탐방', '나훈아 음악 감상', '단골 미용실 외모 관리', '오래된 친구와의 전화 수다', '목동 근린공원 천천히 걷기']"
16070be2ab8c44988e5d4e7878761d15,46,여자,무직,경기-성남시 분당구,"김다희 씨는 분당의 정돈된 일상 속에서 가족의 평온함을 최우선으로 여기며, 언론학 전공자의 분석력과 차분한 성격으로 삶의 균형을 잡아가는 40대 여성입니다.","['탄천 및 율동공원 산책', '숨겨진 일식 가정식 맛집 탐방', '가족과 함께하는 전국 식물원 방문', '집에서 즐기는 잔잔한 다큐멘터리 시청']"
739ccb6390374954a47a680d8f1da91d,50,여자,그 외 서비스 관련 단순 종사원,부산-기장군,"설숙자 씨는 기장군 부동산에서 근무하며 가족의 안정과 이웃 간의 정을 소중히 여기는, 소박하지만 강단 있는 50대 여성입니다.","['베란다 상추와 제라늄 키우기', '유튜브 건강 정보 및 뷰티 영상 시청', '동네 지인들과의 정기적인 사우나 모임', '종교 단체 내 소규모 친목 활동', '나른한 오후의 짧은 낮잠']"
250145caa9b74e4aaf073d559a61614e,33,여자,경리 사무원,인천-연수구,"황혜란 씨는 인천 연수구의 가구 제조 기업 경리로 근무하며, 성실한 실무 능력과 정갈한 취향으로 안정적인 일상을 가꾸어 나가는 33세 여성입니다.","['풍경 사진 촬영', '일식 맛집 탐방', '넷플릭스 드라마 정주행', '집 근처 공원 산책', '낮잠으로 에너지 충전']"
20df908dd5f74569b5d84158c9298a03,31,남자,강구조물 가공원,경상북-영주시,"김준수 씨는 경북 영주에서 정밀한 철강 가공 일을 하며 성시경의 노래와 홈메이드 파스타, 그리고 가족과의 맛집 탐방으로 소박하지만 확실한 행복을 찾는 31세 청년입니다.","['성시경 노래 듣기', '유튜브 홈쿡 레시피 따라하기', '시내 맛집 혼밥 탐방', '넷플릭스 영화 감상']"
960fd83c1e1f4e0ba0772915ff9e3946,76,남자,무직,서울-양천구,"곽상길 씨는 양천구에서 평생을 보낸 서울 토박이로, 투박한 손재주와 시장통의 지혜를 가진 채 자녀들과 함께 노후를 보내는 고집 센 할아버지입니다.","['관악산 가벼운 등산', '동네 목욕탕 사우나 이용', 'TV 뉴스 및 시사 프로그램 시청', '나물 비빔밥 맛집 탐방', '소주 한 잔 곁들이는 친구 모임']"
2c30571d3af64e19baac9135d37c31f6,44,남자,전화 상담원,강원-원주시,"박호철 씨는 원주에서 보험 상담원으로 성실히 근무하며, 내 집 마련의 안정감과 고향 친구들과의 소박한 술자리를 통해 삶의 만족을 찾는 44세의 현실적인 가장입니다.","['무실동 단골 주점에서 친구들과 나누는 술자리', '강릉 해변 인근의 조용한 펜션에서 가족 휴식', '원주 시내의 숨은 두부 요리 전문점 찾아다니기', '베란다에서 담배를 피우며 보는 스포츠 하이라이트 영상', '동창회 카카오톡 단체 채팅방에서 나누는 끊임없는 잡담']"
9d3c430b17ee480aab5936c27724a7e1,27,남자,무직,경기-파주시,"이태훈 씨는 파주에서 3세대가 함께 사는 집의 막내로, 정해진 규칙이 있는 안정적인 삶을 갈망하며 e스포츠 분석과 피부 관리에 진심인 신중하고 예민한 성격의 청년입니다.","['동네 주민센터 배드민턴 동호회', 'LCK 경기 실시간 시청', '네이버 웹툰 및 일본 만화 감상', '남성용 기초 스킨케어 제품 관리']"
f9ab06ba0c274bdd941a77ff39a9cc5b,74,여자,음료 서비스 종사원,경기-의정부시,"홍희자 씨는 의정부에서 자가 아파트를 보유한 채 음료 서비스직으로 일하며, 강한 생활력과 넉살로 일상을 꾸려가는 70대 여성입니다.","['수락산 주변 드라이브', '스마트폰 야생화 사진 촬영', '베란다 텃밭 및 화초 가꾸기', '중랑천변 산책', '나물 비빔밥 맛집 탐방']"
fdfc8a5857b4444d9ff64eac5ecbef13,61,남자,그 외 일반 영업원,부산-남구,"고성호 씨는 부산 남구의 지형지물을 꿰뚫고 있는 노련한 부동산 영업원이자, 라디오와 산책으로 삶의 여백을 채우며 안락한 노후를 준비하는 현실적인 60대 가장입니다.","['오륙도 해안산책로 걷기', '라디오 방송 청취', '동네 선술집에서 소주 마시기', '시티투어 버스로 낯선 도시 구경하기']"
cf35515951334acfa316da4690dd9b23,61,남자,부동산 컨설턴트,제주-제주시,"유준호 씨는 제주시 노형동의 땅과 사람을 꿰뚫어 보는 노련한 부동산 컨설턴트로, 가족의 안정을 최우선으로 여기며 자연과 함께하는 건강한 노후를 준비하는 실속파 제주 사람입니다.","['제주시민체육센터 수영', '지역 배드민턴 동호회 활동', '해안도로 자전거 라이딩', '가족과 함께하는 숲길 산책']"
9012f5e074224c5f9e6bc4f225fce213,26,남자,무직,서울-마포구,"박현식 씨는 마포구에 거주하는 26세 무직자로, 보수적인 가족 환경 속에서 자신만의 디지털 취향과 실용적인 가치관을 지키며 안정적인 수입을 꿈꾸는 청년입니다.","['테마파크 정복하기', '연남동 일식 맛집 탐방', '웹툰 및 만화 정주행', '오픈월드 RPG 게임', '마포구 인근 갤러리 관람']"
fc551cd3e0a44ad1a7918e8d4d14af2f,76,여자,무직,부산-부산진구,"박명순 씨는 부산진구의 오래된 다세대주택에서 노모와 자녀들을 챙기며 살아가는, 야무진 살림 솜씨와 투박한 정을 지닌 76세의 전형적인 부산 할머니입니다.","['부산 시민공원 산책', '동네 친구들과의 시장 맛집 탐방', '종교 시설 정기 예배 및 봉사 활동', '종이 신문 읽으며 세상 돌아가는 소식 확인', '손주들과 함께하는 치킨 외식']"
c7d53c380549418392b5709b0cda8291,69,남자,건물 경비원,강원-횡성군,"장수철 씨는 강원도 횡성에서 경비원으로 일하며 가족과 이웃을 아끼고, 소박한 일상의 행복과 건강한 노후를 지향하는 성실한 아버지입니다.","['유튜브 트로트 영상 시청', '치악산 둘레길 산책', '동네 친구들과의 반주 곁들인 담소', '낮잠을 통한 기력 회복']"
fa508e4c9d0a415d8b325e1cb9f09cd6,50,여자,치과 일반 의사,서울-서초구,"최연옥 씨는 전문직으로서의 품위와 철저한 자기관리를 유지하면서도, 마음 한구석에는 작은 변화에도 쉽게 흔들리는 섬세한 불안을 안고 살아가는 50대 여성입니다.","['양평 숲길 트레킹', '정기적인 골프 라운딩', '일식 오마카세 탐방', '고기 없는 정갈한 한정식 맛집 찾기', '피부 관리 및 에스테틱']"
1acb5bccdbc74fc6bae774d1d2efbae8,49,여자,무직,충청남-천안시 동남구,김정하 씨는 천안 동남구에서 가족의 건강과 화목을 챙기며 자연 속의 휴식과 정갈한 외식을 즐기는 실속 있는 49세 주부입니다.,"['천안 근교 숲길 드라이브 및 산책', '유튜브 인테리어 및 정리 팁 시청', '동네 숨은 일식 맛집 탐방', '가족과 함께하는 제철 한식 외식']"
c7a8d4485a7f47bb8c64c441de69e11c,54,남자,무직,서울-용산구,"김정우 씨는 공학적 재능을 가진 용산구의 가장으로, 비만과 혈당 관리라는 숙제를 안은 채 가족에 대한 책임감과 소소한 일상의 낙 사이에서 균형을 잡으며 살아가는 50대 남성입니다.","['KBO 리그 경기 시청', '가족과 함께하는 남산 둘레길 산책', '동네 일식집의 제철 메뉴 탐방', '유튜브를 통한 최신 가전제품 리뷰 시청']"
2ad15b3aef6448da9d1616079f6de58a,54,여자,일반 비서,전북-익산시,"유현 씨는 익산에서 성실하게 직장 생활과 가정을 꾸려가며, 꼼꼼한 행정 능력과 따뜻한 이웃 사랑을 실천하는 50대 여성입니다.","['마당 정원 가꾸기', '만경강변 산책', '성당 공동체 봉사 활동', '지역 빵집 투어', '가족과 함께하는 자연 경관 감상']"
255967dfc71d4f5f8e90dd87c2c37e23,32,남자,중형 화물차 운전원,경기-남양주시,박동식 씨는 성실한 노동의 가치를 믿으며 가족에 대한 책임감과 현실적인 감각으로 삶을 꾸려가는 남양주의 중형 화물차 운전원입니다.,"['UFC 경기 시청', '북한강 변 산책', '맘스터치 싸이버거 먹기', '보리밥 정식 맛집 탐방']"
f93d85bca5264918ba3350e712ad8884,53,남자,전자제품 개발 기술자 및 연구원,경기-시흥시,"조승용 씨는 시흥에서 자가 아파트에 거주하며 자동차 전자제어 분야의 정밀함을 추구하는 연구원이자, 고혈압 관리를 위해 성실하게 운동하며 자연 속의 휴식을 즐기는 현실적인 중년 남성입니다.","['아파트 단지 내 웨이트 트레이닝', '경제 및 시사 팟캐스트 청취', '동호회 기반의 자연 풍경 출사', '대학로 소극장 연극 관람']"
027f53a13546475798040b00f84626f8,50,남자,전기 용접원,경상남-양산시,"김영걸 씨는 양산에서 활동하는 노련한 전기 용접공으로, 고소득과 자가를 보유했으나 건강 관리에는 소홀하며 당구와 풍경 사진으로 고독을 달래는 50대 독신 남성입니다.","['3쿠션 당구', '청도 및 밀양 자연 풍경 출사', '동네 대중사우나 이용', '유튜브 낚시 영상 시청', '소액 스포츠 토토']"
d854f0207c354b82a5eef20e249cd061,22,남자,무직,서울-송파구,"김재성 씨는 실용적인 영상 편집 기술을 가진 송파구 거주 취준생으로, LCK 시청과 맛집 탐방을 즐기지만 건강 관리가 시급한 20대 청년입니다.","['LCK 및 e스포츠 관람', '일식 맛집 탐방', '캡컷 활용 영상 제작', '석촌호수 야간 산책']"
83469d367e0341e2818b5a13b9293098,64,남자,무직,충청남-서산시,"이운섭 씨는 서산에 거주하며 대가족을 이끄는 중심축이자, 행정 전문가 출신의 꼼꼼함으로 일상을 관리하며 건강 회복을 위해 노력하는 60대 가장입니다.","['대산항 바다낚시', '서산천 저녁 산책', '시사 및 뉴스 프로그램 시청', '가족 동반 자연 경관 여행', '동네 분식집 탐방']"
19b316256f7e47a883dbf3a294ced7ed,71,남자,무직,부산-영도구,"배승락 씨는 영도의 짠 내음과 투박한 손마디에 삶의 궤적이 담긴, 가족과 집을 지키는 현실적인 부산 사나이입니다.","['봉래산 새벽 등산', '동네 대중목욕탕 가기', '나훈아 노래 감상', '영도 해녀촌 식도락', 'TV 뉴스 시청']"
3d0b790236f14340b2b00762583c5d46,49,남자,정보 보안 전문가,서울-양천구,"송순근 씨는 서울 양천구에 거주하며 출판 보안 분야의 실무 능력을 갖춘 40대 가장으로, 안정적인 고소득과 가정의 평온함을 유지하는 데 가치를 두는 현실주의자입니다.","['강원도 오지 숲길 트레킹', '목동 인근 중식 맛집 탐방', '제철 나물 한정식 투어', '가족 동반 국내 자연 경관 여행', '대형 쇼핑몰 최신 가전제품 구경']"
9cc243e5eb8f43fb95c3b0dc0c86ee26,53,여자,그 외 데이터 및 네트워크 관련 전문가,대전-서구,"김남희 씨는 대전의 정보통신기술 연구 전문가로서 치밀한 직업 정신과 정적인 휴식을 동시에 추구하는, 계획적이고 실용적인 50대 여성입니다.","['거실 인테리어 소품 수집 및 배치', '홈케어 뷰티 기기를 이용한 피부 관리', '지리산 둘레길 및 자연 풍경 출사', '넷플릭스 다큐멘터리 시청 후 기록하기']"
37c1c1ce971344108404ba40e16f259f,32,여자,무직,인천-서구,"박유하 씨는 철저한 자기관리와 인문학적 감성을 일상에 녹여내며, 미래의 디자인 스튜디오 창업을 꿈꾸는 계획적인 전업주부입니다.","['인천 지역 동남아 음식점 투어', '반려견과 함께하는 청라 호수공원 산책', '데이터 기반의 소액 스포츠 베팅', '최신 인테리어 트렌드 수집 및 적용']"
17ad4516da7a4d6f894bd4f780e383fc,50,남자,일반 비서,경상남-거제시,"이현준 씨는 거제도의 조선소 문화 속에서 성실하게 살아온 50대 비서로, 가족과 함께하는 소박한 일상의 평온함을 인생의 가장 큰 가치로 여기는 인물입니다.","['3쿠션 당구', '거제 해안도로 조깅', '베란다 텃밭 가꾸기', '가족을 위한 주말 요리']"
71c8d08b7dff45c2951535710dfa009f,45,남자,119 구조대원,제주-제주시,"박용호 씨는 제주시에서 가족을 부양하는 든든한 119 구조대원이자, 주짓수와 빵 투어를 즐기며 삶의 균형을 찾는 40대 가장입니다.","['브라질리언 주짓수 스파링', '한라산 영실코스 등산', '제주 해안도로 조깅', '가족과 함께하는 흑돼지 구이 외식', '동네 베이커리 카페 투어']"
7e248def2f6841608d3d6e9df3008b79,38,여자,그 외 화학제품 생산기 조작원,울산-동구,"김수진 씨는 울산의 의약품 공장에서 원칙을 준수하며 성실하게 근무하고, 정적인 휴식과 소소한 혼자만의 시간을 소중히 여기는 30대 후반의 미혼 여성입니다.","['웹툰 정주행 및 만화 감상', '유튜브 일상 브이로그 시청', '에버랜드 나홀로 나들이', '집에서 만드는 제육볶음 요리']"
67625a32a06c4797b3d7dae92981df46,34,남자,온라인 쇼핑 판매원,경기-안산시 상록구,"김세원 씨는 안산 상록구에서 스마트스토어를 운영하며 어머니와 함께 식도락의 즐거움을 나누는, 실용적이고 정이 많은 30대 청년입니다.","['전국 각지의 노포 맛집 탐방 및 음식 기록', '동네 당구장에서의 친목 도모와 경기', '넷플릭스로 최신 범죄 스릴러 영화와 다큐멘터리 시청', '독특한 인테리어의 테마 카페에서 보내는 정적인 휴식']"
efc7b188449f46c690d11ee3e5f0f063,62,여자,무직,서울-동작구,"김송애 씨는 서울 동작구에서 자녀들과 살며 당뇨 관리와 원예, 역사 여행을 통해 삶의 안정을 찾아가는 인내심 깊은 60대 여성입니다.","['관악산 둘레길 걷기', '유튜브 원예 채널 시청', '경복궁 및 창덕궁 고궁 나들이', '동네 일식집 탐방']"
b5a353369328400bbf68badcb484a8c1,66,남자,강구조물 건립원,인천-동구,"정영식 씨는 인천의 공장 지대에서 잔뼈가 굵은 베테랑 강구조물 건립원으로, 성실한 삶의 궤적과 소박한 예술적 취향을 가진 60대 가장입니다.","['유튜브를 통한 트로트 및 옛 가요 감상', '인천 동구 일대 골목길 산책', '친목 모임 기반의 문화 예술 공연 관람', '가족과 함께하는 주말 외식 메뉴 탐색']"
75477106765248dcb43d243db801ff7e,23,남자,무직,경기-부천시 소사구,"최도성 씨는 부천에 거주하며 실무 기술을 통한 자립을 꿈꾸는, 꼼꼼한 성격의 23세 식도락가입니다.","['부천 소사구 인근 숨은 중식 맛집 탐방', '일본 오사카 먹거리 투어 상세 계획 짜기', '침대 위에서 웹툰 및 숏폼 영상 시청', '최신 팝업스토어 방문 및 굿즈 수집']"
093151f05e8943699471e1fc19ff839c,22,남자,"전직 양식 조리사, 현재 구직중",서울-송파구,"김찬민 씨는 정교한 양식 조리 기술을 가진 22세 구직자로, 송파구에서 홀로 지내며 정적인 휴식과 요리에 대한 자신만의 기준을 지키며 살아가는 청년입니다.","['요리 유튜버 영상 분석', '동네 목욕탕 방문', '올림픽공원 가벼운 산책', '좋아하는 소설집 다시 읽기']"
93a836e5188b4813b0cb6f33aad8c3d2,90,여자,무직,광주-광산구,"오시자 씨는 광주 광산구의 옛 정서를 간직한 채, 민요 춤과 글쓰기로 노년의 고독을 달래며 소박한 일상을 가꾸는 90세 어르신입니다.","['광산구 노인복지관 민요 무용', '역사 소설 읽기', '주현미의 트로트 감상', '전통시장 구경하며 제철 식재료 고르기']"
0a8cbe38c8db4bceaba39d99324e4a13,38,여자,무직,경기-안양시 만안구,"원상희 씨는 꼼꼼한 업무 처리 능력과 강한 독립심을 가졌으며, 현재는 소박한 취미 생활과 외식을 즐기며 재취업을 준비하는 30대 후반의 여성입니다.","['경주와 공주 역사 유적지 탐방', '동네 삼겹살집 맛집 투어', '모바일 RPG 게임 일일 퀘스트 수행', '동네 사우나에서 반신욕 하기', '일식 돈카츠 전문점 찾아다니기']"
a145c83d49de4b68a070003691610ae8,33,남자,일반 경찰관 및 수사관,세종-세종시,"최동현 씨는 공학적 식견을 갖춘 세종시의 경찰관으로, 안정적인 주거 기반 위에서 전자기기와 카페 탐방이라는 소소한 취미를 통해 삶의 균형을 찾는 30대 남성입니다.","['전자기기 리뷰 영상 시청', '네이버 블로그 일상 기록', '정치 및 사회 팟캐스트 청취', '홈케어 피부 관리']"
bb1c8267d6c646fb9f6d236e0bd86096,42,남자,사무 보조원,경기-안양시 만안구,"김상제 씨는 안양에서 가죽 공장 사무원으로 일하며, 가족에 대한 책임감과 특유의 사교성으로 주변 사람들을 챙기지만 경제적 불안감을 안고 살아가는 40대 가장입니다.","['근교 도로 드라이브', '프로야구 및 스포츠 중계 시청', '동료들과의 주점 방문', '낙지볶음이나 청국장 같은 한식 외식', '시티투어 버스 여행']"
36046e1ab13a42cea250b805c850aae0,35,여자,무직,경상북-포항시 남구,"신은경 씨는 포항에서 가정을 돌보며 꼼꼼한 살림 솜씨와 내향적인 성격을 가진, 규칙적인 사회 복귀를 꿈꾸는 30대 주부입니다.","['환호공원 가족 산책', '베란다 상추와 방울토마토 키우기', '동네 사우나에서 반신욕 하며 휴식하기', '유튜브 힐링 플레이리스트 감상', '주말 가족 외식 메뉴 선정 및 맛집 검색']"
905b306a7a26426eb265d0e2c72d1a36,81,여자,건물 청소원,경기-광주시,"정유자 씨는 경기 광주에서 성실하게 건물 청소를 하며 자립적인 삶을 꾸려가는 80대 어른으로, 꼼꼼한 일 처리와 사교적인 성격, 트로트에 대한 애정을 가진 강인한 여성입니다.","['남한산성 둘레길 산책하며 풍경 감상하기', '유튜브에서 건강 상식 및 트로트 가수 영상 시청', '지역 친목회 회원들과 함께하는 전국 자연 경관 여행', '단골 미용실에서 받는 정기적인 헤어 관리와 수다']"
c12dc7dabe1c418cbac6ddf0e4b31c43,46,남자,교육 및 훈련 사무원,강원-정선군,"오우주 씨는 정선 지역 농민들의 가려운 곳을 긁어주는 능숙한 행정가이자, 쇼핑과 먹거리를 사랑하는 소탈하고 정 많은 40대 가장입니다.","['원주 시내 쇼핑몰 나들이', '유튜브 예능 콘텐츠 시청', '정선강변 따라 걷기', '소액 스포츠 토토', '최신 트로트 메들리 감상']"
8386244bf2c8410d8ebcf170935f83f5,35,여자,해외 영업원,부산-기장군,"김은정 씨는 인문학적 소양을 해외 영업에 접목한 전문성과 미식에 대한 집착, 그리고 홀로 지내는 고요한 삶이 공존하는 30대 여성입니다.","['전국 제철 음식 투어', '일식 오마카세 탐방', '웹툰 및 만화 정주행', '코인 노래방 스트레스 해소', '동네 골목 산책']"
28aa65f7630f4148b21053fbf72c3ba7,71,남자,전화 상담원,경기-수원시 권선구,"김종현 씨는 수원 권선구의 지역 정보에 능통한 71세 부동산 전화 상담원으로, 성실함과 공감 능력을 갖췄으나 건강 관리와 예민한 성격 사이에서 갈등하는 평범하고 따뜻한 할아버지입니다.","['광교산 등산 및 풍경 감상', '6시 내고향 시청', '동네 분식집 배달 메뉴 탐방', '권선구 주택가 산책']"
bd444534335141a2b1da6c1dcdfbef3d,37,여자,승용차 및 승합차 운전원,경기-고양시 일산서구,"김민경 씨는 경기 서북권 도로망을 꿰뚫는 베테랑 운전원이자, 식도락과 자기관리 사이에서 삶의 활력을 찾는 일산의 30대 워킹맘입니다.","['전국 지역별 노포 맛집 지도 만들기', '최신 뷰티 트렌드 네일 아트 관리', '배달 앱 신메뉴 섭렵 및 리뷰 작성', '가족 및 친구들과의 실시간 정보 공유 단톡방 운영']"
766224c2c1dd49dda886d82e67b917f9,76,여자,무직,서울-관악구,"이금자 씨는 관악구에서 자녀들과 화목하게 거주하며, 봉사와 산책 그리고 임영웅의 노래로 소박하고 평온한 노후를 보내는 76세 어르신입니다.","['관악산 둘레길 산책', '유튜브 임영웅 영상 시청', '동네 빵집 단팥빵 맛집 탐방', '복지관 친구들과의 전화 수다']"
d8db2b4d4b504654a3987885a76dfb5d,88,여자,무직,전라남-곡성군,"김옥순 씨는 전남 곡성의 흙냄새와 함께 살아온 88세의 어르신으로, 문맹의 서글픔을 강인한 생활력과 가족에 대한 사랑으로 승화시키며 소박한 일상을 가꾸는 분입니다.","['읍내 목욕탕 방문', '트로트 프로그램 시청', '마당 꽃밭 가꾸기', '일식 우동 맛집 탐방', '오후 낮잠 자기']"
24074b2fcf604daeab72d55f98eb7f2f,36,남자,경리 사무원,대전-서구,"윤종원 씨는 대전의 기계 공장에서 꼼꼼하게 살림을 책임지는 경리 사무원이자, 가족과 함께하는 맛집 탐방과 김동률의 음악으로 마음을 달래는 평범하고 다정한 서른여섯 살의 청년입니다.","['갑천변 야간 산책', '김동률과 같은 감성 발라드 감상', '전국 노포 돼지갈비 맛집 탐방', '오후 시간의 짧은 낮잠']"
1e0a2b8d0eb945c480b9e266c525c14e,60,남자,건물 경비원,서울-노원구,"김종현 씨는 노원구에서 경비원으로 일하며 가족을 부양하는 책임감 강한 가장이자, 수락산 등산과 배드민턴으로 활력을 찾는 60대 남성입니다.","['수락산 등산 및 숲길 산책', '주민센터 배드민턴 동호회 활동', '유튜브 시사 및 트로트 영상 시청', '가족과 함께하는 지역 축제 나들이', '동네 단골 주점에서 즐기는 가벼운 반주']"
83502829b66f4d379d36fe768d8df3da,40,남자,통신장비 기사,경기-성남시 수정구,"김규태 씨는 성남 수정구에서 통신장비 기사로 일하며, 안정적인 삶과 소소한 휴식, 그리고 낚시와 만화라는 자기만의 도피처를 가진 무던한 40대 가장입니다.","['민물 낚시', '일본 만화 감상', '배드민턴', '동네 사우나 방문', '낚시 관련 영상 시청']"
668b613a9e4448b0bfc11171603dc942,57,여자,무직,대구-북구,"이복례 씨는 대구 북구에서 자녀와 함께 살며 금호강변 산책과 트로트 감상으로 일상의 행복을 찾는, 겉은 무뚝뚝해도 속은 한없이 깊은 어머니입니다.","['동네 단골 사우나 방문 및 반신욕', '자녀와 함께하는 백화점 쇼핑과 외식', '유튜브 트로트 공연 영상 시청', '라디오 프로그램 청취 및 사연 공감', '지역 영화관에서 최신 상영작 관람']"
4c292ba59e3f4aaf82ea4f0e40bf129c,70,여자,무직,서울-은평구,"강영자 씨는 은평구에서 잔뼈가 굵은 살림의 고수이자, 꼼꼼한 추진력으로 모임을 이끄는 당찬 70대 할머니입니다.","['진관사 산책로 걷기', '지역 꽃 축제 방문', '베란다 상추 및 방울토마토 키우기', '동네 유명 빵집 투어']"
324d67e8aae54d6f9fb247fd36f1e310,94,여자,무직,전라남-화순군,"최영남 씨는 화순의 땅과 함께 나이 든 94세 어르신으로, 가족의 화목과 소박한 먹거리에서 삶의 완성을 찾는 분입니다.","['라디오 사연 청취', '텃밭 상추와 고추 가꾸기', '나주 읍성 등 역사 유적지 나들이', '읍내 빵집 단팥빵 맛보기']"
d7b7334ed7254f9e9bc9e112139a4654,52,남자,육군 장교,부산-강서구,"주종훈 씨는 부산 강서구에서 정년을 준비하는 육군 장교로, 엄격한 규율과 가족에 대한 애정 사이에서 균형을 잡으며 건강 관리에 힘쓰는 성실한 중년 남성입니다.","['주민센터 배드민턴 클럽 활동', '동네 단골 주점에서의 친목 도모', '가족 동반 온천 및 스파 여행', '청국장, 나물 등 건강식 한식 탐방', '동네 산책로 걷기 및 명상']"
ac2ae82b10c64fceb45d64f37b647fb2,24,남자,무직,대전-유성구,정재윤 씨는 정밀한 설계 능력을 갖췄지만 취업 준비의 불안함과 건강 관리라는 숙제를 안고 살아가는 대전 유성구의 24세 공학도입니다.,"['동네 농구 모임', '전국 노포 맛집 탐방', '심리학 주제의 팟캐스트 청취', '대전 신세계 아트앤사이언스 쇼핑']"
bbffc51d9de6466399c733eb80e6ec93,61,여자,무직,대구-달서구,배주경 씨는 대구 달서구에서 알뜰한 살림 솜씨와 정겨운 오지랖으로 가족과 이웃을 보듬는 60대 전업주부입니다.,"['베란다 텃밭 채소 가꾸기', '동네 친구들과의 정보 공유 및 수다 모임', '전국 수목원 및 자연 경관 탐방', '일요일 저녁 가족과 함께하는 TV 시청']"
30e663469cb74fa0afe94a993361f97e,84,남자,무직,부산-금정구,김충조 씨는 부산 금정구에서 아내와 함께 살며 동네 갈등을 중재하는 여유롭고 정 많은 84세 어르신입니다.,"['범어사 산책로 걷기', '동네 친구들과의 수다 모임', '트로트 프로그램 시청', '주말 가족 동반 자연 풍경 감상', '단골 한식당 맛집 탐방']"
324b7af84ba74ef0a8e4cee2981a62dd,61,여자,무직,대전-동구,송금자 씨는 대전 동구에서 이웃들과 화목하게 지내며 가족의 건강과 평온한 노후를 가꾸는 다정한 살림꾼입니다.,"['식장산 및 계룡산 가벼운 등산', '유튜브 건강 관리 및 요리 영상 시청', '동네 미용실에서 파마와 머리 손질하기', '임영웅 노래 감상하며 휴식하기']"
f4bd179c1d6140a3a155eb1d1bb49344,31,남자,건물 경비원,부산-사하구,"김강 씨는 사하구에서 경비원으로 근무하며 가족의 안식처를 꿈꾸는, 섬세하고 책임감 강한 31세 가장입니다.","['동네 사우나에서 반신욕 하며 멍 때리기', '최신 웹소설 정주행하기', '아내와 동네 빵집 신메뉴 맛보기', '주말 저녁 캔맥주 한 캔과 함께 스포츠 경기 시청']"
6dfad054edde448bb500210cae365284,63,여자,무직,부산-동래구,성은경 씨는 부산 동래구에서 꼼꼼한 살림 솜씨와 철저한 자기관리로 가족의 평온한 일상을 지켜내는 헌신적인 어머니이자 아내입니다.,"['온천천 시민공원 산책', '나훈아 노래 감상', '일본식 가정식 맛집 탐방', '정오의 짧은 낮잠']"
0c52f808c4e64d329ba7cfbf6bbd5e5c,47,남자,플랜트공학 기술자 및 연구원,충청남-천안시 서북구,"김성민 씨는 전문 기술력과 경영 지식을 겸비한 플랜트 엔지니어이자, 3세대 가족을 부양하며 정서적 빈자리를 가족애로 채워가는 중년의 가장입니다.","['천안 독립기념관 산책로 걷기', 'KBS 라디오 1 클래식 음악 감상', '북유럽 건축 다큐멘터리 시청', '소백산 국립공원 풍경 출사']"
2f55444e445941c588570111597f919c,62,남자,무직,부산-수영구,"장경환 씨는 부산 수영구의 정과 투박함을 그대로 간직한 채, 가족과 친구 그리고 소소한 손재주로 일상을 채워가는 60대 남성입니다.","['민락항 바다낚시', '롯데 자이언츠 경기 시청', '단골 중식당 짬뽕 맛집 탐방', '조간신문 정독', '동네 지인들과의 소규모 술모임']"
bf854f57a6144a91ba431db238eee5a5,64,남자,건물 경비원,대구-달서구,"양석호 씨는 성실함과 책임감으로 가정을 일궈온 대구 달서구의 경비원으로, 야구와 낚시를 통해 삶의 활력을 찾으며 안정적인 노후를 준비하는 60대 가장입니다.","['삼성 라이온즈 야구 경기 관람', '청도 강변 민물낚시', '아침 종이 신문 읽기', '동네 단골집 돼지갈비 외식', '유튜브를 통한 최신 뉴스 시청']"
12fded566af14169a3aa544b30e2c988,21,여자,"전직 일반 비서, 현재 구직중",서울-동대문구,"최수민 씨는 동대문구에 거주하며 정교한 업무 능력과 느긋한 생활 태도가 공존하는, 예술적 감수성을 지닌 21세 구직자입니다.","['대학로 소극장 연극 관람', '퍼스널 컬러 기반 메이크업 연구', '제주도 오름 트레킹', '독립 영화 및 영상 콘텐츠 감상', '성수동 팝업스토어 방문']"
bed402409b384998af57bd000b3e92f9,46,남자,농수산물 중개인 및 경매사,경기-고양시 일산서구,"강현준 씨는 일산에서 활동하는 베테랑 농수산물 경매사로, 가족에 대한 깊은 책임감과 내 집 마련의 꿈을 안고 건강 관리에 힘쓰는 40대 가장입니다.","['전국 지역 맛집 탐방 및 식도락 여행', '일산 호수공원 야간 산책', '북한산 등산 및 자연 경관 감상', '오래된 LP 음반 수집 및 감상']"
b328df08a41541cdab19f7b015d40fff,60,여자,시설 경비원,전라남-장성군,"이양미 씨는 전남 장성에서 시설 경비원으로 일하며 꼼꼼한 업무 처리와 외향적인 성격으로 지역 사회의 중심 역할을 하는, 건강한 활력과 내면의 쓸쓸함을 동시에 품은 60대 여성입니다.","['백양사 인근 산행 및 산책', '유튜브 트로트 공연 영상 시청', '지역 친목 모임 내기 게임', '동네 찜질방 사우나', '지인들과의 막걸리 친목회']"
161d2ca4a4e54d9d91a19c26840e5163,84,여자,건물 청소원,경기-김포시,임형자 씨는 김포에서 건물 청소원으로 일하며 배움에 대한 열정과 가족에 대한 깊은 사랑으로 당뇨와 혈압을 이겨내고 살아가는 긍정적인 할머니입니다.,"['김포 가톨릭 성당 미사 참여', '손녀와 햄버거 가게 방문', '김포 한강나루길 산책', '임영웅 노래 따라 부르기']"
0c917f6b351445c0a05487d6c1d798cc,24,남자,치과위생사,경기-부천시 오정구,"길태환 씨는 부천에서 근무하는 유능한 치과위생사로, 맛집 탐방과 게임을 즐기며 독립을 꿈꾸는 현실적인 20대 청년입니다.","['전국 지역 맛집 탐방', '리그 오브 레전드 게임', '유튜브 쇼츠 및 영상 시청', '동네 공원 야간 산책', '친구들과의 술자리 및 외식']"
eef731e7c82f4108bbc0813abaa1fe21,54,여자,미디어 콘텐츠 창작자,경기-성남시 분당구,"남삼례 씨는 분당의 정갈한 일상 속에서 글쓰기와 가드닝으로 내면을 가꾸며, 소외된 이들의 기록을 담아낼 독립 출판의 꿈을 키워가는 강인한 창작자이자 어머니입니다.","['베란다 홈 가드닝', '천연 발효 빵집 투어', '강원도 숲길 트레킹', '천연 화장품을 이용한 피부 관리', '나물 정식 맛집 탐방']"
9a32ee6e5cc54887a45d03249224ca6c,56,남자,냉난방기 관련 설비 조작원,충청남-서산시,"장재홍 씨는 서산에서 공조 설비 전문가로 일하며, 철저한 자기관리와 가족에 대한 책임감을 바탕으로 느긋하지만 주관 뚜렷한 삶을 사는 50대 가장입니다.","['UFC 및 격투 스포츠 경기 분석 시청', '서산 인근 자연 경관 출사 및 산책', '동남아시아 음식점 등 이색 외국 요리 탐방', '지역 사회 친목 모임 및 인맥 관리']"
e64764abdedc4efe9b6d5489f05d1188,51,남자,그 외 물품 이동 장비 조작원,대구-달서구,"박명준 씨는 대구에서 지게차 숙련공으로 일하며 외로움과 고독을 게임과 산책으로 달래는, 무뚝뚝하지만 내면의 유연함을 가진 50대 남성입니다.","['모바일 전략 게임', '성당못 주변 산책', '최신 헤어스타일 관리', '동네 중국집 맛집 탐방']"
cd3c346c8c024beba0e8c03c26cce3e4,62,남자,전화 상담원,대구-북구,문권순 씨는 대구 북구에서 운송업 상담원으로 일하며 유연한 소통 능력과 소박한 삶의 태도로 가족과 동료들의 사랑을 받는 60대 가장입니다.,"['삼성 라이온즈 야구 경기 관람', '지역 사회 커뮤니티 활동', '가족 동반 스포츠 레포츠 여행', '최신 스마트폰 앱 기능 탐색']"
f1ceddfaae2e43bfa235784c816f4cb0,74,여자,무직,경기-고양시 일산동구,김복순 씨는 일산의 정돈된 환경 속에서 철저한 자기관리와 디지털 적응력을 바탕으로 건강하고 조화로운 노후를 설계하는 70대 여성입니다.,"['일산 호수공원 산책', '임영웅 노래 감상', '지역 커뮤니티 센터 서예 교실', '단골 일식집 초밥 정식 식사']"
716a5db6c2c04f9982f89c137c5b2c6a,81,여자,무직,대전-중구,"한경자 씨는 대전 중구에서 홀로 살며 알뜰한 살림 솜씨와 트로트 사랑으로 노년을 평온하게 보내는, 겉으로는 조용하지만 속은 단단한 80대 여성입니다.","['트로트 프로그램 시청', '중구청 인근 대중사우나 이용', '노인회 소속 단체 여행', '베란다에서 조용히 담배 피우기']"
03bd2b1cf157428fa99ce7983c5d866c,61,남자,그 외 채굴 및 토목 관련 종사원,전라남-화순군,"채희준 씨는 화순 광산 현장의 베테랑으로서의 자부심과 소박한 전남 시골 생활의 여유를 동시에 지닌, 겉은 무뚝뚝하지만 속은 유연한 60대 가장입니다.","['화순 지역 산행 및 풍경 사진 찍기', '동네 목욕탕 사우나 이용', '유튜브 트로트 음악 감상', '친구들과의 단골 중식당 모임']"
6216120dfa1e4c9ba2abb0e8ade86591,28,여자,무직,강원-동해시,최혜정 씨는 강원도 동해시에서 부모님과 함께 지내며 자신만의 속도로 예술적 취향과 새로운 일자리를 찾아가는 20대 후반의 여성입니다.,"['강원도 내 소도시 미식 투어', '추암 촛대바위 해안선 산책', '유튜브 미술관 전시 영상 시청', '금요일 밤의 혼술과 치킨 시식']"
9f3bbf2246fd41e1b80ad89c49f6cd5a,33,여자,육군 부사관,대전-유성구,"김소희 씨는 유성구의 자가 아파트에서 친구들과 거주하며, 군의 절도 있는 책임감과 30대의 트렌디한 여유 사이에서 균형을 잡고 살아가는 육군 부사관입니다.","['베란다 홈 가드닝', '네이버 웹툰 정주행', '유성 및 둔산동 맛집 탐방', '낮잠을 통한 완전한 휴식', '시티투어 버스 여행']"
2ebeb872067340a7ac0e6718a535fee5,23,여자,무직,서울-강동구,최윤영 씨는 높은 지적 역량과 사교성을 갖췄으나 완벽주의적 성향과 정서적 불안 사이에서 방황하는 20대 초반의 교육학 전공자입니다.,"['서울 시내 정통 일식당 투어', '데이식스 노래 가사 필사하기', '현대 심리학 에세이 읽기', '정교한 플레이팅의 홈쿡 요리']"
b72eb48bb04f41b084e8c1ef589e089d,36,남자,그 외 조적공 및 석재 부설원,경상남-창원시 마산회원구,"감승준 씨는 현장의 감각이 뛰어난 조적공이자 정 많은 마산 청년이지만, 건강 관리와 미래 설계라는 숙제 앞에서는 한없이 느슨하고 불안해하는 인물입니다.","['루미큐브 및 전략 보드게임', '유튜브 여행 및 취미 영상 탐방', '가족과 함께하는 자연 풍경 출사', '집 앞 편의점 앞에서의 가벼운 음주와 수다']"
28e91b8ec3eb48059cbf0bcd2c416239,67,남자,상·하수 배관공,경기-파주시,"이병배 씨는 파주에서 수십 년간 배관공으로 일하며 성실함과 전문성을 쌓아온, 가족과 자연을 사랑하는 온화한 성품의 어르신입니다.","['감악산 둘레길 산책', '임진강 민물 낚시', '유튜브 건강 정보 시청', '제철 나물 요리 즐기기']"
3aca13ee5fea44e4bf47e91eaa0d4212,27,여자,광고 디자이너,서울-용산구,"박하진 씨는 용산구에 거주하며 사회과학적 통찰력으로 메시지를 설계하는 광고 디자이너이자, 반려견과 식물, 예술을 사랑하는 27세의 젊은 어머니입니다.","['홈 가드닝', '현대 미술 전시 관람', '하이볼 홈파티', '반려견 산책', '독립 잡지 수집']"
d3fa74db5b33432db0e372a0da074eab,43,남자,회계사,서울-마포구,"표병관 씨는 공학적 효율성과 회계적 정밀함을 동시에 갖춘 건설 전문 회계사로, 마포구에서 부모님을 모시며 골프와 만화, 목욕탕을 통해 삶의 균형을 찾는 40대 남성입니다.","['필드 골프 및 스크린 라운딩', '망원동 만화 카페 탐방', '동네 목욕탕 사우나', '헬스장 웨이트 트레이닝', '넷플릭스 다큐멘터리 시청']"
e7c14e14aee6406a8b4cd5495c5e9fa4,24,남자,상·하수 배관공,서울-중랑구,"조세현 씨는 공학적 지식과 현장의 거친 실무를 결합해 누수 지점을 정확히 짚어내는, 자유로운 영혼의 20대 배관 전문가입니다.","['리그 오브 레전드', '인테리어 및 가구 앱 구경', '중랑천 주변 산책', '국내 자연 경관 여행']"
79613210689b4aeab0d7ad3be73e4b14,47,여자,그 외 일반 영업원,대전-동구,"연승미 씨는 대전 동구에서 자동차 부품 영업원으로 일하며, 고단한 하루를 사우나와 반려견 산책, 라디오 소리로 달래는 강인하고 유연한 40대 여성입니다.","['동네 사우나 및 온천 탐방', '팟캐스트 및 라디오 청취', '채식 위주의 한식 요리', '반려견과 갑천 산책', '시내 디저트 카페 투어']"
97bc5ac1083c4e569c60e6a5ab8424ee,26,남자,영업 관리 사무원,서울-마포구,"권도수 씨는 높은 소득과 업무 능력을 갖춘 보험업계의 젊은 관리자이자, 정적인 휴식과 가족의 울타리를 사랑하는 마포구 거주 청년입니다.","['넷플릭스 및 유튜브 시청', '강원도나 제주도 등 자연 경관 여행', '연남동 인근의 숨은 주점 탐방', '삼겹살과 소주를 곁들인 한식 외식']"
46d15e93bfd4461f810946650eba472b,88,여자,무직,인천-연수구,"전부남 씨는 척박한 시대를 견뎌낸 강인함과 현대 도시의 여유를 동시에 품은, 손주 사랑이 지극한 인천 연수구의 88세 할머니입니다.","['송도 센트럴파크 산책로 걷기', '라디오 팟캐스트로 세상 돌아가는 이야기 듣기', '반려견과 함께하는 집 앞 공원 나들이', '가족과 함께 떠나는 조용한 숲속 풍경 감상 여행', '가끔 즐기는 패스트푸드점의 햄버거와 감자튀김 맛보기']"
c0485e417a9d4dd5ab0393577393c64d,61,남자,교통 계획 및 설계가,울산-남구,"장형용 씨는 울산의 도로를 설계하는 베테랑 공학도로서, 논리적인 직업 세계와 소탈한 술자리 및 바둑의 여유를 동시에 즐기는 60대 가장입니다.","['TV 야구 중계 시청', '지역 기원에서의 바둑 대국', '동네 노래방 가창', '주말 가족 동반 외식']"
91594702d46041f18cf6c79a19cf9015,79,남자,무직,부산-중구,"최범식 씨는 부산 중구의 골목길과 헌책 냄새를 사랑하며, 낡은 기계를 고치는 손재주와 트로트에 대한 애정으로 일상을 채워가는 넉살 좋은 할아버지입니다.","['보수동 책방골목 산책', '유튜브 트로트 영상 시청', '스마트폰 퍼즐 게임', '동네 친구들과의 소규모 모임', '풍경 사진 찍기']"
dbe5ec01d1dc48bea95b2fb8c4cd5f05,54,남자,국어 교사,대구-동구,"박창용 씨는 수학적 분석력과 문학적 감수성을 동시에 지닌 국어 교사로, 대구의 정취 속에서 어머니와 함께하며 소소한 일상의 기록과 인연을 소중히 여기는 50대 남성입니다.","['팔공산 둘레길 산책 및 등산', '지역 노포 중식당 탐방', '시티투어 버스를 이용한 도심 재발견', '동네 오래된 서점 거리 거닐기']"
212688dbfb4a4de5b99d9a52d8c9da6a,37,여자,무직,대전-서구,"손지은 씨는 대전에 거주하며 인문학적 감수성과 나른한 일상의 균형을 찾는, 예술적 꿈을 간직한 30대 미혼 여성입니다.","['둔산동 일식 맛집 탐방', '넷플릭스 시리즈 정주행', '가족과 함께하는 국립세종수목원 나들이', '코인 노래방 방문', '대전시립미술관 관람']"
77521d8b65144ecebec007b63d2d212d,20,남자,전기 관련 관리자,충청남-천안시 동남구,"김정록 씨는 전기 관리자로서의 냉철한 전문성과 소품 수집가의 예술적 감성을 동시에 지닌, 건강 관리가 시급한 20세 청년입니다.","['고중량 웨이트 트레이닝', '충청권 노포 맛집 탐방', '최신 개봉 영화 및 독립 영화 관람', '볼링 동호회 활동']"
2e6a4b447d294e268cb6237285767204,52,여자,조사 전문가,서울-양천구,"이은미 씨는 양천구 신월동에서 가족과 함께 살며, 섬세한 관찰력과 책임감으로 지역 사회 복지 발전을 꿈꾸는 조사 전문가입니다.","['목동 일식 맛집 지도 만들기', '성분 분석 앱을 활용한 화장품 쇼핑', '임영웅의 서정적인 발라드 감상', '가족들과 함께하는 근교 나들이 계획 짜기']"
d8a3e864003f40d4acfffb7c543888a6,54,남자,위험 관리원,충청북-청주시 청원구,"이진택 씨는 청주에서 위험 관리원으로 근무하며 디지털 전환을 이끄는 전문성과 예술적 감수성을 동시에 지녔지만, 고도비만과 성인병이라는 건강 과제 앞에 놓인 50대 가장입니다.","['전국 지역 축제 탐방', '고량주와 중식 즐기기', '동네 공원 산책과 낮잠', '현대 미술 전시 관람', '체중 관리를 위한 헬스']"
0d316f9b39624c07a094fbadce8e38b5,36,여자,무직,부산-부산진구,"정솔지 씨는 부산의 세련된 감성과 정적인 취향을 동시에 지닌 채, 자신만의 심미적 공간을 꿈꾸며 일상을 기록하는 36세 여성입니다.","['기장 해안도로 풍경 드라이브', '일본 만화 수집 및 정독', '전포동 소품샵 및 갤러리 투어', '제철 식재료를 사용한 일식 맛집 탐방']"
6f1975c29d414635b2949a3c3a041109,72,남자,철도운송 관련 종사원,서울-마포구,"김종기 씨는 평생을 철도 현장에서 보낸 공학적 정밀함과 연남동의 예술적 감성을 동시에 품은, 마포구의 온화하고 유연한 어르신입니다.","['자연 풍경 세밀화 그리기', '동네 사우나 정기 방문', '역사 다큐멘터리 시청', '연남동 독립 서점 탐방', '스마트폰 풍경 사진 촬영']"
742336e6e4a94ac9acf56ea075d5d9ea,33,여자,음식 서비스 종사원,제주-제주시,이다연 씨는 제주시에서 식당 일을 하며 당뇨 관리와 평온한 일상 사이의 균형을 찾아가려 노력하는 33세 여성입니다.,"['사려니숲길 단독 산책', '인디 음악 플레이리스트 수집', '요가와 필라테스', '지역 소식지 및 잡지 탐독', '제주 지역 축제 구경']"
faf3ffd2453c4969a8f48afcbe497347,42,남자,그 외 일반 영업원,대구-동구,"김성지 씨는 대구 동구의 자가 아파트에서 어머니와 함께 살며 도매 영업직으로 성실하게 삶을 일궈온, 안정과 신뢰를 중시하는 40대 가장입니다.","['지역 배드민턴 동호회 정기 경기 참여', '낙동강 민물낚시 포인트 탐방', '건강식을 고려한 나물 및 보리밥 맛집 순례', '유튜브를 통한 최신 낚시 장비 리뷰 시청', '동성로 일대 베트남 및 태국 음식점 방문']"
786c21432a38400ca9dff13dae915dc6,78,남자,무직,경기-용인시 수지구,"김용갑 씨는 용인 수지에서 규칙적인 일상과 가족에 대한 사랑을 바탕으로, 성실한 삶의 궤적을 유지하며 평온한 노후를 보내는 정갈한 성품의 어르신입니다.","['국내 역사 유적지 답사', '트로트 및 고전 가요 감상', '종이 신문 정독', '지역 생태공원 산책', '가족과 함께하는 외식']"
e110b13b7ee24c21a7296f0f0efe27d9,27,남자,그 외 하역 및 적재 단순 종사원,충청북-보은군,"안채승 씨는 충북 보은에서 성실하게 농산물 하역 일을 하며, 혼자만의 식도락 여행과 사우나로 쉼을 찾는 차분하고 책임감 강한 27세 청년입니다.","['보은 지역 사우나 투어', '전국 숨은 돈가스 맛집 탐방', '동네 헬스장 벤치프레스 기록 갱신', '주말 아마추어 배구 경기 참여', '스마트폰 카메라로 담는 시골 풍경 사진']"
70cebf67faa044efbe7dab6a5c213e9f,72,남자,무직,경기-동두천시,"전재권 씨는 동두천에서 성실하게 살아온 세월을 뒤로하고, 이제는 가족의 화목함과 친구들과의 사교 생활 속에서 소박한 건강 관리를 실천하며 살아가는 여유로운 70대 가장입니다.","['동네 사우나 정기 방문 및 친목 도모', '소요산 산책로 걷기와 풍경 감상', '손주들을 위한 동네 빵집 쇼핑', '주 2~3회 단골 고깃집에서의 가족 외식']"
a135982c56794cb98051235c8a888779,39,남자,건물 경비원,충청남-서천군,"박정훈 씨는 서천에서 경비원으로 일하며 가족의 안정을 최우선으로 여기고, 맛있는 음식과 게임으로 소소한 행복을 찾는 푸근한 성격의 가장입니다.","['군산·보령 지역 맛집 탐방 드라이브', '모바일 전략 시뮬레이션 게임', 'TV 스포츠 중계 시청', '반려견 산책 및 관리']"
afffd696ab7b404186f5d31cb9633dfa,20,남자,경영 기획 사무원,경기-의정부시,"유주현 씨는 의정부 인쇄소에서 근무하는 20세 사무원으로, 실용적인 삶의 태도와 Z세대 특유의 디지털 소통 방식을 가진 성실하고 유연한 청년입니다.","['의정부천 산책로 걷기', '강릉이나 양양으로 떠나는 나홀로 휴양 여행', '맘스터치나 버거킹 같은 패스트푸드 메뉴 탐방', '넷플릭스로 보는 범죄 다큐멘터리 시청']"
7fc7615733ba433ead91c6bafb48c9ce,45,남자,지게차 운전원,경기-오산시,임훈 씨는 오산 공단에서 20년 가까이 지게차를 운전하며 성실함으로 가족의 안식처를 일궈낸 책임감 강한 40대 가장입니다.,"['유튜브 해외 축구 영상 시청', '오산천 가족 산책', '동네 친구들과의 일식집 모임', '모바일 전략 게임']"
7767f55f70d84e9cb4d60f3fc4e4020a,57,남자,일식 조리사,경기-파주시,"박현도 씨는 파주에서 노부모를 모시며 살아가는 성실한 일식 조리사로, 현장의 기술력을 믿는 실용주의적 태도와 스스로를 가꾸는 섬세함을 동시에 지닌 외유내강형 인물입니다.","['지역 배드민턴 동호회 활동', '임진강변 산책', '유튜브 피부 관리 영상 시청', '인테리어 소품 쇼핑']"
8be7c691a1fb400baef0be05931fa441,55,여자,그 외 자동차 운전원,서울-중랑구,"박정숙 씨는 서울의 길을 훤히 꿰뚫는 숙련된 운전원이자, 가족을 위해 검소하고 성실하게 살아가는 중랑구의 다정한 이웃입니다.","['중랑천 산책로 걷기', '유튜브 건강 정보 및 트로트 영상 시청', '경주, 부여 등 역사 유적지 탐방', '가끔 외식으로 즐기는 일식 초밥']"
f24d3e3fb5074ded9b27dd528ec1b64f,56,여자,부동산 중개사,부산-남구,"정태영 씨는 공학적 전문성을 갖춘 꼼꼼한 부동산 중개사로, 부산 남구의 자가 아파트에서 홀로 생활하며 자연 속 드라이브와 빵집 투어로 일상의 위안을 찾는 50대 여성입니다.","['부산 외곽 해안 도로 드라이브', '동네 유명 빵집 투어', '온천천 주변 산책', '사우나에서 반신욕하며 피로 풀기', '자연 풍경 다큐멘터리 시청']"
48df660b0c27408d84786ac384480e3b,49,여자,컴퓨터 설치 및 수리원,충청북-청주시 흥덕구,"장지영 씨는 청주의 교육 현장을 책임지는 숙련된 컴퓨터 수리원이자, 가족의 안정을 최우선으로 여기며 실용적인 삶을 꾸려가는 강인한 중년 여성입니다.","['수안보 온천 가족 여행', '무심천 둑길 산책', '나물 정식과 청국장 맛집 방문', '반려견과 함께하는 거실 휴식']"
46ff93904faf463f989ffc182e4131f2,73,남자,무직,경상남-창원시 의창구,"정동섭 씨는 창원 의창구에서 가족을 위해 헌신하며 살아온, 손재주 좋은 고혈압 환자이자 트로트를 사랑하는 다정한 할아버지입니다.","['유튜브 트로트 영상 시청', '경남 인근 음식점 탐방', '동네 어르신들과의 담소', '지역 사회 봉사활동', '낮잠과 휴식']"
4339ab2497ff408f87eae8663e003d58,61,남자,"전직 석재 부설원, 현재 구직중",서울-양천구,"배환영 씨는 평생 돌을 다뤄온 정교한 기술과 성실함을 가진 60대 남성으로, 평범한 직업적 일상의 복귀를 꿈꾸며 신문 읽기와 산책으로 하루를 채우는 양천구 주민입니다.","['경주, 부여 등 역사 유적지 답사', '신정산 둘레길 산책 및 등산', '종이 신문 읽기와 시사 상식 수집', '지역 문화 축제 방문', '일식 초밥 및 정갈한 한식 외식']"
ce6d125165e4493eafbb849204053873,23,남자,무직,경상북-안동시,"설재운 씨는 안동의 보수적인 환경에서 자란 IT 전공자로, 공기업 취업을 준비하며 정적인 일상과 기술적 취미 사이에서 균형을 찾는 20대 청년입니다.","['IT 가젯 리뷰 블로그 운영', '뉴진스 노래 반복 재생하며 낮잠 자기', '안동 지역 역사 유적지 산책', '스포츠 경기 결과 예측 내기', '배달 앱으로 신메뉴 햄버거 찾아먹기']"
f1b3e20f6ff245ddbca08995f2c8d245,36,남자,철도교통 관제사,경기-파주시,"문한수 씨는 파주에서 아이를 키우며 내 집 마련을 꿈꾸는, 현실적이고 사교적인 철도교통 관제사입니다.","['콘솔 게임 스토리 플레이', '전국 유명 한식 맛집 탐방', '동네 사우나에서 반신욕 하기', '최신 팝송 리스트 감상']"
2887dda08cf843ea8ad8df89eb39d62b,28,여자,철도운송 관련 종사원,전북-전주시 완산구,"최은재 씨는 전주에서 철도 운송 실무자로 일하며 꼼꼼한 성격과 디저트 취향, 건강 관리에 대한 고민을 동시에 가진 20대 후반의 여성입니다.","['지역 베이커리 카페 탐방 및 빵지순례', '배드민턴 동호회 정기 모임', 'TV로 관람하는 프로야구 경기', '테마 카페에서 즐기는 기록하기', '친구들과 함께하는 전북 인근 음식 관광']"
67f180abc1264eebb0f3f461775261b2,55,여자,주방 보조원,경상남-창원시 마산합포구,"김경아 씨는 마산의 털털한 정서를 가진 주방 보조원으로, 안정적인 직장 생활과 소소한 개인적 취향 사이에서 균형을 잡으며 살아가는 현실적인 중년 여성입니다.","['마산해양신도시 반려견 산책', '동네 사우나에서 반신욕 하기', '유튜브 트로트 영상 시청', '일식 배달 맛집 탐방', '오래된 친구들과의 정기적인 모임']"
48ff141bfb93466cbcba3f44a6db69fb,87,남자,무직,강원-춘천시,"김문홍 씨는 춘천에서 농협 회계 업무로 정직하게 살아온 후, 현재는 건강 관리와 소소한 사교 활동을 통해 독립적인 노년을 보내고 있는 87세 어르신입니다.","['공지천 주변 아침 산책', '주민센터 배드민턴 동호회 활동', '의암호 민물낚시', '동네 중식당 맛집 탐방']"
07c8a3f92d27432ba424d8f5a0f7676e,61,여자,금융 상품 개발자,서울-동작구,"염현주 씨는 80년대 전산 기초를 닦은 베테랑 금융 상품 개발자로, 동작구의 자가 주택에서 가족과 함께하며 산책과 사우나로 일상의 균형을 잡는 실용적인 60대 여성입니다.","['한강 시민공원 산책', '동네 단골 중식당 방문', '나물 비빔밥 맛집 탐방', '동네 사우나 이용', '자연 풍경 사진 촬영']"
837cd1574ee943dda9e86f2c1c380ff8,59,남자,그 외 철도 및 전동차 기관사,부산-해운대구,"정대성 씨는 정밀한 열차 운행 능력과 ICT 지식을 갖춘 베테랑 기관사로, 해운대에서 가족의 생계와 노후 준비라는 현실적인 고민을 안고 살아가는 정 많은 부산 중년입니다.","['동백섬 해안 산책로 걷기', '동네 단골 사우나에서 반신욕', '조선일보 종이 신문 정독', '중학교 동창 모임 참석', '해운대 인근 일식집 투어']"
e4bffa82cb0c4988bfcfb6c557f057d6,51,여자,무직,서울-성북구,"이미숙 씨는 성북구 정릉동에서 알뜰한 살림 솜씨와 단호한 성격으로 가정을 이끌어온, 정적인 휴식과 소박한 즐거움을 아는 50대 주부입니다.","['정릉천과 성북천 주변 산책로 탐방', '동네 단골 미용실에서의 정기적인 두피 관리와 수다', '가까운 친구들과 함께하는 소규모 한식집 맛집 탐방', '집에서 가볍게 즐기는 혼술과 안주 조합 찾기']"
06b9d1cd5bee49b7b94a8946511fddd4,43,여자,보험 사무원,세종-세종시,"유이현 씨는 세종시에 거주하며 보험 사무원으로 일하는 40대 여성으로, 공학적 꼼꼼함으로 일과 살림을 관리하면서도 가족과의 미식 여행과 베란다 원예로 삶의 균형을 찾는 인물입니다.","['베란다 텃밭 가꾸기', '전국 노포 맛집 탐방', '모바일 퍼즐 게임', '세종 호수공원 산책', '등산 후 즐기는 도토리묵과 파전']"
5514f283dc0545a2a5aa96ddd822a6d0,29,남자,무직,서울-마포구,"김제원 씨는 마포구에 거주하며 안정적인 건설사 취업을 준비하는, 현실적이고 부드러운 성격을 가진 29세 공학도입니다.","['인왕산 자락길 산책', '리움미술관 전시 관람', '일본 도쿄 빈티지 숍 쇼핑', '넷플릭스 범죄 다큐멘터리 시청']"
85737fe25011486b8457dbea9801ee7d,66,여자,음료 서비스 종사원,경상북-성주군,"김미화 씨는 성주읍내에서 소박하게 일하며 텃밭과 성당 모임, 가족과의 유대를 통해 삶의 단단한 중심을 잡고 살아가는 60대 여성입니다.","['성주읍천변 저녁 조깅 및 걷기', '국내 역사 유적지 가족 탐방', '마당 텃밭 채소 가꾸기', '지역 성당 기반의 사회 봉사 및 친목 활동', 'TV 건강 프로그램 시청 및 정보 기록']"
69212cb85a3e497ba840edd671a5b407,32,여자,소규모 상점 경영자,서울-구로구,"신은수 씨는 수학적 논리로 무장한 구로구의 꼼꼼한 편집숍 사장님이며, 자연 속의 휴식과 만화책이라는 정적인 취미로 삶의 균형을 맞추는 32세 여성입니다.","['강원도 숲길 및 자연 경관 여행', '일본 청춘 만화 정주행', '인문학 서적 독서', '동네 작은 공원 산책']"
8dbbc6f2744f4296b40f2e6fb4b98bd6,44,남자,해양 경찰관 및 수사관,대구-달서구,김진영 씨는 대구 달서구에서 가족을 부양하며 묵묵히 자신의 소임을 다하는 책임감 강하고 실용적인 해양 경찰 수사관입니다.,"['두류공원 야간 산책', '남해안 해안도로 드라이브', '90년대 가요 플레이리스트 감상', '동네 단골 분식집 탐방']"
269a8095c12a47dba67cb215da3f3fbe,35,남자,회계 사무원,서울-동대문구,"김형준 씨는 동대문구에서 어머니를 모시고 사는 35세 회계 사무원으로, 안정적인 삶을 갈망하며 책임감 있게 일상을 꾸려가는 현실적인 인물입니다.","['K리그 경기 관람', '스팀 인디 게임', '청계천 야간 산책', '유튜브 홈트레이닝 영상 시청', '동네 삼겹살 맛집 탐방']"
439d1d4916fc44758ab5901285ae63b5,46,여자,무직,경기-화성시,"이선 씨는 교육학 전공자의 꼼꼼함으로 가정을 체계적으로 관리하며, 소소한 일상의 질서와 정적인 휴식에서 행복을 찾는 동탄의 전업주부입니다.","['동탄 신도시 베이커리 투어', '친구들과의 온천 및 스파 여행', '나물과 쌈밥 중심의 한식 맛집 찾기', '집에서 음악 감상하며 멍하게 있기']"
a6ed250a48804cac839d6f57e75d8a2d,61,남자,무직,경기-오산시,이헌주 씨는 오산에서 성실하게 살아온 후 퇴직하여 건강 관리와 소소한 가족의 행복을 최우선으로 여기는 손재주 좋은 60대 가장입니다.,"['오산 인근 낮은 산 등산하기', '가족과 함께하는 전국 해안 도로 드라이브', '제철 재료를 활용한 한식 요리 만들기', '금요일 밤 치맥 즐기기']"
cdd409bca49f436bacb49df23561d8e5,39,남자,노점 및 이동 판매원,경기-김포시,"박성민 씨는 김포에서 이동 판매로 생계를 꾸리며 자가 아파트의 안락함과 소소한 술자리, 인간관계에서 행복을 찾는 30대 후반의 남성입니다.","['유튜브 숏츠 및 먹방 시청', '동네 고깃집 맛집 탐방', '루미큐브 및 보드게임', '가족과 함께하는 도심 시티투어']"
67c501c67af54df48bcd4e78b723286a,54,남자,"전직 전기 용접원, 현재 구직중",전라남-광양시,"서동욱 씨는 광양의 정밀 용접 기술자 출신으로, 가족에 대한 사랑과 지역 사회의 유대를 소중히 여기며 제2의 안정적인 일터를 준비하는 50대 가장입니다.","['섬진강변 드라이브 및 자연 풍경 사진 촬영', '지역 동호회 기반의 명승지 탐방', '동네 사우나 방문 및 가벼운 산책', '정갈한 한정식과 일식 맛집 탐방']"
961cbddf1a8042e7a1628020724860de,57,여자,무직,대구-서구,"조명옥 씨는 대구 서구에서 정보통신기술 전공 지식과 따뜻한 배려심을 바탕으로 주변 사람들을 돕고, 느긋한 일상의 소소한 행복을 추구하는 50대 여성입니다.","['팔공산 둘레길 산책', '유튜브 수목원 및 정원 영상 시청', '임영웅 노래 감상', '대구 서구 일대 일식집 탐방']"
bf6b7b20cd3a42fdaea83bcaafa5a10d,54,여자,무직,서울-강남구,"선애경 씨는 강남 압구정에서 오랜 시간 가족의 안녕과 지역 사회의 관계망을 세심하게 가꾸어 온, 우아함과 책임감을 동시에 지닌 전업주부입니다.","['청담동 일대 일식 오마카세 맛집 탐방', '도산공원 산책로 걷기', '유튜브 인테리어 및 라이프스타일 영상 시청', '동네 지인들과의 정기적인 사우나 모임']"
c42f31ad112f48679dfd619ef8b335b4,52,남자,사무 보조원,경기-안양시 동안구,"이병희 씨는 안양의 연구소에서 성실히 근무하며 철학적 사유와 사회적 교류 사이에서 균형을 찾으려 노력하는, 외유내강형의 50대 미혼 남성입니다.","['수리산 및 관악산 등산', '동네 선술집에서 지인들과의 술자리', '시사 및 인문학 팟캐스트 청취', '90년대 가요 및 LP 감상', '평촌 인근 소규모 갤러리 탐방']"
4b278172a1714138897517e7da5b0931,60,남자,건물용 보일러 설치 및 정비원,인천-계양구,"박성주 씨는 인천 계양구에서 정직한 기술 하나로 자수성가한 60대 보일러 설치 전문가로, 가족과 텃밭을 사랑하는 성실하고 책임감 강한 가장입니다.","['옥상 텃밭 작물 재배', '한국 역사 소설 탐독', '강원도 숲길 가족 여행', '지역 성당 공동체 봉사 활동']"
09220b788f354ca3949fda80944758aa,66,남자,무직,울산-울주군,"김상영 씨는 법학 전공의 논리력과 원만한 성품을 갖춘 울주군의 은퇴자로, 가족과 함께 건강한 노후와 여유로운 일상을 가꾸어가는 인물입니다.","['옛 팝송 및 가요 감상', '울주군 숲길 산책', '동네 중식당 탐방', '나물 중심의 한식 외식', '가족 동반 자연 경관 여행']"
b84ad909ad934fd3a86b61b8f3239e47,81,남자,무직,경기-남양주시,"장정대 씨는 남양주에서 성실함과 포용력으로 이웃들의 신뢰를 받는, 건강하고 활동적인 80대 어르신입니다.","['물의 정원 산책', '다산생태공원 사진 찍기', '순두부찌개 맛집 탐방', '정오의 낮잠', '지역 도서관에서 역사 서적 읽기']"
c57fc2e66fbe48198c9337e9eb7d98a4,22,여자,마케팅 전문가,경기-군포시,"이지현 씨는 교육 마케팅 분야에서 탁월한 성과를 내며 고소득을 올리는 22세 사회초년생으로, 화려한 사회적 모습 뒤에 예민함과 불안을 안고 살아가는 인물입니다.","['대학로 소극장 연극 관람', '성수동 디저트 카페 투어', '디지털 다이어리 꾸미기', '유튜브 플레이리스트 수집']"
2ad67b5832a845e39dbf6ceecf6066f2,61,남자,하역 및 적재 관련 단순 종사원,경기-군포시,"이영락 씨는 군포 공단에서 성실하게 일하며 가족의 안정을 책임지는 60대 가장으로, 조용필의 노래와 수리산의 풍경 속에서 소박한 행복을 찾는 인물입니다.","['수리산 둘레길 산책', '경기도 외곽 드라이브', '동네 분식집 떡볶이와 김밥 먹기', '조용필 노래 감상', '지역 소규모 꽃축제 구경']"
db318abc74dc4ee69759be4ea47c1840,63,여자,무직,서울-성북구,"강정애 씨는 성북구에서 자녀를 키워낸 강인함과 부드러운 중재 능력을 갖춘, 평온한 노후를 가꾸는 60대 여성입니다.","['임영웅 노래 감상', '북한산 인근 찻집 탐방', '성북천 산책', '동네 공원 배드민턴', '문화센터 서예 강좌']"
c6b3d55adc72479285bcafe9d8b9be24,89,여자,무직,경상남-거제시,"김동애 씨는 거제도의 투박한 삶의 지혜와 가족에 대한 깊은 사랑을 간직한 채, 소박한 일상과 신앙 속에서 평온을 찾는 89세의 어르신입니다.","['경로당 친구들과 수다 떨기', '아침 뉴스 시청', '단지 내 산책로 걷기', '성당 미사 참석', '단팥빵 사 먹기']"
2d2166eb1bbb493f91ad881af60e34c5,61,여자,무직,경기-용인시 처인구,"이정희 씨는 용인 처인구에서 꼼꼼한 살림 솜씨와 계획적인 성격으로 가족의 안정을 일구며, 건강한 노후와 소소한 취미 생활을 가꾸는 60대 여성입니다.","['수도권 외곽 드라이브 및 풍경 감상', '일본식 정식 및 소바 맛집 탐방', '반려견과 함께하는 동네 산책', '전통 사찰 및 문화유적지 답사', '동네 사우나에서 보내는 휴식 시간']"
20ace8093f754cec943d460f01063f8f,32,남자,경영 기획 사무원,광주-광산구,"조동준 씨는 광주 금속가공업계의 효율적인 기획자이자, 가족과 동료 사이의 조화를 중시하며 시티팝과 휴양지에서의 쉼을 통해 내면의 예민함을 달래는 32세 남성입니다.","['수완지구 볼링 동호회 활동', '시티팝 및 로파이 음악 감상', '일본 소도시 힐링 여행', '파스타와 스테이크 맛집 탐방', '넷플릭스 시리즈 정주행']"
f50d9df5ec184e48900f2d5c88f346ac,23,남자,하역 및 적재 관련 단순 종사원,서울-강서구,"김지민 씨는 강서구 물류 현장에서 성실하게 일하며 부모님과 함께 안정을 꿈꾸는, 배려심 깊고 소박한 23세 청년입니다.","['서울식물원 풍경 사진 촬영', '마곡지구 수제버거 맛집 탐방', '동네 친구들과의 가벼운 술자리', '자극적이지 않은 한식 메뉴 찾기']"
70b99f24747040fc8ecb2cad3ce8d978,42,여자,조사 전문가,경기-부천시 원미구,"조민경 씨는 보건복지 전공을 살려 리서치 전문가로 성장하며, 독립적인 도시 생활과 가족에 대한 애정 사이에서 균형을 잡고 살아가는 40대 여성입니다.","['상동호수공원 사이클링', '동네 베이커리 투어', '당구 게임을 통한 집중력 훈련', '잔잔한 인디 음악 감상']"
f549c11bfdac4d5583f10c2410680fb3,33,남자,산업 안전원,서울-강남구,라지훈 씨는 높은 학력과 전문성을 갖췄음에도 불구하고 불안정한 수입과 계약직이라는 현실의 벽 앞에서 고군분투하는 30대 산업 안전원입니다.,"['강남구민체육센터 수영', '동네 목욕탕 사우나', '친구들과의 3구 당구', '유튜브 요리 채널을 보고 따라 하는 주말 요리']"
a83e31fb286640f9b86e922c29c34d1f,20,여자,일반 간호사,경기-안산시 상록구,"김고원 씨는 안산에서 어머니와 함께 살며 환자들에게 다정한 미소를 건네는 신입 간호사이자, 소금빵과 산책을 사랑하는 20대 청년입니다.","['대부도 및 시화호 주변 산책', '소금빵과 치아바타 맛집 탐방', '유튜브 요리 브이로그 시청', '마음을 차분하게 하는 에세이 읽기']"
548acd4a54d44e9c9389ac750ba51c0a,47,남자,무직,서울-동작구,"권인수 씨는 고학력 수학 전공자의 논리적인 정밀함과 무직 생활의 정적인 일상을 동시에 지닌 채, 가족과 친구 사이에서 유연하게 균형을 잡으며 살아가는 40대 가장입니다.","['강원도 자연 풍경 감상 여행', '노량진 일대 일식 맛집 탐방', '전략 시뮬레이션 게임', '동네 사우나 단골 방문', '유튜브 과학 채널 시청']"
3a027dd12a5a40088b1f9a4bb9cb29a5,52,여자,총무 사무원,경기-안산시 단원구,"최연경 씨는 안산에서 3세대 가족을 부양하며 사회복지기관의 행정을 빈틈없이 책임지는, 외유내강형의 성실한 살림꾼입니다.","['동네 배드민턴 동호회 활동', '대부도 해안가 가족 산책', '단골 목욕탕에서의 반신욕과 휴식', '동창회 노래방 모임 주도']"
a394610a8a7a48d2a88abb44932f5d99,63,남자,무직,전북-익산시,박병남 씨는 뛰어난 손재주와 사교성을 바탕으로 익산 지역 사회에서 인정받으며 활기찬 노후를 보내는 60대 남성입니다.,"['기원에서의 바둑 대국', '지역 등산 동호회 활동', '단골 식당에서의 사회적 교류', 'TV 스포츠 중계 분석', '지인들과의 골프 라운딩']"
9f4e148739bd4b0babb40f158ec218d4,32,남자,철도운송 관련 종사원,서울-노원구,"최형록 씨는 노원구에 거주하며 철도 운송 분야에서 성실하게 근무하는 32세 남성으로, 유연한 성격과 가족 중심적인 가치관을 가진 안정 지향적 인물입니다.","['수락산 둘레길 느리게 걷기', '동네 일식집의 특상 모둠초밥 맛집 탐방', '풍경 중심의 해외 여행 브이로그 시청', '주말 오후의 깊은 낮잠', '동네 사우나에서 피로 풀기']"
d9621f9abdcd45888d33327a9a490d5a,51,여자,"전직 전화 상담원, 현재 구직중",경상남-밀양시,"서안진 씨는 보험사 상담원 출신의 꼼꼼함과 예민한 촉을 가진 50대 여성으로, 안정적인 재취업과 소소한 취미 생활을 통해 삶의 평온함을 되찾으려 노력합니다.","['밀양 영남루 및 위양지 산책', 'UFC 및 복싱 경기 시청', '트로트 가수 임영웅 노래 듣기', '홈케어 뷰티 기기 활용 및 피부 관리', '오랜 지인들과의 수다와 안부 전화']"
63f5ab42977f4502a4911040de989387,59,여자,지게차 운전원,충청남-천안시 서북구,"한복경 씨는 천안에서 정교한 지게차 운전 실력으로 인정받는 베테랑이자, 빵과 골프를 사랑하며 성실하게 삶을 일궈온 59세 여성입니다.","['천안 외곽 골프 라운딩', 'MBC 표준FM 라디오 청취', '지역 유명 빵집 투어', '동네 사우나 찜질', '친구들과의 수다 모임']"
f04adbf9239c43a0880a69f5d635f378,56,여자,화장품 판매원,경상남-김해시,"최경희 씨는 김해에서 화장품을 판매하며 사람들과 어울리는 것을 좋아하는 사교적인 성격의 소유자로, 식물을 가꾸고 건강을 관리하며 소박한 행복을 찾는 50대 여성입니다.","['베란다 가드닝', '임영웅 노래 듣기', '동네 친구들과 사우나 가기', '유튜브 뷰티 채널 시청', '김해 가야테마파크 산책']"
2254ddbf7ee344e391047462e5137e46,52,여자,무직,경상남-김해시,"박은영 씨는 김해의 정겨운 이웃 관계와 베란다 정원, 그리고 가족과의 소소한 외식을 통해 삶의 만족을 찾는 50대 주부입니다.","['유튜브 가드닝 영상 시청', '낙동강 둔치 산책', '동네 사우나 방문', '김해 시내 피자 맛집 탐방', '베란다 상추 키우기']"
d9790ffe48d14eb18eeaa5ff8cf2ea1d,41,남자,택배원,경기-파주시,"이민영 씨는 파주의 지리를 꿰뚫는 성실한 택배원이자, 가족의 생계를 책임지며 집안 꾸미기와 자연 여행에서 위안을 찾는 40대 가장입니다.","['강원도 숲길 및 자연 경관 출사', '지역 커뮤니티 센터 수영 강습', '루미큐브와 같은 전략 보드게임', '거실 인테리어 소품 수집 및 배치', 'TV 스포츠 중계 시청']"
373169489e4845e5adeb1328fad1b495,49,여자,주방 보조원,전북-익산시,"오정숙 씨는 익산에서 주방 보조원으로 일하며 가족의 안녕과 자녀의 자립을 최우선으로 여기는, 고혈압을 앓고 있지만 소박한 일상의 행복을 아는 40대 후반의 여성입니다.","['만경강변 산책', '동네 사우나 이용', '트로트 음악 감상', '가족과 함께하는 외식']"
17664a1531f14d169e064c8d5ab1eec4,49,남자,언어재활사,경상남-진주시,"김원석 씨는 진주에서 단독주택에 거주하며 환자들에게 신뢰받는 언어재활사로 살아가는, 내실 있고 안정적인 성향의 중년 남성입니다.","['진주 남강 유등축제 구경', '국내 자연 경관 출사', '동네 목욕탕 방문', '거실 소파에서 멍하게 TV 시청하기']"
ad6840dd2cb44f7f93cfd6773245bd66,25,남자,관리 비서,서울-성동구,"추준영 씨는 성수동에서 비서로 근무하며 예술적 감성과 현실적인 성실함을 동시에 갖춘, 건강 관리에 고민이 많은 20대 청년입니다.","['무신사 등 패션 플랫폼 쇼핑', '동네 목욕탕 및 사우나 투어', '일본식 라멘 및 덮밥 맛집 탐방', '유튜브 알고리즘 기반의 영상 시청']"
97737355380a4a00b29876e16e18136b,93,여자,무직,충청남-논산시,"이은환 씨는 격동의 세월을 견뎌낸 강인함과 충청도 특유의 은근함을 지닌, 정갈한 살림 솜씨를 자랑하는 93세의 논산 할머니입니다.","['경로당 바둑 모임', '베란다 난초 물주기', '논산 전통시장 장보기', 'TV 역사 드라마 시청']"
51eef263fbd34a3b9a9f0d107acbd090,63,여자,경리 사무원,대구-달서구,"성춘자 씨는 대구 달서구에서 연구소 경리로 일하며 성실하게 노후를 준비하는, 넉살 좋고 꼼꼼한 60대 여성입니다.","['새벽 수영', '전국 자연 경관 출사 여행', '대구 시내 중식당 맛집 탐방', '사우나에서 이웃과 담소 나누기', '역사 소설 읽기']"
a53246107b124b718bf08efea49013a7,69,남자,산업 안전원,강원-춘천시,"이병노 씨는 춘천에서 안전원으로 성실히 일하며 건강과 일상의 안정을 찾아가는, 조용하지만 책임감 강한 60대 후반의 가장입니다.","['공지천 주변 아침 산책', '헬스장 런닝머신 걷기', '국내 역사 유적지 탐방', '유튜브로 옛 노래 영상 시청', '동네 친구들과의 가벼운 반주 모임']"
fdcf03246cce467ea09edb32ffe55aa6,33,남자,그 외 법률 관련 사무원,대구-남구,"이정기 씨는 기술적 전문성을 갖춘 법률 사무원으로, 대구 남구에서 자가를 보유한 채 건강 관리와 개인적 고독 사이에서 균형을 찾아가는 30대 직장인입니다.","['동네 배드민턴 클럽 활동', '유튜브 영화 리뷰 및 영상 시청', '대구 시내 이색 테마 카페 탐방', '앞산 공원 산책 및 풍경 감상', '분식집 떡볶이와 김밥 맛집 찾기']"
c0a118bb1f114e07bdae4acbf9eb8285,34,여자,경영 기획 사무원,경기-용인시 수지구,"김미나 씨는 보수적인 보험사에서 데이터 분석력을 인정받는 경영기획 전문가이자, 수지구에서 육아와 자아실현 사이의 균형을 찾는 30대 직장인입니다.","['국내 역사 유적지 답사 여행', '인테리어 소품 및 리빙 편집숍 쇼핑', '시티팝 플레이리스트 감상', '전자 잡지를 통한 최신 트렌드 읽기']"
073e581673624caa92b3c7ef0cd2040d,28,여자,국가행정 사무원,경기-안양시 만안구,"박정아 씨는 공학적 논리로 행정 업무를 효율화하는 공무원이자, 안양천의 활기와 내 방의 아늑함 사이에서 균형을 잡으며 나만의 작은 오피스텔 독립을 꿈꾸는 20대 후반의 여성입니다.","['오늘의집 인테리어 소품 수집', '안양천 배드민턴 동호회 활동', '동네 북카페 에세이 읽기', '주말 오후 낮잠과 사우나']"
b4f4bbfd17f442a1a86e4addc1363a81,29,남자,전자계측 제어 기술자 및 연구원,경기-화성시,"최성윤 씨는 인문학적 감성과 정밀 기술력을 동시에 갖춘 화성시의 20대 연구원으로, 대가족의 온기와 예술적 취향 속에서 살아가는 다정하고 꼼꼼한 고도비만 청년입니다.","['독립 영화 및 현대 미술 전시 관람', '유튜브 스포츠 분석 영상 시청', '동네 지인들과의 소규모 술자리', '최신 전자기기 성능 리뷰 탐색']"
b48980c8347e4f37a4dc7dd929d921dc,58,여자,대형 화물차 운전원,경상북-경산시,"신정숙 씨는 투박한 화물 운송 업계에서 정교한 운전 실력과 꼼꼼한 자기관리로 입지를 다진, 외유내강형의 50대 여성 운전원입니다.","['청도 및 문경 자연 경관 투어', '단골 미용실 방문 및 최신 스타일 관리', '일식 전문점 맛집 탐방', '지역 사회 친목 단체 활동']"
41cb36b8f50b4cd8b53aaab899498f88,25,남자,영업 관리 사무원,경기-남양주시,"변예찬 씨는 수학적 논리력과 세심한 감수성을 동시에 지닌 20대 영업 관리자로, 배우자와의 소박한 행복과 전문 MD라는 커리어 성장을 함께 추구하는 인물입니다.","['디지털 카메라를 활용한 인물 및 풍경 사진 촬영', '테마파크 및 식물원 나들이', '최신 OTT 시리즈 및 유튜브 콘텐츠 시청', '나물 위주의 정갈한 한식 맛집 탐방']"
632d61ab425d4387842f0a427c8b436a,54,남자,영업 관리 사무원,대전-대덕구,이재호 씨는 대전 대덕구에서 성실하게 근무하며 가족의 안식처인 내 집 마련을 꿈꾸는 유연하고 배려심 깊은 50대 가장입니다.,"['대청호 민물 낚시', '갑천변 야간 산책', '동네 작은 초밥집 방문하기', '건강 관리용 혈당 체크 및 식단 기록', '가족과 함께하는 자연 풍경 출사']"
97fa7f878a67473ba3b46ef1a3739769,60,여자,건물 경비원,충청남-논산시,"나현경 씨는 논산에서 경비원으로 일하며 텃밭 가꾸기와 트로트 노래방을 즐기는, 외유내강형의 60대 여성입니다.","['논산 딸기축제 방문 및 구경', '마당 화초 가꾸기와 잡초 뽑기', '동네 친구들과의 노래방 나들이', '가족과 함께하는 자연 풍경 사진 촬영']"
82218a1ae97b456ba1d0edf594ec7fb1,37,남자,경리 사무원,부산-북구,"이정호 씨는 부산 북구에서 가족과 함께 살며 조경 회사 경리로 일하는, 소탈한 성격과 약간의 건강 고민을 가진 37세 가장입니다.","['북구 스포츠센터 배드민턴', '경주와 부여 역사 유적지 탐방', 'UFC 및 격투기 경기 시청', '동네 친구들과의 술자리']"
93a95839245544cf8733a14ab0478e89,30,남자,해군 부사관,충청남-계룡시,"김현 씨는 계룡시에서 근무하는 사교적인 해군 부사관이자, 가족과 맛있는 음식을 나누는 소소한 행복을 쫓는 고도비만 아빠입니다.","['유튜브 테크 리뷰 시청', '베란다 텃밭 가꾸기', '동네 삼겹살 맛집 탐방', '모듬 초밥 먹기', '지인들과의 번개 모임']"
fb9e60ec68574b51b194ef030de5ee37,79,여자,무직,경기-평택시,"우영순 씨는 평택에서 홀로 거주하며 꼼꼼한 성격으로 지역 공동체 활동에 앞장서고, 건강 관리와 종교적 성찰을 통해 평온한 노후를 가꾸는 79세 여성입니다.","['베란다 정원 가꾸기', '트로트 프로그램 시청', '성지순례 여행 계획 짜기', '지역 커뮤니티 사교 모임']"
09b7687efd454a87b748a2e7859e055a,36,남자,투자신탁 전문가,서울-성동구,"이성민 씨는 성수동에 거주하며 숫자의 명확함을 신뢰하는 투자신탁 전문가이자, 양평 낚시와 로컬 맛집 탐방으로 스트레스를 해소하는 신중하고 예민한 성격의 가장입니다.","['민물 낚시', '전국 노포 맛집 탐방', '경제 팟캐스트 청취', '가족과 함께하는 동네 산책']"
f29c04ab2d794a259dd5cc65ad54194d,32,여자,가사 도우미,경기-용인시 수지구,"권수지 씨는 용인 수지구에서 가사 도우미로 일하며 전문 정리 컨설턴트의 꿈을 키우는, 생활력 강하고 넉살 좋은 32세 여성입니다.","['판교 독립 갤러리 투어', '탄천 물길 따라 산책하기', '동네 숨은 천연 발효빵집 찾기', '소극장 연극 관람', '시티팝 음악 감상']"
2b828f0f047e4e8a84b1d3dc9c87153c,45,여자,주방 보조원,경상북-울진군,"변승화 씨는 울진의 자연 속에서 가족과 반려견 뭉치를 아끼며, 주방 보조원으로서의 전문성을 키워 조리사를 꿈꾸는 체계적이고 다정한 40대 여성입니다.","['반려견 산책 및 훈련', '오늘의집 활용 거실 인테리어', '친구들과의 파스타 맛집 탐방', '지역 소규모 갤러리 전시 관람']"
32ea3eadb1354e829b4b56d4ed756e2a,21,남자,통신장비 기사,경기-수원시 장안구,"조종현 씨는 수원에서 활동하는 실무 중심의 통신장비 기사로, 운동과 게임을 즐기며 현실적인 성장을 꿈꾸는 21세 청년입니다.","['리그 오브 레전드', '웨이트 트레이닝', '반려견 산책', '간단한 한그릇 요리']"
fcda40d467004d43b0c59631a8cf3f3c,66,여자,무직,경기-성남시 분당구,"이영신 씨는 분당의 정돈된 풍경 속에서 저염식 식단과 탄천 산책으로 건강을 돌보며, 자녀를 향한 헌신 뒤에 숨겨진 자신만의 작은 취향을 조심스럽게 가꾸어가는 강인한 어머니입니다.","['분당 탄천 산책로 걷기', '동네 개인 베이커리 투어', '유튜브 식물 관리 및 가드닝 영상 시청', '오랜 친구들과 함께하는 수목원 나들이']"
96ed52967692424da52877f262f9cc1d,78,남자,무직,서울-관악구,"이준용 씨는 서울 공단에서의 치열한 삶을 뒤로하고 관악구에서 가족과 친구, 그리고 소소한 취미와 함께 평온한 노후를 보내는 정밀 기계 가공 숙련공 출신의 어르신입니다.","['관악산 둘레길 산책', '유튜브 낚시 채널 시청', '동네 친구들과의 장기 대국', '가족과 함께하는 전국의 숲길 여행', '지역 주민센터 바둑 교실 참여']"
5e4ef0283357454197fccae208679ae4,56,남자,무직,경상북-포항시 남구,"박종환 씨는 포항 남구에서 손재주와 넉살로 이웃들과 어울리며, 낚시와 산책을 즐기는 여유로운 50대 독신 남성입니다.","['구룡포 해안가 바다낚시', '영일대 해변 조깅', '유튜브 낚시 전문 채널 시청', '동네 일식집에서 즐기는 제철 회 시식']"
7161ca7a17f74fdd8cb8719c42af0388,20,여자,사무 보조원,부산-금정구,"최지영 씨는 부산 금정구에서 사무 보조로 일하며 독립을 꿈꾸는 20세 청년으로, 정서적 예민함과 유연한 성격을 동시에 지닌 채 소소한 일상의 행복을 찾는 인물입니다.","['반려견과 동네 산책하기', '유튜브 브이로그 시청', '코인 노래방에서 최신 곡 부르기', '낯선 도시로 떠나는 나홀로 여행']"
b5d64384439a41f181a5cc931c296af9,27,남자,건축자재 영업원,경기-김포시,"홍정재 씨는 세련된 서비스 매너와 현장의 투박함을 모두 갖춘 27세 건축자재 영업사원으로, e스포츠 분석과 사우나를 통해 삶의 균형을 잡는 인물입니다.","['LCK 경기 관람 및 블로그 리뷰 작성', '김포 지역 이색 테마카페 탐방', '동네 사우나에서 즐기는 반신욕', '친구들과 함께 떠나는 강원도 숲길 여행']"
695e2696ea7c426f93a30b3f91ed2700,64,여자,무직,충청북-충주시,"최현숙 씨는 충주에서 오빠 가족과 함께 사는 60대 미혼 여성으로, 공학 전공자의 꼼꼼함과 독립적인 성격을 바탕으로 제2의 인생을 가꾸는 분입니다.","['충주 지역 배드민턴 동호회 활동', '나물과 두부 중심의 한식 정찬 요리', '유튜브 건축 및 인테리어 채널 시청', '전국 주요 도시 시티투어 버스 여행']"
5638cfee8fb144018c22f1b49b6f185b,56,여자,음료 배달원,경상남-양산시,"김미경 씨는 양산에서 음료 배달을 하며 소박한 디저트 카페의 꿈을 키우는, 넉살 좋고 정 많은 50대 여성입니다.","['천성산 및 영축산 등산', '유튜브 맛집 리뷰 시청', '지역 라디오 프로그램 청취', '양산신도시 브런치 카페 투어']"
864a8cb04b1f4db4ad0a0504cd525f2d,51,여자,"전직 연선기 조작원, 현재 구직중",인천-서구,"정희연 씨는 인천 공단에서 잔뼈가 굵은 성실한 기술자 출신으로, 정교한 손재주와 체계적인 생활 습관을 바탕으로 제2의 직업 인생을 꿈꾸는 50대 여성입니다.","['전국 팔도 향토 음식 탐방', '비즈 공예 액세서리 제작', '청라호수공원 야간 산책', '구립 수영장 자유 수영', '지역 성당 소모임 활동']"
e7926df30b8f48c09b33684f3075f60f,26,여자,공공행정 전문가,서울-강남구,"최경진 씨는 강남에 거주하며 ICT 기술로 공공행정의 효율화를 꿈꾸는 26세의 당찬 직장인이자, 헬스와 연극을 사랑하는 도시 여성입니다.","['대학로 소극장 연극 관람', '성수동 요리 주점 탐방', '고강도 웨이트 트레이닝', '평창 숲길 트레킹', '넷플릭스 다큐멘터리 시청']"
2e9e874899454d24a4e3571394e602f5,48,남자,그 외 금융 사무원,서울-노원구,"김제규 씨는 유연한 사고와 뛰어난 사교성으로 건설 금융 분야에서 신망을 받는, 인간미 넘치는 노원구의 마당발입니다.","['수락산 등산 및 트레킹', '해외 축구 경기 시청', '동네 일식 맛집 탐방', '유튜브 짧은 영상 시청', '낮잠을 통한 에너지 충전']"
d0da666cf9974e69acb1c148a21be327,24,남자,일식 조리사,경기-파주시,"박혜창 씨는 건강 관리라는 숙제를 안고 있지만, 섬세한 손끝 기술과 뚜렷한 주관으로 자신만의 오마카세 제국을 꿈꾸는 24세의 야심 찬 일식 조리사입니다.","['파주 시립 수영장 자유수영', '리그 오브 레전드', '네이버 웹툰 정주행', '새로운 일식 레시피 개발', '한강변 야간 러닝']"
80759464bdf84d068c51f11b80053e6f,31,여자,텔레마케터,서울-서대문구,"권윤주 씨는 타인의 감정을 세심하게 보살피는 금융업 종사자이자, 식물과 사진을 통해 고독한 휴식을 즐기며 심리 상담사의 꿈을 키워가는 30대 여성입니다.","['필름 카메라 출사', '베란다 홈 가드닝', '양평 숲속 휴양', '동네 고깃집 맛집 탐방']"
737938dd60dc4de8ad1dd6da05fc1502,34,여자,치과 일반 의사,부산-서구,"정사랑 씨는 예술적 감수성으로 진료실을 디자인하고 싶은, 부산 서구의 다정한 치과의사입니다.","[""라디오 '두시탈출 컬투쇼' 청취"", '영도 지역 수제 사워도우 빵집 탐방', '광복동 인근 독립 갤러리 관람', '매주 일요일 교회 성가대 활동']"
2a2a155af6424f91838830c29942edba,60,남자,무직,대구-달서구,"김길홍 씨는 법학 전공자의 냉철한 이성과 예술을 향한 낭만을 동시에 품은 채, 대구 달서구에서 홀로 고요한 삶의 여백을 채워가는 60대 남성입니다.","['OTT 해외 다큐멘터리 시청', '대구 근교 숲길 산책 및 풍경 사진 촬영', '수제 버거 및 이색 식당 탐방', '동네 친구들과의 소규모 술자리', '디지털 기기를 활용한 정보 검색']"
3b677c9154954dcaabf3c9d379ac128e,36,남자,회계 사무원,경상남-김해시,"문광민 씨는 김해의 건설 회계 사무원으로 성실하게 살아가며 예술적 낭만과 가족에 대한 사랑을 동시에 품고 있는, 외유내강형의 30대 가장입니다.","['오픈월드 RPG 게임', '가야산 인근 삼림욕', '스크린 골프', '가족과 함께하는 온천 여행', '동네 풍경 사진 찍기']"
a5673b7fb96e458088bac835d0c3b5f3,29,여자,보육 관련 시설 서비스 종사원,충청남-금산군,"이예지 씨는 꼼꼼한 보육 전문가이자 식도락을 즐기는 20대 후반의 여성으로, 철저한 자기관리와 충동적인 생활 습관이 공존하는 입체적인 인물입니다.","['금산 전통시장 맛집 탐방', '지역 배드민턴 동호회 활동', '헬스장 웨이트 트레이닝', '유튜브 해외 디저트 영상 시청', '반려견과 동네 산책']"
6fe166801c5e4a299216debc0906e788,68,여자,"전직 건물 청소원, 현재 구직중",인천-부평구,"김옥금 씨는 부평 공단의 치열한 삶을 지나 자가 아파트를 마련한 성실한 삶의 소유자로, 정돈된 일상과 예술적 상상을 동시에 추구하는 60대 여성입니다.","['부평구 산책로 걷기', '동네 친구들과의 사우나 정기 모임', 'TV 건강 프로그램 시청 및 식단 기록', '지역 소규모 전시회 관람 및 감상']"
cfafbfb9601e4c8d845e9526df8ef23f,61,여자,무직,울산-북구,"김향미 씨는 울산 북구에서 원예와 요가로 내면의 평화를 가꾸며, 식도락 여행과 예술적 갈증을 통해 삶의 활력을 찾는 60대 여성입니다.","['심수봉 노래 따라 부르기', '전국 짬뽕 맛집 탐방', '아침 거실 요가 루틴', '가드닝 전문 유튜브 채널 시청', '클래식 음악 감상']"
424ed22480b64ae0bbf48651076e21ab,65,여자,무직,경기-남양주시,최현옥 씨는 남양주 다산동에서 꼼꼼한 살림 솜씨와 규칙적인 생활 습관으로 평온한 일상을 가꾸어 나가는 60대 여성입니다.,"['남한강 산책로 풍경 사진 찍기', '베란다 텃밭 채소 가꾸기', '유튜브 트로트 영상 시청', '지역 배드민턴 동호회 활동']"
c88bac735ec54d948d94d400677ceb14,23,여자,"전직 보육교사, 현재 구직중",인천-부평구,"한가은 씨는 부평의 활기찬 시장통 분위기 속에서 자라난 사교적인 전직 보육교사로, 이른 결혼 생활의 안정감과 소소한 취향을 쫓는 20대 여성입니다.","['전국 유명 디저트 카페 투어', '네이버 웹툰 정주행', '평리단길 소품샵 구경', '동네 공원 가벼운 산책']"
55a90042ec8a41a4a8a75f3dfa86da39,55,남자,음료 서비스 종사원,경기-광주시,"김종수 씨는 교육학을 전공하고 음료 서비스업에 종사하며, 가족과 함께하는 소박한 일상과 종합격투기 시청, 남한산성 산책을 즐기는 50대 중반의 가장입니다.","['남한산성 숲길 산책 및 등산', 'UFC 및 격투기 경기 시청', '소액 로또 및 스포츠 토토', '동네 단골 돼지갈비집 외식', '유튜브 자연 풍경 영상 감상']"
9f859097361243c3bba5e23ac9e510e4,28,여자,무직,경기-안산시 상록구,"이예빈 씨는 안산의 조용한 동네에서 인문학적 소양과 세밀한 정리 능력을 바탕으로 안정적인 미래를 준비하는, 정적인 취향의 20대 여성입니다.","['유튜브 맛집 탐방 영상 시청', '인디 밴드 음악 감상', '단골 식당 메뉴 정복', '넷플릭스 시리즈 정주행']"
a1a0e464747b441e87fef39e3cb7dbb7,37,남자,그 외 정보 통신기기 설치 및 수리원,경상남-창원시 의창구,"백현준 씨는 창원에서 네트워크 수리공으로 일하며 가족을 부양하는 성실한 가장이자, 소박한 자연과 소주 한 잔의 여유를 아는 30대 남성입니다.","['상남동 일대 고기 맛집 탐방', '남해안 해안도로 드라이브', '동네 사우나에서 식혜 마시기', '유튜브 최신 가전 리뷰 시청', '동네 유기견 보호소 봉사활동']"
dea3f2fa0a664eefb1f1dba3a80d14ec,31,여자,환경 검사원,서울-광진구,"문지안 씨는 서울 광진구에서 부모님과 거주하며 환경 검사원으로 성실하게 근무하는 31세 여성으로, 안정적인 일상과 소소한 취향을 통해 삶의 균형을 찾는 사람입니다.","['반려견 산책', '방 인테리어 소품 수집', '수안보 온천 여행', '동네 볼링장에서의 가벼운 경기', '독립영화 관람']"
01c6db49223e4823af380459f3e5cfcb,84,여자,무직,서울-서대문구,"민금자 씨는 서대문구 시장통의 지혜를 품고 트로트와 걷기를 사랑하며, 가족과 이웃을 살뜰히 챙기는 84세의 억척스럽지만 다정한 할머니입니다.","['유튜브 트로트 영상 시청', '서대문구 안산 자락길 산책', '동네 친구들과의 일식 외식', '음성 인식 기능을 활용한 블로그 일기 쓰기', '스마트폰 사진 촬영']"
65ac13469cff46be875d4fd4dc1fb412,67,여자,바텐더,경상북-성주군,"유희숙 씨는 성주읍의 소식통이자 정 많은 바텐더로, 술은 마시지 않지만 사람 사이의 온기를 섞어 내놓는 넉살 좋은 60대 여성입니다.","['유튜브 트로트 영상 시청', '대구 시티투어 및 도심 맛집 탐방', '성주 지역 문화유적지 산책', '일식당 메뉴 체험']"
52e17175593a4a46bcf5fc3a645e7dbb,62,여자,무직,경기-남양주시,"임정숙 씨는 남양주에서 대가족을 보살피는 헌신적인 살림꾼이자, 건강 회복과 평온한 노후를 꿈꾸는 60대 여성입니다.","['유튜브 생활 밀착형 팁 시청', '남양주 한강변 산책로 걷기', '친구들과의 테마파크 나들이', '정갈한 일식 전문점 탐방']"
9ba99886033941b1b26e939310ad11bf,78,남자,무직,전북-군산시,"배경식 씨는 군산의 짠내 나는 삶의 현장에서 단단해진 현실 감각과 따뜻한 배려심을 동시에 지닌, 아내와 손주를 끔찍이 아끼는 78세 어르신입니다.","['군산 앞바다 바다낚시', '지역 한식당의 아구찜과 동태탕 맛집 탐방', '트로트 음악 감상 및 따라 부르기', '종교 시설 성지순례', '경로당 사교 모임']"
633d9b82004d493d8a36f756441129f4,67,남자,그 외 하역 및 적재 단순 종사원,충청남-예산군,이재석 씨는 예산의 흙내음 속에서 실용적인 삶의 지혜를 터득하고 아내와 함께하는 평온한 일상을 소중히 여기는 60대 농업 노동자입니다.,"['유튜브 스포츠 하이라이트 시청', '예당호 수변 산책로 걷기', '동네 일식당 메뉴 탐방', '정오의 짧은 낮잠']"
a9ca89ab91e143e8a06d568483c1b660,38,남자,"전직 범용 소프트웨어 프로그래머, 현재 구직중",전북-전주시 덕진구,"신태관 씨는 전주에서 가족을 부양하며 재취업을 준비하는, 현실적이고 책임감 강한 30대 후반의 전직 소프트웨어 개발자입니다.","['전북 현대 모터스 경기 직관', '오늘의집 인테리어 소품 쇼핑', '덕진공원 야간 산책', '지역 지인들과의 소주 한잔', '유튜브 IT 기술 트렌드 영상 시청']"
e1382610854d4be598f3f24f5d0d879e,65,여자,무직,서울-영등포구,"이영자 씨는 영등포 시장통의 생동감 속에서 성장해 강인한 생활력을 갖추었으며, 현재는 가족에 대한 사랑과 소박한 취미를 통해 평온한 노후를 가꾸어가는 따뜻한 성품의 소유자입니다.","['임영웅 노래 감상 및 팬 활동', '여의도 한강공원 및 공원 산책', '단골 일식집 방문 및 외식', '동네 지인들과의 안부 전화 및 정보 공유']"
b127a9c88ec245828a2469f3ef81e99d,82,남자,무직,강원-고성군,"최대용 씨는 강원도 고성에서 평생을 보낸 82세 어르신으로, 투박한 손재주와 따뜻한 정을 가진 현실적인 생활인입니다.","['동네 사우나 단골 모임', 'TV 트로트 경연 프로그램 시청', '해안가 산책로 걷기', '배달 앱으로 피자 주문하기']"
eb112618736347a99e50c71d36da981f,24,여자,무직,전라남-순천시,"배미림 씨는 전남 순천에 거주하며 안정적인 사무직 취업을 준비하는 24세 여성으로, 배드민턴과 음악 감상을 즐기며 실용적이고 유연한 삶을 지향합니다.","['동네 체육관 배드민턴', '뉴진스 음악 감상', '순천만 습지 산책', '집 근처 분식집 투어']"
fe9e6f73650040d6b30f6d2ae5016aca,76,남자,무직,부산-해운대구,"손동철 씨는 해운대의 변화를 지켜본 은퇴한 건설 엔지니어로, 외로움을 산책과 봉사로 달래며 실용적인 삶을 살아가는 고집 센 부산 할아버지입니다.","['해운대 해수욕장 아침 산책', 'TV 트로트 경연 프로그램 시청', '종이 신문 구독 및 스크랩', '지역 소규모 클래식 공연 관람', '단골 주점에서 나누는 옛 동료와의 담소']"
a5f1b1400cde4333a8ee6af7363ec269,38,여자,무직,경기-시흥시,"황수지 씨는 시흥 배곧신도시에서 거주하며 인문학적 소양과 꼼꼼한 성격으로 가족의 일상을 지탱하고, 배드민턴과 음식 여행으로 삶의 활력을 찾는 30대 후반의 여성입니다.","['시흥시 지역 배드민턴 클럽 활동', '전국 노포 맛집 탐방', '유튜브 클래식 음악 플레이리스트 감상', '동네 사우나 반신욕']"
56115f22a83e4e169c4abb20fbcedd3f,56,여자,회계 사무원,경기-수원시 영통구,"박보윤 씨는 꼼꼼한 회계 업무 능력과 원만한 대인 관계를 갖춘, 실속과 안정을 중시하는 수원 영통의 중년 여성입니다.","['광교 호수공원 산책 및 필라테스', '임영웅 노래 감상', '영통구 일식 맛집 탐방', '가족과 함께하는 서울 시티투어 버스 여행', '유튜브 건강 정보 영상 시청']"
20b1313e1b9a44a49b9239cad7184f34,26,여자,무직,서울-관악구,"김가은 씨는 사회과학적 통찰력과 현실적인 감각을 동시에 갖춘 취업 준비생으로, 정돈된 일상 속에서 내면의 불안과 싸우며 성장을 꿈꾸는 20대 여성입니다.","['성수동 팝업 스토어 탐방', '김영하 산문집 읽기', '동네 숨은 분식집 지도 만들기', '반신욕 하며 팟캐스트 듣기', '친구와 함께하는 제주도 식도락 여행']"
8450f4445dfd4903a2733c6674068e99,60,여자,간호조무사,부산-영도구,"엄명숙 씨는 영도에서 간호조무사로 일하며 정 많은 성격과 손맛 좋은 요리로 주변 사람들을 챙기는, 현실적이고 활기찬 60대 여성입니다.","['전국 노포 맛집 탐방', '제철 식재료를 활용한 한식 상차림', '동네 미용실 수다 모임', '주간지 읽으며 건강 정보 수집']"
9b697933a02e4c419be30c9d1459472e,88,여자,무직,전라남-해남군,"서소자 씨는 땅끝마을의 바람과 흙을 닮아 강인하면서도, 가족을 향한 내리사랑과 정갈한 손맛으로 평온한 노년을 가꾸어가는 해남의 어머니입니다.","['마을 교회 예배 참석', '라디오 트로트 청취', '해남 대흥사 주변 산책', '동네 친구들과의 전화 통화']"
8f9fb427674948748b8b7bd43179f4d1,49,여자,사회과학·경영 및 법학 교수,강원-홍천군,신주희 씨는 강원도 홍천에서 가족을 부양하며 실무 중심의 교육을 실천하는 현실적이고 단단한 내면의 소유자입니다.,"['전국 노포 맛집 지도 만들기', '가족과 함께하는 보드게임', '제철 식재료를 활용한 집밥 요리', 'OTT 플랫폼 다큐멘터리 시청', '정교한 조각 퍼즐 맞추기']"
32108121b2f3416e80df37e95f88d0b2,47,여자,경리 사무원,광주-북구,"심옥인 씨는 광주 북구에서 자녀를 홀로 키우며 학원 경리로 성실하게 살아가는, 강인한 생활력과 따뜻한 정을 가진 47세 여성입니다.","['동네 배드민턴 동호회 활동', '심야 라디오 및 팟캐스트 청취', '무등산 둘레길 산책', '지역 유명 빵집 투어']"
72e21260d474419090c310ea0719457e,26,남자,무직,광주-광산구,문민하 씨는 광주 수완지구의 안락한 자가 아파트에서 실용적인 계산 능력과 나태한 일상 사이의 균형을 잡으며 안정적인 미래를 모색하는 20대 청년입니다.,"['수완지구 이자카야 탐방', '웹툰 및 OTT 시리즈 정주행', '배달 음식 맛집 큐레이팅', '전략 보드게임 모임']"
07a027b20d954b539cc58e3952af6e2c,50,남자,무직,경상북-경산시,"김병완 씨는 경산에서 나고 자란 50세 남성으로, 현장 경험의 꼼꼼함을 지녔으나 현재는 고혈압 관리와 소일거리를 찾는 무직 상태입니다.","['인근 골프장 라운딩', '유튜브 건강 및 가전 리뷰 시청', '동네 분식집에서의 술자리', '가족과 함께하는 팔공산 풍경 감상']"
6ce4c87dda1b466b8b47333cdd7a92eb,63,남자,인쇄 필름 출력원,광주-광산구,"백윤철 씨는 광주 광산구에서 인쇄 필름 출력원으로 일하며, 정교한 기술력과 사교적인 성격으로 주변 사람들과 어울려 살아가는 60대 독신남입니다.","['풍경 사진 촬영', '코인 노래방 방문', '영산강 둔치 산책', '유튜브로 옛날 가요 감상']"
19898126768f45d0821f615ad865afcc,60,여자,건물 청소원,대구-서구,"배해자 씨는 대구 서구에서 병원 청소원으로 일하며 자녀들을 위해 헌신해온, 겉은 딱딱해도 속은 깊은 강인한 어머니입니다.","['동네 목욕탕에서 지인들과 수다 떨기', '대구미술관 전시 관람', '거실 소파에 기대어 일일 드라마 시청', '서구 일대 골목길 천천히 산책하기']"
53a6f3c1a5ce4b4a8097ab9076bc5db6,40,남자,자재 관리 사무원,부산-사하구,서희정 씨는 부산 사하구에서 성실하게 자재 관리를 하며 가족의 안정을 최우선으로 여기는 책임감 강한 40대 가장입니다.,"['유튜브 캠핑 장비 리뷰 시청', '다대포 해변 산책', '동네 삼겹살집 외식', '주말 드라마 정주행']"
c5c9dcc6a1e44c22a598656903e15702,55,여자,지게차 운전원,인천-부평구,"김경희 씨는 부평 공단에서 지게차를 운전하며 성실하게 살아온 50대 여성으로, 가족에 대한 책임감과 소박한 일상의 즐거움 사이에서 균형을 잡으려 노력하는 사람입니다.","['부평 지역 배드민턴 동호회', '유튜브 건강 및 트로트 영상 시청', '부평역 인근 이탈리아 식당 외식', '동네 친구들과의 소주 모임']"
c4e545dce05e40209e60e8e6be940ce3,55,남자,위성방송 안테나 설치 및 수리원,부산-사하구,"강희철 씨는 부산 사하구의 거친 현장에서 몸으로 삶을 일궈온, 의리와 가족 사랑이 지극한 50대 안테나 설치 전문가입니다.","['다대포 갯바위 낚시', '동네 사우나 단골 모임', '유튜브 낚시 채널 시청', '포장마차에서의 술자리', '친목 단체와 함께하는 자연 풍경 여행']"
e5f0831d0dfb4bf791f74d19b1d4a3fa,53,남자,경·소형 화물차 운전원,서울-도봉구,"신경태 씨는 숙련된 화물차 운전 기술로 가정을 일군 성실한 가장이며, 신앙심과 가족애를 바탕으로 건강한 은퇴를 꿈꾸는 신중하고 예민한 성격의 소유자입니다.","['수락산 둘레길 산책', '유튜브 옛 가요 감상', '가족과 함께하는 성지순례', '동네 보리밥 정식 맛집 탐방']"
e3dbc79b50064f9893305dd853ea26de,63,남자,무직,경상북-구미시,"김광석 씨는 구미 공단의 성실함을 몸에 새긴 전직 관리직으로, 꼼꼼한 성격과 고독한 일상을 지닌 60대 가장입니다.","['금오산 자락 산책', '라디오 고전 팝송 청취', '지역 식물원 풍경 사진 찍기', '시원한 막국수 맛집 탐방', '오래된 앨범 정리하기']"
f2af9d906e824b03b03ab3a05ca64532,24,남자,무직,서울-노원구,"이서인 씨는 노원구에 거주하며 안정적인 미래를 위해 시설 관리 자격증을 준비하는, 정적이고 유연한 성격의 24세 청년입니다.","['저수지 민물 낚시', '유튜브 운동 영상 시청', '동네 헬스장 가벼운 유산소 운동', '일식당 맛집 탐방']"
6a49ac82e0d04f96b6c287f7fef8c992,47,여자,관세행정 사무원,경상남-창원시 진해구,주미선 씨는 진해에서 성실하게 관세 행정직으로 근무하며 안정적인 삶과 소소한 일상의 행복을 가꾸어 나가는 40대 여성입니다.,"['진해 해양공원 산책', '베란다 텃밭 가꾸기', '동네 단골 사우나 방문', '일식 초밥 맛집 탐방', '지인들과의 가벼운 반주']"
8073d464c268457aa1daaa02cd16f874,66,남자,크레인 운전원,강원-원주시,"박기홍 씨는 정밀한 크레인 조작 실력을 갖춘 성실한 기술자이자, 원주의 일상을 블로그에 기록하며 치악산의 자연과 동료들과의 술자리를 즐기는 60대 가장입니다.","['네이버 블로그 일상 기록', '치악산 둘레길 산책', '동네 사우나 이용', '원주 중앙시장 맛집 탐방', '치킨과 함께하는 소규모 모임']"
02876e601b344a3b9b0c6a96acbd5bf4,39,여자,판매 관련 관리자,서울-영등포구,"김은정 씨는 인문학적 감수성과 현실적인 영업 감각을 동시에 갖춘 영등포의 소매업 관리자로, 식도락과 휴식을 통해 삶의 에너지를 얻는 사교적이고 정 많은 서른아홉 살 여성입니다.","['전국 노포 맛집 및 디저트 카페 탐방', '동네 목욕탕과 찜질방에서의 휴식', '여의도 한강 공원 야간 산책', '최신 유행하는 연예인 토크쇼 시청']"
89f46dcb783c49d8ac01933639fb30ec,49,남자,항해사,경상남-거제시,"조윤식 씨는 숫자와 논리로 세상을 읽는 꼼꼼한 항해사이며, 거제 바다의 정밀함과 90년대 발라드의 서정성을 동시에 품고 살아가는 중년 남성입니다.","['거제 면온동 주변의 완만한 산책로 걷기', '유튜브를 통한 최신 경제 트렌드 및 재테크 강의 시청', '90년대 가요 중심의 코인 노래방 방문', '남해안 해안선 출사 여행']"
947c6c72cfa44347ab5e6b43dc42c42a,74,남자,예약 및 접수 사무원,경상북-영천시,"양천용 씨는 영천의 풍경을 사랑하고 사람 사이의 온기를 소중히 여기며, 성실한 노동과 소박한 일상에서 행복을 찾는 낙천적인 어르신입니다.","['보현산 풍경 사진 촬영', 'TV 역사 다큐멘터리 시청', '동네 친구들과의 정기적인 외식', '지역 문화제 구경']"
b66dcb52455a439e9da4f96ad909dab1,52,남자,상·하수 배관공,경기-부천시 원미구,"고순배 씨는 부천의 노후 아파트 배관을 책임지는 숙련공이자, 투박한 손마디에 가족에 대한 사랑과 성실함을 담아 살아온 50대 가장입니다.","['가족과 함께하는 지역 문화 축제 나들이', '동네 지인들과의 스크린 골프', '유튜브 음악 및 영상 시청', '부천 원미구 인근 산책로 걷기', '일식집에서 즐기는 모둠회 식사']"
1e8392d0d26948c69049a62de6f3c48b,20,여자,치과위생사,서울-노원구,박유겸 씨는 노원구에 거주하며 안정적인 직장 생활과 트렌디한 취향 사이에서 균형을 찾는 20대 초반의 치과위생사입니다.,"['일본 가정식 및 퓨전 일식 맛집 탐방', '넷플릭스 및 유튜브 영상 시청', '에어프라이어 활용 간단 안주 요리', '동네 사우나 반신욕 및 휴식']"
f8047356c9724595956d30e62975a1d0,67,여자,무직,전북-전주시 완산구,"이순자 씨는 전직 교육자로서의 단정한 품위와 전주 사람의 미식적 취향을 간직한 채, 건강 관리와 소중한 인연들과의 유대를 통해 평온한 은퇴 생활을 꾸려가는 60대 여성입니다.","['지리산 둘레길 풍경 감상', '동네 기원에서의 바둑 대국', '트로트 가수 임영웅 음악 감상', '전주 지역 문화 축제 관람']"
15df65aa7cc844b180d3b5b64451c24b,66,남자,지게차 운전원,부산-부산진구,"손창영 씨는 부산의 물류 현장을 지키는 정밀한 지게차 운전원이자, 롯데 자이언츠와 옛 노래를 사랑하며 내 집 마련의 꿈을 꾸는 예민하고 성실한 아버지입니다.","['롯데 자이언츠 경기 직관', '동네 공원 배드민턴 모임', 'MBC 표준FM 라디오 청취', '온천천 시민공원 저녁 산책']"
4f00685c9c9140de886f0ec3995a5f91,67,남자,무직,서울-성동구,"김상환 씨는 성동구의 변화를 지켜본 꼼꼼한 성격의 은퇴자로, 가족과 이웃 사이에서 인정받으며 안정적인 노후를 보내고자 하는 60대 남성입니다.","['스마트폰 바둑 및 장기 게임', '서울숲 산책로 삼림욕', '나훈아의 최신 곡 감상', '주말 가족 동반 등산', '저녁 시간 마스크팩으로 피부 관리하기']"
b61c498a6b2d4ee087406fc2f3e956ca,26,여자,금속 세척기 조작원,경상남-창원시 의창구,"이예진 씨는 창원 공단에서 세척공으로 일하며 내 집 마련의 꿈을 이룬 20대 엄마로, 성실한 노동의 가치와 가족과의 소박한 일상을 사랑하는 인물입니다.","['상남동 주변 주점 탐방', '무학산 등산 및 풍경 사진 찍기', '유튜브 쇼츠와 릴스 시청', '프로야구 경기 관람', '일상 관련 팟캐스트 청취']"
b4847faf69a5457a9a33c64b50f42bcd,47,남자,무직,전북-군산시,"김창원 씨는 군산의 정취 속에 살며 가족을 부양하는 책임감 강한 가장이자, 소규모 창업을 꿈꾸며 고전 영화와 바다 산책으로 마음을 달래는 40대 남성입니다.","['고군산군도 해안 풍경 감상', '고전 영화 다시 보기', '유튜브 자연 다큐멘터리 시청', '동네 단골 삼겹살집 방문']"
dfd5a2a4e96e4d7a90c92f1054e47c51,49,남자,그 외 자산 운용가,전라남-순천시,"김유철 씨는 공학적 정밀함과 남도의 여유를 동시에 지닌, 가족의 안정을 최우선으로 여기는 꼼꼼하고 책임감 강한 자산 운용가입니다.","['동네 당구장 모임', '베란다 텃밭 가꾸기', '종이 신문 탐독', '순천만 습지 산책']"
2b1886c2639646f8832f6d088a484088,30,여자,무직,서울-노원구,"이은혜 씨는 노원구에 거주하며 엑셀 실력을 갖춘 완벽주의 성향의 30세 여성으로, 가족과의 유대를 중시하며 안정적인 사무직으로의 복귀를 준비하는 취준생입니다.","['수락산 등산로 산책', '모바일 시뮬레이션 게임', '가족과 함께하는 한우 구이 외식', '유튜브 인테리어 정리 영상 시청']"
8c595fe5e0aa4c6fa6908b64095e873f,71,남자,식품학 연구원,대구-군위군,"박재선 씨는 대구 군위에서 가족과 함께 살며 전통 발효 식품을 연구하는 71세 공학 박사로, 분석적인 전문성과 소박한 지역민의 정서를 동시에 지닌 인물입니다.","['팔공산 둘레길 산책', '지역 사우나 단골 방문', '가족 동반 대구 시티투어', '읍내 시장 구경 및 잡담']"
fba9332fd27b4c14bf32acad4e95d1d7,58,여자,사무 보조원,대구-북구,"정혜숙 씨는 부족한 학력을 성실함과 생활력으로 극복하고 자동차 부품 업계의 살림꾼으로 자리 잡았으며, 가족에 대한 헌신과 개인적인 독립심 사이에서 균형을 찾는 대구의 50대 여성입니다.","['팔공산 드라이브 및 풍경 감상', '동네 찜질방 및 사우나 이용', '베이커리 카페 투어', 'TV 스포츠 중계 시청', '나홀로 숲길 산책']"
ac32d731bbb04cf0867e6dc24c86c46d,32,남자,냉난방기 관련 설비 조작원,대구-수성구,"김현욱 씨는 수성구의 냉난방 설비 전문가로서 책임감 있게 일하며, 가족과의 외식과 게임을 통해 소소한 행복을 찾는 30대 남성입니다.","['리그 오브 레전드 게임', '들안길 한우 및 맛집 탐방', '동네 사우나에서 반신욕 하며 휴식하기', '가족과 함께하는 근교 음식 여행']"
984fa45d0be14413b31fca109286b2d7,28,여자,무직,인천-미추홀구,"박단경 씨는 인천 미추홀구에서 동생들을 부양하는 28세 인문학 전공자로, 뛰어난 예술적 심미안과 느긋한 삶의 태도를 가진 무직 상태의 가장입니다.","['인천아트플랫폼 전시 관람', '동네 사우나에서 휴식하기', '전국 제철 음식 탐방', '예술 분석 유튜브 시청', '일식 오마카세 투어']"
7fe664b9b05249a59b470ff33678f58e,43,남자,회계 사무원,서울-강남구,홍황사 씨는 강남구 도곡동에서 어머니와 함께 살며 숫자의 정돈됨과 자연의 고요함 속에서 안정을 찾는 40대 회계 사무원입니다.,"['충주호 민물낚시', 'KBO 리그 야구 경기 시청', '집 근처 양재천 산책', '일식집에서 즐기는 시원한 생맥주 한 잔']"
b5e1c5cd7e3f4ab694522e85f3539c85,36,남자,그 외 경호 및 보안 관련 종사원,충청북-제천시,"박주용 씨는 제천에서 보안 요원으로 일하며 가족과 반려견을 아끼고, 바둑과 산책으로 여가를 즐기는 성실하고 현실적인 30대 가장입니다.","['동네 기원에서의 바둑 대국', '반려견과 함께하는 동네 산책', 'TV로 시청하는 프로야구 경기', '청풍호 주변 자연 풍경 감상']"
62cb4388ac764b0188b5d7393a48456d,58,여자,사무 보조원,경기-의왕시,"남금숙 씨는 의왕시 부동산 사무소의 꼼꼼한 살림꾼이자, 베란다 텃밭과 소박한 캠핑에서 행복을 찾는 안정적인 삶을 지향하는 50대 여성입니다.","['베란다 텃밭 채소 가꾸기', '백운호수 주변 산책로 걷기', '유튜브 건강 식단 및 요리 영상 시청', '친구들과의 정기적인 전화 수다', '숲속 캠핑장에서의 휴식']"
d17508818bcf487fb6ad0ff154448617,31,남자,그 외 일반 영업원,서울-서초구,"고민형 씨는 서초구에서 활동하는 실전 경험 중심의 금융 영업인으로, 사람을 끄는 유연함과 건강 관리의 소홀함이 공존하는 31세 남성입니다.","['양평 숲길 산책', '네이버 웹툰 정주행', '서초동 동네 파스타 맛집 탐방', '지인들과의 즉흥적인 번개 모임']"
8bf6094e1c284f1d870587dfd309f218,54,남자,소규모 상점 경영자,경기-시흥시,"이승환 씨는 시흥에서 성실하게 상점을 운영하며 가족의 안녕과 노후 준비에 매진하는, 배달 치킨과 바둑 분석을 즐기는 다정한 가장입니다.","['유튜브 바둑 기보 분석', '전국 노포 돼지갈비 맛집 탐방', '배달 앱을 통한 신메뉴 치킨 시식', '모바일 장기 앱 대국']"
6e4387be8aec438ca63bbe63355f1659,46,여자,그 외 산업 전기 설치원,울산-동구,"김소영 씨는 울산의 산업 현장을 누비는 숙련된 전기 설치원이자, 가족의 미래를 위해 성실하게 저축하며 소박한 일상의 행복을 가꾸는 40대 어머니입니다.","['네이버 웹툰 감상', '대왕암공원 산책', '지역 배드민턴 동호회 활동', '가족과 함께하는 일식 외식']"
fdc99ead5b084420b256d02f47221d2b,76,남자,무직,경상남-통영시,"장대수 씨는 통영의 갯내음과 함께 살아온 수산물 유통의 베테랑으로, 철저한 가계 관리와 가족에 대한 깊은 사랑을 가진 고집 센 경상도 할아버지입니다.","['NC 다이노스 야구 경기 시청', '동네 대중목욕탕 방문 및 담소', '강구안 포구 산책', '이순신 유적지 답사', '낮잠으로 기력 보충하기']"
3265d36cda684981a983159f13daf76a,58,여자,건물 청소원,전북-순창군,"김소영 씨는 순창 지역 공동체 속에서 끈끈한 인맥과 성실한 청소 노동으로 안정적인 삶을 꾸려가며, 맛있는 음식과 뜨끈한 사우나를 사랑하는 넉넉한 성격의 50대 여성입니다.","['지역 숨은 맛집 탐방', '동네 사우나에서 휴식', '유튜브 건강 관리 영상 시청', '순창강변 산책로 걷기', '부녀회 정기 모임 참석']"
306b5f06af6543d88fb60d4784d4b23f,48,남자,그 외 제품 디자이너,경기-파주시,"한성국 씨는 파주에 거주하며 전문적인 제품 디자인 역량과 인문학적 감성을 겸비한 채, 건강 관리와 가족 돌봄에 정성을 쏟는 48세의 사교적인 전문가입니다.","['운정호수공원 새벽 러닝', '헤이리 예술마을 전시 관람', '고급 일식당 탐방', '디자인 및 인문학 서적 독서', '가족과 함께하는 제주도 휴양 여행']"
af130d0aadc64819b27811a295ee7d4b,47,여자,음식료품 판매원,경기-오산시,"윤부정 씨는 오산에서 정직하게 식료품을 판매하며 가족의 안정과 자녀의 미래를 위해 성실하게 저축하고 헌신하는, 책임감 강하고 따뜻한 성품의 40대 여성입니다.","['유튜브 요리 레시피 수집', '서울 도심 걷기 여행', '성당 공동체 봉사활동', '주말 가족 외식 메뉴 선정']"
eca23949e859423fada6c0e337631f06,65,여자,건물 청소원,부산-남구,김혜린 씨는 부산 남구에서 성실하게 병원 청소원으로 일하며 임영웅의 노래와 이기대 산책으로 소박한 행복을 찾는 60대 여성입니다.,"['이기대 해안산책로 걷기', '동네 사우나 정기 방문', '신상 테마 카페 탐방', '임영웅 노래 감상', '배달 앱으로 피자와 버거 주문하기']"
c6673c022c7c49ed875db9cf327cef41,45,남자,시외 및 고속 버스 운전원,서울-관악구,"형수근 씨는 관악구에서 가족을 부양하며 성실하게 고속버스를 운행하는 베테랑 운전원으로, 건강 관리와 식탐 사이에서 갈등하면서도 가족과의 온천 여행에서 행복을 찾는 40대 가장입니다.","['동료들과의 스크린 골프', '가족 동반 온천 여행', '헬스장 웨이트 트레이닝', '거실 소파에서 즐기는 야구 중계 시청']"
bf09b3eb9a3e4a0cadbcab3ea4dd60d2,34,남자,기업 고위 임원,서울-영등포구,"강수산 씨는 영등포구 오피스텔에 거주하며 전문직 임원으로 일하는 30대 남성으로, 논리적인 업무 능력과 섬세한 감수성 사이에서 균형을 잡으며 가족과 반려동물을 통해 안식을 찾는 인물입니다.","['관악산 둘레길 산책', '반려견과 함께하는 동네 산책', '모여봐요 동물의 숲 같은 힐링 게임', '유튜브의 잔잔한 ASMR 영상 시청']"
82c19785bf5345b38268262754ec97a0,65,여자,무직,강원-원주시,"강인애 씨는 원주에서 단독주택을 가꾸며 사는 꼼꼼하고 외향적인 성격의 소유자로, 건강 회복을 통해 자녀들과 더 행복한 시간을 보내길 꿈꾸는 60대 여성입니다.","['원주천 산책로 걷기', '동네 단골 사우나에서의 친목 도모', '지역 특산물 축제 및 장터 탐방', '서울 도심 미술관 및 갤러리 투어', '청국장이나 보리밥 같은 정갈한 한식 맛집 찾기']"
711be94c70774f0d852b5729f502f0d4,58,남자,경리 사무원,부산-북구,"김용대 씨는 부산 북구의 투박한 공단 정서와 전포동의 세련된 감성을 동시에 품은 채, 정년퇴직 후 반찬 가게 사장님을 꿈꾸는 정 많은 50대 경리 사무원입니다.","['유튜브 요리 채널 시청 및 실습', '금강공원 산책 및 풍경 사진 찍기', '모바일 전략 게임', '지역 배드민턴 동호회 활동', '라디오 사연 듣기']"
56733843c33544b18376aa34b767d570,47,남자,경·소형 화물차 운전원,경기-부천시 원미구,"고순봉 씨는 부천 공단을 누비는 베테랑 화물차 운전원으로, 마른 체격과 건강 불안 요소를 안고 살아가지만 가족과 함께하는 노포 미식 여행과 사우나에서 행복을 찾는 넉살 좋은 가장입니다.","['전국 노포 맛집 탐방', '차박 캠핑 장비 수집', '최신 트로트 곡 마스터하기', '부천 상동 호수공원 산책']"
1e1cd3a70044407e8a9a4a3ec90ccfd8,29,남자,무직,충청북-충주시,"김태영 씨는 전기공학 전공의 꼼꼼함을 가진 무직자로, 이혼의 아픔을 충주의 고요한 자연과 뷰티 취미로 달래며 시설 관리직으로의 재기를 꿈꾸는 고도비만 남성입니다.","['유튜브 스킨케어 및 홈케어 영상 시청', '충주호 주변 자연 풍경 감상', '동네 중식당의 간짜장 맛집 탐방', '오후의 긴 낮잠']"
eb3fb47c7c504abab1677487996f9ab3,56,남자,자동 조립라인 조작원,대전-서구,"박경근 씨는 숙련된 현장 감각과 유연한 사고를 지닌 대전의 50대 가장으로, 성실한 직장 생활과 소소한 자연 속 휴식을 통해 삶의 균형을 찾는 인물입니다.","['대청호 주변 풍경 드라이브', '유튜브 자연 다큐멘터리 시청', '동네 친구들과의 막걸리 모임', '맘스터치나 롯데리아 신메뉴 도전하기']"
ff56a1d542e34cbb9364e19ad6670040,71,여자,건물 청소원,부산-서구,"오한선 씨는 부산 서구에서 건물 청소원으로 일하며 당뇨를 관리하고, 임영웅의 노래와 백양산 산행으로 삶의 활력을 찾는 71세 여성입니다.","['백양산 숲길 산책 및 자연 감상', '동네 대중사우나 이용 및 휴식', '유튜브 트로트 공연 영상 시청', '가족과 함께하는 남해안 드라이브 여행']"
a0a9d0bae6fb4893a172614b73eedfbb,59,남자,시설 경비원,제주-서귀포시,"이찬규 씨는 서귀포에서 성실하게 근무하는 학교 경비원이자, 건강한 노후를 꿈꾸며 운동과 지역 사회 활동에 적극적인 50대 후반의 가장입니다.","['서귀포 해안도로 조깅', '주민센터 배드민턴 동호회 활동', '산방산 인근 드라이브', '지역 문화 축제 관람', '조간신문 탐독']"
3671c2812679403b8713ee745191535d,61,여자,그 외 조리사,경기-포천시,"신희경 씨는 포천에서 성실하게 살아온 베테랑 조리사로, 철저한 자기관리와 새로운 배움에 대한 열린 마음을 가진 체계적인 성격의 소유자입니다.","['산정호수 둘레길 산책', '유튜브 여행 브이로그 시청', '문화센터 요가 강습', '친구들과의 자연 풍경 출사']"
b471319f75dc4083991defe0f8f45e2e,67,여자,무직,전북-전주시 덕진구,"최선희 씨는 공학도의 논리적인 사고와 전주의 여유로움을 동시에 지닌 60대 여성으로, 건강한 노후 루틴과 정갈한 미식 생활을 가꾸는 데 집중하고 있습니다.","['전주천 산책 및 주변 풍경 사진 찍기', '유튜브 기반의 전국의 숨은 일식 맛집 탐방', '성분 분석 앱을 활용한 맞춤형 기초 화장품 쇼핑', '저염식 건강 식단 레시피 수집 및 실천']"
81dc3c2804df4ae8bf512cbd669d9201,82,여자,무직,충청북-증평군,"이옥춘 씨는 증평에서 가족들과 북적이며 살아가며, 임영웅의 노래와 온천 여행, 제철 나물 밥상을 사랑하는 긍정적이고 사교적인 82세 할머니입니다.","['지역 대중목욕탕 사교 모임', '임영웅 노래 감상 및 따라 부르기', '베란다 텃밭 가꾸기', '가족 동반 온천 여행', '동네 공원 산책']"
5b03be652aa14de3bb900be634a2679a,28,남자,무직,경기-의왕시,"김준성 씨는 체계적인 성격과 사회적 외향성을 갖췄지만, 높은 자기 기준과 취업 준비의 압박감 속에서 강박적인 생활 패턴과 쾌락적 소비를 반복하는 20대 후반의 청년입니다.","['전국 숙성 삼겹살 및 특수부위 맛집 탐방', '겨울 시즌 스노보딩', '웨이트 트레이닝 및 바디 체크', '성수동 테마 카페 투어', '정치 및 사회 이슈 관련 팟캐스트 청취']"
02f62bab6f264510af0da9c74b604718,46,남자,일반 비서,경기-수원시 권선구,조호현 씨는 금속 가공업계의 유능한 비서이자 인문학적 낭만을 쫓으며 어머니와 함께 살아가는 40대 중반의 미혼 남성입니다.,"['로스트아크 게임', '권선구 지역 맛집 탐방', 'LP 레코드 수집', '친구들과의 술자리', '행궁동 산책']"
137bfe75aaf24de08cf55b6a8c96c682,39,여자,해외 영업원,경기-용인시 수지구,"조송화 씨는 예술적 취향과 치밀한 업무 능력을 동시에 갖춘 해외 영업직 직장인이자, 건강 관리와 자아실현 사이에서 고민하는 30대 후반의 수지구 주민입니다.","['수지구 체육센터 배드민턴 동호회 활동', '밀라노 가구 박람회 온라인 큐레이션 시청', '유럽 빈티지 가구 및 소품 수집', '성복동 카페 거리 산책과 소규모 모임']"
f3ce0db47e8744e5b05b621e0cc511a6,34,여자,국가행정 사무원,강원-철원군,"임수현 씨는 철원의 지역색과 공직 사회의 특성을 모두 이해하는 유연한 성격의 행정 사무원으로, 가족과 함께하는 평온한 일상 속에서 소소한 행복을 찾는 인물입니다.","['최신 유행 예능 프로그램 시청', '강원도 내 신상 카페 투어', '주말 자연 풍경 사진 찍기', '동네 지인들과의 고깃집 모임']"
90665274b8b34a7f8c40af203376f7d5,33,남자,총무 사무원,세종-세종시,"조동원 씨는 세종시 보험사에서 일하며 꼼꼼한 업무 처리와 유연한 대인 관계 능력을 갖췄지만, 내면에는 무기력함과 미래에 대한 불안을 안고 살아가는 33세 미혼 남성입니다.","['코인 노래방에서 최신 발라드 부르기', '네이버 웹툰 및 유튜브 쇼츠 시청', '세종 호수공원 산책하며 풍경 사진 찍기', '배달 앱으로 수제 버거 맛집 찾아내기', '집에서 조용히 팝송 플레이리스트 듣기']"
d38ff40a60c0458e9addf4f852223085,79,여자,무직,충청북-청주시 상당구,"김영자 씨는 청주 상당구에서 텃밭을 가꾸고 경로당 살림을 도맡으며, 트로트와 바둑 그리고 친구들과의 매운탕 나들이를 즐기는 강단 있는 할머니입니다.","['대청호 주변 맛집 탐방', '경로당 바둑 두기', '동네 친구들과의 수다', '지역 사우나 정기 방문', '유튜브 트로트 영상 시청']"
7d210fc119f5476e8c923bb9b7a7636f,70,여자,음료 서비스 종사원,세종-세종시,"김선희 씨는 여성 공학도로 치열하게 살았던 과거를 뒤로하고, 현재는 세종시에서 음료 서비스 일을 하며 원예와 산책으로 소박한 일상의 질서를 가꾸는 70대 여성입니다.","['베란다 다육이 및 관엽식물 가꾸기', '동네 분식집 투어', '손뜨개 수세미 만들기', '거실 소파에서 낮잠 자기', 'TV 건강 프로그램 시청']"
08c23407808f484abc59f461632dade6,63,여자,무직,서울-성북구,"박미옥 씨는 성북구의 정취를 사랑하며 전통적인 내조의 삶과 현대적인 디지털 취미를 조화롭게 누리는, 꼼꼼하고 사교적인 60대 살림꾼입니다.","['스크린 골프 내기', '정릉천 아침 산책', '유튜브 해외 여행 브이로그 시청', '종로 일식집 탐방', '가족 시티투어 경로 계획']"
5fccac6849774a91a0a11a0779ed5608,37,남자,무직,광주-남구,"김상우 씨는 광주 양림동의 정서를 간직한 채, 가족에 대한 사랑과 기계 만지는 손재주로 소소한 일상의 행복을 가꾸는 30대 가장입니다.","['무등산 둘레길 산책', '양림동 테마카페 탐방', '전자기기 리뷰 유튜브 시청', '가족과 함께하는 코인 노래방 방문']"
97f109dd9f6e42169da72e85b9d31c07,27,여자,무직,강원-고성군,"이민지 씨는 강원도 고성에서 수학 전공자의 논리함으로 가정을 꾸리고 있는, 재택 데이터 분석가로의 복귀를 꿈꾸는 27세 주부입니다.","['속초 온천 스파 방문', '온라인 쇼핑몰 최신 아이템 탐색', '넷플릭스 시리즈 정주행', '집에서 즐기는 홈맥주']"
982b9e0b14ca42e4939b1061db8cbcd0,68,여자,무직,경기-수원시 장안구,"임칠순 씨는 수원 장안구에서 평생을 보내며 다져온 살림 지혜와 배려심으로 이웃을 살피지만, 내면의 외로움과 건강에 대한 염려를 안고 살아가는 60대 여성입니다.","['광교산 둘레길 삼림욕 산책', '수원 시티투어 버스 여행', '지역 빵집의 신제품 빵 맛보기', '단골 사우나에서 즐기는 반신욕', '오후 시간의 짧고 깊은 낮잠']"
2546e5438b83455695bcf7af3f77fb85,77,여자,그 외 기능 관련 종사원,경기-고양시 일산서구,"황서희 씨는 일산의 변천사를 몸소 겪으며 다져진 현장 감각과 디지털 도구 활용 능력을 모두 갖춘, 당당하고 활기찬 70대 부동산 실무자입니다.","['베란다 제라늄 및 호접란 분갈이와 재배', '트로트 경연 프로그램 시청', '교회 구역 예배 및 지역 사회 봉사 활동', '친구들과의 백화점 쇼핑 및 일식당 외식']"
61b13420af2f46de92ffe5f5040b68dc,72,남자,무직,서울-노원구,"김재민 씨는 중계동에서 신문과 산책, 사우나를 즐기며 당뇨 관리와 가족과의 성지순례를 꿈꾸는 손재주 좋은 70대 가장입니다.","['중계천 산책로 걷기', '동네 목욕탕 온탕 입욕', '트로트 노래방 방문', '종이 신문 탐독', '가족 동반 성지순례 계획']"
494284d29dd94918b19c71e8097441f9,79,남자,무직,대전-중구,"이광오 씨는 대전 중구의 역사를 지켜온 보건복지 전문가이자, 탁구와 나훈아의 노래를 사랑하며 이웃의 안녕을 살피는 다정한 지역 어르신입니다.","['대청호 주변 산책', '탁구 동호회 활동', '나훈아 노래 감상', '중앙시장 구경 및 외식', '종교 활동']"
1a721eb68c0b4eb3a80bfa84ad6f5cb9,43,남자,중형 화물차 운전원,인천-연수구,"김승현 씨는 가족에 대한 깊은 책임감과 성실함으로 무장한 채, 연수구의 정겨운 풍경 속에서 화물차 운전과 소소한 기록의 삶을 살아가는 40대 미혼남입니다.","['휴게소 맛집 기록 블로그 운영', '단지 내 야간 산책', '동네 지인들과의 볼링 경기', '웹툰 정주행', '오래된 가요 듣기']"
de32cdaf2b1c4b2a9b1a8b887a224a79,64,여자,무직,대구-달서구,권춘화 씨는 보수적인 대구 달서구의 분위기 속에서도 잃지 않은 예술적 감수성과 과감한 색채 감각으로 자신만의 세계를 구축하며 살아가는 60대 여성입니다.,"['대구미술관 기획 전시 관람', '유럽풍 빈티지 소품 수집', '지인들과의 와인 곁들인 수다 모임', '최신 뷰티 트렌드 잡지 탐독', '이국적인 풍미의 수제 버거 맛집 찾기']"
11ebe93ef5a347b5adf5076a24ffd09a,35,여자,화장품 판매원,부산-북구,"서경미 씨는 부산에서 화장품을 판매하며 예술적 갈증을 독립 영화와 원예로 달래는, 다정함과 예민함을 동시에 지닌 30대 여성입니다.","['베란다 홈 가드닝 및 희귀 식물 수집', '독립 영화 및 예술 영화 감상', '동네 목욕탕에서 즐기는 온욕과 명상', '최신 뷰티 트렌드 분석 및 화장품 성분 공부']"
8c1809eeb2b74a988d7400aa5a66e373,73,여자,무직,충청북-청주시 흥덕구,남남순 씨는 청주에서 대가족을 보듬으며 미러리스 카메라로 세상의 찰나를 기록하고 개인전을 꿈꾸는 섬세하고 책임감 강한 70대 여성입니다.,"['풍경 및 인물 사진 촬영', '현대 미술 전시 관람', '실버 사진 동호회 활동', '다양한 패스트푸드 시식']"
02ce9b5398d9429dad6dbf3952390c56,21,여자,무직,경기-화성시,"이민채 씨는 섬세한 영상 편집 능력과 예술적 감수성을 지닌 21세 청년으로, 취업 준비의 불안함 속에서도 자신만의 색깔을 찾아가는 예비 브랜드 디자이너입니다.","['웹툰 세계관 분석', '신상 베이커리 카페 투어', '분위기별 플레이리스트 구성', '동네 골목 야간 산책', '캐릭터 굿즈 수집']"
71920b3dc2824fabbde589cda83e6ab4,56,여자,건물 내 전기 설치 및 정비원,경기-성남시 중원구,"최연미 씨는 성남에서 활동하는 숙련된 전기 기술자로, 현장의 투박함과 예술적 감수성을 동시에 품은 채 자연과 사람 속에서 여유로운 삶을 가꾸는 여성입니다.","['자연 풍경 사진 촬영', '교회 공동체 활동', '동네 사우나 가기', '이탈리안 레스토랑 탐방']"
a7d62de49dff4035a0dd18e342e2cd4f,28,남자,자재 관리 사무원,전라남-나주시,"서영규 씨는 나주 농업 현장의 효율화를 꿈꾸는 공학도 출신의 자재 관리원으로, 식도락과 최신 기기에 진심인 20대 청년입니다.","['전략 보드게임 플레이', '전남 지역 노포 맛집 탐방', '넷플릭스 다큐멘터리 시청', '가벼운 주말 등산']"
43d9ee6d3da848b0ac810a4d6ecdc6be,62,여자,통계 사무원,경기-용인시 수지구,김인옥 씨는 수지구에서 통계 사무원으로 일하며 예술적 감성과 인본주의적 가치를 통해 삶의 균형을 찾아가는 60대 여성입니다.,"['수지 생태공원 식물 사진 찍기', '동네 갤러리 전시 관람', '지인들과의 소소한 수다 모임', '사우나에서의 명상과 휴식']"
cf266fd459ab4cab92b26532dc22004e,54,남자,관리 비서,서울-마포구,"김종식 씨는 마포구에 거주하며 스포츠 VIP의 일정을 관리하는 세심한 비서이자, 예술과 종교에서 정서적 안식을 찾는 50대 가장입니다.","['지역 배드민턴 동호회 활동', '건축 및 예술 다큐멘터리 시청', '한강 변 저녁 산책', '가족 동반 성지순례 여행']"
7d27323d019342cdacf0a3c4ddd572ab,65,여자,무직,전북-부안군,배영순 씨는 전북 부안에서 살림의 지혜와 넉살 좋은 성격으로 이웃과 어울리며 소박한 일상의 행복을 가꾸는 60대 여성입니다.,"['스마트폰 캐주얼 퍼즐 게임', '트로트 프로그램 시청', '변산반도 해안 산책', '단골 한식당에서의 친목 도모', '종교 활동을 통한 마음 다스리기']"
ac0a8c84e28642f5afa69ebf64a74d56,59,남자,정보 시스템 운영자,서울-은평구,"고현 씨는 은평구의 자가 아파트에서 자녀를 키우며 교육기관의 시스템 운영자로 성실하게 살아가는, 책임감 강하고 보수적인 50대 가장입니다.","['연신내 시장 청국장 맛집 탐방', '주말 가족 치킨 파티', '유튜브 역사 및 종교 다큐멘터리 시청', '동네 대중사우나 이용', '코인 노래방에서 80년대 가요 부르기']"
6d865752c2d140bba86c03a55b898405,36,여자,관리 비서,충청남-태안군,"문혜연 씨는 태안에서 농업 법인 비서로 일하며 가족과 반려견을 아끼고, 건강한 식도락과 안정적인 일상을 추구하는 다정하고 꼼꼼한 36세 여성입니다.","['반려견과 함께하는 안면도 숲속 캠핑', '지역별 제철 나물 정식 및 외국 요리 맛집 탐방', '동네 친구들과의 수영 및 사우나 방문', '유튜브를 활용한 집에서 하는 가벼운 스트레칭']"
5fd2c38771894e3da4f7e46d810a676d,63,여자,무직,경기-고양시 일산동구,문분례 씨는 일산의 정돈된 환경 속에서 가족과 지역 사회의 신뢰를 기반으로 꼼꼼하고 성실하게 살아가는 60대 주부입니다.,"['일산 호수공원 산책', '단골 일식집에서의 정식 식사', '동네 사우나 이용', '가족과 함께하는 자연 경관 여행', '트로트 음악 감상 및 노래방']"
fb927f61bda34d1bacab41db2d6ee65d,42,남자,무직,서울-강북구,김태용 씨는 강북구에 거주하며 공공기관 농업직 복귀를 꿈꾸는 42세의 꼼꼼하고 보수적인 성격의 전공자입니다.,"['전국 나물 정식 및 메밀국수 맛집 탐방', '혈당 관리를 위한 기구 필라테스', '전략 시뮬레이션 게임', '북한산 둘레길 산책']"
b97b3b03bf8a498a90554e670f356da5,54,남자,그 외 시설 및 특수 경비원,대전-대덕구,윤준범 씨는 대전 대덕구에서 성실하게 경비직으로 근무하며 가족과의 소박한 일상과 안정을 최우선으로 여기는 50대 가장입니다.,"['대청호 주변한적한 캠핑', '계족산 황톳길 산책', '유튜브 트로트 영상 시청', '동네 단골집 중식 외식', '정기적인 종교 활동 참여']"
96e08f6cfc0f43c79a6248fbe6b9a3f7,72,여자,무직,서울-금천구,"박귀자 씨는 금천구에서 자가를 보유한 채 정갈한 살림과 건강 관리에 집중하며 살아가는, 예민하지만 책임감 강한 70대 여성입니다.","['동네 목욕탕에서 온천욕 하기', '베란다 상추와 깻잎 재배', 'TV 주말 드라마 시청', '근처 공원 풍경 사진 찍기']"
fd12bdb701ea4da688a124c38eb0bfd3,29,남자,네트워크 시스템 개발자,인천-부평구,"정준규 씨는 부평에서 성장해 실무 역량을 쌓은 네트워크 개발자로, 노포 맛집 탐방과 스포츠 영상 시청을 즐기며 건강 관리보다는 현재의 안락함과 관계의 조화를 중시하는 20대 후반의 청년입니다.","['부평 평리단길 숨은 맛집 탐방', '프로야구 및 K리그 경기 시청', '동네 친구들과의 소주 한잔', '코인 노래방에서 최신곡 부르기']"
a44faf7c93cd409687ebd5485cb49459,30,여자,교도관,인천-연수구,"전지현 씨는 송도에서 아이를 키우며 규율과 체계 속에서 일하는 교도관으로, 철저한 자기관리와 현실적인 삶의 태도를 가진 30대 여성입니다.","['송도 센트럴파크 야경 출사', '기구 필라테스', '일상 기록 블로그 운영', '아이와 함께하는 도심 시티투어']"
43ef04057a3544e5b2fd5163dfe10499,56,여자,매장 정리원,울산-남구,"이채원 씨는 울산 남구에서 매장 정리원으로 일하며 사교적인 성격과 건강에 대한 깊은 불안감을 동시에 지닌, 빵과 트로트를 사랑하는 50대 여성입니다.","['영남알프스 등산 및 숲길 걷기', '동네 베이커리 빵지순례', '최신 트로트 노래방 부르기', '친구들과 함께하는 온천 여행 및 스파']"
9a121db81f06400f8ff149f2096e6c28,53,남자,택시 운전원,인천-부평구,"이종필 씨는 부평의 골목길을 꿰뚫는 성실한 택시 운전사로, 가족의 미래를 위해 묵묵히 땀 흘리며 소박한 일상의 행복을 가꾸는 인천 토박이 가장입니다.","['굴포천 산책로 걷기', '동네 사우나 온탕 휴식', 'TV 스포츠 경기 관람', '가족과 함께하는 강화도 나들이']"
70bfa430422b4836bb09d4cc1fe4d90d,28,여자,무직,서울-강동구,"김소윤 씨는 교육학 석사 학위를 가진 신중한 성격의 소유자로, 아차산 산책과 만화책 읽기를 즐기며 실무 교육 콘텐츠 개발자를 꿈꾸는 강동구 거주 20대 여성입니다.","['아차산 등산', '일본 만화 정주행', '집 근처 떡볶이 맛집 찾기', '자연 풍경 사진 촬영']"
e9fb1bbb2d5d45308991abdc1505b356,57,남자,통신장비 설치 및 수리원,충청북-옥천군,"유장훈 씨는 옥천에서 통신장비를 수리하며 살아가는 50대 후반의 기술자로, 외로운 독거 생활의 적막함을 수영과 야구, 그리고 예술 관람으로 달래며 평범한 노후를 준비하는 현실적인 인물입니다.","['새벽 수영장 자유 수영', '프로야구 TV 중계 시청', '단골집 청국장과 도토리묵 식사', '지역 문화예술회관 전시 관람', '동네 목욕탕 온탕에서 땀 빼기']"
3d7b2bc6bce54bfe9a6ba470cf868fbe,47,남자,전기 감리 기술자 및 연구원,경상남-함안군,"서원재 씨는 경남 함안에서 전기 감리원으로 일하며 가족의 안정과 실용적인 삶을 추구하는, 인간미 넘치는 40대 가장입니다.","['UFC 및 격투기 경기 분석 시청', '창원 인근 골프 라운딩', '남강변 가족 산책', '지리산 주변 자연 경관 여행']"
3fbcaa05665b46b29755bb208afc1bf6,60,여자,무직,경기-부천시 원미구,"김경아 씨는 부천에서 이웃들의 건강과 복지를 챙기는 다정한 상담사이자, 라디오와 산책으로 소박한 일상의 행복을 찾는 60대 여성입니다.","['부천 중앙공원 산책', 'MBC 표준FM 라디오 청취', '7080 가요 감상', '수목원 풍경 사진 찍기', '단골 한식 고깃집 탐방']"
9a07b61c2e0a4198a3ee1de5313618ee,48,여자,사무 보조원,충청남-천안시 서북구,"조은아 씨는 천안의 건축 사무소에서 숙련된 업무 능력을 발휘하며, 당뇨 관리와 흡연이라는 모순 사이에서 가족의 평온한 일상을 지켜내는 40대 여성입니다.","['천안 호수공원 산책', '동네 찜질방 가마솥 찜질', '유튜브 건강 정보 시청', '가족과 함께하는 국립공원 여행', '네일 아트 숍 방문']"
fbf913db34534baab779897b07393e32,47,여자,승용차 및 승합차 운전원,경기-고양시 덕양구,"손성미 씨는 덕양구에서 운송업에 종사하며 가족을 위해 헌신하는 강인한 생활력을 지닌 여성으로, 철저한 자기관리와 뛰어난 친화력을 통해 일과 가정의 균형을 단단하게 잡아가는 인물입니다.","['행주산성 가족 나들이', '덕양구청 배드민턴 클럽 활동', '모바일 퍼즐 게임', '지역 전통시장 장보기']"
7fb5cd78f0bc4169acfe80869155cd8c,58,여자,그 외 돌봄 및 보건 서비스 종사원,대구-동구,"김순희 씨는 대구 동구의 정서를 간직한 채 어르신들을 세심하게 돌보는 전문 요양보호사이며, 소박한 일상의 즐거움과 이웃 간의 정을 소중히 여기는 현실적인 성격의 소유자입니다.","['MBC 표준FM 라디오 청취', '동구청 인근 산책로 걷기', '동네 친구들과의 분식집 수다 모임', '가족 방문 및 안부 나누기']"
2cc07b0427cc48be86980ec1bdf58494,33,여자,무직,서울-동대문구,"김정민 씨는 꼼꼼한 계획성과 실용적인 가치관을 가진 33세 여성으로, 안정적인 사무직 복귀를 준비하며 소소한 문화생활과 미식으로 일상의 균형을 찾는 인물입니다.","['국립중앙박물관 전시 관람', '동네 숨은 일식 맛집 탐방', '하이볼을 곁들인 친구와의 대화', '정기적인 헤어 및 네일 관리']"
4a13147b4f4d4f8a985e8d08fe55610d,39,남자,토목감리 기술자,충청북-청주시 상당구,"봉민혁 씨는 청주에서 성실하게 근무하는 토목감리 기술자로, 가족에 대한 깊은 애정과 정적인 휴식을 통해 삶의 균형을 맞추며 더 안정적인 미래를 설계하는 30대 가장입니다.","['대청호 주변 풍경 드라이브', '8090 가요 리스트 감상', '넷플릭스 자연 다큐멘터리 시청', '주말 가족 산책', '거실 소파에서 멍 때리기']"
cdbaefb14e8948c0b8ba0f7e8574a01e,30,여자,변리사,서울-영등포구,"이경민 씨는 ICT 전문성을 갖춘 변리사로서 치열한 서울의 삶을 살아가면서도, 배드민턴과 캠핑이라는 동적인 취미로 삶의 활력을 찾는 30대 여성입니다.","['지역 커뮤니티 센터 배드민턴 동호회 활동', '자연 속에서의 소규모 캠핑과 불멍', '이색적인 양식 레시피를 활용한 홈쿡', '시티투어 버스를 타고 둘러보는 서울의 숨은 명소 탐방']"
6e788c44720340439a652bab9b33da84,44,여자,무직,경기-화성시,"허미향 씨는 공대 출신의 실용주의적 사고와 배구 동호회의 활기찬 에너지를 동시에 가진, 독립적이고 단단한 성격의 40대 여성입니다.","['아마추어 배구 경기 참여', 'NBA 경기 분석 시청', '제부도 해안 산책로 걷기', '숯불 돼지갈비 맛집 탐방']"
1ce74a978a8746daa415c5dc82389216,83,여자,시설 경비원,경기-용인시 수지구,"이점순 씨는 투박한 말투와 매서운 눈썰미를 가졌지만, 베란다 꽃과 달콤한 크림빵 한 조각에서 위안을 찾는 용인 수지의 강인한 83세 경비원입니다.","['베란다 원예', '동네 빵집 투어', '트로트 음악 감상', '광교산 둘레길 산책']"
e32e2af48b3d4284a6fdc34ee3715564,64,남자,하역 및 적재 관련 단순 종사원,경기-부천시 원미구,"김성만 씨는 부천의 하역 현장에서 뼈가 굵은 베테랑 노동자로, 가족을 향한 책임감과 자연 속의 고독을 동시에 사랑하는 현실적인 60대 가장입니다.","['베란다 텃밭 가꾸기', 'KBS 라디오 청취', '스마트폰 퍼즐 게임', '강원도 산간 지역 드라이브']"
6b4e04d258c74536aae05a0d441a6d24,73,여자,무직,경기-파주시,"성종련 씨는 파주에서 가족의 화목을 최우선으로 여기며, 전 직장 동료들과의 미식 여행과 종교 활동으로 활기찬 노후를 보내는 사교적인 성격의 소유자입니다.","['전국 빵집 투어', '한우 및 돼지갈비 맛집 탐방', '유튜브 트로트 영상 시청', '종교 커뮤니티 활동', '자녀 및 손주들과의 안부 전화']"
1f094fe2f97f462ca560f30db8197755,27,남자,관세행정 사무원,경기-오산시,"현현세 씨는 실용적인 가치를 쫓아 관세 행정 분야에서 커리어를 쌓으며, 예술적 감성과 인간관계의 즐거움을 동시에 추구하는 27세의 직장인입니다.","['동네 바둑 동호회 활동', '수제 맥주 펍 탐방', '리움미술관 전시 관람', '전국 유명 돼지구이 맛집 투어']"
fa41e995843b4dbd8af571a3f54dedea,61,남자,무직,서울-서대문구,"이정호 씨는 서대문구 안산 자락에서 아내와 단란하게 지내며, 과거의 물류 전문성을 집수리 재능으로 승화시킨 채 건강 관리와 소박한 여행에 집중하는 현실적인 60대 가장입니다.","['양평 및 가평 숲길 드라이브', '해외 축구 중계 시청', '동네 산책로 걷기', '성당 종교 활동']"
1fc2fac8f3c447a898339e9a32fc5b8e,48,남자,이용사,울산-북구,"윤민수 씨는 울산 북구에서 성실하게 가위를 잡으며 이웃의 신뢰를 받는 이용사이자, 소박한 일상의 맛과 휴식을 소중히 여기는 다정한 가장입니다.","['전국 노포 맛집 탐방', '동네 목욕탕 온탕 입욕', '친구들과의 소주 한 잔', '유튜브 옛날 노래 영상 시청', '주말 오후의 낮잠']"
511f284a899b4b92b326fbfc8ea35e23,71,남자,무직,전라남-순천시,"문선행 씨는 순천만 갯벌의 정서와 시장통의 수완을 모두 갖춘, 넉살 좋고 정 많은 고도비만 70대 어르신입니다.","['순천만 국가정원 느리게 걷기', '트롯 가수 노래 감상', '주 1회 짜장면 배달 시켜 먹기', '가족과 함께하는 역사 유적지 답사']"
c90e57fa7a604e51afaaae4239f3ab68,44,남자,출판 및 자료편집 사무원,경상북-포항시 남구,"한문기 씨는 포항에서 영상 편집직으로 일하며 가족을 부양하는 성실한 40대 가장으로, 디지털 전문성과 아날로그적 감성 사이에서 균형을 찾으며 소박한 일상의 행복을 좇는 인물입니다.","['윤종신 노래 감상하며 휴식하기', '호미곶 해변 가족 산책', '동네 클럽 배드민턴', '배달 음식으로 야식 즐기기', '스마트폰 모바일 게임']"
9d83e8d83335456f9c1c93327d733cae,23,여자,사무 보조원,경기-시흥시,"정영주 씨는 시흥에서 홀로서기를 하며 금융권 사무직으로 성실하게 커리어를 쌓아가는, 절제된 생활 습관과 확고한 취향을 가진 23세 청년입니다.","['제철 식재료를 활용한 건강한 한식 집밥 만들기', '독립 영화 및 예술 영화 관람 후 기록하기', '특색 있는 인테리어의 테마 카페 탐방', '친구들과 함께하는 국내 지역별 맛집 투어']"
191c65b86eb34826989b59ea81542028,39,남자,온라인 쇼핑 판매원,경상북-경산시,"박진형 씨는 철저한 자기 관리와 체계적인 사업 운영으로 안정적인 삶을 꾸리지만, 신체적 건강 관리와 정서적 고립 사이에서 고민하는 30대 후반의 온라인 판매업자입니다.","['스포츠 경기 결과 예측 및 분석', '경제 관련 팟캐스트 청취', '전국의 노포 한식 맛집 탐방', '콘솔 게임 플레이']"
66e18698fae34ec7a8743fc346021c38,27,여자,무직,경기-부천시 소사구,"이예리 씨는 아픈 과거를 딛고 독학과 기록을 통해 자신만의 취향을 쌓아가며, 작은 디저트 가게라는 소박한 꿈을 꾸는 부천의 20대 여성입니다.","['LP로 잔잔한 음악 감상하기', '동네 길고양이 스냅 사진 찍기', '소규모 독립 서점 탐방 및 독서', '동네 친구들과의 배드민턴 경기']"
86cfb35809a64257a5d7ad0456f57617,30,여자,행사 및 홍보 도우미,제주-제주시,"김유안 씨는 제주 구제주의 자가 주택에서 홀로 거주하며 행사 보조 업무와 비즈 공예, 유적지 여행을 통해 정적인 안정감을 추구하는 30대 여성입니다.","['미유키 비즈 공예', '닌텐도 스위치 시뮬레이션 게임', '유튜브 일상 브이로그 시청', '국내 역사 유적지 탐방']"
e5734a8087fc4421a82aa9edd2732e89,31,여자,총무 및 인사 관리자,서울-동대문구,"최수인 씨는 동대문구에 거주하며 소매업 인사 관리를 담당하는 31세 직장인으로, 인문학적 취향과 효율적인 업무 처리 사이에서 균형 잡힌 삶을 추구하는 인물입니다.","['일본 만화 단행본 수집', '성수동 베이커리 투어', '가평 근교 오토캠핑', '팟캐스트 청취', '동네 목욕탕 방문']"
6a0d669204b4413d8caa251b5acbb5e6,43,남자,여행 사무원,충청남-서산시,한인호 씨는 서산에서 가족과 맛있는 음식을 즐기며 안정적인 삶을 지향하는 유능하고 유연한 성격의 여행 사무원입니다.,"['전국 유명 맛집 탐방', '미식 유튜브 채널 시청', '장르 소설 독서', '가족 동반 근교 여행']"
7b89da5c719c4e30bc5c5d12352e4cf0,57,여자,무직,대구-서구,"권윤아 씨는 대구 서구의 정 많은 이웃이자 가족을 위해 헌신해 온 50대 후반의 여성으로, 소소한 배움과 사회 활동을 통해 건강한 노후를 준비하는 사교적인 인물입니다.","['라디오 프로그램 사연 청취', '팔공산 및 수성못 풍경 감상 산책', '동네 친구들과의 수다 모임', 'TV 건강 정보 프로그램 시청']"
ac352662cc074970b5e6abfd57afef93,77,여자,그 외 서비스 관련 단순 종사원,전북-전주시 덕진구,"고병선 씨는 전주에서 수선집 일을 하며 성실하게 살아온 77세 할머니로, 가족에 대한 깊은 사랑과 이웃과의 유대감을 삶의 중심에 둔 인물입니다.","['덕진공원 산책로 천천히 걷기', '동네 빵집 신제품 맛보기', '종교 시설 정기 예배 참여', '낮잠 후 마시는 시원한 보리차 한 잔']"
36ae8302710b4a54b816284e2ec0234f,61,여자,무직,경기-고양시 덕양구,"이성미 씨는 고양시 덕양구에서 자녀들을 홀로 키워낸 강인함과 이웃을 챙기는 다정함을 동시에 지닌, 소박한 소일거리를 꿈꾸는 60대 여성입니다.","['덕양구 동네 공원 산책', '단골 미용실 방문 및 수다', '유튜브 건강 정보 시청', '분식집 떡볶이와 김밥 먹기', '거실에서 TV 시청하며 낮잠 자기']"
4af70683fddb4749b1b7b4aaa236bffd,33,남자,그 외 공업기계 설치 및 정비원,대구-남구,곽호중 씨는 대구의 펄프 공장에서 독보적인 정비 기술로 고소득을 올리며 부모님과의 더 나은 미래를 꿈꾸는 성실한 기술자입니다.,"['신천 둔치 산책', '대구미술관 전시 관람', '캠핑 장비 수집 및 영상 시청', '지역 축제 방문', '동네 주점에서의 친목 도모']"
98e41d055a1d4b08a0f8c797126ffb4b,55,여자,음식료품 판매원,경기-이천시,"문수정 씨는 이천에서 성실하게 일하며 라인댄스와 빵 투어로 삶의 활력을 찾는, 외유내강의 면모를 지닌 50대 여성입니다.","['문화센터 라인댄스 강습 참여', '동네 목욕탕에서의 온욕과 휴식', '전국 유명 빵집 투어 및 디저트 시식', '가족과 함께 떠나는 설악산 단풍 구경', '지인들과의 정기적인 전화 수다']"
d174a8fccec04323a05499029aecf6c0,20,여자,상담 전문가,부산-동래구,"김민지 씨는 타인의 아픔을 깊이 공감하는 따뜻한 상담가이자, 유행과 휴식 사이에서 자신만의 정서적 균형을 찾아가는 스무 살의 청춘입니다.","['아이돌 음악 감상', '올리브영 신제품 쇼핑', '금정산 둘레길 산책', '웹툰 정주행', '배드민턴']"
572de5aa700641fb86773bce190af291,61,여자,무직,경기-안양시 동안구,"김순선 씨는 안양에 거주하며 인문학적 소양과 예술을 사랑하고, 가족과 함께 소박하고 평온한 노후를 가꾸어가는 60대 여성입니다.","['안양천 배드민턴', '국립중앙박물관 전시 관람', '동네 단골 찻집에서 수다 떨기', '전국 온천 여행지 탐방']"
f89c003696154b34820a568dca6a85ed,64,여자,건물 청소원,부산-중구,"정현숙 씨는 부산 중구의 삶의 터전을 스스로 일궈낸 강인함과 타인의 눈치를 살피는 예민함을 동시에 지닌, 자식 사랑이 지극한 60대 청소 노동자입니다.","['동네 목욕탕 온탕에서 멍하니 생각 정리하기', 'TV 트로트 프로그램 보며 가수 노래 따라 부르기', '영도 태종대 해안가 풍경 사진 찍기', '교회 구역 식구들과 안부 전화 나누기']"
58d233981e384cc88e0d1249b9ff5098,69,남자,철도운송 관련 종사원,인천-연수구,"최봉재 씨는 수십 년간 철도 현장을 지켜온 성실한 기술자이자, 가족에 대한 책임감과 소박한 일상의 행복을 소중히 여기는 인천의 60대 가장입니다.","['바다 낚시', '최신 영화 및 문화 예술 관람', '가족 동반 자연 경관 여행', '청국장이나 나물 정식 같은 한식 맛집 탐방', '스마트폰을 이용한 영상 시청']"
200d7e7a95ae43388eabb78a9ddd085b,64,여자,무직,경상남-남해군,"성선자 씨는 남해의 넉넉한 인심과 임영웅의 노래를 사랑하며, 건강 관리와 마을 공동체 가꾸기에서 소소한 행복을 찾는 60대 여성입니다.","['임영웅 노래 영상 시청 및 따라 부르기', '남해 해안길 산책하며 풍경 사진 찍기', '동네 친구들과 분식집에서 수다 떨기', '집 앞마당 작은 화분 가꾸기']"
4f26197b82e445ce8f7d3c24d9a64c8d,49,남자,사진작가,경기-과천시,"장재일 씨는 정보통신 기술의 정교함과 예술적 감성을 결합해 한국의 자연을 기록하는, 과천에 거주하는 49세의 섬세한 사진작가입니다.","['양평 및 가평 숲길 출사', '동네 지인들과의 정기적인 고기 외식', '유튜브 건축 사진 채널 시청', '과천 중앙공원 산책', '최신 카메라 렌즈 정보 수집']"
4f71e10f46134fcbb9a7d97e0beb1960,57,남자,"전직 건물 경비원, 현재 구직중",경기-의정부시,"고종태 씨는 의정부에서 성실하게 살아온 전직 경비원으로, 가족에 대한 책임감과 소박한 취미 생활 사이에서 삶의 안정을 찾는 중년 남성입니다.","['저수지 민물 낚시', '동네 당구장 정기 모임', '중랑천변 새벽 조깅', '전통 시장 구경 및 외식']"
5ef954929f0f4fcd817e58fa928097d8,85,여자,무직,충청남-금산군,"박숙자 씨는 금산에서 인삼 농사를 지으며 강인하게 살아온 세월을 뒤로하고, 이제는 임영웅의 노래와 손주들의 웃음소리로 일상의 평온을 찾는 지혜로운 마을 어른입니다.","['임영웅 유튜브 영상 시청', '동네 빵집에서 카스텔라 맛보기', '마을 경로당 친구들과의 수다', '텃밭 채소 가꾸기']"
086237d9e82e4381a7c063c2c6bf9b0d,43,남자,그 외 경영 및 진단 전문가,경기-안산시 상록구,"김준 씨는 IT 진단 전문성을 바탕으로 가족의 더 나은 주거 환경을 꿈꾸며, 식도락과 게임으로 일상의 숨구멍을 찾는 안산의 40대 가장입니다.","['전국 일식 및 한식 솥밥 맛집 탐방', 'PC 온라인 게임', '동네 사우나 및 목욕', '안산 호수공원 야간 산책']"
cc45e236fd32413597c30ab15992d99f,30,여자,무직,경상남-김해시,"오혜진 씨는 따뜻한 공감 능력과 완벽주의적 성향을 가졌지만, 일상의 불안을 느린 호흡과 소소한 취미로 달래며 안정적인 사회 진출을 꿈꾸는 30세 여성입니다.","['비즈 공예 액세서리 제작', '루시 음악 감상', '전포 카페거리 디저트 투어', '해반천 산책로 걷기', '매운 닭발 배달 음식 즐기기']"
4269d9929a6e44978a5fb764e181f260,58,남자,전화 상담원,경상남-사천시,"양재훈 씨는 사천의 자동차 부품 상담원으로 일하며 가족과 함께 소박한 일상을 가꾸는, 무뚝뚝하지만 속 깊은 50대 가장입니다.","['동네 사우나에서 즐기는 반신욕', '라디오 심야 방송 청취', '고전 만화책 수집 및 탐독', '가족과 함께하는 남해안 풍경 드라이브', '반려견과 함께하는 집 주변 산책']"
5dd74cacad024218b3badecc1f8c872b,59,남자,무직,울산-남구,"김영모 씨는 울산 공단의 숙련된 기술자에서 은퇴하여, 건강 관리와 소박한 수리 봉사를 통해 삶의 새로운 의미를 찾는 50대 후반의 가장입니다.","['KBO 프로야구 경기 관람 및 기록 분석', '영남알프스 트레킹 및 자연 풍경 사진 촬영', '남구 지역 사우나 및 온탕욕', '동네 공원 산책로 걷기']"
eda1a0f3a1ce47919d15ac300536692f,47,여자,사무 보조원,제주-제주시,"박정민 씨는 제주시의 활기와 정을 모두 품은 채, 베테랑 사무직원으로 일하며 사진과 운동으로 삶의 활력을 찾는 외유내강형 중년 여성입니다.","['사라봉 풍경 사진 촬영', '지역 배드민턴 클럽 활동', '나홀로 숲길 산책', '제주 지역 축제 참여 및 기획']"
4bec7207ee9841d4b3d398d325832fd6,66,남자,하역 및 적재 관련 단순 종사원,경기-포천시,"신홍식 씨는 포천의 거친 현장에서 몸으로 일궈온 삶의 지혜를 바탕으로, 가족과 친구라는 울타리 안에서 소박한 행복을 찾는 60대 가장입니다.","['트로트 노래방 열창', '소양강 댐 주변 풍경 감상', '동네 지인들과의 소주 한잔', '주말 가족 드라이브', 'TV 예능 시청']"
1bae5500dfac49fdab8af32338b4771b,50,여자,음식 서비스 종사원,경기-수원시 권선구,"박현주 씨는 수원에서 학교 급식 조리원으로 성실히 근무하며 자가를 마련한 꼼꼼한 성격의 50대 여성으로, 임영웅의 노래와 사우나로 일상의 긴장을 해소하며 건강한 노후를 준비합니다.","['수원천 주변 산책로 걷기', '유튜브 트로트 공연 영상 시청', '동네 목욕탕에서 반신욕 하기', '제철 식재료를 활용한 밑반찬 만들기']"
84d81e7409da4b01b71d6f5f3cfee30b,72,남자,무직,경기-파주시,김완수 씨는 파주에서 거주하며 엄격한 자기관리와 세밀한 집수리 솜씨로 단정한 노후를 보내고 있는 신중한 성격의 소유자입니다.,"['동네 배드민턴 클럽 경기', '거실 소파에서 저녁 뉴스 시청', '임진각 평화누리공원 풍경 감상', '헤이리 마을 일식 정식 식사']"
99015a8cf4304980ad07bbfb7adefd0f,41,남자,노점 및 이동 판매원,부산-동래구,"이종훈 씨는 부산 동래구에서 노점상을 운영하며 가족의 안녕과 소박한 일상을 지키기 위해 분투하는, 겉은 투박하지만 속은 섬세한 40대 가장입니다.","['기장 해안도로 드라이브', 'LCK e스포츠 경기 관람', '동네 주점에서의 소셜 네트워킹', '코인 노래방 방문', '가족 동반 스포츠 레포츠 여행']"
f0f90d7ec989457688c711b3fba3667d,29,남자,무직,경상북-칠곡군,"김준호 씨는 칠곡의 정적인 분위기 속에서 인문학적 사유와 소소한 일상을 즐기며, 공공 서비스 분야로의 조심스러운 진입을 준비하는 스물아홉 살의 청년입니다.","['동네 배드민턴 소모임', '대구 근교 테마 카페 탐방', '시티팝 및 인디 음악 감상', '넷플릭스 드라마 정주행']"
d1d6f587fbcf444ca810631ec0725e19,50,여자,무직,경기-부천시 오정구,임연정 씨는 부천의 골목 정서를 품은 채 꼼꼼한 살림 솜씨와 강인한 생활력으로 가족의 울타리를 지켜내는 50대 전업주부입니다.,"['KBO 프로야구 경기 시청 및 응원', '동네 단골 중국집 배달 음식 즐기기', '집 근처 대중사우나 이용 및 반신욕', '반려견 산책시키며 이웃 주민과 담소 나누기']"
a9f2908173c149d6b95a925582aa179a,61,여자,건물 청소원,인천-부평구,"최혜순 씨는 부평에서 어머니를 모시며 성실하게 일하는 건물 청소원이자, 교회 공동체와 트로트 노래방에서 삶의 활력을 찾는 강인한 생활력의 소유자입니다.","['부평구 인근 산책로 걷기', '교회 소모임 및 친목 활동', '코인 노래방 트로트 가창', '유튜브 건강 관리 영상 시청']"
7bbcca7a84b2410aba50a84c4fd065de,44,남자,해외 영업원,대전-동구,"이근영 씨는 인문학적 소양을 갖춘 화학 제품 해외 영업원으로, 대전에서 가족과 함께 안정적인 삶을 꾸리며 건강 관리와 여가 사이에서 갈등하는 40대 가장입니다.","['대전 동구 지역 배드민턴 동호회 활동', '대전천 주변 산책 및 자연 풍경 감상', '유튜브 역사 및 인문학 영상 시청', '가족과 함께하는 주 1회 한정식집 외식']"
8dfd6ee6b5c047868859c85d4ac19f1c,30,남자,국가행정 사무원,경기-시흥시,"이준서 씨는 공학적 효율성을 갖춘 시흥시의 국가행정 사무원으로, 정돈된 일상 속에서 반려견과의 산책과 미식, 해외여행으로 삶의 활력을 찾는 30대 남성입니다.","['반려견과 갯골생태공원 산책', '닌텐도 스위치 게임', '해외 여행지 사진 수집', '동네 양식당 맛집 탐방']"
c36b1d3c50a14b1aae80daa7e8ed14e3,89,여자,무직,전북-무주군,"노수일 씨는 무주 산골의 삶의 지혜와 체계적인 손맛을 가진 89세 어르신으로, 가족의 사랑과 스마트폰 게임, 마을 공동체 활동 속에서 소박한 보람을 찾는 분입니다.","['스마트폰 퍼즐 게임', '무주읍내 미용실 방문', '동네 숲길 천천히 산책하기', '가족과 함께하는 갈비집 외식', '지역 목욕탕 온탕 입욕']"
37b04fec666b47a8ac96a0f279096646,42,남자,육군 장교,서울-강동구,"김상중 씨는 강동구에 거주하며 유연한 리더십을 발휘하는 육군 장교이자, 가족과의 소박한 일상을 사랑하는 40대 가장입니다.","['유튜브 밀리터리 채널 시청', '90년대 댄스곡 및 발라드 감상', '동네 단골 주점에서의 친목 도모', '가족과 함께하는 한강변 산책']"
9e00d602a8504e79a90f15bd817ffd12,33,여자,"전직 단말기 및 통신 서비스 판매원, 현재 구직중",전북-남원시,"김자현 씨는 남원의 고즈넉함을 닮아 여유롭지만, 안정적인 미래를 위해 공공기관 취업을 준비하는 자립심 강한 30대 여성입니다.","['단골 사우나에서 반신욕 하기', '아이유의 발라드 곡 리스트 감상', '친구들과 소주 한잔하며 나누는 일상 수다', '가족과 함께 지리산 둘레길 걷기']"
c9db90f4309244aba8026b03a06e502f,68,여자,그 외 하역 및 적재 단순 종사원,서울-구로구,"정정옥 씨는 구로 공단의 거친 세월을 견뎌낸 물류 현장의 베테랑이자, 임영웅의 노래와 산행으로 삶의 활력을 찾는 정 많고 예민한 서울 아주머니입니다.","['유튜브 트로트 영상 시청', '친목 모임 기반의 산행 및 자연 감상', '구로구 일대 일식 및 한식 맛집 탐방', '종교 활동을 통한 마음 다스리기']"
3586cfadc92b418f91e2eca4fdc74264,64,여자,건물 청소원,경기-안산시 상록구,"서말순 씨는 안산에서 성실하게 건물 청소 일을 하며 가족의 주거 안정을 꿈꾸는, 다정하지만 내면에 불안과 예민함을 품고 살아가는 60대 여성입니다.","['유튜브 트로트 무대 영상 시청', '안산 호수공원 느린 걸음 산책', '동네 친구들과의 막걸리와 파전', '코인 노래방에서 애창곡 부르기']"
e926503f5cef4001bdd463588689cfcc,73,여자,간병인,대구-서구,"박경숙 씨는 대구 서구에서 간병인으로 일하며 이웃과 정을 나누고 손주 사랑을 실천하는, 삶의 지혜가 깊고 건강한 70대 여성입니다.","['베란다 텃밭 채소 가꾸기', '팔공산 숲길 산책', '동네 경로당 수다 모임', '단골 빵집 빵 투어']"
e0e303af7c6f41d1b0891097dabfb5bf,37,여자,초등학교 교사,경기-안양시 동안구,"한찬주 씨는 꼼꼼한 업무 처리 능력과 독립적인 성향을 가진 37세 초등 교사로, 안양에서 가정을 꾸리며 체계적인 삶과 개인적인 휴식의 균형을 영리하게 맞추어 살아가는 인물입니다.","['시티팝 및 인디 음악 수집', '평촌 중앙공원 느리게 걷기', '정갈한 나물 정식 맛집 탐방', '인테리어 소품 쇼핑 및 가구 배치 변경']"
2004685bbba442d29904f9f979701e23,49,여자,무직,경기-수원시 권선구,"신선영 씨는 수원 권선구에서 가족을 위해 헌신하며 살아왔지만, 이제는 작은 공방 운영이라는 개인적인 꿈을 향해 천천히 발을 내딛는 유연하고 정 많은 중년 여성입니다.","['동네 사우나에서 즐기는 반신욕과 친목 도모', '유튜브 예능 및 최신 음악 콘텐츠 시청', '정갈한 일식당에서의 가족 외식', '가벼운 산책과 함께하는 동네 카페 투어']"
3f836c3b13c340a3abeffff527e890dc,24,남자,양식 조리사,경기-용인시 기흥구,"박태겸 씨는 법학의 논리성과 조리사의 예술성을 동시에 갖춘 24세 청년으로, 기흥에서 자신의 작은 비스트로를 꿈꾸며 묵묵히 실무를 익히는 외유내강형 인물입니다.","['기흥호수공원 길거리 농구', '최신 웹툰 정주행', '서울 성수동 및 한남동 팝업 스토어 탐방', '감성 캠핑 장비 수집 및 야외 취침']"
73718c66f9644e7aba46270a02e6fedb,68,여자,무직,충청북-제천시,"손순덕 씨는 제천에서 자녀를 훌륭히 키워낸 강인한 어머니이자, 꼼꼼한 살림 솜씨와 유연한 사고방식으로 건강한 노후를 가꾸는 분입니다.","['임영웅 노래 영상 시청', '배론성지 풍경 감상 및 산책', '지역 커뮤니티 티타임', '스마트폰 영상 콘텐츠 시청']"
0b91cd78e3244c55968b8448738e2a14,67,여자,부동산 중개사,서울-송파구,"김경자 씨는 송파구의 변화를 몸소 겪어온 노련한 부동산 중개사로, 예민한 감성과 유연한 태도를 지닌 채 손주들을 향한 내리사랑을 실천하며 살아가는 60대 여성입니다.","['유튜브 맛집 탐방 및 정보 수집', '친구들과의 전국 음식 관광 여행', '석촌호수 주변 산책 및 풍경 감상', '동네 지인들과의 전화 수다와 정보 교환']"
fcb48356efc1475ba6ca62d6f7437824,67,여자,예약 및 접수 사무원,세종-세종시,"김금희 씨는 세종시에서 수리점 사무원으로 일하며 임영웅의 노래와 호수공원 산책으로 마음을 달래는, 자아를 찾아가는 60대 후반의 독립적인 여성입니다.","['세종 호수공원 풍경 감상', '유튜브 트로트 음악 청취', '라디오 및 팟캐스트 청취', '동네 분식집 탐방', '가족 동반 노래방 방문']"
2f0436a39c65446d890ffea9e4540cae,47,남자,사무 보조원,인천-서구,"김영보 씨는 꼼꼼한 업무 처리 능력과 정적인 취향을 가졌으나, 건강 관리의 부재와 정서적 공허함을 인테리어와 문화생활로 채우며 살아가는 40대 중반의 남성입니다.","['국립중앙박물관 전시 관람', '모던한 인테리어 소품 쇼핑', '시티투어 버스 여행', '동네 일식집 탐방']"
d3779455a442412fb2233104a5fe0714,56,남자,공연·영화 및 음반 기획자,서울-마포구,조상철 씨는 예술적 낭만과 현실의 궁핍함 사이에서 타인에 대한 배려로 삶의 균형을 잡으려 애쓰는 마포구의 중년 기획자입니다.,"['망원한강공원 조깅', '고전 독립 영화 다시 보기', '지역 소규모 예술 축제 탐방', '가족과 함께하는 온천 휴양']"
8b97a7a72e4043d3815c1b51ed988bad,60,남자,무직,경상남-진주시,"최영진 씨는 진주 남강의 정취와 역사에 관심이 많은 60대 퇴직 사업가로, 건강 관리와 가족과의 소소한 행복을 추구하는 현실적이고 유연한 성격의 소유자입니다.","['유튜브 역사 다큐멘터리 시청', '남강변 산책 및 풍경 사진 찍기', '지역 중식당 맛집 탐방', '전통 사찰 및 유적지 답사']"
061f7e9533f94daf916fb771a4515ec1,57,여자,교육 및 훈련 사무원,인천-부평구,"정맹옥 씨는 인천 부평에서 교육 행정직으로 근무하며 완벽한 업무 처리와 헌신적인 자녀 사랑을 실천하는, 외유내강의 50대 여성입니다.","['굴포천 수변 산책로 걷기', '유튜브 베이커리 투어 영상 시청', '강화도 자연 경관 답사', '나물 위주의 정갈한 한식 상차림 준비']"
8f022f0ad0ac4483a9e3710e6a0dfd14,57,남자,대형 화물차 운전원,경상남-양산시,"우재욱 씨는 양산에서 화학 탱크로리를 운행하며 성실하게 가족을 부양해온, 무뚝뚝하지만 속 깊은 50대 가장입니다.","['인문학 팟캐스트 청취', '통도사 주변 산책', '가족과 함께하는 자연 풍경 감상', '단골 고깃집에서의 친목 도모']"
1974e320f8e7402fb9390ed2ac6ad391,77,여자,무직,전라남-보성군,"김숙례 씨는 보성 녹차밭의 정취를 간직한 채 경로당 총무로 활동하며, 남도 손맛과 서양 음식에 대한 호기심을 동시에 가진 정 많은 할머니입니다.","['지역 라디오 방송 청취', '경로당 사교 모임 및 친구 만남', '가족과 함께하는 자연 경관 여행', '배달 앱을 통한 새로운 외식 메뉴 시도']"
5c2e1cff41f647afadbed0b5ae2ecda2,42,여자,시설 경비원,경기-부천시 원미구,"최혜경 씨는 정규 교육의 빈자리를 부천 시장통의 삶의 지혜로 채우고, 경비원으로서의 성실함과 내 집 마련의 자부심으로 단단하게 살아가는 40대 여성입니다.","['베란다 화초 가꾸기', '반려견과 상동호수공원 산책', '동네 분식집 맛집 탐방', '가족과 함께하는 자연 경관 여행']"
652c35e570c64829a13a94ac13f93c91,85,여자,무직,경기-김포시,"전인혜 씨는 김포에서 평생 살림을 일궈온 85세 어르신으로, 정갈한 손맛과 꼼꼼한 성격으로 가족을 돌보며 유적지 여행과 원예로 소소한 기쁨을 찾는 분입니다.","['전국 역사 유적지 탐방', '베란다 텃밭 가꾸기와 원예', 'TV 건강 프로그램 시청 및 실천', '지역 친목 모임 정기 나들이']"
abab04147aea40e3a17a344c6db3b77a,66,남자,무직,부산-부산진구,이승희 씨는 부산항의 치열한 삶을 뒤로하고 시민공원의 여유와 배드민턴의 활력 속에서 소박한 행복을 찾는 60대 가장입니다.,"['부산시민공원 아침 산책', '동네 체육센터 배드민턴', '유튜브 낚시 정보 시청', '동네 단골 사우나 방문']"
6c7a30b592b04531ac1e894c890d5388,63,여자,간판 제작 및 설치원,전북-전주시 완산구,"표희주 씨는 전주에서 정밀한 간판 제작 기술로 인정받는 베테랑 작업자이자, 다육식물과 라디오를 사랑하는 섬세하고 책임감 강한 60대 여성입니다.","['베란다 다육식물 재배', '라디오 사연 청취 및 소통', '친구들과의 동네 분식집 탐방', '전주 인근 역사 유적지 답사']"
a4ec5e83a1dd4345bfbc17338bdc6954,73,여자,무직,전라남-곡성군,"한순임 씨는 곡성 섬진강변의 정취 속에서 살아온 사교성 넘치는 할머니로, 전라도 손맛과 탁월한 친화력을 바탕으로 마을 공동체의 중심 역할을 수행합니다.","['미스트롯 등 트로트 경연 프로그램 시청', '섬진강변 둘레길 산책', '마을 친구들과의 전화 수다', '지역 친목회 동행 국내 휴양지 여행']"
96df890fb4a5498391cd689ff7209710,20,남자,무직,충청남-서산시,"홍태영 씨는 꼼꼼한 기술적 역량을 바탕으로 공기업 취업을 준비하는 20세 청년이자, SNS 식도락 문화에 빠져 있는 서산의 미식가입니다.","['충청남도 지역 맛집 지도 제작', '동네 배드민턴 클럽 활동', '피부 타입별 기초 화장품 분석 및 관리', '스포츠 경기 분석 영상 시청']"
55a0d7a79cdc4803a377c77598702186,73,여자,건물 청소원,대구-달성군,이미자 씨는 대구 달성군 자동차 공장에서 성실히 근무하며 가족의 안녕과 친정어머니의 건강을 최우선으로 여기는 70대 어머니입니다.,"['유튜브 임영웅 영상 시청', '비슬산 둘레길 산책', '베란다 제라늄 가꾸기', '동네 목욕탕 사우나 이용']"
9a924fbfeb6b4d71ae7c95a524946e68,37,남자,검표원,충청남-서천군,"백정훈 씨는 서천에서 가족의 평온을 최우선으로 하며, 검표원이라는 성실한 직업 뒤에 예술적 감수성과 오픈월드 게임 속 모험을 숨겨둔 30대 가장입니다.","['오픈월드 게임 플레이', '신성리 갈대밭 풍경 사진 촬영', '동네 일식집 맛집 탐방', '가족과 함께하는 주말 낚시 및 등산']"
403c05837f93434698e4b9d06e923f32,47,남자,자동차 부품 기술 영업원,전북-전주시 완산구,"이정주 씨는 전주에서 자동차 부품 영업을 하며 인문학적 감성과 e스포츠의 전술적 재미를 동시에 즐기는, 넉넉한 체격의 40대 중반 남성입니다.","['LCK e스포츠 경기 시청', '주민센터 배드민턴 동호회 활동', '김광석의 서정적인 옛 노래 감상', '전주천변 야간 산책']"
ce48ebb3344c4de5b7feb0ee5c481e34,45,여자,일반 비서,광주-남구,"신미혜 씨는 법학 기반의 전문성을 갖춘 농정 비서이자, 내면에는 예술적 낭만과 독립심을 품고 무등산과 인디 음악 속에서 휴식을 찾는 40대 중반의 전문직 여성입니다.","['제주도 숲길 나홀로 트레킹', '모바일 시뮬레이션 게임 플레이', '양림동 소규모 갤러리 탐방', '취향에 맞는 와인과 함께하는 음악 감상', '반려동물과 함께하는 동네 산책']"
dd524646c3c6406ab94242f3e117f66c,42,남자,건물 경비원,경기-안양시 만안구,"공진환 씨는 안양에서 성실하게 내 집 마련의 꿈을 이룬 뒤, 현재는 다정한 성품과 손재주로 아파트 단지를 가꾸며 가족과의 식도락 생활을 즐기는 40대 보안 요원입니다.","['전국의 유명한 나물 정식 맛집 탐방', '가족과 함께하는 1000피스 퍼즐 맞추기', '주말 근교 스크린 골프 라운딩', '동네 분식집의 떡볶이와 튀김 조합 즐기기']"
0436e7f66f914f8b86aff96bc8cfb82e,39,여자,그 외 일반 영업원,대구-동구,"전라영 씨는 공학적 논리와 예술적 감성을 동시에 품은 30대 영업직 여성으로, 가족과 함께하는 평온한 일상 속에서 자신만의 건축 큐레이션 브랜드를 꿈꾸는 외유내강형 인물입니다.","['건축 및 인테리어 디자인 브이로그 시청', '아양기슭 산책로 풍경 사진 촬영', '정갈한 일본식 가정식 식당 탐방', '나물 위주의 깔끔한 한정식 식사', '가족과 함께 떠나는 숲캉스 여행']"
c798740c1bb74b3984af4ee04296486e,27,여자,무직,경기-수원시 장안구,"윤나라 씨는 수원 장안구에 거주하며 콘텐츠 제작과 스포츠를 즐기는, 자유분방하고 사교적인 성격의 27세 무직 여성입니다.","['넷플릭스 드라마 정주행', '에버랜드 방문', '장안구 근처 산책로 걷기', '길거리 농구 동호회 활동', '인디 밴드 공연 관람']"
713a9d4e8afb413d955732fd1d973e44,33,여자,건물 청소원,전북-익산시,"임나라 씨는 익산에서 건물 청소원으로 일하며 성실하게 가정을 꾸려가는 30대 여성으로, 예술에 대한 남다른 애정과 꼼꼼한 일 처리 능력을 동시에 갖춘 인물입니다.","['건축 및 예술 관련 팟캐스트 청취', '지역 미술관 전시 관람', '익산 중앙시장 골목 산책', '동네 사우나에서 찜질하기', '크림 파스타 맛집 탐방']"
2c023db1a6b84a53868b4831ecb008f9,46,남자,로봇공학 기술자 및 연구원,광주-남구,"서광철 씨는 정밀한 로봇 제어 기술과 양림동의 예술적 감성을 동시에 품은, 인간 중심의 따뜻한 기술을 꿈꾸는 40대 공학자입니다.","['영산강 민물 낚시', '기구 필라테스', '인문학 팟캐스트 청취', '어반 스케치 및 드로잉']"
0c72b6a1c2a247e0b24caa1261f4d369,51,남자,농업용 기계장비 기술 영업원,충청북-괴산군,"최상헌 씨는 괴산 농민들의 절대적 신뢰를 받는 농기계 전문가이자, 건강 관리와 특유의 신중함 사이에서 갈등하는 따뜻한 50대 가장입니다.","['괴산 산막이옛길 주변 풍경 감상 드라이브', '지역 배드민턴 클럽 정기 모임 참여', '단골 중식당에서 즐기는 짬뽕과 소주', '유튜브로 최신 농기계 리뷰 영상 시청', '지역 사회 복지관 반찬 배달 봉사활동']"
6cb7a7c764894f58b8652dcc20f3e8db,58,여자,그 외 일반 영업원,서울-동작구,"이순자 씨는 능숙한 처세술과 단단한 자아를 가진 금융업 베테랑으로, 철저한 자기관리와 가족에 대한 책임감 속에 내면의 예민함을 숨기고 살아가는 중산층 여성입니다.","['아침 요가 및 필라테스', '베란다 원예 가꾸기', '강원도 숲길 산책과 자연 감상', '가족과 함께하는 국내 자연 여행', '정갈한 일식 전문점 방문']"
3d4e2648b39943cba232d05819947e4f,68,남자,무직,충청북-단양군,"이주완 씨는 충북 단양의 정겨운 이웃들과 어울리며 손재주와 흥으로 살아가는, 건강 회복을 꿈꾸는 60대 독거 어르신입니다.","['유튜브 낚시 채널 시청', '동네 노래방 애창곡 부르기', '단양읍내 고깃집 외식', '지역 사우나에서 낮잠 자기']"
095fea24f8194d8dae49d7eb87bbcd62,61,남자,무직,부산-동래구,"김문길 씨는 동래구의 단독주택에서 정원을 가꾸고 당뇨 관리를 위한 산책을 실천하며, 절제와 규칙이 있는 소박한 일상을 살아가는 전직 교육 전공자입니다.","['온천장 목욕탕 방문', '금정산 둘레길 산책', '마당 화초 가꾸기', '동네 친구들과의 소주 한 잔']"
a928af940cd64a84add23bcb63cd6b81,52,남자,무직,충청남-공주시,"강태용 씨는 공주의 옛 기록을 수집하며 정적인 삶을 살아가는, 고집스럽지만 평온한 50대 미혼 남성입니다.","['제민천 주변 산책', '유튜브 다큐멘터리 시청', '피부 보습 관리', '외곽 저수지 드라이브']"
2802de0948544b429730009d80865056,58,여자,전화 상담원,광주-북구,"김금옥 씨는 광주 북구의 안정된 일상 속에서 금융 상담원으로서의 책임감과 임영웅의 노래, 그리고 소박한 이웃 관계를 통해 삶의 평온을 유지하는 50대 여성입니다.","['유튜브로 듣는 트로트 메들리', '동네 친구들과의 끝없는 수다', '거실 소파에서 즐기는 오후 낮잠', '주말 저녁 TV 드라마 시청']"
eb80b0791d984f039ffdfb2742446ff4,46,여자,무직,서울-서초구,"박은영 씨는 서초구에 거주하며 가족과 지역 사회를 위해 헌신하고, 상담사라는 새로운 꿈을 향해 나아가는 사려 깊지만 내면은 여린 46세 여성입니다.","['양재천 수변 산책', '시사 잡지 및 뉴스레터 탐독', '지역 복지관 정기 봉사활동', '천연 발효빵 맛집 탐방', '가족과 함께하는 수목원 여행']"
15294236ba30454e840b6256f9aef1ca,79,남자,무직,부산-금정구,이철원 씨는 평생을 꼼꼼한 장부 정리와 규칙적인 생활로 일구어낸 부산 금정구의 실용적이고 정갈한 어르신입니다.,"['금정산 등산 및 산책', '종이 신문 정독', '동네 대중목욕탕 방문', '제철 생선회 시식', '오후의 짧은 낮잠']"
537202f95a4e4f0b934ac9eb0235355d,73,여자,그 외 산업 안전 및 위험 관리원,대구-군위군,"최경순 씨는 대구 군위에서 금속가공 안전관리자로 근무하며, 공학적 논리와 철저한 자기관리로 삶의 질서를 세우는 73세의 전문직 여성입니다.","['지역 맛집 탐방 및 음식 기록', '유튜브 원예 영상 시청', '단독주택 마당 정원 관리', '클래식 음악 감상']"
dc14e14f2add4faba253f634292c5a1f,85,여자,무직,강원-영월군,"이지영 씨는 영월의 자연과 함께 나이 들어온 85세의 실용적인 어르신으로, 텃밭 가꾸기와 이웃과의 교류, 그리고 가족에 대한 사랑으로 일상을 채워갑니다.","['텃밭 채소 가꾸기', '마을 회관 이웃들과의 담소', '영월강변 산책로 걷기', '동네 빵집 단팥빵 쇼핑']"
2dfa83d399014dacbd6bfac48cbe2395,34,여자,경리 사무원,경기-연천군,"전수민 씨는 연천군에서 농업 경리로 근무하며 대가족의 경제와 행정을 책임지는 34세 여성으로, 실용적인 판단력과 예민한 감수성을 동시에 지닌 인물입니다.","['기구 필라테스', '가족과 함께하는 배드민턴', '유튜브 레시피를 활용한 저녁 식사 준비', '지역 일식 맛집 탐방']"
f06f9e6e282b40e1adfcdf0d24263881,57,여자,국가행정 사무원,대전-유성구,"이미숙 씨는 유성구에서 공직 생활을 하며 쌓은 절제미와 합리성을 바탕으로, 베란다 텃밭과 빵집 투어라는 소소한 기쁨을 누리는 외유내강형의 50대 여성입니다.","['베란다 텃밭 채소 가꾸기', '갑천변 산책로 걷기', '전국의 숨은 나물 정식 맛집 탐방', '건강 관리 관련 유튜브 영상 시청']"
55d37bfad4d94de5b72f965bbaef7687,74,여자,무직,전라남-강진군,"이희숙 씨는 강진에서 홀로 아파트에 거주하며, 손맛 좋은 살림 솜씨와 고혈압에 대한 불안감을 동시에 안고 살아가는 70대 여성입니다.","['임영웅의 노래 가사 음미하며 듣기', '강진 다산초당 주변 천천히 걷기', '일일 드라마 전개 예측하며 시청하기', '자녀들과 함께하는 역사 유적지 나들이']"
f0ac82ea3db94fd28073cc9d9e44851a,50,남자,무직,인천-서구,"권성근 씨는 인천 서구의 투박한 공단 정서와 물류 현장의 성실함을 몸에 익힌 50대 남성으로, 현재는 별거의 외로움과 무직의 무료함을 옛 영화와 동창들과의 술자리로 달래며 소박한 재취업을 꿈꾸는 현실적인 인물입니다.","['청라호수공원 풍경 감상', '고교 동창들과의 술자리', '거실에서 TV 영화 시청', '동네 일식집에서 초밥 먹기']"
880388a5fceb415f94160b512e3604c1,42,남자,선박교통 관제사,대전-동구,"정혜원 씨는 대전에서 근무하는 베테랑 선박교통 관제사로, 철저한 업무 능력과 달리 집에서는 정리정돈에 서툰 인간적인 면모를 지닌 40대 가장입니다.","['식장산 가족 트레킹', '전략 시뮬레이션 PC 게임', '최신 가전제품 리뷰 영상 시청', '동네 단골집 비빔밥 외식', '일요일 오후의 긴 낮잠']"
9b843936d6134f2d997fd5eb6488e3e9,47,여자,요양 보호사,경상남-사천시,"김정원 씨는 사천에서 요양 보호사로 일하며 가족을 위해 헌신하는, 실속 있고 책임감 강한 40대 어머니입니다.","['근교 지역 유명 베이커리 투어', '반려견과 함께하는 동네 산책', '유튜브 건강 상식 및 생활 팁 시청', '가족과 함께하는 대형 마트 쇼핑']"
94fee63df38942818105418bf155ff52,46,여자,그 외 법률 관련 사무원,울산-남구,"장윤희 씨는 울산 남구에서 자가 주택을 보유한 채 건축 설계 사무소의 살림꾼으로 일하며, 영남알프스 등산과 웹툰으로 스트레스를 해소하는 정갈하고 책임감 강한 40대 미혼 여성입니다.","['영남알프스 둘레길 산책', '네이버 웹툰 최신화 정주행', '모바일 수집형 게임 퀘스트 수행', '가족과 함께하는 전라도 지역 맛집 탐방', '동네 사우나에서 즐기는 반신욕']"
4df86b5d4f19476d9bc234b9aca307ec,77,여자,무직,서울-도봉구,"정명자 씨는 도봉산 자락에서 평생을 살아오며 꼼꼼한 살림 솜씨와 단정한 성품을 유지하고, 소박한 일상 속에서 가족과 친구들과의 유대를 소중히 여기는 70대 여성입니다.","['임영웅 노래 감상 및 영상 시청', '도봉구 내 단골 사우나 방문 및 친목 도모', '경주, 부여 등 국내 역사 유적지 답사', 'TV 건강 정보 프로그램 시청 및 실천']"
b4d8a344c8314d4cba10f15dff650e54,39,여자,무직,서울-성북구,"최지은 씨는 성북구에 자가를 보유한 30대 후반의 전공자로서, 현재는 예술 향유와 휴식을 통해 삶의 균형을 찾으며 완만한 사회 복귀를 준비하는 현실적이고 세심한 성격의 소유자입니다.","['성북천 및 동네 골목 산책', '국립현대미술관 전시 관람', '넷플릭스 드라마 정주행', '지역 플리마켓 소품 쇼핑', '동네 삼겹살집 맛집 탐방']"
fc20b43d4eb548a9be111fb6ec617a6f,39,여자,건물 청소원,서울-관악구,"신의교 씨는 관악구에서 건물 청소 전문가로 일하며 자가 주택을 보유한, 소탈하고 정이 많은 30대 후반의 여성입니다.","['남한산성 성곽길 드라이브', '동네 찜질방에서 식혜 마시기', '유튜브 고전 예능 시청', '굽네치킨 고추바사삭 주문하기']"
49c4247933cd4cb4adee5b74b6bdef37,52,여자,지방행정 사무원,대구-달성군,"류은정 씨는 원칙과 배려를 동시에 갖춘 달성군의 베테랑 공무원으로, 정갈한 일식과 한식을 즐기며 가족 및 친구들과의 유대를 통해 삶의 평온을 찾는 50대 여성입니다.","['전국 유명 노포 및 한정식 맛집 탐방', '동네 산책로를 따라 걷는 가벼운 유산소 운동', '유튜브를 통한 최신 외식 트렌드 및 식당 정보 수집', '가족과 함께하는 주말 외식 및 카페 나들이']"
0ccfce1ba8cb48cab06295f8d1e35bf5,44,여자,공연·영화 및 음반 기획자,서울-성동구,"이은경 씨는 성수동의 트렌드를 읽는 예리함과 가족을 향한 따뜻한 책임감을 동시에 가진, 현실적이고 세심한 공연 기획자입니다.","['아차산 등산 및 산책', '최신 피부 관리 및 에스테틱', '넷플릭스 다큐멘터리 시청', '가족과 함께하는 온천 여행']"
4d8f4bc608044123b6f860ab54705ee5,38,남자,조명기사,경기-성남시 분당구,"최현택 씨는 분당에서 가족을 부양하며 성실하게 일하는 30대 후반의 조명기사로, 현실적인 안정과 가족의 행복을 최우선으로 여기는 실용주의자입니다.","['남한산성 드라이브', '서울 시티투어 버스 여행', '대학로 소극장 연극 관람', '정갈한 일식 및 한정식 탐방', '동네 산책로 걷기']"
7c939ddbe8ff4133a7d92fc183d92e78,47,여자,예체능 교사,경기-하남시,"정미란 씨는 하남 미사에 거주하며 예체능 교사로 일하는, 꼼꼼한 책임감과 섬세한 예민함을 동시에 지닌 40대 여성입니다.","['미사경정공원 산책 및 자연 경관 감상', '동네 유명 베이커리 카페 투어', '프로야구 경기 시청 및 응원', '동네 사우나에서 즐기는 반신욕과 휴식', '가족과 함께 떠나는 테마 여행']"
e274d9ebdee34cf183d329e21259e982,30,남자,교육 및 훈련 사무원,경기-의정부시,"유혁인 씨는 전문적인 안전 교육 역량을 갖춘 직장인이자, 육아의 고단함을 캠핑과 게임으로 달래며 더 나은 경제적 미래를 설계하는 현실적인 30대 가장입니다.","['포천 인근 숲속 캠핑', '로스트아크 레이드 참여', '의정부 지역 고기집 탐방 블로그 기록', '수락산 둘레길 산책']"
983b9205415e4d2ca623ae4a309a55e1,20,여자,공공행정 전문가,서울-관악구,"박세린 씨는 관악구 신림동의 정서와 성수동의 트렌드를 동시에 품은 채, 공공행정의 효율성을 추구하며 알찬 삶을 꿈꾸는 20세 직장인입니다.","['성수동 및 한남동 팝업 스토어 투어', '아이패드를 이용한 디지털 다이어리 꾸미기', '헬스장 고강도 인터벌 트레이닝', '친구들과 함께하는 모바일 팀전 게임', '넷플릭스 최신 시리즈 몰아보기']"
2962168f0b8146939656d30d6dfaeb79,23,남자,무직,경기-오산시,"김보경 씨는 실리와 안정을 최우선으로 여기는 23세 취준생으로, 철저한 지출 관리와 정적인 취미를 통해 삶의 균형을 유지하고 있습니다.","['풍경 사진 촬영', '콘솔 게임', '오산천 산책', '일식 맛집 탐방']"
e71047894396447b8441cf91aaed3328,22,남자,"전직 금속 열처리로 조작원, 현재 구직중",경상북-구미시,"안동혁 씨는 금속 열처리 분야의 숙련도를 갖춘 구미의 22세 청년으로, 다정한 성격과 꼼꼼한 일 처리 능력을 갖췄으나 현재는 안정적인 정년 보장 일자리를 찾는 중인 실업 상태입니다.","['지역 맛집 탐방', '일본식 돈카츠 투어', '네이버 웹툰 감상', '보드게임 카페 방문']"
9d50cf025f674d8fb631cb282cd66374,62,남자,사무 보조원,경기-수원시 팔달구,"남종원 씨는 수원 팔달문 시장의 정취를 간직한 채 성실하게 살아온 사무 보조원으로, 소박한 일상 속에서 내면의 평온과 도리를 중시하는 조용한 성격의 소유자입니다.","['동네 당구장에서의 4구 게임', '광교산 둘레길 산책 및 풍경 감상', '주 1회 지역 사우나 방문 및 반신욕', '거실 소파에서의 낮잠과 TV 시청']"
2550dd8d416e4c97a3501c28bab95e36,82,남자,무직,전라남-광양시,"김정기 씨는 광양의 성장기를 거쳐온 자부심과 꼼꼼한 기록 습관을 바탕으로, 평온한 일상과 가족에 대한 사랑을 가꾸는 82세의 신사입니다.","['광양만 바다 낚시', '배달 앱으로 일식 주문하기', '가족과 함께하는 성지순례', '동네 공원 느리게 걷기', '정오의 낮잠']"
f7d2722ddad544fdae807b809ae55cac,58,남자,일반 비서,경상남-진주시,"정문석 씨는 진주에서 농업 행정과 공학적 소양을 결합해 일하는 성실한 직장인이자, 배드민턴과 UFC 그리고 텃밭 가꾸기로 삶의 균형을 잡는 보수적이고 꼼꼼한 50대 가장입니다.","['텃밭 가꾸기', '지역 배드민턴 동호회 활동', 'UFC 경기 시청', '남강 변 산책']"
d9d15a4976554f4dbd4c7c400777a910,44,남자,"전직 토목시공 기술자, 현재 구직중",경기-수원시 영통구,박준우 씨는 토목 시공의 전문성과 꼼꼼함을 갖췄지만 현재는 구직의 불안함 속에서 어머니를 모시며 소박한 일상을 살아가는 40대 남성입니다.,"['유튜브 건축 및 토목 기술 영상 시청', '동네 단골 식당에서의 반주', '친구들과 함께하는 주말 산행 및 트레킹', '전국 유명 노포 방문', '스마트폰을 이용한 간단한 가계부 작성']"
c2a2c7eb37da4fcaa7d2abe1f0e54b5e,42,여자,무직,부산-금정구,이지영 씨는 부산 금정산 자락의 단독주택에서 가족을 돌보며 소박한 일상과 정적인 취미 속에서 평온을 찾는 40대 주부입니다.,"['금정산 둘레길 산책', '1,000피스 풍경 퍼즐 맞추기', '한국 근현대 소설 읽기', '성당 공동체 봉사 활동']"
caa8ad62e5d943b78d3947615b22c301,58,남자,전화 상담원,대구-달서구,"정재영 씨는 대구 달서구에서 보험 상담원으로 일하며 낚시와 사우나로 외로움을 달래고, 내 집 마련의 꿈을 위해 성실히 저축하는 넉살 좋은 50대 남성입니다.","['합천호 민물낚시', '동네 목욕탕 사우나 이용', '유튜브 낚시 장비 리뷰 시청', '라디오 팟캐스트 청취', '주 1회 한식당 고기 외식']"
01afa887774a4c29b729d3dc7691fabe,63,여자,무직,전라남-여수시,"김정숙 씨는 여수 웅천동에서 꼼꼼한 살림 솜씨와 따뜻한 이웃 사랑을 실천하며, 배움에 대한 갈망으로 손주들과의 소통을 꿈꾸는 정 많은 60대 여성입니다.","['웅천 친수공원 산책', '단팥빵 맛집 탐방', '모바일 퍼즐 게임', '동네 친구들과의 수다', '숲길 풍경 감상']"
e70e6a83f0ad4b93820803c1220c4a4a,79,여자,무직,울산-중구,"김백임 씨는 울산 성남동의 정취 속에서 이웃과 끈끈한 정을 나누며, 소박한 일상과 건강한 노후를 소중히 여기는 지혜로운 어르신입니다.","['태화강 국가정원 산책하며 꽃 구경하기', '동네 목욕탕에서 친구들과 근황 나누기', '임영웅의 노래를 따라 부르며 흥 돋우기', '일주일에 한 번 자녀가 보내준 배달 음식 즐기기', '초밥이나 회덮밥 같은 일식당 방문하기']"
e71c8c67c626461393cddd401b314d80,89,여자,무직,전북-완주군,"김석원 씨는 완주군 봉동읍의 강단 있는 어른으로, 엄격한 생활 습관과 깊은 가족애를 동시에 지닌 채 서예와 원예로 노년을 풍요롭게 가꾸는 분입니다.","['대둔산 풍경 감상 나들이', '복지관 서예 교실', 'TV 일일 드라마 시청', '동네 친구들과의 전화 수다']"
7bd8bcf4b17247de9b3a552348f41d56,39,여자,무직,서울-영등포구,"한주미 씨는 인문학적 통찰력과 세심한 중재 능력을 갖춘 39세 전업주부로, 고도비만이라는 건강 과제를 안고 있으면서도 여의도 한강공원 조깅과 독서를 통해 내면의 밀도를 높이며 미래의 독립 서점 운영을 꿈꾸는 인물입니다.","['한강공원 야간 조깅', '서울 시내 숨은 갤러리 투어', '최신 에세이 탐독', '전통 찻집 방문']"
e1c786cc42dd4ca7a7551188e012dca1,61,남자,화학물 여과기 및 분리기 조작원,울산-동구,"이양훈 씨는 울산 공단의 성실한 숙련공이자, 자전거와 텃밭을 가꾸며 소박한 행복을 찾는 다정한 가장입니다.","['슬도 해안도로 자전거 라이딩', '베란다 텃밭 채소 가꾸기', '동네 목욕탕 사우나 이용', '단골 포장마차에서의 친목 도모']"
a5c57e89821a4087b958ac7944ca0795,23,여자,"전직 국가행정 사무원, 현재 구직중",경기-가평군,"오채원 씨는 수학적 분석력과 행정 실무 능력을 겸비한 구직자로, 가평의 자연 속에서 3세대 가족과 함께하며 소소한 취미와 사회적 관계를 통해 삶의 균형을 찾는 23세 청년입니다.","['북한강 변 조깅', '전략 보드게임', '시즌별 네일 아트', '동네 사우나 방문', '가평 인근 드라이브']"
6ef593f313874e0cbf0538284d330d85,84,남자,무직,경기-고양시 일산서구,"김석기 씨는 전후의 가난을 딛고 일궈낸 성실함으로 일산에서 평온한 노후를 보내며, 건강 관리와 가족의 화목을 최우선으로 여기는 세심하고 현실적인 어르신입니다.","['일산 지역 배드민턴 동호회 활동', '동네 사우나 정기 방문', 'TV 역사 다큐멘터리 시청', '전국 역사 유적지 탐방', '청국장과 나물 위주의 한식 식사']"
49f472cdd405499e98bfe38472bed709,30,남자,보험 중개인,서울-성동구,"이진혁 씨는 성수동의 감성과 보험 전문가로서의 치밀함을 동시에 지닌 30대 남성으로, 건강 관리라는 숙제를 안고 아내와 함께 소소한 일상의 행복을 가꾸어가는 인물입니다.","['서울숲 밤산책', '범죄 다큐멘터리 시청', '유튜브 인테리어 영상 보기', '일식 오마카세 맛집 탐방', '가벼운 홈술']"
8eb90089c3cf4dcbbcf2769437bf63b4,73,여자,무직,인천-서구,"허경자 씨는 인천 서구의 정겨운 시장통 정서를 품은 채, 소박한 신앙심과 알뜰한 살림 솜씨로 평온한 노후를 가꾸어가는 강인한 어머니상입니다.","['청라 호수공원 느리게 걷기', '교회 구역 예배 참석', ""TV 프로그램 '6시 내고향' 시청"", '동네 친구들과의 수다 떨기', '가족과 함께하는 근교 숲길 나들이']"
60729be3057a4338b870546520058c3e,63,여자,건물 경비원,전북-김제시,"이의애 씨는 김제의 넓은 들녘을 닮은 너그러움과 경비원으로서의 노련함을 갖춘 채, 임영웅의 노래와 남편과의 산책으로 일상의 행복을 채우는 63세 여성입니다.","['임영웅 노래 영상 시청', '벽골제 주변 산책', '동네 분식집 떡볶이와 김밥 먹기', '건강 정보 유튜브 채널 구독']"
a1f5724cf9ff4d6d844a9feb544929da,65,남자,무직,대전-대덕구,"정동수 씨는 투박한 손재주와 성실함을 가진 대전의 60대 가장으로, 아내와 함께하는 소박한 일상과 건강한 노후를 지향합니다.","['대청호 민물낚시', '유튜브 해외 여행 채널 시청', '동네 친구들과의 당구 한 게임', '아내와 함께하는 일식집 외식']"
5e6b1a0c277c44c79b82a52cb9e68fa2,47,남자,무직,경기-군포시,"권지만 씨는 산본 로데오거리의 폭넓은 인맥과 물류 현장의 실무 능력을 겸비한 40대 가장으로, 꼼꼼한 성격과 사교적인 면모를 통해 삶의 안정적인 궤도를 되찾으려는 인물입니다.","['KBO 프로야구 경기 관람', '산본 로데오거리 치킨집 모임', '유튜브 낚시 채널 시청', '동네 친구들과의 소주 한잔']"
449678c1fc81451e834160e6bf54c5c8,45,여자,그 외 상점 판매원,경기-김포시,"문현영 씨는 김포에서 가족과 함께 살며 도매 상점 판매원으로 일하는, 넉살 좋은 성격과 소소한 취향을 가진 40대 여성입니다.","['아라뱃길 가족 산책', '삼겹살과 소주 곁들이기', '일본 만화책 읽기', '넷플릭스 예능 시청', '동네 일식집 탐방']"
d123ba8eaa574c84857f0bc613bcc925,56,남자,무직,광주-남구,"박성훈 씨는 광주 봉선동의 인맥 넓은 마당 주인으로, 당구와 텃밭 가꾸기를 즐기며 건강 회복을 통해 다시 사회로 나갈 준비를 하는 사교적인 중년 남성입니다.","['마당 텃밭 작물 가꾸기', '동네 당구장에서의 3쿠션 경기', '남구청 주변 산책로 조깅', '지역 신문 읽으며 시정 소식 확인하기', '반려견과 함께하는 동네 골목 산책']"
722e732b31db4adcb0646dd7132060db,40,여자,일반 비서,경기-남양주시,"홍란영 씨는 이성적인 업무 처리 능력과 내면의 깊은 불안함을 동시에 지닌 채, 남양주에서 아이와 함께 아늑한 보금자리를 가꾸며 살아가는 40대 한부모 여성입니다.","['남양주 물의 정원 산책', '일본 만화 단행본 수집', '심리 상담 관련 팟캐스트 청취', '동네 분식집 맛집 탐방']"
2d85ebca373c4846acc7610d78335bdc,58,여자,노점 및 이동 판매원,충청북-옥천군,"박춘혁 씨는 옥천 시장의 흐름을 읽는 눈과 꼼꼼한 장부 기록 습관을 가진, 가족의 안녕과 소박한 주거 개선을 꿈꾸는 성실한 50대 여성입니다.","['유튜브 인테리어 소품 활용법 시청', '대전 지역 빵집 투어', '금강변 산책로 걷기', '지역 복지관 반찬 봉사활동']"
b8d3ce353b7d4d6ca9004a95f6c62ed9,29,여자,무직,경기-용인시 수지구,"권채림 씨는 용인 수지에 거주하며 예술적 감성과 공감 능력을 갖췄지만, 무직 상태의 불안함과 건강 관리의 어려움을 겪고 있는 20대 후반의 여성입니다.","['수지구 동네 이자카야 탐방', '기구 필라테스', 'KBO 프로야구 시청', '심리학 관련 팟캐스트 청취', '인테리어 소품 수집']"
12e4b1b66dae49d6b2a2ba5d87a148e7,73,여자,무직,부산-연제구,"장순화 씨는 부산 연제구에서 억척스러운 생활력과 정을 간직한 채, 건강 관리와 소소한 취미 생활을 즐기며 살아가는 70대 베테랑 주부입니다.","['지역 배드민턴 동호회 활동', '유튜브 트로트 영상 시청', '동네 사우나 단골 방문', '반려견 산책시키기', '전국의 수목원 탐방']"
5933a1dadb844e79a43a93ac12143995,63,남자,무직,서울-서대문구,"박공행 씨는 서대문구에 거주하며 행정적 꼼꼼함과 노련한 사회적 경험을 갖춘, 낮잠과 산책 그리고 소박한 인간관계의 유대감을 소중히 여기는 60대 남성입니다.","['안산 자락길 산책', '단골 중식당에서 짬뽕 먹기', 'TV 시사 프로그램 시청', '전국 명산 풍경 사진 찍기']"
d68be8d7f0624cae976ca2a9d7b51b14,36,남자,회계 사무원,서울-도봉구,"김병섭 씨는 도봉구에서 성실하게 일하며 가족의 행복과 내 집 마련이라는 꿈을 향해 묵묵히 걸어가는, 꼼꼼한 회계 사무원이자 다정한 30대 가장입니다.","['도봉산 둘레길 조깅', '동네 체육관 농구 동호회 활동', '네이버 웹툰 정주행', '가족과 함께하는 전국 빵지순례', '동네 친구들과의 치킨 모임']"
5cdb21a4ad56443ea6886f0b3df30ae4,49,여자,소규모 상점 경영자,서울-강동구,"진윤주 씨는 강동구에서 상점을 운영하며 가족을 부양하는 책임감 강한 가장이자, 배드민턴과 식도락 여행으로 삶의 활력을 찾는 40대 여성입니다.","['구청 체육센터 배드민턴', '전국 나물 정식 맛집 투어', '혈당 관리 건강 유튜브 시청', '최신 주말 드라마 정주행']"
eda99de539654c9d842f61f88e83f61d,32,여자,무직,경기-양주시,"김혜인 씨는 양주에 거주하며 꼼꼼한 행정 처리 능력과 자기관리 습관을 가진, 안정적인 삶과 내 집 마련을 꿈꾸는 30대 미혼 여성입니다.","['경기 북부 외곽 드라이브', '나물 비빔밥과 청국장 맛집 탐방', '웨이트 트레이닝을 통한 체력 증진', '동네 사우나에서 즐기는 반신욕', '페퍼로니 피자와 시원한 캔맥주 즐기기']"
79b2e00a48e44a2e80bf74a41f736280,59,여자,무직,경상북-포항시 북구,"최연자 씨는 포항 북구에서 성실하게 살림을 꾸리며 라디오와 산책으로 마음을 달래는, 가족을 위해 헌신하는 50대 후반의 어머니입니다.","['MBC 표준FM 라디오 청취', '영일대 해수욕장 산책', '가족 동반 지역 시티투어', '낮잠을 통한 정서적 휴식']"
fb381504dac24925bf01eaa0aed70cea,74,여자,무직,경기-의왕시,조혜숙 씨는 보건복지 전공 지식과 철저한 자기관리 능력을 바탕으로 흐트러짐 없는 정갈한 노후를 보내는 의왕시의 품격 있는 어르신입니다.,"['백운호수 둘레길 산책', '지역 커뮤니티 건강 소모임', '정기적인 사우나 및 목욕', '정갈한 양식 외식과 티타임', '매일 밤 작성하는 감사 일기']"
8d7a32d0e6c54276be69307d2d4997a2,69,여자,무직,전북-진안군,장순덕 씨는 전북 진안군 마이산 자락에서 전문대 학력의 자부심과 독립적인 성정으로 건강한 노후를 일궈가는 60대 여성입니다.,"['지역 배드민턴 클럽 활동', '동네 사우나 단골 방문', '배달 앱을 이용한 분식 주문', '마이산 주변 풍경 사진 찍기', '오후의 짧은 낮잠']"
93ea316b2f0e469990e3b7e91457216a,60,남자,건설 단순 종사원,서울-노원구,"김남철 씨는 평생 건설 현장에서 성실하게 일하며 내 집 마련의 꿈을 이룬, 투박하지만 정 많은 노원구의 60대 가장입니다.","['KBO 프로야구 경기 시청', '노원구 동네 사우나 단골 방문', '친목회 정기 산행 및 자연 풍경 감상', '임영웅 노래 듣기', '동네 친구들과의 소주 한 잔']"
b3786df8814046188a1658237b4a4236,38,남자,생산관리 사무원,인천-계양구,최정규 씨는 안정적인 직장과 가정 환경 속에서 정적인 취미와 내밀한 불안을 동시에 안고 살아가는 30대 후반의 생산관리직 남성입니다.,"['프리미어리그 중계 시청', '국립중앙박물관 전시 관람', '동네 분식집 메뉴 탐방', '집에서 즐기는 정적인 휴식']"
6bdd7d7a74a14145b18f6f8fa4850ae9,43,남자,무직,제주-제주시,"강부영 씨는 제주시의 인간관계망 중심에서 분위기를 주도하는 사교적인 성격이지만, 건강 관리와 진로 결정 앞에서는 소심해지는 40대 미혼 남성입니다.","['제주시 내 볼링장 투어 및 경기', '가족과 함께하는 에코랜드 나들이', '동네 농구 코트에서의 가벼운 경기', '일식 초밥집 탐방 및 식도락', '밤늦게까지 이어지는 친구들과의 전화 통화']"
898535680bcd462a811f546294906d72,44,남자,통계 사무원,경기-성남시 중원구,"천상민 씨는 성남에서 물류 통계 전문가로 일하며 가족의 안정을 위해 헌신하지만, 홀로 떠나는 역사 여행과 전략 게임으로 내면의 고독을 달래는 40대 가장입니다.","['전략 시뮬레이션 게임', '재즈 음악 감상', '역사 유적지 단독 여행', '동네 공원 야간 산책', '가벼운 반주와 함께하는 일식 식사']"
fa265b48f66e4c70bb1b0387aba49b46,21,여자,무직,경기-수원시 장안구,"강예영 씨는 뷰티 전문가를 꿈꾸는 완벽주의적 성향의 21세 청년으로, 보수적인 가족 환경과 자유로운 예술적 취향 사이에서 섬세하게 균형을 잡으며 살아가는 인물입니다.","['필름 카메라를 이용한 자연 풍경 출사', '동네 독립 서점 탐방 및 독서 기록', '최신 개봉 영화 N차 관람 및 분석', 'SNS 뷰티 콘텐츠 수집 및 홈케어 실습']"
e9ebd7e544f24f2ca24b0ceec8f19dd3,38,남자,무직,경기-부천시 소사구,"박성재 씨는 뛰어난 손재주와 현실적인 감각을 지닌 부천의 30대 남성으로, 소소한 일상의 안락함과 작은 수리점의 꿈을 간직하며 살아갑니다.","['굴포천 자전거 라이딩', '프로야구 하이라이트 분석 시청', '동네 목욕탕 사우나에서 휴식', '유튜브 자연 풍경 영상 감상']"
74cc6b0ceecd47199f9bf22c68bda89a,43,여자,무직,서울-성북구,"이혜진 씨는 성북동의 고즈넉한 분위기를 닮은 인문학적 감수성을 지닌 예술가 지망생이자, 아이를 위해 강인하게 삶을 일궈가는 단단한 어머니입니다.","['프랑스 자수 및 소품 제작', '성북천 주변 산책', '온라인 인문학 강좌 수강', '취향 기반의 소품 쇼핑']"
7a97857c41f944d29ad9828492fae2f2,23,남자,무직,경상북-구미시,"박상훈 씨는 꼼꼼한 법학 전공자의 면모와 화려한 유흥을 즐기는 청년의 모습이 공존하는, 구미에 거주하는 취업 준비생입니다.","['금오산 저수지 산책', '최신 웹툰 정주행', '대구 지역 클럽 방문', '스포츠 경기 분석 및 베팅', '자연 풍경 사진 촬영']"
79269208558e4a09a10ee6de3114b59a,50,남자,그 외 일반 영업원,경기-수원시 영통구,"김상열 씨는 공학적 분석력과 뛰어난 사교성을 겸비한 수원 영통구의 친근한 도매 영업맨이자, 가족과 함께 전국 맛집 탐방을 즐기는 다정다감한 아버지입니다.","['전국 토속 음식점 탐방', '광교호수공원 산책', '최신 IT 기기 영상 시청', '가족과 함께하는 독립 영화 관람', '동네 소모임 주도']"
0b947f483cf84dffb72bc2ab2e990ef0,53,남자,그 외 금속가공 기계 조작원,경상남-김해시,"김상협 씨는 김해 금속가공 현장의 숙련된 기술자이자, 가족에 대한 그리움을 롯데 자이언츠 경기와 낙동강 산책으로 달래는 외로운 낭만주의자입니다.","['롯데 자이언츠 야구 경기 시청', '낙동강 둔치 산책', '유튜브 음식 리뷰 영상 보기', '가족과 함께하는 숲길 여행']"
3a7250e03cc04761a246b878d4f676c8,71,남자,가스 점검원,서울-은평구,"유상인 씨는 은평구에서 가스 점검원으로 성실히 근무하며, 책임감 있는 삶과 소소한 가족의 행복을 소중히 여기는 70대 가장입니다.","['복지관 바둑 대국', '동창회원들과 담양 메타세쿼이아 길 여행', '동네 목욕탕 온탕에서 피로 풀기', '오후 시간의 짧은 낮잠']"
baaec41148404b4eb9c5bbca6bf8a647,43,여자,그 외 일반 영업원,인천-연수구,"김지혜 씨는 인문학적 감성과 탁월한 공감 능력을 갖춘 제약 영업원이자, 덜렁거리는 성격 속에 가족에 대한 깊은 애정을 품고 사는 40대 인천 시민입니다.","['지역 배드민턴 동호회 활동', '강화도 및 서해안 바다 낚시', '태국 및 베트남 음식 맛집 탐방', '시티투어 버스를 이용한 도심 여행', '최신 팝업 스토어 및 전시 관람']"
ee79d80d697f4d0185ed69905b160e20,44,여자,요양 보호사,인천-연수구,"방우향 씨는 인천 연수구에서 가족과 함께하며, 요양 보호사로서의 전문성과 다채로운 손재주를 가진 외유내강형의 40대 여성입니다.","['유튜브 자수 영상 따라 하며 소품 만들기', '송도 센트럴파크 가족 산책 및 가벼운 배드민턴', '동네 지인들과의 정기적인 카페 수다', '제철 나물을 활용한 건강한 한식 상차림 요리']"
dfeb07e0ea1a492e911bf1b32b08ca9d,83,여자,무직,경기-광명시,박상임 씨는 광명시 자가 아파트에서 가족들과 함께하며 절약 정신과 열린 마음으로 노년을 보내는 83세의 강인한 할머니입니다.,"['임영웅의 노래 감상', '광명 전통시장 나들이', '베란다 상추와 방울토마토 가꾸기', '동네 사우나에서 지인들과 담소 나누기']"
5ac7a57555b748cc9f88b823fad083d6,59,남자,그 외 건축 도장공,울산-남구,"양병섭 씨는 울산에서 잔뼈가 굵은 베테랑 도장공이자, 건강한 생활 습관과 유연한 사고방식으로 가족과 함께하는 일상의 소소한 행복을 추구하는 넉살 좋은 50대 가장입니다.","['진하해변 바다낚시', '동네 사우나 단골 모임', '유튜브 여행 브이로그 시청', '가족 동반 도시 버스 투어']"
6598567261bb4e27b7b26e02acbc1349,22,여자,무직,충청북-충주시,"이내윤 씨는 충주에 거주하는 22세 교육학 전공자로, 현실적인 취업 압박과 대안 교육이라는 이상 사이에서 방황하며 헬스와 여행으로 마음을 다스리는 청년입니다.","['고중량 웨이트 트레이닝', '국내 역사 유적지 출사', '코인 노래방', '웹툰 정주행', '디저트 카페 투어']"
379982b62fd347949582bbc3be28e157,32,여자,언어학 및 문학 연구원,서울-성북구,"서은지 씨는 성북구의 고즈넉한 분위기 속에서 고전 문헌을 연구하며, 학문적 성취와 소박한 가정생활 사이의 균형을 찾아가는 30대 연구원입니다.","['닌텐도 스위치 힐링 게임', '성북동 나물 정식 및 두부 요리 탐방', '창덕궁 후원 및 고궁 유적지 산책', '중식당의 짬뽕과 꿔바로우 즐기기']"
63424e9be0414b9987e89917e5f94b1f,31,남자,상품 기획자,경기-안산시 상록구,"박민진 씨는 안산에 거주하며 교육 콘텐츠를 기획하는 31세 남성으로, 실용적인 삶의 태도와 개인적인 취향 사이의 균형을 찾는 인물입니다.","['지역 배드민턴 클럽 활동', '퓨전 양식 홈쿠킹', '스팀 인디 게임 수집', '코인 노래방 방문']"
ee64e25d9c69457db8ae240647d5c051,30,남자,운송장비 청소원,서울-서대문구,"강동주 씨는 서대문구에서 수입차 디테일링 전문가로 일하며, 정교한 기술적 성취와 소박한 개인적 취향 사이에서 균형을 찾아가는 30세 청년입니다.","['북한산 둘레길 트레킹', '리그 오브 레전드 게임', '신촌 인근 일식 맛집 탐방', '친구들과의 삼겹살 회식']"
8cf4f7f867d14f2088c62b80223a2987,49,남자,영업 관리 사무원,부산-북구,"한연준 씨는 부산 북구에서 어머니를 모시며 살아가는 꼼꼼한 성격의 건설업 영업 관리직으로, 건강 관리와 자산 유지라는 현실적인 목표를 향해 체계적으로 하루를 살아가는 중년 남성입니다.","['지역 배드민턴 동호회 활동', '혈당 관리를 위한 야간 줄넘기', '최신 IT 기기 및 가전 리뷰 시청', '가족과 함께하는 부산 시티투어 버스 여행']"
5078b916ca9b4376829e4734744e0d59,44,여자,무직,충청북-청주시 상당구,정종민 씨는 청주 상당구에서 살림과 육아에 전념하며 소소한 사회활동과 배움을 통해 삶의 활력을 찾으려는 40대 여성입니다.,"['우암산 산책로 걷기', '넷플릭스 최신 드라마 정주행', '동네 지인들과의 화투 모임', '나물 위주의 한식 레시피 연구', '잔잔한 90년대 가요 감상']"
8234648e8d3f4569830cef2af4a3f488,67,남자,그 외 하역 및 적재 단순 종사원,대구-달성군,"남만용 씨는 대구 달성군 하역 현장의 베테랑이자, 성실한 저축과 소박한 취미로 노후를 꾸려가는 정 많고 꼼꼼한 60대 가장입니다.","['주민센터 배드민턴 교실', 'MBC 라디오 청취', '스마트폰 만화 감상', '동네 친구들과의 소규모 술자리']"
a70e1918257f4cd891a7649781f47fa1,42,남자,윤전인쇄기 조작원,부산-사하구,"송민수 씨는 부산 사하구의 숙련된 윤전인쇄기 조작원으로, 투박한 현장 기술자의 모습과 세련된 바버샵 스타일을 동시에 가진 중년 남성입니다.","['지역별 수제 버거 맛집 탐방', '바버샵 스타일링 및 그루밍', '퇴근 후 동료들과의 생맥주 한잔', '다대포 해안 산책로 걷기']"
32ee109f2ee748cfa05eab61606b296d,50,남자,건물용 냉동·냉장·공조기 설치 및 정비원,경기-수원시 장안구,"김동현 씨는 수원에서 공조기 정비 전문가로 일하며 신앙과 가족, 그리고 빵에 대한 소소한 애정으로 삶을 채워가는 50대 가장입니다.","['국내 성지 순례 여행', '동네 빵집 신메뉴 시식', '지역 사회 친목 모임 참여', '나물 비빔밥 맛집 탐방']"
ccbd9d64f90f47f0a875b6b0608f5f45,64,남자,"전직 회계사, 현재 구직중",경기-이천시,"정동호 씨는 전문적인 회계 지식과 느긋한 은퇴 생활 사이의 균형을 찾으며, 외로움을 사회적 교류와 소소한 취미로 극복하려는 이천의 60대 남성입니다.","['설봉산 숲길 산책', '동네 기원 바둑 대국', '지역 온천 및 사우나 투어', '오후의 짧은 낮잠과 휴식']"
1fa921721df6420aaa9aad5b42591563,44,남자,네트워크 시스템 개발자,경기-김포시,"박혜민 씨는 김포에 거주하며 가족의 안정과 기술적 완벽함을 동시에 추구하는, 깐깐하지만 책임감 강한 40대 네트워크 엔지니어입니다.","['김포시 아마추어 농구 동호회 활동', '평창 전나무 숲길 산책 및 풍경 감상', '동네 목욕탕 냉온탕 반복욕', '거실 소파에서 스포츠 다큐멘터리 시청']"
525bccbd4f194cab9899117620627f2f,54,여자,건물 청소원,서울-양천구,"정희정 씨는 가족의 안녕과 자신의 건강한 노후를 위해 묵묵히 청소 도구를 든, 외강내유형의 성실한 우리 시대 어머니입니다.","['북한산 둘레길 트레킹', '유튜브 건강 상식 채널 시청', '동네 지인들과의 막걸리 모임', '거실 소파에서의 짧은 낮잠']"
b1462f156aa44d0fabee7da161ffe39c,63,남자,상·하수 배관공,인천-연수구,"이기석 씨는 인천 연수구에 자가를 마련한 자부심을 가진 베테랑 배관공으로, 정밀한 기술력과 현대적인 인테리어 감각을 동시에 갖춘 외유내강형 인물입니다.","['송도 센트럴파크 산책 및 풍경 사진 촬영', '집안 수전 및 욕실 타일 셀프 리모델링', '동네 기원에서의 바둑 대국', '가족과 함께하는 전국 자연 경관 여행']"
3cdac4878f4c4888b3167adf9b46bca7,54,남자,육군 부사관,울산-중구,"이동호 씨는 울산에서 근무하는 50대 육군 부사관으로, 철저한 군인 정신과 농학 전공자의 섬세함을 동시에 지닌 채 전역 후 전원생활을 꿈꾸는 소박한 가장입니다.","['울산 HD 경기 직관 및 전술 분석', '태화강변 야간 산책', '동네 목욕탕 단골 모임', '가족과 함께하는 캠핑 및 낚시']"
67f4e9dc660f4e4fa348de000e91eac1,81,남자,그 외 서비스 관련 단순 종사원,서울-도봉구,"한수진 씨는 도봉구 골목의 지혜를 가진 부동산 보조원으로, 아내를 향한 지극한 사랑과 소박한 예술적 감성을 간직한 81세의 남성입니다.","['조용필 노래 감상', '프로야구 경기 시청', '아내와 함께하는 페퍼로니 피자 및 햄버거 시식', '도봉산 풍경 감상 산책']"
567763fbcaf8460ca347e59aafa8f4ed,68,남자,철로 설치원,서울-강서구,"이이남 씨는 정밀한 철로 시공 능력을 갖춘 숙련공이자, 예술적 감수성으로 세상을 관찰하며 건강한 노후를 준비하는 성실한 강서구 주민입니다.","['한강 변 사이클링 및 풍경 사진 촬영', '미술관 전시 관람 및 예술 도슨트 영상 시청', '동네 공원 산책 및 식물 관찰', '전공 서적 및 인문학 도서 독서']"
0938ccbda8f6407da6292abbc5791f74,58,남자,"전직 경영 기획 사무원, 현재 구직중",서울-송파구,"김지훈 씨는 공학적 전문성과 예술적 감수성을 동시에 지닌 전직 부동산 전문가로, 송파구에서 홀로 지내며 재취업과 자아실현을 꿈꾸는 50대 후반의 남성입니다.","['현대 미술 전시 관람 및 도슨트 투어', '재즈 및 클래식 음악 감상', '석촌호수 주변 야간 산책', '지역 사회 친목 단체 활동']"
f7ab510db1f14af199a38b0b89f5be0b,44,남자,품질 관리 사무원,대전-중구,"백성환 씨는 대전의 건설 현장에서 품질을 책임지는 꼼꼼한 엔지니어이자, 가족을 위해 내 집 마련의 꿈을 키우는 책임감 강한 40대 미혼 남성입니다.","['동네 야외 코트 농구', '수영장 자유 수영', '스릴러 웹툰 및 만화 감상', '대전 중구 일대 노포 맛집 탐방']"
a644cdaa6cfd46749f408cb2f69532e1,53,남자,무직,경기-시흥시,"곽종세 씨는 예술적 감수성과 원예 재능을 가졌지만, 새로운 시작에 대한 불안감으로 인해 옥상 정원과 온천 여행이라는 소소한 일상에 머물러 있는 50대 남성입니다.","['아산 및 수안보 온천 탐방', '시흥 갯골생태공원 느리게 걷기', '유튜브 건축 및 인테리어 다큐멘터리 시청', '반려식물 분갈이와 수형 잡기']"
bfdb680c9db44c9a8e9f28747d5cd105,36,남자,경리 사무원,경기-수원시 장안구,"박범진 씨는 꼼꼼한 경리 업무 능력과 섬세한 예술적 감수성을 동시에 지녔으며, 이혼 후 자신만의 공간을 가꾸며 내면의 안정을 찾아가는 30대 남성입니다.","['무채색 톤의 미니멀 홈 스타일링', '가평 및 양평 지역의 수목원 산책', '인문학 및 에세이 팟캐스트 청취', '유튜브 인테리어 브이로그 시청']"
c1893422bf614139bdf61770c713e30c,49,남자,공공행정 사무원,서울-송파구,"김종혁 씨는 송파구에 거주하는 40대 후반의 공공행정 사무원으로, 디지털 기기에 능숙한 행정 전문가이자 송리단길의 예술과 전국의 평양냉면을 사랑하는 낭만적인 싱글입니다.","['전국 평양냉면 맛집 탐방', '송파구민 체육센터 배드민턴', '독립 영화 관람', '주말 골프 라운딩', '코인 노래방']"
445c4fa1e2a346648f06ce704e144976,61,여자,무직,서울-도봉구,"김계화 씨는 도봉산의 자연과 서예의 정갈함을 사랑하며, 당뇨라는 건강상의 제약 속에서도 배움과 이웃 간의 정을 놓지 않고 살아가는 60대 여성입니다.","['도봉산 둘레길 천천히 걷기', '동네 사우나 단골 모임', '트로트 가수의 공연 영상 시청', '주말 교회 봉사활동 및 친교']"
c51a0a523edc4aebadeb2ec3f95518e3,60,남자,하역 및 적재 관련 단순 종사원,경기-용인시 기흥구,"서인학 씨는 용인 기흥의 금속 제조 현장에서 잔뼈가 굵은 베테랑 노동자로, 가족에 대한 책임감과 호탕한 성격을 지닌 60대 가장입니다.","['수안보 온천 여행', '기흥 호수공원 산책', '노래방 애창곡 부르기', '청국장과 나물 반찬 식사', '동네 지인들과의 술자리']"
4867f6f0b2c147ac880ff67661a93593,43,남자,생산관리 사무원,대구-동구,"김현수 씨는 대구에서 농업 생산관리를 하며 자녀들을 위해 안정적인 삶의 기반을 닦으려 노력하는, 무뚝뚝하지만 책임감 강한 40대 가장입니다.","['유튜브 IT 기기 리뷰 시청', '동구 금호강변 산책', '주 1회 치킨 배달 음식 즐기기', '피부 진정 팩 관리']"
beb46e0ca2184f838c3c5a866237e40a,60,남자,시설 경비원,경기-군포시,"한재섭 씨는 경기 군포에서 성실하게 경비 업무를 수행하며, 교회 공동체와 오랜 친구들 사이에서 신뢰받는 삶을 살아가는 안정 중심적인 60대 가장입니다.","['동네 경로당이나 기원에서 바둑 두기', '수리산 둘레길 산책 및 등산', '아내와 함께 지역 문화 축제 관람', '단골 한식당에서 보리밥과 나물 정식 먹기']"
1af94a9799e74ae8a6ef18da423250b6,34,여자,국가행정 사무원,광주-북구,임혜미 씨는 광주 북구에서 안정적인 공무원 생활을 하며 가족과 함께 소소한 일상의 행복을 누리는 다정하고 현실적인 성격의 소유자입니다.,"['넷플릭스 드라마 시청', '광주 시내 고깃집 탐방', '동네 사우나 방문', '뉴진스 노래 듣기']"
9edecc2284294c1380c5f5928a0c6c72,37,남자,품질 인증 심사 전문가,전라남-나주시,"문성민 씨는 나주에서 금속 품질 심사원으로 일하며 어머니와 함께 사는, 사교적이고 정이 많지만 건강 관리는 조금 미루고 있는 37세 남성입니다.","['영산강변 자동차 캠핑', '최신 가요 노래방 부르기', '일상 주제 팟캐스트 청취', '배달 치킨과 함께하는 맥주 한잔', '주말 오후의 깊은 낮잠']"
a491b41d5bd94b4ab51fb2e18d8a459f,51,여자,승용차 및 승합차 운전원,서울-서초구,"전말선 씨는 강남의 복잡한 길을 누비는 베테랑 운전원으로, 타인에 대한 깊은 배려심과 정서적 예민함을 동시에 지닌 채 소박한 일상의 안정을 찾는 50대 여성입니다.","['양재천 풍경 및 야생화 사진 찍기', '동네 목욕탕 온탕에서 휴식하기', '거실 소파에서 짧은 낮잠 자기', '최신 일일 드라마 시청하며 감정 이입하기']"
c375e8a75efa4d529990144942d08dc5,64,여자,무직,울산-남구,"김민영 씨는 울산 남구에서 가족을 위해 헌신해 온 실속 있는 살림꾼이자, 태화강 산책과 임영웅의 노래로 소소한 행복을 찾는 온화한 성품의 60대 여성입니다.","['태화강 국가정원 산책', '유튜브 트로트 영상 시청', '현대백화점 울산점 쇼핑', '나물 비빔밥 맛집 탐방']"
2035667c45a04b42853d02832d9137c7,61,남자,운송장비 청소원,서울-영등포구,"박재학 씨는 영등포에서 성실하게 장비 청소원으로 일하며 자가 아파트를 보유한, 배려심 깊고 소박한 삶을 지향하는 60대 가장입니다.","['문경새재 및 설악산 자연 탐방', '지역 배드민턴 동호회 활동', '단골 사우나에서의 친목 도모', 'TV 트로트 프로그램 시청']"
c1df90a15fe34fc4929e4e9318026512,43,여자,회계 사무원,세종-세종시,"하성은 씨는 세종시에서 효율적인 회계 업무와 체계적인 가계 관리를 통해 안정적인 삶을 꾸려가는, 주관 뚜렷하고 실용적인 40대 여성입니다.","['전국 노포 맛집 탐방 및 사진 기록', '세종 호수공원 새벽 산책', '친구들과의 정기적인 골프 라운딩', '시사 및 인문학 팟캐스트 청취', '동네 유명 베이커리의 신제품 빵 시식']"
19ebbdd30b6c4aabbdc2424dfee02b1a,40,남자,양식 조리사,서울-서대문구,권호정 씨는 서대문구에서 양식 조리사로 일하며 가족의 안정과 소박한 내 가게의 꿈을 키워가는 현실적이고 섬세한 가장입니다.,"['EPL 경기 시청', '동네 사우나 방문', '일본 오사카 식도락 여행', '인왕산 가벼운 등산']"
b59c9d31ea324c69a0c1eeda224b0e7f,49,남자,무직,인천-미추홀구,전지영 씨는 정교한 공학적 기술력과 성실함을 갖췄으나 현재는 삶의 과도기를 지나며 정서적 안정과 소박한 재취업을 꿈꾸는 미추홀구의 40대 가장입니다.,"['주안동 인근 볼링 동호회 활동', '수봉공원 야간 조깅', '김광석 노래 감상', '동네 목욕탕 온탕 휴식', '거실에서 TV 뉴스 시청']"
1465a1f9fb304fa7b9ffe51cc8cadbfc,51,남자,우편집배원,경상북-안동시,"김병철 씨는 안동의 골목을 꿰고 있는 성실한 우편집배원이자, 건강한 노후와 소박한 전원생활을 꿈꾸는 신중한 중년 남성입니다.","['주민센터 배드민턴 동호회 활동', '낙동강변 드라이브 및 삼림욕', '반려동물과 산책하기', '지역 한식당 맛집 탐방']"
88f80ea8b8504f75b760790b1ce15b57,63,남자,가구 수리원,충청북-제천시,서영석 씨는 제천에서 성실하게 가구를 고치며 소박한 일상의 행복과 정갈한 외모 가꾸기를 즐기는 60대 가장입니다.,"['모바일 퍼즐 게임', '일본 인테리어 유튜브 시청', '정밀한 헤어 커트 및 관리', '청풍호 주변 풍경 사진 찍기', '동네 지인들과의 소모임']"
319b99b4172b48ab98ebaa7dba449ac6,63,남자,양복 제조원,경상북-구미시,"이성택 씨는 구미에서 평생 양복을 지어온 무뚝뚝하지만 정 많은 기술자로, 당뇨와 비만을 안은 채 낡은 차와 트로트를 벗 삼아 살아가는 60대 독신 남성입니다.","['문경새재 숲길 산책', '트로트 가수 노래 듣기', '외곽 드라이브', '동네 친구들과의 수다']"
5c1f632516b34e56a89b3672e11456cc,44,남자,그 외 통신공학 기술자 및 연구원,경기-용인시 수지구,"김건훈 씨는 수지구 아파트에서 대가족을 부양하며 통신 기술 분야의 전문성을 쌓아가는, 책임감 강하고 현실적인 40대 가장입니다.","['경주와 부여의 역사 유적지 답사', '수지구 지역 배드민턴 클럽 활동', '고전 소설 및 경제 서적 탐독', '격투기 경기 하이라이트 시청']"
